episode,epsilon,return,n_steps,n_visited_states,mandatory_compliant
0,1.0,-457.46495940637703,72,17,True
1,0.9996041666666666,-558.4692229539814,55,24,True
2,0.9992083333333334,-603.6272406922819,53,33,True
3,0.9988125,-529.9666932526084,68,36,True
4,0.9984166666666666,-398.28181703844933,57,37,True
5,0.9980208333333334,-356.8444974884059,54,38,True
6,0.997625,-331.02191154262215,40,43,True
7,0.9972291666666666,-291.6755864611726,53,52,True
8,0.9968333333333333,-309.8786499578871,51,52,True
9,0.9964375,-366.50929305554956,40,55,True
10,0.9960416666666667,-438.47798837073407,61,55,True
11,0.9956458333333333,-372.99572874195314,51,58,True
12,0.99525,-287.6482842801121,72,64,True
13,0.9948541666666667,-467.16108682661974,57,65,True
14,0.9944583333333333,-406.9410608155602,59,66,True
15,0.9940625,-384.6927121679251,54,66,True
16,0.9936666666666667,-340.0724424649916,51,66,True
17,0.9932708333333333,-46.89535896030859,72,78,True
18,0.992875,-441.0490775597979,64,82,True
19,0.9924791666666667,-363.72021564310097,72,83,True
20,0.9920833333333333,-456.99413980659205,67,86,True
21,0.9916875,-369.6409710061928,70,86,True
22,0.9912916666666667,-121.91916621246385,60,100,True
23,0.9908958333333333,-370.8738738874337,62,103,True
24,0.9905,-312.81964433975196,64,103,True
25,0.9901041666666667,-445.14123280856245,61,103,True
26,0.9897083333333333,-350.78077213364463,51,106,True
27,0.9893125,-525.5415912194832,62,108,True
28,0.9889166666666667,-84.45907412401601,49,108,True
29,0.9885208333333333,-509.6444614183437,53,108,True
30,0.988125,-283.58265584631783,40,108,True
31,0.9877291666666667,-308.3189314842704,50,108,True
32,0.9873333333333333,-423.5465435405832,54,109,True
33,0.9869375,-411.73661516607484,64,109,True
34,0.9865416666666667,-469.08645975448866,52,109,True
35,0.9861458333333334,-358.51831316094547,72,109,True
36,0.98575,-343.89975980817553,52,114,True
37,0.9853541666666666,-339.1116889446895,63,116,True
38,0.9849583333333334,-646.787396014314,58,116,True
39,0.9845625,-561.056671806857,65,116,True
40,0.9841666666666666,-160.40722614941325,64,116,True
41,0.9837708333333334,-554.1908415081917,56,116,True
42,0.983375,-365.66286758791784,55,116,True
43,0.9829791666666666,-264.27000209239367,59,116,True
44,0.9825833333333334,-426.12259550029046,59,116,True
45,0.9821875,-307.6707385187942,70,116,True
46,0.9817916666666666,-332.6350330566796,54,117,True
47,0.9813958333333334,-436.17119146672076,53,117,True
48,0.981,-224.92356219694392,57,117,True
49,0.9806041666666667,-336.4386422988883,55,118,True
50,0.9802083333333333,-329.7716842737444,58,119,True
51,0.9798125,-408.81678996397994,51,119,True
52,0.9794166666666667,-834.6672342895993,55,119,True
53,0.9790208333333333,-467.7186010846382,53,119,True
54,0.978625,-338.1741195877689,72,120,True
55,0.9782291666666667,-691.741721997076,72,121,True
56,0.9778333333333333,-255.7715607490386,40,121,True
57,0.9774375,-390.04889994703484,72,121,True
58,0.9770416666666667,-501.63758310344826,72,123,True
59,0.9766458333333333,-452.22661056684956,60,123,True
60,0.97625,-603.1283986293338,58,123,True
61,0.9758541666666667,-319.8260838215421,50,123,True
62,0.9754583333333333,-265.2023641158657,66,135,True
63,0.9750625,-523.6732863570685,57,135,True
64,0.9746666666666667,-360.36243544886935,50,135,True
65,0.9742708333333333,-856.3687662213845,62,135,True
66,0.973875,-406.81726380918934,55,135,True
67,0.9734791666666667,-75.05551475018764,72,139,True
68,0.9730833333333333,-361.390278985502,42,141,True
69,0.9726875,-562.3987422974567,57,144,True
70,0.9722916666666667,-353.80940449409616,53,144,True
71,0.9718958333333333,-445.76768632002756,58,144,True
72,0.9715,227.42337010291254,72,146,True
73,0.9711041666666667,-367.33039480996393,40,148,True
74,0.9707083333333333,-607.4630016019669,68,149,True
75,0.9703125,-401.7669338147447,66,149,True
76,0.9699166666666666,-380.6020520959804,48,149,True
77,0.9695208333333334,-564.7573734291175,48,149,True
78,0.969125,-629.8348717969388,50,149,True
79,0.9687291666666666,-611.6182656365518,72,150,True
80,0.9683333333333334,-441.16903239414165,55,150,True
81,0.9679375,-431.5305273605918,49,150,True
82,0.9675416666666666,-387.11529321467174,58,150,True
83,0.9671458333333334,-390.7054185703383,54,152,True
84,0.96675,-444.00016398151774,54,152,True
85,0.9663541666666666,-350.40061572589826,51,152,True
86,0.9659583333333334,-668.0360443169465,59,152,True
87,0.9655625,-468.05967066353554,57,152,True
88,0.9651666666666666,-530.7304025313281,57,153,True
89,0.9647708333333334,-378.34277476164414,40,153,True
90,0.964375,-601.0301142441209,57,154,True
91,0.9639791666666666,-562.9022828774158,59,154,True
92,0.9635833333333333,-374.57558541550395,49,154,True
93,0.9631875,-208.57075233986998,63,154,True
94,0.9627916666666667,-683.6500712089205,61,154,True
95,0.9623958333333333,-62.52714454025086,49,156,True
96,0.962,-345.32126301514745,52,157,True
97,0.9616041666666667,-496.61708013268617,72,157,True
98,0.9612083333333333,-375.16432545970315,57,157,True
99,0.9608125,-350.1919549830107,53,157,True
100,0.9604166666666667,-191.24064641194164,57,157,True
101,0.9600208333333333,-325.40545887640786,72,157,True
102,0.959625,-467.1549595930138,40,157,True
103,0.9592291666666667,-293.15973783849967,53,157,True
104,0.9588333333333333,283.28618440969,58,157,True
105,0.9584375,-398.0037881499066,51,157,True
106,0.9580416666666667,-463.1856744396289,63,157,True
107,0.9576458333333333,-639.239099364928,58,157,True
108,0.95725,-812.0915213524006,62,157,True
109,0.9568541666666667,-305.4386241331615,62,157,True
110,0.9564583333333333,-167.5910519267414,59,157,True
111,0.9560625,-487.8926273752036,48,157,True
112,0.9556666666666667,-393.96119717702805,51,157,True
113,0.9552708333333333,-350.84896860020007,61,158,True
114,0.954875,-88.07421898293767,55,158,True
115,0.9544791666666667,-180.1448248330611,60,158,True
116,0.9540833333333334,-343.7315428287033,67,158,True
117,0.9536875,-339.46186519475265,53,158,True
118,0.9532916666666666,-394.76378031535717,56,158,True
119,0.9528958333333334,-227.84444554571286,54,158,True
120,0.9525,-420.3251971370077,56,158,True
121,0.9521041666666666,-362.15537748568994,59,158,True
122,0.9517083333333334,-233.506111774158,67,160,True
123,0.9513125,-666.4119380272831,68,160,True
124,0.9509166666666666,-129.1429025977628,59,160,True
125,0.9505208333333334,-604.107173379254,54,160,True
126,0.950125,-279.5227248915147,41,161,True
127,0.9497291666666666,-340.25235328529016,63,161,True
128,0.9493333333333334,-432.69181979337515,70,161,True
129,0.9489375,-487.91032113051887,72,161,True
130,0.9485416666666666,-467.8754502954297,41,161,True
131,0.9481458333333334,-865.6380399482364,72,161,True
132,0.94775,-173.15633400613387,56,161,True
133,0.9473541666666667,-636.7108964195872,59,161,True
134,0.9469583333333333,-345.4576876710142,51,161,True
135,0.9465625,-335.9352043838442,56,161,True
136,0.9461666666666667,-353.2262458877418,60,161,True
137,0.9457708333333333,-352.62765321849133,68,161,True
138,0.945375,-495.0580489793684,72,161,True
139,0.9449791666666667,-540.4116966540917,59,161,True
140,0.9445833333333333,-617.3177806622645,60,161,True
141,0.9441875,-341.5666080025518,56,161,True
142,0.9437916666666667,-316.9286034670125,68,161,True
143,0.9433958333333333,-296.9122090401642,57,161,True
144,0.9430000000000001,-732.6308622848578,55,161,True
145,0.9426041666666667,-443.38037944217115,55,161,True
146,0.9422083333333333,-359.1044068013597,49,161,True
147,0.9418125,-310.4916969352942,47,161,True
148,0.9414166666666667,-4789.787813450765,54,161,True
149,0.9410208333333333,-272.9756711523772,40,161,True
150,0.940625,-622.6418137273195,51,161,True
151,0.9402291666666667,-202.15962016383142,61,161,True
152,0.9398333333333333,-783.2821838777144,54,161,True
153,0.9394375,-642.1592134950207,53,161,True
154,0.9390416666666667,-418.8142035113435,63,161,True
155,0.9386458333333333,-549.6020953813169,64,161,True
156,0.93825,-177.48181443638856,61,161,True
157,0.9378541666666667,-345.75332223681977,72,161,True
158,0.9374583333333333,-272.8808199402233,54,161,True
159,0.9370625,-803.0106786875579,55,161,True
160,0.9366666666666666,-667.9295950365376,64,161,True
161,0.9362708333333334,-520.3640653401201,54,161,True
162,0.935875,-347.2031379466548,60,161,True
163,0.9354791666666666,-439.8491873905562,50,161,True
164,0.9350833333333334,-239.41116772141663,55,161,True
165,0.9346875,-392.284174752284,72,161,True
166,0.9342916666666666,-433.0327057909721,56,161,True
167,0.9338958333333334,-410.74047117074844,57,161,True
168,0.9335,-396.8210546021131,70,161,True
169,0.9331041666666666,-336.4994600609301,63,161,True
170,0.9327083333333334,-439.4421502113046,65,161,True
171,0.9323125,-564.5361029672293,55,161,True
172,0.9319166666666667,-669.7780059159626,72,161,True
173,0.9315208333333334,-345.8788643460269,49,161,True
174,0.931125,-587.5014182838862,67,163,True
175,0.9307291666666666,-375.1113450536423,72,163,True
176,0.9303333333333333,-618.4937979631524,49,163,True
177,0.9299375,-383.8597142828427,56,163,True
178,0.9295416666666667,-443.8189692175325,58,163,True
179,0.9291458333333333,-757.2909505222026,63,163,True
180,0.92875,-296.45910524920754,63,163,True
181,0.9283541666666667,-365.70181449977804,57,165,True
182,0.9279583333333333,-429.0337138395458,54,165,True
183,0.9275625,-475.66832486138304,66,165,True
184,0.9271666666666667,-520.957197728775,68,165,True
185,0.9267708333333333,-453.7904719264318,61,165,True
186,0.926375,-486.46446787116867,54,165,True
187,0.9259791666666667,-358.0567787639357,53,165,True
188,0.9255833333333333,-390.3795548854303,58,165,True
189,0.9251875,-306.3500224192139,72,167,True
190,0.9247916666666667,-361.35560948995993,60,167,True
191,0.9243958333333333,-675.3799448152427,63,167,True
192,0.924,-277.13161085937054,42,167,True
193,0.9236041666666667,-323.2757082999472,50,168,True
194,0.9232083333333333,-570.3682992061351,57,168,True
195,0.9228125,-812.9019005993365,72,168,True
196,0.9224166666666667,-365.2623832014142,55,168,True
197,0.9220208333333333,-380.3431383935049,72,168,True
198,0.921625,-581.1672632262057,57,168,True
199,0.9212291666666667,-421.59361802642223,59,168,True
200,0.9208333333333334,-917.6176315598952,72,168,True
201,0.9204375,-422.1429027412593,49,169,True
202,0.9200416666666666,-518.6237878280187,52,169,True
203,0.9196458333333334,-357.2652079933337,68,169,True
204,0.91925,-419.5165715360222,55,169,True
205,0.9188541666666666,-678.1902380267825,72,169,True
206,0.9184583333333334,-331.40706496976367,62,169,True
207,0.9180625,-50.36023058445697,54,180,True
208,0.9176666666666666,-529.1557300416292,51,180,True
209,0.9172708333333334,-363.87398235330534,53,180,True
210,0.916875,-529.8931264217578,57,180,True
211,0.9164791666666666,1.8373588532978977,68,183,True
212,0.9160833333333334,-30.182159865947728,63,184,True
213,0.9156875,-390.7075491559929,51,184,True
214,0.9152916666666666,-500.5343348059374,60,184,True
215,0.9148958333333334,-5531.016895049957,58,184,True
216,0.9145,-362.4581731925621,61,185,True
217,0.9141041666666667,-918.3128246741911,72,185,True
218,0.9137083333333333,-351.4611227169464,61,185,True
219,0.9133125,-358.8502415135108,57,185,True
220,0.9129166666666667,-405.85841328692885,56,185,True
221,0.9125208333333333,-48.39007644849853,49,187,True
222,0.912125,-491.6321939558504,68,187,True
223,0.9117291666666667,-332.7622494309129,61,187,True
224,0.9113333333333333,-722.7734622314514,61,187,True
225,0.9109375,-402.68543120428114,72,188,True
226,0.9105416666666667,-190.49809737922598,58,189,True
227,0.9101458333333333,-363.56070440452055,53,189,True
228,0.9097500000000001,-301.22585865740075,60,189,True
229,0.9093541666666667,-515.9945449854954,58,189,True
230,0.9089583333333333,-427.7508387871445,60,189,True
231,0.9085625,-415.40882887139713,48,189,True
232,0.9081666666666667,-584.6927899239328,49,189,True
233,0.9077708333333333,-535.9890009183961,54,189,True
234,0.907375,-397.9883578930513,53,189,True
235,0.9069791666666667,-415.42751914655685,70,189,True
236,0.9065833333333333,-570.32956513816,62,189,True
237,0.9061875,-302.41637852041816,60,189,True
238,0.9057916666666667,-415.44932909647184,55,189,True
239,0.9053958333333334,-51.336103465646616,53,191,True
240,0.905,-325.9439508081462,59,191,True
241,0.9046041666666667,-646.6054815759887,61,191,True
242,0.9042083333333333,-390.91427256269367,54,191,True
243,0.9038125,-554.3220038796684,53,191,True
244,0.9034166666666666,-419.5499503582343,60,191,True
245,0.9030208333333334,-624.731450348913,72,191,True
246,0.902625,-398.3737451409631,55,191,True
247,0.9022291666666666,-626.6963819961317,57,191,True
248,0.9018333333333334,-330.19463693573203,58,191,True
249,0.9014375,-634.1103942048558,54,191,True
250,0.9010416666666666,-421.24299668893235,57,191,True
251,0.9006458333333334,-631.163926576494,60,191,True
252,0.90025,-400.99489818151596,49,191,True
253,0.8998541666666666,-878.7016409864568,57,191,True
254,0.8994583333333334,-405.07147926197257,58,191,True
255,0.8990625,-953.6168404696406,72,191,True
256,0.8986666666666667,-438.4124729326106,61,191,True
257,0.8982708333333334,-482.3524064665336,72,191,True
258,0.897875,-879.3298829291103,64,191,True
259,0.8974791666666667,-534.4118270352657,71,191,True
260,0.8970833333333333,-428.71678379180764,68,191,True
261,0.8966875,-372.3422130406192,52,191,True
262,0.8962916666666667,-358.23357517113305,42,191,True
263,0.8958958333333333,-85.37596461186739,57,191,True
264,0.8955,-687.8621675833659,58,191,True
265,0.8951041666666667,-618.2956137509439,72,192,True
266,0.8947083333333333,-164.26346451122055,64,192,True
267,0.8943125000000001,-405.3957390460512,63,192,True
268,0.8939166666666667,-396.99951164454546,54,192,True
269,0.8935208333333333,-161.8157926011896,58,192,True
270,0.893125,-433.61662569103754,55,192,True
271,0.8927291666666667,-375.8312800047313,52,192,True
272,0.8923333333333333,-93.09403183631757,56,200,True
273,0.8919375,-695.9420862644074,59,200,True
274,0.8915416666666667,-328.83795645633177,64,200,True
275,0.8911458333333333,-615.8017772591418,70,200,True
276,0.89075,-5528.060521848325,59,200,True
277,0.8903541666666667,-726.0019730759262,53,200,True
278,0.8899583333333333,-298.3075485037246,72,200,True
279,0.8895625,-707.7927773944393,56,200,True
280,0.8891666666666667,-152.32116262332204,60,200,True
281,0.8887708333333333,-232.2949794265229,54,200,True
282,0.888375,-515.0912868752682,51,200,True
283,0.8879791666666667,-520.4831863132692,62,200,True
284,0.8875833333333334,-480.0923316257249,70,200,True
285,0.8871875,-583.0392346641767,67,200,True
286,0.8867916666666666,-591.9549063889668,59,200,True
287,0.8863958333333334,-422.6257217144866,71,200,True
288,0.886,-567.171570953499,71,200,True
289,0.8856041666666666,-365.90565220862635,68,200,True
290,0.8852083333333334,-502.588455245484,47,202,True
291,0.8848125,-413.4690229533705,58,202,True
292,0.8844166666666666,-127.52712495961259,47,202,True
293,0.8840208333333334,-391.05806076543456,71,202,True
294,0.883625,-609.5945740787544,53,202,True
295,0.8832291666666667,-703.235841730147,72,203,True
296,0.8828333333333334,-649.1555325195203,56,203,True
297,0.8824375,-339.73100712385406,57,203,True
298,0.8820416666666667,-355.1452400396642,51,203,True
299,0.8816458333333334,-803.0815372481756,64,203,True
300,0.88125,-74.35544125339895,72,206,True
301,0.8808541666666667,-378.50322287252504,69,206,True
302,0.8804583333333333,-509.57271235923633,59,206,True
303,0.8800625,-288.9216288515436,47,206,True
304,0.8796666666666667,-511.5272866387901,54,206,True
305,0.8792708333333333,-786.8565375436733,72,206,True
306,0.878875,-427.66667777233187,63,206,True
307,0.8784791666666667,-423.7514183891802,57,206,True
308,0.8780833333333333,-383.58761950370666,54,206,True
309,0.8776875,-437.6479606545243,60,206,True
310,0.8772916666666667,-461.54615816929055,40,206,True
311,0.8768958333333333,-491.6227753955051,70,207,True
312,0.8765000000000001,-342.1081572175237,60,208,True
313,0.8761041666666667,-400.53166191984656,63,208,True
314,0.8757083333333333,-2050.9917870702866,56,209,True
315,0.8753125,-464.33523664159924,55,209,True
316,0.8749166666666667,-435.1966111648321,58,209,True
317,0.8745208333333333,-402.93420874840876,55,209,True
318,0.874125,-604.5131127371715,68,209,True
319,0.8737291666666667,-481.8009414426649,59,209,True
320,0.8733333333333333,-209.382966055447,62,209,True
321,0.8729375,-434.7847653193393,63,209,True
322,0.8725416666666667,-360.10063248480117,54,209,True
323,0.8721458333333334,-336.27710749614766,59,210,True
324,0.87175,-286.9760300141643,72,210,True
325,0.8713541666666667,-187.39101944996227,56,210,True
326,0.8709583333333333,-473.1481779724671,61,210,True
327,0.8705625,361.71753715950183,63,210,True
328,0.8701666666666666,-353.659041983612,41,210,True
329,0.8697708333333334,-96.43503527606465,59,210,True
330,0.869375,-291.1318427624739,63,210,True
331,0.8689791666666666,-677.2372110581639,63,210,True
332,0.8685833333333334,-156.23401429094784,57,210,True
333,0.8681875,-417.49551183514444,55,210,True
334,0.8677916666666667,-702.4095932094671,72,210,True
335,0.8673958333333334,-656.0958774648674,63,210,True
336,0.867,-391.2906943359871,50,210,True
337,0.8666041666666666,-249.12460568499642,59,210,True
338,0.8662083333333334,-316.30483081926127,72,210,True
339,0.8658125,-510.3641999167432,72,211,True
340,0.8654166666666667,-282.81416939339385,58,211,True
341,0.8650208333333333,-510.96714327654695,65,211,True
342,0.864625,-50.286953850221536,72,211,True
343,0.8642291666666667,-428.8028237951717,59,211,True
344,0.8638333333333333,-351.92740696213116,50,211,True
345,0.8634375000000001,-401.619760960522,53,211,True
346,0.8630416666666667,-613.6863264728806,58,211,True
347,0.8626458333333333,-729.3397049716232,59,211,True
348,0.86225,-112.56788025346282,53,211,True
349,0.8618541666666667,-141.8138741176689,60,211,True
350,0.8614583333333333,-408.0046133846495,55,211,True
351,0.8610625000000001,-396.32416318935884,55,211,True
352,0.8606666666666667,-403.6891924584712,63,211,True
353,0.8602708333333333,-731.7747811260977,66,211,True
354,0.859875,-361.46923758086126,72,211,True
355,0.8594791666666667,-365.7546289810355,60,211,True
356,0.8590833333333333,-462.5201593929887,62,211,True
357,0.8586875,-523.8798575555472,72,211,True
358,0.8582916666666667,-528.0149113454842,59,211,True
359,0.8578958333333333,-369.9908043640841,70,211,True
360,0.8575,-328.11396975690604,59,211,True
361,0.8571041666666667,-625.0438881941989,56,211,True
362,0.8567083333333333,-882.902550432733,72,211,True
363,0.8563125,-818.2350279298693,64,211,True
364,0.8559166666666667,-596.5527513137534,62,211,True
365,0.8555208333333333,-425.39728163956045,68,211,True
366,0.855125,-302.5949591203394,60,211,True
367,0.8547291666666667,-64.55122983871087,55,215,True
368,0.8543333333333334,-589.9834931137651,69,215,True
369,0.8539375,-481.70929956954507,65,215,True
370,0.8535416666666666,-754.2490612035525,59,215,True
371,0.8531458333333334,-869.9141753808846,72,215,True
372,0.85275,95.42505126453113,70,216,True
373,0.8523541666666666,-628.2444717380382,61,216,True
374,0.8519583333333334,-434.4493350544384,63,216,True
375,0.8515625,-527.7656238265323,50,216,True
376,0.8511666666666666,-474.8235044305119,61,216,True
377,0.8507708333333334,-371.88691084786694,72,216,True
378,0.850375,-264.49556058012735,42,216,True
379,0.8499791666666667,-568.4381725341638,53,216,True
380,0.8495833333333334,-351.7903279038846,57,216,True
381,0.8491875,-582.9198389598488,50,216,True
382,0.8487916666666666,-356.17572026277827,69,216,True
383,0.8483958333333333,-330.90532610053,60,216,True
384,0.848,-526.2598524624797,51,216,True
385,0.8476041666666667,-307.4803695547237,71,216,True
386,0.8472083333333333,-542.7082993975038,53,217,True
387,0.8468125,-338.6114086262375,50,217,True
388,0.8464166666666667,-572.704762391711,67,217,True
389,0.8460208333333333,-435.07580749429957,62,217,True
390,0.8456250000000001,-371.1702945819294,72,217,True
391,0.8452291666666667,-377.2364289598048,51,217,True
392,0.8448333333333333,-430.78220686800995,70,217,True
393,0.8444375,-379.0110501210389,52,217,True
394,0.8440416666666667,-360.40506304857894,67,217,True
395,0.8436458333333333,-342.8162309702993,54,217,True
396,0.84325,-47.474928207598964,52,218,True
397,0.8428541666666667,-393.01147501568107,53,218,True
398,0.8424583333333333,-353.00061010988327,58,218,True
399,0.8420624999999999,-605.6525680999722,59,218,True
400,0.8416666666666667,-691.8843705304274,56,218,True
401,0.8412708333333333,-300.3298888900639,59,218,True
402,0.840875,-113.01809170107313,60,218,True
403,0.8404791666666667,-459.3708800612438,40,218,True
404,0.8400833333333333,-294.97213931907817,72,223,True
405,0.8396875,-356.7868774518039,40,223,True
406,0.8392916666666667,-416.20367985437736,58,223,True
407,0.8388958333333334,-429.9734011328284,59,223,True
408,0.8385,-332.7988044378336,53,223,True
409,0.8381041666666667,-390.3335667243871,61,223,True
410,0.8377083333333333,-659.7959427894605,51,223,True
411,0.8373125,-465.7432432497813,58,223,True
412,0.8369166666666666,-627.5780199424582,55,223,True
413,0.8365208333333334,-422.9046464871947,71,223,True
414,0.836125,-509.88488390197693,59,223,True
415,0.8357291666666666,-503.8407635674155,64,223,True
416,0.8353333333333334,-398.2297008226556,55,223,True
417,0.8349375,-459.44542370485146,72,223,True
418,0.8345416666666667,-340.03169018615324,67,223,True
419,0.8341458333333334,-497.0296014666105,61,223,True
420,0.83375,-297.01324081478907,58,223,True
421,0.8333541666666666,-362.34141915756163,51,223,True
422,0.8329583333333334,-431.1986465211127,58,223,True
423,0.8325625,-336.3380360120106,58,223,True
424,0.8321666666666667,-474.5432896508047,72,223,True
425,0.8317708333333333,-556.2004711625959,60,223,True
426,0.831375,-456.18016215786326,58,223,True
427,0.8309791666666667,-861.7246585070328,55,223,True
428,0.8305833333333333,5.016426874521902,56,224,True
429,0.8301875000000001,-335.98419272991424,72,224,True
430,0.8297916666666667,-437.27483637408994,72,224,True
431,0.8293958333333333,-343.6050115131675,58,224,True
432,0.829,-564.6751951209396,50,224,True
433,0.8286041666666667,-4692.115534707223,60,224,True
434,0.8282083333333333,-219.9941184276981,55,224,True
435,0.8278125000000001,-411.96544371742425,58,224,True
436,0.8274166666666667,-661.8918838040562,52,224,True
437,0.8270208333333333,-456.7055436190638,60,224,True
438,0.8266249999999999,-378.4473720035285,68,224,True
439,0.8262291666666667,-100.87771704777678,69,229,True
440,0.8258333333333334,-416.3497943958818,68,229,True
441,0.8254375,-452.89723146073715,59,229,True
442,0.8250416666666667,-285.77007634628933,54,229,True
443,0.8246458333333333,-320.1556524674015,61,229,True
444,0.82425,-138.61060334672064,54,229,True
445,0.8238541666666667,-356.2470128053412,56,229,True
446,0.8234583333333334,-259.65333597990747,60,229,True
447,0.8230625,-77.91325977604816,72,236,True
448,0.8226666666666667,-450.60166178647034,63,236,True
449,0.8222708333333333,-391.81255954390156,72,236,True
450,0.821875,-339.6992000387896,59,236,True
451,0.8214791666666666,-301.19471417227214,56,236,True
452,0.8210833333333334,-380.3295102418559,72,236,True
453,0.8206875,-375.0862354424143,72,237,True
454,0.8202916666666666,-665.7665928631329,58,237,True
455,0.8198958333333334,-614.505796921026,50,237,True
456,0.8195,-500.22476186907613,49,237,True
457,0.8191041666666666,-574.2551549340391,54,238,True
458,0.8187083333333334,-322.00622371388107,70,238,True
459,0.8183125,-450.9840221423509,62,238,True
460,0.8179166666666666,-505.16119807108583,55,240,True
461,0.8175208333333334,-206.1706414952941,55,240,True
462,0.817125,-575.6394961699566,70,240,True
463,0.8167291666666667,-447.61605534657235,72,240,True
464,0.8163333333333334,-359.1916724443441,68,240,True
465,0.8159375,-505.4092300411438,53,240,True
466,0.8155416666666667,-267.10849027878186,54,240,True
467,0.8151458333333333,-500.94131598257627,53,240,True
468,0.81475,-386.8984342035441,72,240,True
469,0.8143541666666667,285.1016914172594,60,240,True
470,0.8139583333333333,-590.4993413954192,54,240,True
471,0.8135625,-413.54802084983623,60,240,True
472,0.8131666666666667,-692.2818104389762,72,240,True
473,0.8127708333333333,-338.0915003764836,72,240,True
474,0.8123750000000001,-604.7637279681368,67,240,True
475,0.8119791666666667,-311.44610819935684,58,240,True
476,0.8115833333333333,-261.79484507999655,60,240,True
477,0.8111875,-412.62068938593893,56,240,True
478,0.8107916666666667,-360.13841479218394,72,240,True
479,0.8103958333333333,-394.8021061206737,68,240,True
480,0.81,-450.3123389829377,60,240,True
481,0.8096041666666667,-404.2773414266254,54,240,True
482,0.8092083333333333,-323.63912096217524,72,240,True
483,0.8088124999999999,-372.63898584174717,54,240,True
484,0.8084166666666667,-183.02750048327346,64,240,True
485,0.8080208333333333,-319.3094881028375,51,240,True
486,0.807625,-50.94952933873595,56,240,True
487,0.8072291666666667,-328.47216461427536,50,240,True
488,0.8068333333333333,-426.93239473622333,58,240,True
489,0.8064375,-614.4086571930226,72,240,True
490,0.8060416666666667,-138.2063945336186,61,240,True
491,0.8056458333333334,-350.3193808532198,40,240,True
492,0.80525,-590.3945861356567,51,240,True
493,0.8048541666666666,-357.19882916953935,66,240,True
494,0.8044583333333333,-457.47564447008915,67,240,True
495,0.8040625,-367.46490103568317,72,240,True
496,0.8036666666666666,-115.45421209458281,60,240,True
497,0.8032708333333334,-618.4936802886582,57,240,True
498,0.802875,-629.5620264762593,53,240,True
499,0.8024791666666666,-299.1126398578182,40,240,True
500,0.8020833333333334,-401.76508242177243,55,240,True
501,0.8016875,-375.5081136530119,55,240,True
502,0.8012916666666667,-438.23697586838415,71,240,True
503,0.8008958333333334,-361.06433210360194,61,240,True
504,0.8005,-648.8356608051403,72,240,True
505,0.8001041666666666,-630.7113450952959,56,240,True
506,0.7997083333333334,-323.1701694789136,72,240,True
507,0.7993125,-312.53015803789435,50,240,True
508,0.7989166666666667,-50.86299592817386,72,240,True
509,0.7985208333333333,-392.75496256857076,59,240,True
510,0.798125,-394.4675688091608,52,240,True
511,0.7977291666666667,-412.8715728228869,70,240,True
512,0.7973333333333333,-673.9187928043361,70,240,True
513,0.7969375000000001,-346.28219027377935,58,240,True
514,0.7965416666666667,-459.94747490979614,60,240,True
515,0.7961458333333333,125.70072668392419,69,240,True
516,0.79575,-410.90102219422585,50,240,True
517,0.7953541666666667,-514.205268325474,59,240,True
518,0.7949583333333333,-362.0010938145956,66,240,True
519,0.7945625000000001,-487.45933062700436,51,240,True
520,0.7941666666666667,-166.6406796298702,72,240,True
521,0.7937708333333333,-352.0328408715596,72,240,True
522,0.7933749999999999,-304.8825304118489,56,240,True
523,0.7929791666666667,-372.8460653794127,49,240,True
524,0.7925833333333334,-429.63598572761254,60,240,True
525,0.7921875,-238.9405443016083,57,240,True
526,0.7917916666666667,-434.2671357821362,72,241,True
527,0.7913958333333333,-285.838941312723,42,241,True
528,0.791,-606.8018322733931,49,241,True
529,0.7906041666666667,-445.0647360055476,72,241,True
530,0.7902083333333334,-458.5442304316711,63,241,True
531,0.7898125,-645.6090122266393,56,241,True
532,0.7894166666666667,-348.904359371453,72,241,True
533,0.7890208333333333,-45.41158149867482,53,241,True
534,0.788625,-373.05898145013265,54,241,True
535,0.7882291666666666,-402.0777279323478,72,241,True
536,0.7878333333333334,-617.3753341935527,55,241,True
537,0.7874375,-410.31115053087206,72,241,True
538,0.7870416666666666,-430.7177697172078,53,241,True
539,0.7866458333333334,-418.56741614967325,51,243,True
540,0.78625,-643.8417927671111,55,243,True
541,0.7858541666666667,-325.9453628451389,53,244,True
542,0.7854583333333334,-380.27063508751695,53,244,True
543,0.7850625,-273.7317758632113,60,244,True
544,0.7846666666666666,-608.3562371447327,59,244,True
545,0.7842708333333334,-413.21148780420765,51,244,True
546,0.783875,-432.49811277129646,71,244,True
547,0.7834791666666667,-495.63689501612373,55,244,True
548,0.7830833333333334,-348.2329012791587,71,244,True
549,0.7826875,-550.5466727666288,72,245,True
550,0.7822916666666667,-340.2062157505916,56,245,True
551,0.7818958333333333,-530.0415753979247,56,245,True
552,0.7815,-430.86003004645903,54,245,True
553,0.7811041666666667,-290.8483892006089,72,245,True
554,0.7807083333333333,-408.54221457251987,57,245,True
555,0.7803125,-370.5672616530412,60,245,True
556,0.7799166666666667,-903.7038707707098,72,245,True
557,0.7795208333333333,-646.4231793500954,58,245,True
558,0.7791250000000001,-177.40910879566522,59,245,True
559,0.7787291666666667,-550.3949092718964,56,245,True
560,0.7783333333333333,-388.81361138143563,54,245,True
561,0.7779375,-124.70290718896737,58,245,True
562,0.7775416666666667,-357.038421213375,60,245,True
563,0.7771458333333333,-396.7590548688241,63,246,True
564,0.77675,-581.7323690963603,68,246,True
565,0.7763541666666667,-330.80736359162796,56,246,True
566,0.7759583333333333,-352.708519369698,72,246,True
567,0.7755625,-701.1825307204423,72,246,True
568,0.7751666666666667,-376.6116272599603,72,246,True
569,0.7747708333333333,-371.2434725744923,70,246,True
570,0.774375,-409.81979523036676,52,246,True
571,0.7739791666666667,-353.44143806564335,53,246,True
572,0.7735833333333333,-418.5772462748512,58,246,True
573,0.7731875,-583.2693577960225,51,246,True
574,0.7727916666666667,-633.7047307393483,57,246,True
575,0.7723958333333334,-338.9383068961503,54,246,True
576,0.772,-335.70997966292066,59,246,True
577,0.7716041666666666,-428.30049424547946,62,246,True
578,0.7712083333333333,-544.8254186940978,70,246,True
579,0.7708125,-315.0045416506669,70,246,True
580,0.7704166666666666,-551.652431060873,56,246,True
581,0.7700208333333334,-442.9827548056626,72,246,True
582,0.769625,-297.9416683299674,58,247,True
583,0.7692291666666666,-247.3436756769981,62,247,True
584,0.7688333333333334,-454.2830132548806,72,247,True
585,0.7684375,-286.11719531268204,40,247,True
586,0.7680416666666667,-371.14197367020574,58,247,True
587,0.7676458333333334,-380.30033760577203,58,247,True
588,0.76725,-305.3431162114582,51,247,True
589,0.7668541666666666,-437.41886271344725,60,247,True
590,0.7664583333333334,-0.986314925045052,52,249,True
591,0.7660625,-472.0140970198244,53,249,True
592,0.7656666666666667,-430.1486586306412,55,251,True
593,0.7652708333333333,-339.4714525496606,72,251,True
594,0.764875,-509.4491137326594,62,251,True
595,0.7644791666666667,-388.4958367974238,53,251,True
596,0.7640833333333333,-747.8715642202496,57,251,True
597,0.7636875000000001,-705.1369874078904,56,251,True
598,0.7632916666666667,-507.6817480806349,63,251,True
599,0.7628958333333333,-607.6237020970165,56,251,True
600,0.7625,-301.97322183644724,60,251,True
601,0.7621041666666667,-572.7840471122086,61,253,True
602,0.7617083333333333,-265.9059965621316,40,253,True
603,0.7613125000000001,-335.8748695418347,70,253,True
604,0.7609166666666667,-476.1039180117209,57,253,True
605,0.7605208333333333,-393.90048608789164,50,253,True
606,0.760125,-394.02604570814174,55,253,True
607,0.7597291666666667,-610.7429226920422,58,253,True
608,0.7593333333333333,-368.4173318279577,54,254,True
609,0.7589375,-547.5198439054722,55,254,True
610,0.7585416666666667,-253.75028191107924,54,254,True
611,0.7581458333333333,-830.0357168228049,72,254,True
612,0.75775,-375.4748946328735,71,254,True
613,0.7573541666666667,-656.7478752707484,55,254,True
614,0.7569583333333333,-349.6214549571469,59,256,True
615,0.7565625,-686.8054666676538,72,256,True
616,0.7561666666666667,70.88862277066879,72,257,True
617,0.7557708333333333,-615.6197673074058,72,257,True
618,0.755375,-446.0466527990271,55,257,True
619,0.7549791666666666,-426.08745477004453,60,257,True
620,0.7545833333333334,-370.4493945376214,69,257,True
621,0.7541875,-417.17123859910413,55,257,True
622,0.7537916666666666,-404.53445393621024,56,257,True
623,0.7533958333333334,-388.351493775079,55,257,True
624,0.753,-353.0806921200777,63,257,True
625,0.7526041666666666,-389.1220753365706,72,257,True
626,0.7522083333333334,-397.8163328860011,53,257,True
627,0.7518125,-91.1398690046386,57,257,True
628,0.7514166666666666,-448.1087853135161,60,257,True
629,0.7510208333333334,-177.60934494361553,60,257,True
630,0.750625,-384.2230411625823,72,257,True
631,0.7502291666666667,-342.78596135961646,70,257,True
632,0.7498333333333334,-173.30583553112484,55,257,True
633,0.7494375,-533.9913737627817,55,257,True
634,0.7490416666666666,-398.52561168668905,48,257,True
635,0.7486458333333333,-371.6666679735,72,257,True
636,0.7482500000000001,-541.4657156131592,54,257,True
637,0.7478541666666667,-537.3703041889038,58,257,True
638,0.7474583333333333,-103.38681926581769,61,260,True
639,0.7470625,-668.2442621205562,51,260,True
640,0.7466666666666667,-494.82606747288855,59,260,True
641,0.7462708333333333,-457.25535011170894,59,260,True
642,0.7458750000000001,6.840725193759433,51,264,True
643,0.7454791666666667,-877.8619290092653,72,264,True
644,0.7450833333333333,-345.49465124084406,60,264,True
645,0.7446875,-336.9852410237033,62,264,True
646,0.7442916666666667,-484.10667868757,61,264,True
647,0.7438958333333333,-299.18267890090715,55,264,True
648,0.7435,-290.34859553085124,72,264,True
649,0.7431041666666667,-740.2286852165571,67,264,True
650,0.7427083333333333,-339.0870076885782,68,264,True
651,0.7423125,-387.45145269921824,53,264,True
652,0.7419166666666667,-311.9561443487602,70,264,True
653,0.7415208333333334,-321.0889730282127,58,264,True
654,0.741125,-503.7280188274838,59,264,True
655,0.7407291666666667,-550.4629836975114,52,264,True
656,0.7403333333333333,-360.71221142769036,51,264,True
657,0.7399375,-315.91898747640784,54,264,True
658,0.7395416666666667,-641.4993492751719,50,264,True
659,0.7391458333333334,-734.5186630435422,67,264,True
660,0.73875,-333.61549580031414,71,264,True
661,0.7383541666666666,-420.2236078880588,71,264,True
662,0.7379583333333334,-359.8873408296117,51,264,True
663,0.7375625,-474.2447465099546,54,264,True
664,0.7371666666666667,-456.4295185480211,61,264,True
665,0.7367708333333334,-366.4720450720549,72,264,True
666,0.736375,-238.5837333903204,55,264,True
667,0.7359791666666666,-415.88189844715686,71,264,True
668,0.7355833333333334,-498.2715733949946,48,266,True
669,0.7351875,-918.03551186827,72,266,True
670,0.7347916666666667,-255.80136412044462,57,266,True
671,0.7343958333333334,-337.01350416522655,58,266,True
672,0.734,-442.7212709267612,49,266,True
673,0.7336041666666667,-577.410562251316,48,267,True
674,0.7332083333333334,-339.84238626553207,57,267,True
675,0.7328125000000001,-364.09438209823446,70,267,True
676,0.7324166666666667,-34.336512674394534,52,269,True
677,0.7320208333333333,-253.77353085157526,55,269,True
678,0.731625,-446.86463415296686,60,269,True
679,0.7312291666666667,-407.9823366351617,55,269,True
680,0.7308333333333333,-123.60011931062165,62,269,True
681,0.7304375000000001,-290.50440475641244,63,269,True
682,0.7300416666666667,-409.72629560799817,55,269,True
683,0.7296458333333333,-291.5990891187939,61,269,True
684,0.72925,-512.5477903702033,60,269,True
685,0.7288541666666667,-438.74548013128685,49,269,True
686,0.7284583333333334,-479.92335954287296,53,269,True
687,0.7280625000000001,-331.4895586662503,59,269,True
688,0.7276666666666667,297.4669627002399,58,269,True
689,0.7272708333333333,-350.01839344291676,40,271,True
690,0.726875,-388.5504076994429,72,271,True
691,0.7264791666666667,-166.37573234043572,57,271,True
692,0.7260833333333334,-379.9479307582159,69,271,True
693,0.7256875,-508.30466407834695,64,271,True
694,0.7252916666666667,-356.81386889534195,53,271,True
695,0.7248958333333333,-405.84776891453396,51,272,True
696,0.7245,-347.2573860392015,42,273,True
697,0.7241041666666668,-296.3855897320057,68,273,True
698,0.7237083333333334,-190.25365228840494,59,273,True
699,0.7233125,-388.6540132547334,51,273,True
700,0.7229166666666667,-395.906015225903,58,273,True
701,0.7225208333333334,-403.62750826895166,50,273,True
702,0.722125,-321.46655731717163,68,273,True
703,0.7217291666666668,-27.548672455366983,55,273,True
704,0.7213333333333334,-125.93375829126187,50,273,True
705,0.7209375,-429.49955001530174,71,273,True
706,0.7205416666666666,-386.20186658136646,72,273,True
707,0.7201458333333334,-413.26548665266995,57,273,True
708,0.71975,-336.9717069414941,40,274,True
709,0.7193541666666667,-416.58297008070815,69,274,True
710,0.7189583333333334,-107.77387408109065,58,274,True
711,0.7185625,-344.6638897270215,62,274,True
712,0.7181666666666666,-327.8035984784816,59,274,True
713,0.7177708333333334,-403.01672829623675,72,274,True
714,0.7173750000000001,-459.20899701871355,60,274,True
715,0.7169791666666667,-424.8499414549172,57,274,True
716,0.7165833333333333,-388.48681525005725,71,274,True
717,0.7161875,-599.5246679711762,71,274,True
718,0.7157916666666666,-506.2017191534035,72,274,True
719,0.7153958333333333,-595.3436439287545,72,274,True
720,0.7150000000000001,-433.88235790299734,57,274,True
721,0.7146041666666667,-482.3201462424663,59,274,True
722,0.7142083333333333,-304.74229607357427,60,274,True
723,0.7138125,-711.4765664532157,58,274,True
724,0.7134166666666666,-957.0543923552075,72,274,True
725,0.7130208333333334,-418.7026877557395,40,275,True
726,0.7126250000000001,-372.49207955609654,50,275,True
727,0.7122291666666667,-592.2985676318364,48,275,True
728,0.7118333333333333,-11.444508533822038,40,275,True
729,0.7114375,88.85983427772668,72,275,True
730,0.7110416666666667,-589.071662050884,56,275,True
731,0.7106458333333334,-404.7981642956559,50,275,True
732,0.71025,-453.02440994852554,61,275,True
733,0.7098541666666667,-753.7110504170255,61,275,True
734,0.7094583333333333,-337.3055618259685,71,275,True
735,0.7090624999999999,-437.1024209026801,72,275,True
736,0.7086666666666668,-615.0638379465039,61,275,True
737,0.7082708333333334,-346.3558723481381,59,275,True
738,0.707875,-305.20926595813455,55,275,True
739,0.7074791666666667,-433.5064037363302,60,275,True
740,0.7070833333333333,-349.60646296489347,67,275,True
741,0.7066874999999999,-845.5820470159628,72,275,True
742,0.7062916666666668,-32.43413211259424,59,276,True
743,0.7058958333333334,-37.79283450933393,58,276,True
744,0.7055,-370.0062592277678,55,276,True
745,0.7051041666666666,-301.1760444188338,72,276,True
746,0.7047083333333333,-824.7032190680167,72,276,True
747,0.7043125,-405.51723242519074,55,276,True
748,0.7039166666666667,-303.2512759061734,51,276,True
749,0.7035208333333334,-571.2981982797613,54,276,True
750,0.703125,-900.163575233161,72,276,True
751,0.7027291666666666,-384.2258367375385,71,276,True
752,0.7023333333333333,-353.7342471196193,40,276,True
753,0.7019375000000001,-394.0498879696388,72,276,True
754,0.7015416666666667,-383.43031169065034,54,276,True
755,0.7011458333333334,-653.876381050253,54,276,True
756,0.70075,-642.9503657030866,50,276,True
757,0.7003541666666666,-407.70953436537025,59,276,True
758,0.6999583333333333,-321.44237699633015,50,278,True
759,0.6995625000000001,-377.26993191435895,53,278,True
760,0.6991666666666667,-519.6890312466275,47,278,True
761,0.6987708333333333,-418.61561480984807,54,278,True
762,0.698375,-331.34223135730895,56,278,True
763,0.6979791666666666,-341.7779359858962,72,278,True
764,0.6975833333333333,-358.4349672296937,49,278,True
765,0.6971875000000001,-621.7876770085672,54,278,True
766,0.6967916666666667,-153.85900009006383,61,278,True
767,0.6963958333333333,-517.9283080546992,54,278,True
768,0.696,-540.465476701624,47,278,True
769,0.6956041666666667,-396.7293840879572,55,278,True
770,0.6952083333333333,-334.35115452363084,60,278,True
771,0.6948125,-507.2327392812136,54,278,True
772,0.6944166666666667,-537.2921739459315,67,278,True
773,0.6940208333333333,-395.07725210538814,68,278,True
774,0.6936249999999999,-656.7608979939688,67,278,True
775,0.6932291666666667,-406.93025974310456,58,278,True
776,0.6928333333333334,-404.4375809643166,52,278,True
777,0.6924375,-195.93086526791387,63,278,True
778,0.6920416666666667,-810.5493707948887,72,278,True
779,0.6916458333333333,-517.1919359731754,72,278,True
780,0.69125,-346.3060492618411,48,278,True
781,0.6908541666666667,-351.8443984405474,54,278,True
782,0.6904583333333334,-396.71062469251905,72,278,True
783,0.6900625,-394.98622937944907,50,278,True
784,0.6896666666666667,-578.3134234971524,54,278,True
785,0.6892708333333333,-569.9093001556054,72,278,True
786,0.688875,-327.37460691195014,68,278,True
787,0.6884791666666666,-295.06161475946834,58,278,True
788,0.6880833333333334,-401.82900443252237,60,278,True
789,0.6876875,-419.7636331839414,59,278,True
790,0.6872916666666666,-374.6785483626308,65,278,True
791,0.6868958333333333,-302.0278658300177,69,278,True
792,0.6865,-450.9894017815254,69,278,True
793,0.6861041666666667,-336.73117621703915,56,278,True
794,0.6857083333333334,-664.5715660889554,72,278,True
795,0.6853125,-304.20080821572157,57,278,True
796,0.6849166666666666,-565.143753089681,72,278,True
797,0.6845208333333334,-274.81894258074874,54,278,True
798,0.684125,-637.0924153781915,72,278,True
799,0.6837291666666667,-170.67515169358515,64,278,True
800,0.6833333333333333,-87.71530144398275,57,278,True
801,0.6829375,-340.7805683456781,69,278,True
802,0.6825416666666666,-360.0134461623588,58,278,True
803,0.6821458333333333,-435.6399507381919,48,279,True
804,0.6817500000000001,-401.32530735101074,60,279,True
805,0.6813541666666667,-322.28655264052253,67,279,True
806,0.6809583333333333,-309.5450973807257,72,279,True
807,0.6805625,-560.8795279643948,49,279,True
808,0.6801666666666667,-578.6290733136042,72,279,True
809,0.6797708333333333,-450.8564944401015,56,279,True
810,0.6793750000000001,-315.96150452355533,58,279,True
811,0.6789791666666667,-405.34273145263967,55,279,True
812,0.6785833333333333,-360.58686615204726,40,279,True
813,0.6781874999999999,-144.04574237825554,57,279,True
814,0.6777916666666667,-769.75883140143,59,279,True
815,0.6773958333333333,-560.5868224371802,72,279,True
816,0.677,-394.3504818954547,53,279,True
817,0.6766041666666667,-9.446460113861765,57,279,True
818,0.6762083333333333,-259.8973124414083,56,279,True
819,0.6758125,-407.7689791397502,48,280,True
820,0.6754166666666667,-386.4241619609031,54,280,True
821,0.6750208333333334,-324.7234547228265,59,280,True
822,0.674625,-748.0039273312784,54,280,True
823,0.6742291666666667,-140.2873306621726,50,280,True
824,0.6738333333333333,-642.0637867148473,64,280,True
825,0.6734375,-571.0285199855169,50,280,True
826,0.6730416666666666,-395.90324341269314,56,280,True
827,0.6726458333333334,285.3661576066025,57,280,True
828,0.67225,-287.3864873607103,56,280,True
829,0.6718541666666666,-531.338634588784,68,280,True
830,0.6714583333333334,-259.50080430321725,60,280,True
831,0.6710625,-506.91924472736014,58,280,True
832,0.6706666666666667,-544.6717232429675,50,280,True
833,0.6702708333333334,-373.12269806183616,72,280,True
834,0.669875,-676.5599525674446,59,280,True
835,0.6694791666666666,-518.1862074669554,57,280,True
836,0.6690833333333334,-239.46706553492953,57,280,True
837,0.6686875,-541.0607346234395,66,280,True
838,0.6682916666666667,-376.0987585255107,50,280,True
839,0.6678958333333334,-365.5996285986507,53,280,True
840,0.6675,28.164632568784064,72,280,True
841,0.6671041666666667,-410.1566566243418,47,280,True
842,0.6667083333333333,-674.3040504006744,72,280,True
843,0.6663125000000001,-554.1441496634907,72,280,True
844,0.6659166666666667,-368.51997297378836,62,280,True
845,0.6655208333333333,-586.4694057388639,56,280,True
846,0.665125,-485.4273870457595,70,280,True
847,0.6647291666666667,-562.513817257213,55,280,True
848,0.6643333333333333,-153.93739144703852,59,280,True
849,0.6639375000000001,-391.4698221887634,54,280,True
850,0.6635416666666667,-78.68427759969849,63,280,True
851,0.6631458333333333,-474.45085300200583,72,280,True
852,0.66275,-427.38193676309237,59,280,True
853,0.6623541666666667,-346.07563674912575,40,280,True
854,0.6619583333333334,-392.28211630898005,56,281,True
855,0.6615625,-33.110314761393184,55,282,True
856,0.6611666666666667,-359.979693621101,72,282,True
857,0.6607708333333333,-537.8642726933991,52,282,True
858,0.660375,-343.9743344037259,72,282,True
859,0.6599791666666667,-532.4955254533111,56,282,True
860,0.6595833333333334,243.56163583742037,61,282,True
861,0.6591875,-390.8563829305197,55,282,True
862,0.6587916666666667,-347.32703331961136,53,283,True
863,0.6583958333333333,-403.64218276312033,59,283,True
864,0.658,-553.0097789254445,57,283,True
865,0.6576041666666668,-1765.8799171599867,59,283,True
866,0.6572083333333334,-233.47549182683375,56,283,True
867,0.6568125,-418.89331728605606,67,283,True
868,0.6564166666666666,-1904.6443260191284,57,283,True
869,0.6560208333333334,-396.2721393869503,72,283,True
870,0.655625,-305.07911669872,69,283,True
871,0.6552291666666668,-346.70528793677266,47,283,True
872,0.6548333333333334,-326.3109437118202,53,283,True
873,0.6544375,-386.89447879751907,54,283,True
874,0.6540416666666666,-454.7157968887168,59,283,True
875,0.6536458333333334,-322.8350631764958,40,283,True
876,0.65325,-359.02345774089906,61,283,True
877,0.6528541666666667,-552.4017852613056,57,283,True
878,0.6524583333333334,-38.130567764265834,58,284,True
879,0.6520625,-452.4109896295601,53,285,True
880,0.6516666666666667,-566.4253707546601,54,285,True
881,0.6512708333333334,-298.85959332862774,72,285,True
882,0.6508750000000001,-404.86454977548,56,285,True
883,0.6504791666666667,114.86352560282474,57,285,True
884,0.6500833333333333,-334.0684476120675,52,285,True
885,0.6496875,-469.1347774355136,57,285,True
886,0.6492916666666667,-160.89463890991362,61,285,True
887,0.6488958333333333,-463.83038387176896,70,285,True
888,0.6485000000000001,-375.9632394051575,68,285,True
889,0.6481041666666667,-364.1796365441442,53,285,True
890,0.6477083333333333,-525.8674529049996,72,285,True
891,0.6473125,-425.8685781020798,62,285,True
892,0.6469166666666667,-414.72192773169945,58,285,True
893,0.6465208333333334,-395.66646630577014,57,285,True
894,0.6461250000000001,-435.1635711269684,60,285,True
895,0.6457291666666667,-382.2406976327258,56,285,True
896,0.6453333333333333,-339.6648887062546,49,285,True
897,0.6449374999999999,-367.7668197845215,59,286,True
898,0.6445416666666667,-411.0777854031348,57,286,True
899,0.6441458333333334,-356.20419255056447,67,286,True
900,0.64375,-323.1044087723165,55,286,True
901,0.6433541666666667,-360.8048755028049,56,286,True
902,0.6429583333333333,-258.13927247099275,57,286,True
903,0.6425625,-561.5213257584081,59,286,True
904,0.6421666666666668,90.69928657989558,72,286,True
905,0.6417708333333334,-419.35064730188986,72,286,True
906,0.641375,-358.28726546458074,72,286,True
907,0.6409791666666667,-213.45509638381327,60,286,True
908,0.6405833333333333,-524.6159461319769,58,286,True
909,0.6401875,-291.1075049989841,59,286,True
910,0.6397916666666668,-411.48514553687005,48,286,True
911,0.6393958333333334,-353.810484412577,72,286,True
912,0.639,-575.4297780253397,55,286,True
913,0.6386041666666666,-693.5158853031163,72,286,True
914,0.6382083333333333,-665.2776527403095,72,286,True
915,0.6378125000000001,-360.49235699717815,72,286,True
916,0.6374166666666667,-463.81759685044216,50,288,True
917,0.6370208333333334,-432.5351472813174,57,288,True
918,0.636625,-433.7507557282143,59,288,True
919,0.6362291666666666,-397.4275708384858,55,289,True
920,0.6358333333333333,-501.7927466728339,60,289,True
921,0.6354375000000001,-323.57275406662023,61,289,True
922,0.6350416666666667,-371.033775708526,70,289,True
923,0.6346458333333334,-491.6739000019169,66,289,True
924,0.63425,-715.3805645422553,58,289,True
925,0.6338541666666666,-311.4863411952189,72,289,True
926,0.6334583333333335,-604.0360145476071,60,289,True
927,0.6330625000000001,-597.343343239044,71,289,True
928,0.6326666666666667,-492.7592823380264,56,290,True
929,0.6322708333333333,-610.1375190364054,53,290,True
930,0.631875,-447.17922186354866,58,290,True
931,0.6314791666666666,-365.5434436447238,56,290,True
932,0.6310833333333334,-594.909246586427,53,290,True
933,0.6306875000000001,-447.8618725426796,72,290,True
934,0.6302916666666667,-497.4969873172109,64,290,True
935,0.6298958333333333,-335.7304801938903,64,290,True
936,0.6295,-203.28607365029706,59,290,True
937,0.6291041666666667,-867.1985793518527,72,290,True
938,0.6287083333333334,-573.7675275434314,68,290,True
939,0.6283125,-60.265884015705176,50,294,True
940,0.6279166666666667,-357.6031814111472,40,294,True
941,0.6275208333333333,-638.6458212281264,60,294,True
942,0.6271249999999999,-607.4225904577554,52,294,True
943,0.6267291666666667,-524.1142043474739,48,294,True
944,0.6263333333333334,-333.0634222850936,40,294,True
945,0.6259375,-343.744066427552,72,294,True
946,0.6255416666666667,-247.81706606576043,61,294,True
947,0.6251458333333333,168.45784544038534,60,294,True
948,0.62475,-339.96639521413846,57,294,True
949,0.6243541666666667,-401.31677729437604,52,294,True
950,0.6239583333333334,-359.14248326226107,50,294,True
951,0.6235625,-281.72658513038465,59,294,True
952,0.6231666666666666,-528.7781026515208,51,294,True
953,0.6227708333333333,-401.7822749989923,54,294,True
954,0.622375,-335.6634086058448,72,294,True
955,0.6219791666666667,-363.95450327235216,72,294,True
956,0.6215833333333334,-73.66467769558564,72,294,True
957,0.6211875,-606.3537340143356,69,294,True
958,0.6207916666666666,-424.54041613755686,71,294,True
959,0.6203958333333333,-389.861900035249,72,294,True
960,0.62,84.18244701883366,57,294,True
961,0.6196041666666667,-387.05236300263897,70,294,True
962,0.6192083333333334,-337.51179048351895,72,294,True
963,0.6188125,-462.0532403272053,64,294,True
964,0.6184166666666666,-485.7173379400451,54,294,True
965,0.6180208333333334,-349.4125948520407,71,295,True
966,0.617625,-29.94534782949618,54,298,True
967,0.6172291666666667,-294.9042741446883,54,298,True
968,0.6168333333333333,180.28991960055262,60,298,True
969,0.6164375,-419.9734490664104,62,298,True
970,0.6160416666666666,-362.6109839593245,59,298,True
971,0.6156458333333333,-367.2344588612509,48,298,True
972,0.6152500000000001,-349.46484731716424,50,298,True
973,0.6148541666666667,-176.50415028306057,58,298,True
974,0.6144583333333333,-506.3243100433444,55,298,True
975,0.6140625,-365.7145599617364,57,299,True
976,0.6136666666666667,-276.5497607852877,58,299,True
977,0.6132708333333333,-507.01702496066514,53,299,True
978,0.6128750000000001,-589.6915207186693,59,299,True
979,0.6124791666666667,-864.2486477450598,72,299,True
980,0.6120833333333333,-281.39974858572236,59,299,True
981,0.6116874999999999,-402.18542641299405,58,299,True
982,0.6112916666666667,-402.68783889639036,49,299,True
983,0.6108958333333333,-477.646730938397,50,299,True
984,0.6105,-505.38878935042067,54,299,True
985,0.6101041666666667,-45.88579039705444,53,299,True
986,0.6097083333333333,-344.6595527630153,57,299,True
987,0.6093125,-356.6593336597844,59,299,True
988,0.6089166666666667,-333.91916127099375,41,300,True
989,0.6085208333333334,-585.1199730280767,51,301,True
990,0.608125,-392.9673885394853,52,301,True
991,0.6077291666666667,-551.2277300208672,59,301,True
992,0.6073333333333333,-416.9785833941257,53,301,True
993,0.6069375,-397.3413796126406,54,301,True
994,0.6065416666666666,-4.00769205644559,70,301,True
995,0.6061458333333334,-466.2952635619876,58,301,True
996,0.60575,-427.01977959653425,56,301,True
997,0.6053541666666666,-77.34874803293077,58,301,True
998,0.6049583333333334,-330.87546669026375,72,301,True
999,0.6045625,-325.19894496776124,58,301,True
1000,0.6041666666666667,-304.04944369764667,58,301,True
1001,0.6037708333333334,-328.1378365924557,71,301,True
1002,0.603375,-381.88868062843113,58,301,True
1003,0.6029791666666666,-375.3266060925576,63,301,True
1004,0.6025833333333334,-744.5728495187414,59,301,True
1005,0.6021875,-505.9008324310947,72,301,True
1006,0.6017916666666667,-355.21871879763773,68,301,True
1007,0.6013958333333334,-311.3085699559685,59,301,True
1008,0.601,-313.6555835724024,72,301,True
1009,0.6006041666666667,-320.31721806743457,63,301,True
1010,0.6002083333333333,-335.358247946167,58,301,True
1011,0.5998125000000001,-345.057741328511,47,301,True
1012,0.5994166666666667,-635.2440705645193,61,301,True
1013,0.5990208333333333,-529.1614357117905,56,301,True
1014,0.598625,-620.8702799398636,72,301,True
1015,0.5982291666666667,-452.0956059192035,67,301,True
1016,0.5978333333333333,-659.0659862711926,64,301,True
1017,0.5974375000000001,-227.122192043661,55,301,True
1018,0.5970416666666667,-310.03504220198863,63,301,True
1019,0.5966458333333333,-725.2171787951253,72,301,True
1020,0.59625,-499.00319861781526,60,301,True
1021,0.5958541666666667,-373.7136146247338,49,301,True
1022,0.5954583333333334,-375.49657677783614,53,301,True
1023,0.5950625,-596.8364900371515,60,302,True
1024,0.5946666666666667,-308.0736357070818,57,303,True
1025,0.5942708333333333,-379.3568331322957,51,304,True
1026,0.593875,-410.5808307587071,51,304,True
1027,0.5934791666666667,-509.2799326506488,57,304,True
1028,0.5930833333333334,-329.5233938930417,50,304,True
1029,0.5926875,-378.2834543940121,60,304,True
1030,0.5922916666666667,-365.7350712945977,72,304,True
1031,0.5918958333333333,-353.779385563208,51,305,True
1032,0.5915,-546.0792769767243,72,305,True
1033,0.5911041666666668,-639.5251255856912,66,305,True
1034,0.5907083333333334,-357.29350895985374,68,305,True
1035,0.5903125,-525.4421456638365,56,305,True
1036,0.5899166666666666,-418.15324809559246,52,306,True
1037,0.5895208333333334,-388.104006586711,62,306,True
1038,0.589125,-605.3402288590994,72,306,True
1039,0.5887291666666667,-169.20944839945346,72,306,True
1040,0.5883333333333334,-594.7564740771934,68,307,True
1041,0.5879375,-321.02496265492624,53,307,True
1042,0.5875416666666666,116.54202787400772,70,307,True
1043,0.5871458333333334,-366.242399025814,71,307,True
1044,0.58675,-572.6358364117262,58,307,True
1045,0.5863541666666667,-422.87204053511675,62,307,True
1046,0.5859583333333334,-521.6168496964215,57,307,True
1047,0.5855625,-388.1755296076814,72,307,True
1048,0.5851666666666667,-251.5674854569321,63,307,True
1049,0.5847708333333334,-158.2947713447332,66,308,True
1050,0.5843750000000001,-361.56547320502483,60,308,True
1051,0.5839791666666667,-682.9678268888906,72,308,True
1052,0.5835833333333333,-466.7560560108718,67,308,True
1053,0.5831875,-579.8656834743344,52,308,True
1054,0.5827916666666667,-259.5856176279683,58,308,True
1055,0.5823958333333333,-401.68988706096945,72,308,True
1056,0.5820000000000001,-101.01746827674974,70,310,True
1057,0.5816041666666667,-360.9473670160884,72,310,True
1058,0.5812083333333333,-648.5941590422099,50,310,True
1059,0.5808125000000001,-311.9026316279879,57,313,True
1060,0.5804166666666667,-379.0614920169659,68,313,True
1061,0.5800208333333334,-388.8683215896298,70,313,True
1062,0.5796250000000001,-312.81894968004053,63,313,True
1063,0.5792291666666667,-349.09768482867065,69,313,True
1064,0.5788333333333333,-385.9643335036543,49,313,True
1065,0.5784375,-466.43248852320386,72,313,True
1066,0.5780416666666667,-346.74709001368836,62,313,True
1067,0.5776458333333334,-617.2885462984158,59,313,True
1068,0.57725,-346.5774661522054,59,313,True
1069,0.5768541666666667,-777.3980498653216,72,313,True
1070,0.5764583333333333,-383.05561999246555,52,313,True
1071,0.5760625,-521.9550675352903,54,313,True
1072,0.5756666666666668,-312.89147826979377,71,313,True
1073,0.5752708333333334,-359.7638761625191,69,313,True
1074,0.574875,-314.59313075952275,51,313,True
1075,0.5744791666666667,-392.14638736150636,60,313,True
1076,0.5740833333333334,-432.3474960939457,60,313,True
1077,0.5736875,-576.6341674921161,51,313,True
1078,0.5732916666666668,-369.8381176730124,48,313,True
1079,0.5728958333333334,-352.0845467705633,72,313,True
1080,0.5725,-393.79547300339584,55,313,True
1081,0.5721041666666666,-401.65198312087523,55,313,True
1082,0.5717083333333334,-460.5907509319756,72,313,True
1083,0.5713125000000001,-814.4303093196613,72,313,True
1084,0.5709166666666667,-447.6614190471695,68,313,True
1085,0.5705208333333334,-225.90368799492302,54,313,True
1086,0.570125,-329.74596053564846,55,313,True
1087,0.5697291666666666,-423.4711150482322,58,313,True
1088,0.5693333333333334,-561.025512159298,59,313,True
1089,0.5689375000000001,-357.96827274373413,51,313,True
1090,0.5685416666666667,-45.8506200167921,72,313,True
1091,0.5681458333333333,-319.5906512187816,53,313,True
1092,0.56775,-333.68799692223064,55,313,True
1093,0.5673541666666666,-313.95856412164494,54,313,True
1094,0.5669583333333335,-152.36631689222241,50,313,True
1095,0.5665625000000001,-245.27641802433845,54,313,True
1096,0.5661666666666667,-673.6000359912146,72,313,True
1097,0.5657708333333333,-380.14368487215336,51,313,True
1098,0.565375,7.1652028509228565,71,314,True
1099,0.5649791666666666,-323.0288415655274,54,314,True
1100,0.5645833333333334,-529.1971296040664,54,314,True
1101,0.5641875000000001,-329.25300569513405,72,314,True
1102,0.5637916666666667,-53.65581989349348,57,315,True
1103,0.5633958333333333,-509.20060166674216,58,315,True
1104,0.563,-479.19850830216694,56,315,True
1105,0.5626041666666668,-492.32144411368085,55,315,True
1106,0.5622083333333334,-522.7602459621066,58,315,True
1107,0.5618125,-695.1719282096713,72,315,True
1108,0.5614166666666667,-245.9244647642514,52,315,True
1109,0.5610208333333333,-521.4364697522125,53,315,True
1110,0.5606249999999999,-295.8336438307816,52,315,True
1111,0.5602291666666668,-306.35483856057436,56,316,True
1112,0.5598333333333334,-1673.6009286906676,59,316,True
1113,0.5594375,7.1697860260004465,52,316,True
1114,0.5590416666666667,-341.3413498548476,62,316,True
1115,0.5586458333333333,-422.20217199722657,52,316,True
1116,0.55825,-786.5096748228129,72,316,True
1117,0.5578541666666668,-467.03885814539433,69,316,True
1118,0.5574583333333334,-312.7933784662017,51,316,True
1119,0.5570625,-506.3488659600705,72,316,True
1120,0.5566666666666666,-418.84767637956435,60,316,True
1121,0.5562708333333333,-377.14103330965577,53,316,True
1122,0.555875,-323.66354705955547,50,317,True
1123,0.5554791666666667,-382.49058068765584,52,317,True
1124,0.5550833333333334,-344.4081462172198,62,317,True
1125,0.5546875,-350.6690350813462,72,317,True
1126,0.5542916666666666,-402.7975635536201,63,318,True
1127,0.5538958333333333,-366.1956138196868,70,318,True
1128,0.5535000000000001,-408.8185890216462,53,318,True
1129,0.5531041666666667,-333.0621520886176,61,318,True
1130,0.5527083333333334,-438.85543833564134,51,318,True
1131,0.5523125,-280.8111199901203,56,318,True
1132,0.5519166666666666,-543.7910717411875,68,318,True
1133,0.5515208333333333,-138.50476571384007,53,318,True
1134,0.5511250000000001,-408.84474553470943,53,318,True
1135,0.5507291666666667,-238.85939142893383,59,318,True
1136,0.5503333333333333,-379.40169559878234,72,318,True
1137,0.5499375,-433.86556377461864,51,318,True
1138,0.5495416666666666,-672.9794422195843,58,318,True
1139,0.5491458333333333,-507.59736542651785,65,318,True
1140,0.5487500000000001,-339.61925760470456,56,318,True
1141,0.5483541666666667,-568.9984404978981,58,318,True
1142,0.5479583333333333,-505.97617773678513,56,318,True
1143,0.5475625,-476.491531220389,60,318,True
1144,0.5471666666666667,-247.70732413563564,57,318,True
1145,0.5467708333333333,-328.02874251869275,52,318,True
1146,0.546375,-70.67078467297479,53,320,True
1147,0.5459791666666667,-457.4380765084539,59,322,True
1148,0.5455833333333333,-70.77015331474168,58,323,True
1149,0.5451874999999999,-335.35499727013695,68,323,True
1150,0.5447916666666667,-388.55101877720233,63,323,True
1151,0.5443958333333334,-574.0149107119223,63,323,True
1152,0.544,-356.6249393577353,71,323,True
1153,0.5436041666666667,-458.0337495287888,60,323,True
1154,0.5432083333333333,-339.92941819699195,56,323,True
1155,0.5428125,-337.32925537632497,58,323,True
1156,0.5424166666666667,-539.3708408453291,50,323,True
1157,0.5420208333333334,-291.5632808295552,60,323,True
1158,0.541625,-424.88745215505793,61,323,True
1159,0.5412291666666667,-591.2291979724868,68,323,True
1160,0.5408333333333333,-338.2428709831178,60,323,True
1161,0.5404375,-623.9490217664854,58,323,True
1162,0.5400416666666666,-17.256240061093013,72,323,True
1163,0.5396458333333334,-339.8595632784303,63,323,True
1164,0.53925,-398.336409438059,67,323,True
1165,0.5388541666666666,-491.2216329089396,72,323,True
1166,0.5384583333333334,-387.81475372325605,53,325,True
1167,0.5380625,-350.8977285793793,55,325,True
1168,0.5376666666666667,-281.22365168837354,59,325,True
1169,0.5372708333333334,-377.26273121866205,42,327,True
1170,0.536875,-317.70105471480116,60,327,True
1171,0.5364791666666666,-29.006296828024407,70,328,True
1172,0.5360833333333334,-409.50454628900775,57,328,True
1173,0.5356875,-588.0523821417562,61,328,True
1174,0.5352916666666667,-540.0976791001476,60,328,True
1175,0.5348958333333333,-636.33159725392,54,328,True
1176,0.5345,-303.11946159774044,60,328,True
1177,0.5341041666666667,-343.39894518367845,56,328,True
1178,0.5337083333333333,-29.467438888089443,69,328,True
1179,0.5333125000000001,-315.0202384709667,57,328,True
1180,0.5329166666666667,-692.3622137371091,54,328,True
1181,0.5325208333333333,-334.04503637210865,67,328,True
1182,0.532125,-349.70536220557244,52,328,True
1183,0.5317291666666667,-737.7597041322431,62,328,True
1184,0.5313333333333333,-356.79510852062396,58,328,True
1185,0.5309375000000001,-48.39007644849853,49,328,True
1186,0.5305416666666667,-575.6694552444588,70,329,True
1187,0.5301458333333333,-100.73155144095998,62,329,True
1188,0.5297499999999999,-280.70491982120154,40,329,True
1189,0.5293541666666667,-332.2982206772175,60,329,True
1190,0.5289583333333334,-338.411690063643,62,329,True
1191,0.5285625,-340.8274067868486,72,329,True
1192,0.5281666666666667,-351.2640108652153,60,329,True
1193,0.5277708333333333,-361.6851394053004,72,329,True
1194,0.527375,-306.5621703729038,59,329,True
1195,0.5269791666666667,-10.586576742406464,60,329,True
1196,0.5265833333333334,-553.1493563895762,63,329,True
1197,0.5261875,-81.6824733988939,72,329,True
1198,0.5257916666666667,-221.86365166909215,60,329,True
1199,0.5253958333333333,-339.6965121183531,72,329,True
1200,0.525,-650.8905718001957,72,329,True
1201,0.5246041666666668,-442.8150704101728,59,330,True
1202,0.5242083333333334,-366.03292074144554,72,330,True
1203,0.5238125,-575.2068150106468,70,330,True
1204,0.5234166666666666,-440.987882492927,54,330,True
1205,0.5230208333333334,-484.80725603332303,60,330,True
1206,0.5226250000000001,-453.95747713481717,64,330,True
1207,0.5222291666666667,-262.58220516335706,58,330,True
1208,0.5218333333333334,-300.91643327082306,57,331,True
1209,0.5214375,-109.72600402520874,72,334,True
1210,0.5210416666666666,-432.71100381466636,52,334,True
1211,0.5206458333333333,-289.8022360076621,57,334,True
1212,0.5202500000000001,-390.8250505625023,65,334,True
1213,0.5198541666666667,-650.3212721116788,56,334,True
1214,0.5194583333333334,-416.3514524712834,40,334,True
1215,0.5190625,-290.4877505775025,72,334,True
1216,0.5186666666666666,-339.9303677483051,58,334,True
1217,0.5182708333333333,-590.6728469948966,70,334,True
1218,0.5178750000000001,-156.26513979468743,61,334,True
1219,0.5174791666666667,-488.97252868704624,72,334,True
1220,0.5170833333333333,-402.86516498517165,69,334,True
1221,0.5166875,-366.3053384984564,72,334,True
1222,0.5162916666666667,-296.40971048209235,59,334,True
1223,0.5158958333333333,-342.17387999544064,49,334,True
1224,0.5155000000000001,-643.6071693420351,72,334,True
1225,0.5151041666666667,-523.3498658415956,71,334,True
1226,0.5147083333333333,-411.1296286405452,66,334,True
1227,0.5143125000000001,-385.49306494802687,57,334,True
1228,0.5139166666666666,-354.6448840577021,52,334,True
1229,0.5135208333333334,-92.92956523232189,72,334,True
1230,0.513125,-308.3918201589621,72,334,True
1231,0.5127291666666667,-486.0198513173986,68,334,True
1232,0.5123333333333333,-342.13968395011557,58,334,True
1233,0.5119374999999999,-392.5282243143665,67,334,True
1234,0.5115416666666667,-458.4002543194879,59,334,True
1235,0.5111458333333334,-383.2850394745275,70,334,True
1236,0.51075,-319.96360154438963,58,334,True
1237,0.5103541666666667,-363.9484608535841,67,334,True
1238,0.5099583333333333,-452.67696925456437,59,337,True
1239,0.5095625,-0.5810555502155896,53,339,True
1240,0.5091666666666667,-306.1967592114892,60,339,True
1241,0.5087708333333334,-345.0823621364229,62,339,True
1242,0.508375,-362.6641500498341,50,339,True
1243,0.5079791666666666,-434.49412364379475,72,339,True
1244,0.5075833333333334,-530.1158846141219,50,339,True
1245,0.5071874999999999,-219.7455050506286,48,344,True
1246,0.5067916666666668,-503.1426533376773,52,344,True
1247,0.5063958333333334,-662.5927968223563,58,344,True
1248,0.506,-562.721595740175,64,344,True
1249,0.5056041666666667,-405.8450233175542,72,344,True
1250,0.5052083333333333,-350.7233823809871,40,344,True
1251,0.5048125000000001,-540.0871530622948,72,344,True
1252,0.5044166666666667,-507.9818514728483,56,344,True
1253,0.5040208333333334,-435.2001764092007,64,344,True
1254,0.503625,-345.7191624174137,68,344,True
1255,0.5032291666666666,-640.4579952430333,59,344,True
1256,0.5028333333333334,-445.67570247737035,42,345,True
1257,0.5024375,-325.69163750169156,55,345,True
1258,0.5020416666666667,-389.439448993642,62,345,True
1259,0.5016458333333333,-530.2790850079052,58,345,True
1260,0.50125,-334.3141710183502,62,345,True
1261,0.5008541666666667,-517.3679432997657,72,345,True
1262,0.5004583333333333,11.78685892041751,72,345,True
1263,0.5000625000000001,-438.7765416727585,60,349,True
1264,0.4996666666666667,-364.11745319338934,70,349,True
1265,0.49927083333333333,-345.4181926212942,72,349,True
1266,0.49887500000000007,-362.140175276219,60,349,True
1267,0.4984791666666667,-457.0803181142114,67,349,True
1268,0.4980833333333333,-365.1749454837113,53,349,True
1269,0.49768749999999995,-412.29320741022605,62,349,True
1270,0.4972916666666667,-444.98357443948373,58,349,True
1271,0.4968958333333334,-490.7732080967786,67,349,True
1272,0.49650000000000005,-37.346066732853835,57,349,True
1273,0.4961041666666667,-350.22653666289176,69,349,True
1274,0.4957083333333333,-332.10717176282384,60,349,True
1275,0.49531250000000004,-508.04859016788305,52,349,True
1276,0.4949166666666668,-68.06962601874648,50,349,True
1277,0.4945208333333333,-560.408846432195,57,349,True
1278,0.49412500000000004,-317.01482483535557,51,349,True
1279,0.49372916666666666,-438.9189464066537,70,349,True
1280,0.4933333333333334,-393.13833745954554,72,349,True
1281,0.49293750000000003,-464.5846001598431,58,349,True
1282,0.49254166666666666,-419.9784934533598,54,349,True
1283,0.4921458333333334,-462.7382699223626,72,349,True
1284,0.49175,-422.1083646215959,72,349,True
1285,0.49135416666666676,-327.46081713644185,62,349,True
1286,0.4909583333333333,-269.5855885313948,59,349,True
1287,0.4905625,-352.6663006800197,60,349,True
1288,0.49016666666666675,-381.1389608979229,72,349,True
1289,0.4897708333333334,-458.30650157249596,61,349,True
1290,0.489375,-49.65464363034119,62,349,True
1291,0.48897916666666663,-414.6261156486268,59,349,True
1292,0.48858333333333337,-450.8871691158263,55,349,True
1293,0.4881875000000001,-30.557823814084347,56,349,True
1294,0.4877916666666666,-532.6611455537313,50,349,True
1295,0.48739583333333336,-453.93314693937685,40,349,True
1296,0.487,-407.2926901223676,55,349,True
1297,0.4866041666666667,-394.04961607932484,66,349,True
1298,0.48620833333333335,-309.3918573739525,72,349,True
1299,0.4858125,-379.5159726534656,68,349,True
1300,0.4854166666666667,-387.90106755586527,54,349,True
1301,0.48502083333333335,-397.3804990081266,58,349,True
1302,0.4846250000000001,-276.3177593676261,59,351,True
1303,0.4842291666666666,-331.83628829878353,58,351,True
1304,0.48383333333333334,-619.1996465809307,53,351,True
1305,0.4834375000000001,-200.1667266694789,60,351,True
1306,0.4830416666666667,-303.6588991675291,69,351,True
1307,0.48264583333333333,-496.0074289227259,54,351,True
1308,0.48224999999999996,-38.619634028218655,51,351,True
1309,0.4818541666666667,-371.7800387740627,72,351,True
1310,0.48145833333333343,-582.7400757651918,60,351,True
1311,0.48106250000000006,-385.27731515267635,61,351,True
1312,0.4806666666666667,-490.4504091344915,55,351,True
1313,0.4802708333333333,-452.2861555728962,53,352,True
1314,0.47987500000000005,-575.5498200352472,52,352,True
1315,0.4794791666666667,-332.8659153401385,40,352,True
1316,0.4790833333333333,-2966.693545824925,58,352,True
1317,0.47868750000000004,-469.5835329476501,64,352,True
1318,0.47829166666666667,-353.8366503434316,53,352,True
1319,0.4778958333333334,-433.20865885553354,70,352,True
1320,0.47750000000000004,-590.1917872464471,72,352,True
1321,0.47710416666666666,-403.1058248250995,55,352,True
1322,0.4767083333333334,-336.82197835305647,67,352,True
1323,0.4763125,-396.7638380927441,58,352,True
1324,0.47591666666666677,-466.4131361045609,71,352,True
1325,0.4755208333333333,-413.18993957176946,72,352,True
1326,0.475125,-520.7854219471043,58,352,True
1327,0.47472916666666676,-603.0902082515225,63,352,True
1328,0.4743333333333334,-42.66815387731861,57,352,True
1329,0.4739375,-367.364399799589,72,352,True
1330,0.47354166666666664,-345.0939483329709,50,352,True
1331,0.4731458333333334,-237.8101979554797,59,352,True
1332,0.47275,-391.82070256710796,52,352,True
1333,0.47235416666666674,-542.3696861170755,70,352,True
1334,0.47195833333333337,-72.41960583830543,59,352,True
1335,0.4715625,-375.03212989807946,72,352,True
1336,0.47116666666666673,-428.7358650114852,70,352,True
1337,0.47077083333333336,-541.7980324150959,60,352,True
1338,0.470375,-579.6948614066688,69,352,True
1339,0.4699791666666667,-383.5227747421282,53,353,True
1340,0.46958333333333335,-562.8801827224265,72,353,True
1341,0.4691875000000001,-361.6388898579446,51,353,True
1342,0.4687916666666666,-385.6301279868931,72,353,True
1343,0.46839583333333334,-122.77040124013809,65,353,True
1344,0.46799999999999997,-367.9224719648695,60,353,True
1345,0.4676041666666667,-382.91774729134033,58,353,True
1346,0.46720833333333345,-422.61833833491403,54,353,True
1347,0.46681249999999996,-379.69219160704665,54,353,True
1348,0.4664166666666667,-1422.2900668903194,56,353,True
1349,0.46602083333333333,-616.1858847051908,60,353,True
1350,0.46562500000000007,-438.5188621381274,60,353,True
1351,0.4652291666666667,-482.5460516588536,57,353,True
1352,0.4648333333333333,-413.48140506579995,51,353,True
1353,0.46443750000000006,-57.65049683407755,63,353,True
1354,0.4640416666666667,-346.7305015564684,50,355,True
1355,0.4636458333333333,-406.16421539319543,57,355,True
1356,0.46325000000000005,-352.7131074218082,51,355,True
1357,0.4628541666666667,-425.4278571142314,48,356,True
1358,0.4624583333333334,-393.0502931679203,72,356,True
1359,0.46206250000000004,-373.490791667301,68,356,True
1360,0.46166666666666667,-3782.1839970190063,56,356,True
1361,0.4612708333333333,-308.5501046204412,54,356,True
1362,0.46087500000000003,-440.54902511321075,70,356,True
1363,0.4604791666666668,-530.2620512727211,62,356,True
1364,0.4600833333333333,-542.0991938480538,58,356,True
1365,0.4596875,-665.5377828730303,55,356,True
1366,0.45929166666666665,-483.5106474440141,61,356,True
1367,0.4588958333333334,-360.96209882720797,61,356,True
1368,0.4585,-386.1406324028111,54,357,True
1369,0.45810416666666665,-390.3698808969522,72,357,True
1370,0.4577083333333334,-399.1209096765367,55,357,True
1371,0.4573125,-457.2571613867482,69,357,True
1372,0.45691666666666675,-350.91202610413376,57,357,True
1373,0.45652083333333326,-340.67778895670267,72,357,True
1374,0.456125,-587.9109816773686,61,357,True
1375,0.45572916666666674,-390.32791363867165,56,359,True
1376,0.45533333333333337,-511.89256670266104,57,359,True
1377,0.4549375,-362.96531518275805,58,359,True
1378,0.4545416666666666,-281.695312875435,58,359,True
1379,0.45414583333333336,-327.05289809639004,61,359,True
1380,0.4537500000000001,-228.42131326935768,54,359,True
1381,0.4533541666666667,-465.1187432752512,69,359,True
1382,0.45295833333333335,-372.1502224438355,53,359,True
1383,0.4525625,-360.72839822345037,48,359,True
1384,0.4521666666666667,-538.7785550191272,61,359,True
1385,0.45177083333333345,-358.5811113641199,60,359,True
1386,0.45137499999999997,-612.9344616374681,72,359,True
1387,0.4509791666666667,-330.22256273241385,56,359,True
1388,0.45058333333333334,-220.84865987872138,56,359,True
1389,0.4501875000000001,-717.5840823574727,72,359,True
1390,0.4497916666666666,37.90698259127955,71,359,True
1391,0.4493958333333333,-339.6669678590008,55,359,True
1392,0.44900000000000007,-334.7254698106354,59,360,True
1393,0.4486041666666667,-430.2515678841408,59,360,True
1394,0.44820833333333343,-486.94564743057714,53,360,True
1395,0.44781249999999995,-457.5378663618071,72,360,True
1396,0.4474166666666667,-317.86788504106056,59,360,True
1397,0.4470208333333334,-2189.2138197716718,55,360,True
1398,0.44662500000000005,-328.20625101700205,72,360,True
1399,0.4462291666666667,-333.10047095771336,55,360,True
1400,0.4458333333333333,-447.15740571866735,54,360,True
1401,0.44543750000000004,-526.3564961744958,59,360,True
1402,0.4450416666666668,-446.88721271391034,70,360,True
1403,0.4446458333333333,-148.949904276482,60,360,True
1404,0.44425000000000003,-552.0437967159982,56,360,True
1405,0.44385416666666666,-352.18799055576665,55,360,True
1406,0.4434583333333334,-320.50311241141213,59,360,True
1407,0.4430625,-342.6016809352012,55,360,True
1408,0.44266666666666665,-2054.817300760089,61,360,True
1409,0.4422708333333334,-321.75124525860315,54,360,True
1410,0.441875,-374.0947458416021,59,360,True
1411,0.44147916666666676,-402.24944671896753,68,361,True
1412,0.44108333333333327,-351.7308431475266,72,363,True
1413,0.4406875,-597.6348502839827,72,364,True
1414,0.44029166666666675,-333.9658933678815,58,364,True
1415,0.4398958333333334,-576.0519012946451,72,364,True
1416,0.4395,-353.65398440655616,72,364,True
1417,0.43910416666666663,-389.4016369648769,54,364,True
1418,0.43870833333333337,-382.5810219508589,54,364,True
1419,0.4383125,-57.60199591442074,72,364,True
1420,0.43791666666666673,-379.431568815131,72,364,True
1421,0.43752083333333336,-205.72668800901351,56,364,True
1422,0.437125,-199.2612450088909,62,364,True
1423,0.4367291666666667,-462.50688912793635,69,364,True
1424,0.43633333333333335,-433.2477869096512,51,364,True
1425,0.4359375,-328.25666508474046,69,364,True
1426,0.4355416666666667,-403.1711901939764,55,364,True
1427,0.43514583333333334,-362.20902832372434,62,364,True
1428,0.4347500000000001,-308.4399611814861,54,364,True
1429,0.4343541666666667,-370.07046938432853,58,364,True
1430,0.43395833333333333,-363.3227433623333,51,364,True
1431,0.4335625000000001,-380.5696676753442,59,364,True
1432,0.4331666666666667,-369.84929492302325,53,364,True
1433,0.43277083333333344,-358.0674541765022,72,364,True
1434,0.43237499999999995,-499.0526975713376,60,364,True
1435,0.4319791666666667,-263.70408295232386,52,364,True
1436,0.4315833333333333,-374.1051758048869,69,364,True
1437,0.43118750000000006,-545.8132354410287,59,364,True
1438,0.4307916666666667,-402.7590141334914,72,364,True
1439,0.4303958333333333,-2633.647800863471,57,364,True
1440,0.43000000000000005,-463.79959738589076,59,364,True
1441,0.4296041666666667,-298.34124540338826,69,364,True
1442,0.4292083333333334,-637.7568733162199,72,364,True
1443,0.42881250000000004,-359.8759168678651,70,364,True
1444,0.42841666666666667,-489.3922739210258,53,364,True
1445,0.4280208333333334,-694.7068464099074,72,364,True
1446,0.42762500000000003,-817.7392416308574,72,364,True
1447,0.42722916666666666,-381.20848021528684,52,364,True
1448,0.4268333333333333,-359.79873531625856,63,364,True
1449,0.4264375,-372.5233118380091,52,364,True
1450,0.42604166666666676,-346.67122660132856,57,364,True
1451,0.4256458333333333,-574.7684064570616,60,364,True
1452,0.42525,-369.15255240442053,72,364,True
1453,0.42485416666666664,-386.39926957749867,59,364,True
1454,0.4244583333333334,-389.38687978334843,72,364,True
1455,0.4240625000000001,-37.712180783288495,59,364,True
1456,0.42366666666666664,-375.43258700387145,56,364,True
1457,0.4232708333333334,-1307.8695530233656,60,364,True
1458,0.422875,-392.503126623311,62,364,True
1459,0.42247916666666674,-265.772224505217,52,364,True
1460,0.42208333333333337,-379.5170121963022,72,364,True
1461,0.4216875,-366.10536720341133,50,364,True
1462,0.42129166666666673,-464.52982788304314,63,364,True
1463,0.42089583333333336,-386.5605908465644,53,364,True
1464,0.4205,-375.50917702547684,55,366,True
1465,0.4201041666666666,-336.8538117890503,72,366,True
1466,0.41970833333333335,-411.43450653578816,63,366,True
1467,0.4193125000000001,-331.0074138779934,50,366,True
1468,0.4189166666666667,-353.76465717534086,53,367,True
1469,0.41852083333333334,-587.5861421314154,68,367,True
1470,0.41812499999999997,-346.0922971493464,71,367,True
1471,0.4177291666666667,-49.86165310760782,50,367,True
1472,0.41733333333333344,-282.730814143781,50,367,True
1473,0.41693749999999996,-300.18096397318993,68,367,True
1474,0.4165416666666667,-492.1279787238988,60,367,True
1475,0.4161458333333333,-268.1091607733072,56,367,True
1476,0.41575000000000006,-371.38565235365854,55,367,True
1477,0.4153541666666667,-409.5892801968085,53,367,True
1478,0.4149583333333333,-361.6040865173142,59,368,True
1479,0.41456250000000006,-655.4529801191003,69,368,True
1480,0.4141666666666667,-374.0185618513152,59,368,True
1481,0.4137708333333334,-122.24908961748136,62,368,True
1482,0.41337499999999994,-402.935204475487,68,368,True
1483,0.4129791666666667,-353.03605949923065,61,368,True
1484,0.4125833333333334,-434.03430691104967,56,368,True
1485,0.41218750000000004,-311.7922261727673,53,369,True
1486,0.41179166666666667,-502.0942585922485,60,369,True
1487,0.4113958333333333,-395.721331278574,71,370,True
1488,0.41100000000000003,-367.30464154277206,51,370,True
1489,0.41060416666666677,-533.8128293375933,54,370,True
1490,0.4102083333333334,-394.9613024982963,69,370,True
1491,0.4098125,-338.10080506493165,57,370,True
1492,0.40941666666666665,-335.84254843931916,68,371,True
1493,0.4090208333333334,-351.46696024117466,51,372,True
1494,0.408625,-375.15036002554365,53,372,True
1495,0.40822916666666664,-3709.9030059110287,56,372,True
1496,0.4078333333333334,-495.2407522244884,52,372,True
1497,0.4074375,-375.62664163596907,62,374,True
1498,0.40704166666666675,-380.7832771076689,59,374,True
1499,0.40664583333333326,-337.6621416038598,68,374,True
1500,0.40625,-523.9945174130476,57,374,True
1501,0.40585416666666674,-420.1569371520584,63,375,True
1502,0.40545833333333337,-369.69345318787975,53,375,True
1503,0.4050625000000001,-263.3262907396751,61,375,True
1504,0.4046666666666666,-379.9468069019662,60,375,True
1505,0.40427083333333336,-475.05854769918693,61,375,True
1506,0.4038750000000001,-357.89368283236615,61,375,True
1507,0.4034791666666667,-310.6395151024991,40,375,True
1508,0.40308333333333335,-400.1710641622428,72,375,True
1509,0.4026875,-319.45605997294336,72,375,True
1510,0.4022916666666667,-378.62876087576865,55,375,True
1511,0.40189583333333334,-328.3906173663977,58,375,True
1512,0.4015000000000001,-474.05364298684896,59,375,True
1513,0.4011041666666667,-497.09891364907816,60,375,True
1514,0.40070833333333333,-162.62022935318984,58,375,True
1515,0.40031250000000007,-374.42723004225854,57,375,True
1516,0.3999166666666667,-501.86336761374656,58,375,True
1517,0.3995208333333333,-186.52861161414677,62,375,True
1518,0.39912500000000006,-715.7568570455994,72,375,True
1519,0.3987291666666667,-380.6148818857462,63,375,True
1520,0.39833333333333343,-626.4138842125035,59,375,True
1521,0.39793749999999994,-253.2191753754312,58,377,True
1522,0.3975416666666667,-457.61585263790175,57,377,True
1523,0.3971458333333333,-378.17037159363707,58,377,True
1524,0.39675000000000005,-360.62266422437136,50,377,True
1525,0.3963541666666668,-414.4780985096075,71,377,True
1526,0.3959583333333333,-240.870331731861,40,378,True
1527,0.39556250000000004,-363.8325883808359,60,378,True
1528,0.39516666666666667,-410.55823312377896,59,378,True
1529,0.3947708333333334,-402.7572672509436,50,378,True
1530,0.39437500000000003,-456.98458805621755,62,378,True
1531,0.39397916666666666,-414.1952858469945,68,378,True
1532,0.3935833333333334,-387.198179549637,54,378,True
1533,0.3931875,-399.3417998923075,55,378,True
1534,0.39279166666666665,-433.89937305592736,59,378,True
1535,0.3923958333333334,-584.4183003415919,49,378,True
1536,0.392,-381.9057836266195,72,378,True
1537,0.39160416666666675,-323.888896792836,56,378,True
1538,0.3912083333333334,-345.37387102904876,58,378,True
1539,0.3908125,-433.98384522265275,59,378,True
1540,0.39041666666666663,-390.4089446409063,60,378,True
1541,0.39002083333333337,-501.13433959138075,48,378,True
1542,0.3896250000000001,-591.0740834160939,55,378,True
1543,0.3892291666666666,-476.9423757434676,55,378,True
1544,0.38883333333333336,-460.34835428655924,64,378,True
1545,0.3884375,-470.5544248708404,67,378,True
1546,0.38804166666666673,-387.3207872707647,70,379,True
1547,0.38764583333333336,-415.47047384061693,54,379,True
1548,0.38725,-423.130713800339,59,379,True
1549,0.3868541666666667,-452.7756829075953,57,379,True
1550,0.38645833333333335,-448.3593612851674,58,379,True
1551,0.3860625000000001,-355.5583812126912,40,380,True
1552,0.3856666666666667,-262.02143597524014,70,380,True
1553,0.38527083333333334,-378.3448802544676,50,380,True
1554,0.3848750000000001,-406.7978226696605,58,381,True
1555,0.3844791666666667,-300.13136198358643,42,381,True
1556,0.38408333333333333,-268.52319019319407,61,381,True
1557,0.38368749999999996,-349.21627367682817,51,381,True
1558,0.3832916666666667,-367.6603006948025,70,381,True
1559,0.38289583333333344,-286.6293419918585,57,381,True
1560,0.38250000000000006,-458.78726521671297,61,381,True
1561,0.3821041666666667,-340.90677860749736,57,381,True
1562,0.3817083333333333,-261.1725055603129,59,381,True
1563,0.38131250000000005,-386.98858904676945,59,381,True
1564,0.3809166666666668,-483.391852115307,66,381,True
1565,0.3805208333333333,-388.7095207314457,58,381,True
1566,0.38012500000000005,-22.46813527978818,51,381,True
1567,0.3797291666666667,-51.97305559959982,70,381,True
1568,0.3793333333333334,-365.59733111824,54,381,True
1569,0.3789374999999999,-442.0292471785751,71,381,True
1570,0.37854166666666667,-346.45235835808205,55,381,True
1571,0.3781458333333334,-371.539766641581,66,381,True
1572,0.37775000000000003,-404.5010556418294,51,381,True
1573,0.37735416666666677,-331.251917411406,53,383,True
1574,0.3769583333333333,-308.2839333217905,69,383,True
1575,0.3765625,-406.2097811910997,48,383,True
1576,0.37616666666666676,-1568.3170789701896,55,383,True
1577,0.3757708333333334,-353.94993317025387,51,383,True
1578,0.375375,-341.6714691713406,72,383,True
1579,0.37497916666666664,-380.4783360779952,59,383,True
1580,0.3745833333333334,-366.2277486229449,68,383,True
1581,0.3741875000000001,-291.5908690662461,51,383,True
1582,0.37379166666666663,-429.13534801186927,72,383,True
1583,0.37339583333333337,-401.34648426866676,58,383,True
1584,0.373,-392.26141730068076,62,383,True
1585,0.37260416666666674,-392.81325778907217,71,383,True
1586,0.37220833333333336,-383.03499209668286,49,383,True
1587,0.3718125,-311.03012574990214,42,383,True
1588,0.37141666666666673,-347.0131050431192,60,385,True
1589,0.37102083333333336,-448.79016417740814,58,385,True
1590,0.3706250000000001,-442.7262466894854,59,385,True
1591,0.3702291666666666,-367.5240071537522,72,385,True
1592,0.36983333333333335,84.9120986946165,60,385,True
1593,0.3694375000000001,-554.2163360918347,50,385,True
1594,0.3690416666666667,-383.86723714720335,68,385,True
1595,0.36864583333333334,-336.9856766028312,72,386,True
1596,0.36824999999999997,-318.6983873845384,52,386,True
1597,0.3678541666666667,-279.47178874488253,58,386,True
1598,0.36745833333333333,-427.81465371909746,51,386,True
1599,0.36706250000000007,-438.8399201817205,56,386,True
1600,0.3666666666666667,-320.338990194303,40,386,True
1601,0.3662708333333333,-201.2496853237892,59,386,True
1602,0.36587500000000006,-403.2740143150525,70,386,True
1603,0.3654791666666667,-386.2704499813823,57,386,True
1604,0.3650833333333333,-399.9555048085452,57,386,True
1605,0.36468750000000005,-339.0000509684562,62,386,True
1606,0.3642916666666667,93.73665971336551,61,386,True
1607,0.3638958333333334,-168.57877494957046,59,386,True
1608,0.36350000000000005,-256.7124597646466,60,386,True
1609,0.3631041666666667,-321.36489625912884,49,386,True
1610,0.3627083333333334,-384.98639444976726,47,386,True
1611,0.36231250000000004,-757.5185937048616,72,386,True
1612,0.3619166666666668,-412.85021381705974,68,386,True
1613,0.3615208333333333,-318.2397377429381,56,387,True
1614,0.36112500000000003,-412.61825757334606,57,387,True
1615,0.36072916666666666,-295.8319041683347,59,387,True
1616,0.3603333333333334,-431.6680419364114,49,387,True
1617,0.3599375,-381.5949466604126,57,387,True
1618,0.35954166666666665,-66.03731271255232,72,388,True
1619,0.3591458333333334,-392.38034194990786,65,388,True
1620,0.35875,-335.03452870939617,54,388,True
1621,0.35835416666666675,-11.444508533822038,40,388,True
1622,0.3579583333333334,-308.8978102092668,60,388,True
1623,0.3575625,-591.5554836358157,55,388,True
1624,0.35716666666666674,-428.44796950652096,50,388,True
1625,0.35677083333333337,-348.9086785850295,52,388,True
1626,0.356375,-361.1274572731731,72,388,True
1627,0.35597916666666674,-476.69912333471467,53,388,True
1628,0.35558333333333336,-388.78868684667424,68,388,True
1629,0.3551875000000001,-268.3260114216709,52,388,True
1630,0.3547916666666666,-376.8800569187299,57,389,True
1631,0.35439583333333335,-346.55381990590286,50,389,True
1632,0.354,-396.58122725702196,55,389,True
1633,0.3536041666666667,-544.3344988998938,61,389,True
1634,0.35320833333333346,-359.47131340406503,50,390,True
1635,0.3528125,-352.4376929801771,62,390,True
1636,0.3524166666666667,-475.0172386089452,72,390,True
1637,0.35202083333333334,-697.9323593296873,72,390,True
1638,0.3516250000000001,-334.3868040920551,56,390,True
1639,0.3512291666666667,-328.49709966093627,63,390,True
1640,0.35083333333333333,-533.70011043012,57,390,True
1641,0.35043750000000007,-383.6886213878694,60,390,True
1642,0.3500416666666667,-364.43792973059584,50,390,True
1643,0.3496458333333333,-167.34154538790898,72,390,True
1644,0.34924999999999995,-496.6408681602163,57,390,True
1645,0.3488541666666667,-388.9862433822143,57,390,True
1646,0.3484583333333334,-528.0045070447661,70,390,True
1647,0.34806250000000005,-640.5614042136688,72,390,True
1648,0.3476666666666667,-346.5871452626565,58,391,True
1649,0.3472708333333333,-353.4515715630656,55,391,True
1650,0.34687500000000004,-246.80801873906088,51,391,True
1651,0.3464791666666668,-379.282662838546,72,391,True
1652,0.3460833333333333,-350.64835340294405,59,391,True
1653,0.34568750000000004,-362.9413532536738,61,391,True
1654,0.34529166666666666,-362.41426962988095,53,391,True
1655,0.3448958333333334,-486.45708359939846,59,391,True
1656,0.34450000000000003,-1466.685258752311,60,391,True
1657,0.34410416666666666,-263.49451710478667,61,392,True
1658,0.3437083333333334,-329.2982517166084,56,392,True
1659,0.3433125,-354.6244461498011,61,392,True
1660,0.34291666666666676,-393.29369571115393,69,392,True
1661,0.3425208333333333,-337.31451438018763,70,392,True
1662,0.342125,-480.55700692311444,59,392,True
1663,0.34172916666666675,-388.9683473814181,50,392,True
1664,0.3413333333333334,-355.57187000026846,57,392,True
1665,0.3409375,-387.41053777127587,55,394,True
1666,0.34054166666666663,-289.9438595000663,70,394,True
1667,0.34014583333333337,-576.4318198191277,58,394,True
1668,0.3397500000000001,-461.3642492346671,70,394,True
1669,0.33935416666666673,-389.1351458879805,58,394,True
1670,0.33895833333333336,-322.0249050183286,53,394,True
1671,0.3385625,-326.86758287334635,60,394,True
1672,0.3381666666666667,-488.94338797957084,50,396,True
1673,0.33777083333333335,-338.8452973521397,72,396,True
1674,0.337375,-339.9684953724981,60,397,True
1675,0.3369791666666667,-329.74024989101264,61,397,True
1676,0.33658333333333335,-450.6620843446943,49,398,True
1677,0.3361875000000001,-323.827250796441,62,398,True
1678,0.3357916666666666,-339.8281034842538,60,398,True
1679,0.33539583333333334,-361.539385088765,57,398,True
1680,0.3350000000000001,-379.3681290043369,57,398,True
1681,0.3346041666666667,-723.5162572789604,64,398,True
1682,0.33420833333333344,-444.52984059177845,62,398,True
1683,0.33381249999999996,-276.52752961017353,50,399,True
1684,0.3334166666666667,-370.52945161392205,69,399,True
1685,0.33302083333333343,-24.404251584597443,53,399,True
1686,0.33262500000000006,-359.7660016058727,72,399,True
1687,0.3322291666666667,-251.7621555906551,62,399,True
1688,0.3318333333333333,-327.7272630191084,58,399,True
1689,0.33143750000000005,-172.35876219567115,59,399,True
1690,0.3310416666666667,-622.4351411411292,55,400,True
1691,0.3306458333333333,-384.707503578189,61,401,True
1692,0.33025000000000004,-282.8758125026349,50,401,True
1693,0.32985416666666667,-378.3947741773786,64,401,True
1694,0.3294583333333334,-401.9211653136855,54,401,True
1695,0.32906250000000004,-240.7100778075075,47,401,True
1696,0.32866666666666666,-363.63434036912565,70,401,True
1697,0.3282708333333334,-124.15694923151199,72,401,True
1698,0.327875,-408.3593507153116,65,401,True
1699,0.32747916666666677,-303.50184412032587,65,401,True
1700,0.3270833333333333,-434.54674061297146,57,401,True
1701,0.3266875,-192.48566192737266,58,401,True
1702,0.32629166666666676,-457.2227323990255,67,401,True
1703,0.3258958333333334,-658.1549581356907,54,401,True
1704,0.3255,-321.05929889268685,72,401,True
1705,0.32510416666666664,-867.233339926719,72,401,True
1706,0.3247083333333334,-351.12500634899084,59,401,True
1707,0.3243125,-328.0499448624946,55,401,True
1708,0.32391666666666674,-700.052314732932,70,401,True
1709,0.32352083333333337,-489.2953328428511,57,401,True
1710,0.323125,-457.1097811515193,58,401,True
1711,0.32272916666666673,-317.73393507435713,60,401,True
1712,0.32233333333333336,-335.1866550513919,72,401,True
1713,0.3219375,-479.76494911278394,70,401,True
1714,0.3215416666666667,-352.97021044736636,59,401,True
1715,0.32114583333333335,-566.4980034365304,72,401,True
1716,0.3207500000000001,-521.4810083974453,72,401,True
1717,0.3203541666666667,-419.0350251439608,57,401,True
1718,0.31995833333333334,-382.44656112114006,50,401,True
1719,0.31956249999999997,-523.6061302450987,51,402,True
1720,0.3191666666666667,-362.4163338948186,62,402,True
1721,0.31877083333333345,-62.42616100403652,53,402,True
1722,0.31837499999999996,-352.0929093515378,57,402,True
1723,0.3179791666666667,-476.0208819297609,52,402,True
1724,0.31758333333333333,-600.1367911490584,61,402,True
1725,0.31718750000000007,-329.9728153314093,62,402,True
1726,0.3167916666666667,-335.2355499214547,48,402,True
1727,0.3163958333333333,-327.35595367442943,53,402,True
1728,0.31600000000000006,-405.3291930899636,55,402,True
1729,0.3156041666666667,-250.42950394352945,63,402,True
1730,0.3152083333333334,-299.38091701688677,53,402,True
1731,0.31481250000000005,-417.927371268659,63,402,True
1732,0.3144166666666667,-477.1326264378901,72,402,True
1733,0.3140208333333334,-360.467884694634,53,402,True
1734,0.31362500000000004,-402.9481915164024,72,402,True
1735,0.31322916666666667,-505.6754086831095,72,402,True
1736,0.3128333333333333,-312.2643032251541,59,402,True
1737,0.31243750000000003,-312.01416140463573,40,403,True
1738,0.3120416666666668,-221.26436447749492,61,403,True
1739,0.3116458333333333,-324.1424116649546,56,403,True
1740,0.31125,-220.63955702929624,51,403,True
1741,0.31085416666666665,-275.9310853456357,63,403,True
1742,0.3104583333333334,-418.5238097670001,71,403,True
1743,0.31006250000000013,-409.56544692278993,48,403,True
1744,0.30966666666666665,-601.9644134519413,56,403,True
1745,0.3092708333333334,-576.3296489535637,55,403,True
1746,0.308875,-389.24536012901456,72,403,True
1747,0.30847916666666675,-352.18864616023507,57,403,True
1748,0.30808333333333326,-349.13547670944376,53,403,True
1749,0.3076875,-107.9329787137711,72,403,True
1750,0.30729166666666674,-85.67042862792084,72,403,True
1751,0.30689583333333337,-366.5813878120536,56,403,True
1752,0.3065,-389.05581573271667,71,403,True
1753,0.3061041666666666,-173.24536885638688,40,403,True
1754,0.30570833333333336,-327.8894346412587,56,403,True
1755,0.3053125000000001,-361.88945140331293,52,403,True
1756,0.3049166666666667,-373.56682199160133,56,403,True
1757,0.30452083333333335,-443.0290119531632,59,403,True
1758,0.304125,-598.9479591545421,72,403,True
1759,0.3037291666666667,-371.07357749389683,60,403,True
1760,0.30333333333333345,-365.4720535103704,72,403,True
1761,0.30293749999999997,-352.2538248949582,68,403,True
1762,0.3025416666666667,-257.2559199038669,57,403,True
1763,0.30214583333333334,-75.7872931033856,59,403,True
1764,0.3017500000000001,-334.8751806819761,62,403,True
1765,0.3013541666666667,-678.8747263428876,72,403,True
1766,0.3009583333333333,-313.8639139111129,72,403,True
1767,0.30056250000000007,-387.0371344175875,72,403,True
1768,0.3001666666666667,-430.7177265443991,60,403,True
1769,0.29977083333333343,-350.6720563881702,57,403,True
1770,0.29937499999999995,-316.3533564955611,61,403,True
1771,0.2989791666666667,-296.867520229689,68,405,True
1772,0.2985833333333334,-406.2721271390054,54,406,True
1773,0.29818750000000005,-329.2177377271259,48,406,True
1774,0.2977916666666667,-393.0973314582185,72,406,True
1775,0.2973958333333333,-396.93135003737467,69,407,True
1776,0.29700000000000004,-342.91615338873765,72,408,True
1777,0.2966041666666668,-361.2589901551129,70,408,True
1778,0.2962083333333334,-295.86043656126094,58,408,True
1779,0.29581250000000003,-189.61224912870915,40,408,True
1780,0.29541666666666666,-382.3186486408461,60,408,True
1781,0.2950208333333334,-302.27040876830455,52,408,True
1782,0.294625,-248.44107447521685,41,408,True
1783,0.29422916666666665,-261.498064039409,60,408,True
1784,0.2938333333333334,-286.0825420131936,55,408,True
1785,0.2934375,-424.16366834658237,48,408,True
1786,0.29304166666666676,-308.6453772548437,51,408,True
1787,0.29264583333333327,-396.0657020846678,69,408,True
1788,0.29225,-331.965648310855,71,409,True
1789,0.29185416666666675,-249.0227010570076,56,409,True
1790,0.2914583333333334,-236.739630682607,57,409,True
1791,0.2910625000000001,-282.5150822180543,50,409,True
1792,0.29066666666666663,-425.39648062780697,56,409,True
1793,0.29027083333333337,-305.13634089786365,55,409,True
1794,0.289875,-448.238770083259,68,409,True
1795,0.28947916666666673,-242.78035811342642,55,409,True
1796,0.28908333333333336,-325.71594258592046,58,409,True
1797,0.2886875,-532.6677032646154,60,409,True
1798,0.2882916666666667,-361.2355406460457,72,409,True
1799,0.28789583333333335,-273.81869121940997,48,409,True
1800,0.2875000000000001,-67.5530084716176,58,410,True
1801,0.2871041666666667,-321.7560503308938,58,410,True
1802,0.28670833333333334,-611.655262028807,54,412,True
1803,0.2863125000000001,-286.0009876428149,56,412,True
1804,0.2859166666666667,-343.5554549731155,70,412,True
1805,0.28552083333333333,-231.6542644837907,57,412,True
1806,0.2851250000000001,-401.23590918225665,61,412,True
1807,0.2847291666666667,-408.65336276843055,54,412,True
1808,0.28433333333333344,-327.66625905252863,58,412,True
1809,0.28393749999999995,-40.00377569817678,72,412,True
1810,0.2835416666666667,-280.4593136274896,60,413,True
1811,0.2831458333333333,-370.60618590298225,55,413,True
1812,0.28275000000000006,-371.4664128386275,72,413,True
1813,0.2823541666666668,-457.8284485358324,68,414,True
1814,0.2819583333333333,-340.76438191980674,58,414,True
1815,0.28156250000000005,-254.53798654078943,40,414,True
1816,0.2811666666666667,-368.05753730141333,59,414,True
1817,0.2807708333333334,-56.27366269282468,61,416,True
1818,0.28037500000000004,-302.6640944768582,61,416,True
1819,0.27997916666666667,-284.1362114688098,58,416,True
1820,0.2795833333333334,-277.0463006041497,58,416,True
1821,0.27918750000000003,-374.6536436801102,70,416,True
1822,0.27879166666666666,-313.4739462985545,55,416,True
1823,0.2783958333333333,-432.7473809846421,63,416,True
1824,0.278,-309.4075239745765,55,416,True
1825,0.27760416666666676,-419.01868609736215,72,416,True
1826,0.2772083333333334,-391.1178164517247,68,417,True
1827,0.2768125,-520.6260980062752,59,417,True
1828,0.27641666666666664,-422.02010280897247,72,417,True
1829,0.2760208333333334,-308.22569452605046,54,417,True
1830,0.2756250000000001,-285.20492456268306,59,418,True
1831,0.27522916666666664,-269.90227309959766,53,418,True
1832,0.2748333333333334,-335.7349838940377,72,418,True
1833,0.2744375,-301.28881626213877,59,418,True
1834,0.27404166666666674,-572.7807334612679,64,418,True
1835,0.27364583333333337,-366.2289541100238,58,418,True
1836,0.27325,-232.50047178071637,55,418,True
1837,0.27285416666666673,-394.5445474625155,70,418,True
1838,0.27245833333333336,-177.71361630925725,58,418,True
1839,0.2720625000000001,-467.89031683153644,69,418,True
1840,0.2716666666666666,-246.11620950938908,58,418,True
1841,0.27127083333333335,-386.653359631192,69,418,True
1842,0.2708750000000001,-377.8895180206279,68,418,True
1843,0.2704791666666667,-318.59048357799844,50,418,True
1844,0.27008333333333334,-411.1273518798738,57,418,True
1845,0.26968749999999997,-223.29611171570818,41,418,True
1846,0.2692916666666667,-331.74481164877614,57,420,True
1847,0.26889583333333344,-253.270018397297,61,420,True
1848,0.26850000000000007,-541.896711389698,72,420,True
1849,0.2681041666666667,-379.7296152796936,59,420,True
1850,0.2677083333333333,-305.02072408887983,54,420,True
1851,0.26731250000000006,-263.19283813418394,60,420,True
1852,0.2669166666666668,-351.8182571987243,59,420,True
1853,0.2665208333333333,-426.7382725979938,70,420,True
1854,0.26612500000000006,-257.79819446218175,57,420,True
1855,0.2657291666666667,-58.09690942937729,59,420,True
1856,0.2653333333333334,-53.62599717781219,56,420,True
1857,0.26493749999999994,-310.1572550054467,54,420,True
1858,0.2645416666666667,-244.35582921514808,58,421,True
1859,0.2641458333333334,-688.3478656499137,59,422,True
1860,0.26375000000000004,-363.3420684840309,60,422,True
1861,0.2633541666666668,-694.2805151721154,72,422,True
1862,0.2629583333333333,-353.2371956560313,71,422,True
1863,0.26256250000000003,-253.38400256368732,51,422,True
1864,0.26216666666666677,-287.97311009031205,58,422,True
1865,0.2617708333333334,-342.41186226780366,69,422,True
1866,0.261375,-286.1145090228055,62,422,True
1867,0.26097916666666665,-562.3140827817614,72,422,True
1868,0.2605833333333334,-387.57811729416693,61,423,True
1869,0.2601875,-42.03674096352419,40,423,True
1870,0.25979166666666664,-217.08254500803076,40,424,True
1871,0.2593958333333334,-573.9968756260397,72,424,True
1872,0.259,-336.78332377419304,69,424,True
1873,0.25860416666666675,-343.1925302712442,72,424,True
1874,0.2582083333333334,-199.91697279951836,41,424,True
1875,0.2578125,-314.8795689458721,58,424,True
1876,0.25741666666666674,-310.8773978591625,72,424,True
1877,0.25702083333333337,-563.222104146731,72,424,True
1878,0.2566250000000001,-334.4135705992427,72,424,True
1879,0.2562291666666666,-249.4982298660048,55,424,True
1880,0.25583333333333336,-60.9364125452215,56,424,True
1881,0.2554375000000001,-604.8236580563992,72,424,True
1882,0.2550416666666667,-278.8108390065826,62,424,True
1883,0.25464583333333335,110.06038472324349,63,424,True
1884,0.25425,-368.496862430884,61,424,True
1885,0.2538541666666667,-352.7665937303937,72,424,True
1886,0.25345833333333334,-308.17607527364896,54,424,True
1887,0.2530625000000001,-290.6651521748057,70,424,True
1888,0.2526666666666667,-272.4918456571105,58,424,True
1889,0.25227083333333333,-364.5693371409785,61,424,True
1890,0.25187500000000007,-194.74828277914332,49,424,True
1891,0.2514791666666667,-450.51484617831073,64,424,True
1892,0.2510833333333333,-226.5593322068656,40,424,True
1893,0.25068750000000006,-350.3445423731827,68,424,True
1894,0.2502916666666667,-386.11139620629933,52,424,True
1895,0.24989583333333343,-359.41104019705926,54,424,True
1896,0.24950000000000006,214.0265733015648,63,424,True
1897,0.24910416666666668,-330.31045440775773,56,424,True
1898,0.2487083333333333,-169.20944839945346,72,425,True
1899,0.24831250000000005,-342.2605174521083,55,425,True
1900,0.24791666666666679,-379.39702674768097,68,425,True
1901,0.2475208333333333,-224.3634602707926,50,425,True
1902,0.24712500000000004,-212.96516145718465,55,425,True
1903,0.24672916666666667,-315.53210570470833,68,425,True
1904,0.2463333333333334,-509.7761344397803,55,425,True
1905,0.24593750000000003,-244.53601167743352,57,425,True
1906,0.24554166666666666,-366.3194094022174,70,425,True
1907,0.2451458333333334,-480.3390349858548,58,425,True
1908,0.24475000000000002,-310.9500038007863,56,425,True
1909,0.24435416666666676,-230.66558499308485,41,425,True
1910,0.2439583333333334,-444.46049402049874,60,425,True
1911,0.24356250000000002,-354.1953288593871,55,426,True
1912,0.24316666666666675,-360.0482346986041,62,426,True
1913,0.24277083333333338,-160.14274550250843,56,426,True
1914,0.242375,-342.6872624962085,59,426,True
1915,0.24197916666666663,-274.1289715859945,61,426,True
1916,0.24158333333333337,-480.62503095082496,72,426,True
1917,0.2411875000000001,-355.3854105476397,59,426,True
1918,0.24079166666666663,-398.5338013774514,63,426,True
1919,0.24039583333333336,-283.1950157617956,55,426,True
1920,0.24,-367.44915032968794,60,426,True
1921,0.23960416666666673,-306.53408617531124,52,426,True
1922,0.23920833333333347,-324.61279270802345,56,428,True
1923,0.23881249999999998,-343.8201481808571,57,428,True
1924,0.23841666666666672,-377.56584898802623,72,428,True
1925,0.23802083333333335,-357.67371495280787,63,428,True
1926,0.2376250000000001,-323.4126515567255,57,428,True
1927,0.2372291666666667,-75.23053372324313,50,431,True
1928,0.23683333333333334,-332.7976548518924,71,431,True
1929,0.23643750000000008,-233.32853921584058,60,431,True
1930,0.2360416666666667,-342.3533335160125,68,431,True
1931,0.23564583333333333,-385.65690533981893,60,431,True
1932,0.23524999999999996,-246.94298121839554,68,431,True
1933,0.2348541666666667,-191.02513141581912,40,431,True
1934,0.23445833333333344,-263.40320634443475,56,431,True
1935,0.23406250000000006,-398.80558257355847,58,431,True
1936,0.2336666666666667,-342.74166692562477,61,431,True
1937,0.23327083333333332,-179.90165231231254,51,431,True
1938,0.23287500000000005,-269.4731311708906,40,431,True
1939,0.2324791666666668,-398.8706918231757,52,431,True
1940,0.2320833333333333,-28.57163341355007,53,431,True
1941,0.23168750000000005,-337.7588435444392,60,431,True
1942,0.23129166666666667,-448.5018013087632,54,431,True
1943,0.2308958333333334,-346.8835021724808,58,431,True
1944,0.23050000000000004,-360.35449453012745,54,431,True
1945,0.23010416666666667,-476.6599135062736,72,431,True
1946,0.2297083333333334,-398.37515412354753,48,431,True
1947,0.22931250000000003,-280.6039361571441,61,431,True
1948,0.22891666666666677,-287.89239777190835,54,431,True
1949,0.22852083333333328,-301.7025669015537,64,431,True
1950,0.22812500000000002,-284.5023261787911,72,431,True
1951,0.22772916666666676,-260.1548229147681,54,431,True
1952,0.2273333333333334,-386.2520872100605,54,431,True
1953,0.22693750000000001,-379.34404264995885,72,431,True
1954,0.22654166666666664,-261.61695136439056,60,431,True
1955,0.22614583333333338,-125.51629815472684,52,431,True
1956,0.22575000000000012,-347.7911158570587,67,431,True
1957,0.22535416666666674,-372.53636269652753,69,431,True
1958,0.22495833333333337,-227.28410112439292,63,431,True
1959,0.2245625,-242.91398700458268,58,431,True
1960,0.22416666666666674,-404.14630415640437,72,431,True
1961,0.22377083333333336,-56.50616565200437,51,434,True
1962,0.223375,-222.707197363116,61,435,True
1963,0.22297916666666673,-292.961852440945,69,435,True
1964,0.22258333333333336,-281.2979477170594,58,435,True
1965,0.2221875000000001,-369.5644459224425,56,435,True
1966,0.2217916666666666,-321.36477787306427,50,435,True
1967,0.22139583333333335,-291.53202565948527,66,435,True
1968,0.22100000000000009,-450.1749482644002,60,435,True
1969,0.2206041666666667,-202.70158264964036,55,435,True
1970,0.22020833333333345,-201.58381614149482,60,435,True
1971,0.21981249999999997,-211.94296054792972,61,436,True
1972,0.2194166666666667,-271.8360234365534,68,436,True
1973,0.21902083333333333,-364.8497130527372,72,436,True
1974,0.21862500000000007,-398.64692696710944,72,437,True
1975,0.2182291666666667,-408.1877560160067,72,437,True
1976,0.21783333333333332,-351.35193112260094,52,437,True
1977,0.21743750000000006,-276.1905847439166,67,437,True
1978,0.2170416666666667,-369.4326272413815,58,437,True
1979,0.21664583333333332,-314.3577753665016,51,437,True
1980,0.21625000000000005,-386.4103559236562,55,438,True
1981,0.21585416666666668,-253.31069103402754,63,438,True
1982,0.21545833333333342,-274.47623860989444,58,438,True
1983,0.21506250000000005,-400.19333591497195,63,438,True
1984,0.21466666666666667,-239.69307220312342,58,438,True
1985,0.2142708333333334,-307.8764923729458,51,438,True
1986,0.21387500000000004,-346.0073204619857,68,438,True
1987,0.21347916666666678,-268.1931384252808,61,438,True
1988,0.2130833333333333,-552.5590957883524,72,438,True
1989,0.21268750000000003,-291.3382640063408,72,438,True
1990,0.21229166666666666,-349.1674217039142,68,438,True
1991,0.2118958333333334,-211.26168455289323,40,438,True
1992,0.21150000000000002,-390.8441162150574,53,438,True
1993,0.21110416666666665,-285.75540386946756,61,440,True
1994,0.2107083333333334,-316.60727086196744,72,440,True
1995,0.2103125,-272.93592763721057,48,440,True
1996,0.20991666666666675,-407.0976052024109,57,440,True
1997,0.20952083333333338,-311.8821119527622,52,440,True
1998,0.209125,-304.6385182059274,68,440,True
1999,0.20872916666666674,-320.6762035086604,61,440,True
2000,0.20833333333333337,-319.5713367934734,60,442,True
2001,0.2079375,-317.6859417523196,56,442,True
2002,0.20754166666666674,-191.8729772535219,57,442,True
2003,0.20714583333333336,-198.52732911286623,57,442,True
2004,0.2067500000000001,-354.41466961924147,56,442,True
2005,0.20635416666666673,-259.70326066443306,63,442,True
2006,0.20595833333333335,-355.03223975424766,72,442,True
2007,0.20556249999999998,-361.41652601070143,64,442,True
2008,0.20516666666666672,-140.8854949153688,55,442,True
2009,0.20477083333333346,-450.77703543110596,54,442,True
2010,0.20437499999999997,-330.2660867384274,69,442,True
2011,0.2039791666666667,-294.1110923292769,58,442,True
2012,0.20358333333333334,-611.9971552217893,72,442,True
2013,0.20318750000000008,-202.31318682251293,40,442,True
2014,0.2027916666666667,-304.4280753188536,62,442,True
2015,0.20239583333333333,-353.4906008163076,54,442,True
2016,0.20200000000000007,-865.3472797265512,60,443,True
2017,0.2016041666666667,-266.54153058851244,66,443,True
2018,0.20120833333333343,-230.909900260788,58,443,True
2019,0.20081249999999995,-272.50079952890366,50,443,True
2020,0.2004166666666667,-236.54265284009628,55,444,True
2021,0.20002083333333343,-320.40254908285664,72,444,True
2022,0.19962500000000005,-251.67845304004572,55,444,True
2023,0.19922916666666668,-279.1674309127946,56,444,True
2024,0.1988333333333333,-334.1825607820352,63,444,True
2025,0.19843750000000004,-369.2758299927803,54,444,True
2026,0.19804166666666678,-310.4474521771919,70,444,True
2027,0.1976458333333333,-261.31593518009083,55,444,True
2028,0.19725000000000004,-203.9378268288778,59,446,True
2029,0.19685416666666666,-458.64570030663515,59,446,True
2030,0.1964583333333334,-531.9177215873721,68,446,True
2031,0.19606250000000014,-360.4805024394641,58,446,True
2032,0.19566666666666666,-333.7223242390609,64,446,True
2033,0.1952708333333334,-240.89114033693434,64,446,True
2034,0.19487500000000002,-278.55235715623076,59,446,True
2035,0.19447916666666676,-386.3267231205681,66,446,True
2036,0.19408333333333327,-339.85996756033103,55,446,True
2037,0.1936875,-349.6602366515205,58,446,True
2038,0.19329166666666675,-375.44751032709775,59,446,True
2039,0.19289583333333338,-205.689501935015,53,446,True
2040,0.1925,-264.8978848189078,59,446,True
2041,0.19210416666666663,-438.07073100347014,54,446,True
2042,0.19170833333333337,-267.78924127750264,60,446,True
2043,0.1913125000000001,-374.98845388868455,53,446,True
2044,0.19091666666666673,-324.89516516982206,55,446,True
2045,0.19052083333333336,-452.18046940773417,59,447,True
2046,0.190125,-348.4969290515706,71,447,True
2047,0.18972916666666673,-286.71633340286763,50,447,True
2048,0.18933333333333335,-253.25798337256995,63,447,True
2049,0.18893749999999998,-205.59965792305493,57,447,True
2050,0.18854166666666672,-255.74366199542555,69,447,True
2051,0.18814583333333335,-170.4966516834928,64,447,True
2052,0.18775000000000008,-252.0431956731329,53,448,True
2053,0.1873541666666667,-286.79995775264666,63,448,True
2054,0.18695833333333334,-320.72166082409507,72,448,True
2055,0.18656250000000008,-332.29528504347104,50,448,True
2056,0.1861666666666667,-267.78021014444244,40,448,True
2057,0.18577083333333344,-208.67743546610308,51,448,True
2058,0.18537499999999996,-326.95529738422397,61,448,True
2059,0.1849791666666667,-646.7353539258252,72,448,True
2060,0.18458333333333343,-365.6836491553745,72,448,True
2061,0.18418750000000006,-179.93612090150364,42,448,True
2062,0.1837916666666667,-522.5849289508643,53,448,True
2063,0.1833958333333333,-166.93191757744978,56,448,True
2064,0.18300000000000005,-384.106543258041,72,448,True
2065,0.18260416666666668,-141.36901856906533,54,448,True
2066,0.18220833333333342,-382.90976134723894,63,448,True
2067,0.18181250000000004,-544.7387162222584,72,448,True
2068,0.18141666666666667,-502.9098455562898,63,449,True
2069,0.1810208333333334,-240.69231278757286,52,449,True
2070,0.18062500000000004,-379.5619365167402,54,449,True
2071,0.18022916666666666,-259.49558308090434,72,449,True
2072,0.1798333333333334,-312.807971872745,59,449,True
2073,0.17943750000000003,-41.18297666449293,54,449,True
2074,0.17904166666666677,-79.25392044398329,47,449,True
2075,0.17864583333333328,-212.22929253908583,50,449,True
2076,0.17825000000000002,-163.46385704332363,48,449,True
2077,0.17785416666666676,-45.3553819375646,70,449,True
2078,0.17745833333333338,-437.1899569953258,47,449,True
2079,0.17706250000000012,-231.95592393684421,61,449,True
2080,0.17666666666666664,-393.4308384527178,67,450,True
2081,0.17627083333333338,-132.48967302682132,40,450,True
2082,0.175875,-430.61385709239437,72,450,True
2083,0.17547916666666674,-315.5032087878346,72,450,True
2084,0.17508333333333337,-319.87234488175096,64,450,True
2085,0.1746875,-370.26001145132057,72,451,True
2086,0.17429166666666673,-471.32249797203576,51,451,True
2087,0.17389583333333336,-175.0068855601816,55,451,True
2088,0.1735,-380.51170146258596,72,451,True
2089,0.17310416666666673,-194.43229526927564,68,452,True
2090,0.17270833333333335,-296.7861142290526,63,452,True
2091,0.1723125000000001,-407.96605073451235,50,452,True
2092,0.17191666666666672,-270.43389985696734,66,452,True
2093,0.17152083333333334,-265.1542008518696,71,452,True
2094,0.17112499999999997,-382.66527287752155,72,452,True
2095,0.1707291666666667,-580.3490375164929,72,452,True
2096,0.17033333333333345,-369.43325982936136,50,452,True
2097,0.16993749999999996,-505.4146646755986,72,452,True
2098,0.1695416666666667,-201.21214897803728,56,452,True
2099,0.16914583333333333,-310.018535515936,56,452,True
2100,0.16875000000000007,-333.31404918754976,61,452,True
2101,0.1683541666666668,-280.20954534013066,57,453,True
2102,0.16795833333333332,-209.97461743264395,59,453,True
2103,0.16756250000000006,-420.95253605438535,55,453,True
2104,0.16716666666666669,-171.66120058975199,40,453,True
2105,0.16677083333333342,-166.55670854368688,56,453,True
2106,0.16637500000000005,-269.2172804533002,68,453,True
2107,0.16597916666666668,-297.1023660057261,54,453,True
2108,0.16558333333333342,-171.58623735037227,62,453,True
2109,0.16518750000000004,-129.06065156442457,53,453,True
2110,0.16479166666666667,-357.532374688607,57,453,True
2111,0.1643958333333333,-245.56451906647226,52,453,True
2112,0.16400000000000003,-158.82962013655833,61,453,True
2113,0.16360416666666677,-242.98842649576875,72,453,True
2114,0.1632083333333334,-282.3333861850565,57,453,True
2115,0.16281250000000003,-177.0971454465525,56,455,True
2116,0.16241666666666665,-305.011005771314,70,455,True
2117,0.1620208333333334,-340.2213024929409,72,455,True
2118,0.16162500000000013,-294.63186306641336,68,455,True
2119,0.16122916666666665,-339.355542930029,57,455,True
2120,0.16083333333333338,-183.55569679855893,60,455,True
2121,0.1604375,-340.20119910220905,72,455,True
2122,0.16004166666666675,-197.33696651579422,50,455,True
2123,0.15964583333333338,-165.9885049230292,56,456,True
2124,0.15925,-237.05166342224692,48,456,True
2125,0.15885416666666674,-197.57643399450149,72,456,True
2126,0.15845833333333337,-250.17907707200288,54,456,True
2127,0.1580625000000001,-234.8522792271216,70,456,True
2128,0.15766666666666662,-334.79797155550096,72,456,True
2129,0.15727083333333336,-232.42943441664914,70,456,True
2130,0.1568750000000001,-47.25685399304594,63,456,True
2131,0.15647916666666672,-87.5524674952543,40,456,False
2132,0.15608333333333335,-239.41695146589666,59,456,True
2133,0.15568749999999998,-192.03089663738925,54,456,True
2134,0.15529166666666672,-409.0503618472843,59,456,True
2135,0.15489583333333345,-359.98614469375684,65,456,True
2136,0.15450000000000008,-272.8714085763411,71,456,True
2137,0.1541041666666667,-202.03696545908483,72,456,True
2138,0.15370833333333334,-317.9034120262248,56,456,True
2139,0.15331250000000007,-283.8549603859231,71,456,True
2140,0.1529166666666667,-177.30314336879934,40,457,True
2141,0.15252083333333333,-317.9262026588256,69,457,True
2142,0.15212500000000007,-230.4994845739897,65,457,True
2143,0.1517291666666667,-152.93357749297735,63,458,True
2144,0.15133333333333343,-207.4552379743726,59,458,True
2145,0.15093749999999995,-59.653614981416666,69,458,True
2146,0.15054166666666668,-195.7887594781129,58,458,True
2147,0.15014583333333342,-211.3387840083326,53,458,True
2148,0.14975000000000005,-272.776941029247,71,458,True
2149,0.1493541666666668,-94.01570981309915,55,458,True
2150,0.1489583333333333,-269.7403716096245,62,458,True
2151,0.14856250000000004,-422.6371122324095,70,458,True
2152,0.14816666666666678,-192.49118847899496,51,458,True
2153,0.1477708333333334,-110.30970388460231,72,458,True
2154,0.14737500000000003,-282.42554418214036,66,458,True
2155,0.14697916666666666,-202.99554543060202,49,459,True
2156,0.1465833333333334,-252.43133568123778,49,459,True
2157,0.14618750000000003,-141.53093525171124,58,459,True
2158,0.14579166666666665,-160.67254987037913,72,460,True
2159,0.1453958333333334,-194.37181503297788,59,460,True
2160,0.14500000000000002,-29.375525616922115,65,460,True
2161,0.14460416666666676,-258.91370874962547,55,460,True
2162,0.14420833333333338,-271.6018805659249,62,460,True
2163,0.1438125,-127.48932082197757,57,462,True
2164,0.14341666666666675,-251.5913443800045,55,462,True
2165,0.14302083333333337,-273.5212012815802,72,462,True
2166,0.1426250000000001,-292.6466721542306,67,462,True
2167,0.14222916666666663,-324.62436510692015,63,462,True
2168,0.14183333333333337,-196.91220254241387,60,462,True
2169,0.1414375,-178.10737754024422,54,462,True
2170,0.14104166666666673,-218.54114009322356,54,462,True
2171,0.14064583333333336,-498.98655514219587,72,462,True
2172,0.14024999999999999,-417.01907876403754,66,462,True
2173,0.13985416666666672,-249.5936538067327,69,463,True
2174,0.13945833333333335,-336.9631723156227,51,463,True
2175,0.1390625000000001,-339.56892498910355,72,463,True
2176,0.13866666666666672,-334.9438698990494,58,465,True
2177,0.13827083333333334,-270.47593228221547,56,465,True
2178,0.13787500000000008,-226.840070664163,56,465,True
2179,0.1374791666666667,-224.32503455074615,47,465,True
2180,0.13708333333333333,-220.8264273268909,40,465,True
2181,0.13668750000000007,-64.84167630740765,71,466,True
2182,0.1362916666666667,-152.6515089690949,58,466,True
2183,0.13589583333333344,-183.5719222199173,51,466,True
2184,0.13550000000000006,-202.62413315662553,53,466,True
2185,0.1351041666666667,-282.7643018898046,51,466,True
2186,0.13470833333333332,-113.04987603299027,61,466,True
2187,0.13431250000000006,-312.98474851771226,54,466,True
2188,0.1339166666666668,-152.71376166186485,58,466,True
2189,0.1335208333333333,-156.29107940371594,57,466,True
2190,0.13312500000000005,-121.18501010213163,69,466,True
2191,0.13272916666666668,-327.7784426894373,58,466,True
2192,0.1323333333333334,-85.69265025540776,57,466,True
2193,0.13193750000000004,-151.20438027543406,61,467,True
2194,0.13154166666666667,-225.22207698007082,59,467,True
2195,0.1311458333333334,-262.499584745675,56,467,True
2196,0.13075000000000003,-250.86653116868573,72,467,True
2197,0.13035416666666677,-259.9395208615173,71,467,True
2198,0.1299583333333333,-10.112308658404373,60,468,True
2199,0.12956250000000002,-32.27229079786757,63,468,True
2200,0.12916666666666676,-114.43320420434735,57,468,True
2201,0.1287708333333334,-199.40747994379527,71,468,True
2202,0.12837500000000002,-123.42183829710179,55,468,True
2203,0.12797916666666664,-165.0580706014218,48,468,True
2204,0.12758333333333338,-162.50283594250874,72,468,True
2205,0.12718750000000012,-174.8047673854599,57,468,True
2206,0.12679166666666664,-181.41940149631725,54,468,True
2207,0.12639583333333337,-81.29835836418205,51,468,True
2208,0.126,-57.03163414721327,53,469,True
2209,0.12560416666666674,-153.9732359743194,61,470,True
2210,0.12520833333333348,-122.65214096491252,53,470,True
2211,0.12481249999999999,-87.11323080655475,47,470,True
2212,0.12441666666666673,-231.9172756107982,71,470,True
2213,0.12402083333333336,-215.55599727473688,54,470,True
2214,0.1236250000000001,-98.73398687980486,42,471,True
2215,0.12322916666666661,-262.91400032826584,72,471,True
2216,0.12283333333333335,-111.0371259646154,60,471,True
2217,0.12243750000000009,-201.2152970108691,72,471,True
2218,0.12204166666666671,-193.5622238998112,72,471,True
2219,0.12164583333333334,-159.3515156485476,48,471,True
2220,0.12124999999999997,-247.68378295244577,72,471,True
2221,0.1208541666666667,-202.36390993925443,51,471,True
2222,0.12045833333333344,-159.9475836369686,72,471,True
2223,0.12006250000000007,-285.6927602663592,58,471,True
2224,0.1196666666666667,-206.89765297501668,48,471,True
2225,0.11927083333333333,-140.89182822208912,55,471,False
2226,0.11887500000000006,-72.90518584254767,67,471,True
2227,0.1184791666666668,-173.24267345435388,61,471,True
2228,0.11808333333333332,-366.70763233395223,72,471,True
2229,0.11768750000000006,-145.01505550980144,59,471,True
2230,0.11729166666666668,-95.25288973383185,47,471,True
2231,0.11689583333333342,-107.07043851313607,62,472,True
2232,0.11650000000000005,-528.1004481436846,55,472,True
2233,0.11610416666666667,-145.73713149314213,61,472,True
2234,0.11570833333333341,-311.68682430317045,72,472,True
2235,0.11531250000000004,-239.71487004248496,52,473,True
2236,0.11491666666666678,-153.23415109121373,70,473,True
2237,0.1145208333333333,-326.7898527973922,69,473,True
2238,0.11412500000000003,-109.82655048835554,57,474,True
2239,0.11372916666666677,-328.2222241348007,72,474,True
2240,0.1133333333333334,-195.710119220241,59,474,True
2241,0.11293750000000002,-210.81326326283863,55,474,True
2242,0.11254166666666665,-164.2716389728045,72,475,True
2243,0.11214583333333339,-167.72791372707707,49,475,True
2244,0.11175000000000002,-175.73549781711642,53,475,True
2245,0.11135416666666675,-214.66758093389205,55,475,True
2246,0.11095833333333338,-254.66653282068225,55,475,True
2247,0.11056250000000001,-205.25409151778754,48,475,True
2248,0.11016666666666675,-143.4874323403945,40,475,True
2249,0.10977083333333337,-230.2754984756323,57,475,True
2250,0.109375,-216.4352130183869,51,475,True
2251,0.10897916666666674,-305.6993268971815,72,475,True
2252,0.10858333333333337,-137.84100367345977,60,475,True
2253,0.1081875000000001,-156.25018778509963,57,475,True
2254,0.10779166666666662,-76.61062998116196,58,475,True
2255,0.10739583333333336,-302.6882019311529,72,475,True
2256,0.1070000000000001,-239.42934148784482,55,475,True
2257,0.10660416666666672,-139.8837856075654,68,475,True
2258,0.10620833333333346,-209.27900335608786,70,475,True
2259,0.10581249999999998,-273.12439893641584,59,475,True
2260,0.10541666666666671,-170.8928038597774,69,475,True
2261,0.10502083333333334,-129.99097756183517,57,475,True
2262,0.10462500000000008,-182.77809118410414,60,476,True
2263,0.1042291666666667,-130.22306213724224,60,476,True
2264,0.10383333333333333,-199.79621886125227,64,477,True
2265,0.10343750000000007,-253.88941339505672,72,477,True
2266,0.1030416666666667,-308.4768744101754,66,477,True
2267,0.10264583333333333,-165.91791695661217,62,477,True
2268,0.10225000000000006,-243.30796263386176,59,477,True
2269,0.10185416666666669,-250.27128999579844,64,477,True
2270,0.10145833333333343,-205.8865193894414,69,477,True
2271,0.10106250000000006,-457.4095675231582,72,477,True
2272,0.10066666666666668,-129.70137088848267,51,477,True
2273,0.10027083333333331,-175.28791772951607,72,477,True
2274,0.09987500000000005,-128.72948823867236,57,477,True
2275,0.09947916666666679,-208.8638086810985,59,477,True
2276,0.0990833333333333,-201.46017500249738,56,477,True
2277,0.09868750000000004,-187.30033131925265,62,477,True
2278,0.09829166666666667,-52.14253090569577,61,477,True
2279,0.0978958333333334,-204.94740524010777,58,477,True
2280,0.09750000000000003,-238.31577710917261,54,477,True
2281,0.09710416666666666,-178.30601254381457,72,477,True
2282,0.0967083333333334,-164.03697772747282,67,477,True
2283,0.09631250000000002,-123.50661318161991,59,478,True
2284,0.09591666666666676,-169.50282372289146,63,479,True
2285,0.09552083333333339,-268.1388560099157,72,480,True
2286,0.09512500000000002,-157.2019486507955,61,480,True
2287,0.09472916666666675,-87.71569400779563,42,480,True
2288,0.09433333333333338,-120.0641413635139,47,480,True
2289,0.09393750000000001,-139.00761798085827,63,480,True
2290,0.09354166666666663,-173.97007414277707,69,480,True
2291,0.09314583333333337,-258.0624136853541,57,480,True
2292,0.09275000000000011,-171.81899627475647,59,483,True
2293,0.09235416666666674,-188.3134047779678,72,483,True
2294,0.09195833333333336,-177.69026647937602,48,483,True
2295,0.09156249999999999,-116.42071709842607,62,483,True
2296,0.09116666666666673,-111.14632029720859,51,483,True
2297,0.09077083333333347,-176.08257687560786,72,483,True
2298,0.09037499999999998,-43.27284083747077,50,483,True
2299,0.08997916666666672,-247.47903255920025,61,483,True
2300,0.08958333333333335,-165.15757837136465,70,483,True
2301,0.08918750000000009,-214.25300715382238,67,483,True
2302,0.08879166666666671,-168.6500626569012,62,483,True
2303,0.08839583333333334,-239.407113541474,67,483,True
2304,0.08800000000000008,-172.9893655550964,72,483,True
2305,0.0876041666666667,-81.18525588385864,41,483,True
2306,0.08720833333333344,-183.94748814806368,69,483,True
2307,0.08681249999999996,-102.01615335825703,52,483,True
2308,0.0864166666666667,-164.83676775658134,56,483,True
2309,0.08602083333333344,-108.14358602622174,40,483,True
2310,0.08562500000000006,-80.65401564629818,56,484,False
2311,0.08522916666666669,-146.52129254683106,72,484,True
2312,0.08483333333333332,-131.19281144716587,54,484,False
2313,0.08443750000000005,-165.7897038052606,56,484,False
2314,0.08404166666666679,-163.19880552573164,63,484,True
2315,0.08364583333333331,-128.18835951024496,70,484,True
2316,0.08325000000000005,-115.09312943499381,51,484,True
2317,0.08285416666666667,-106.1132025089855,54,484,True
2318,0.08245833333333341,-211.1543027946653,64,484,True
2319,0.08206250000000004,-189.42970134848778,57,484,True
2320,0.08166666666666667,-258.57967294562314,48,484,True
2321,0.0812708333333334,-94.70483098713495,56,484,True
2322,0.08087500000000003,-226.1777375928479,54,484,True
2323,0.08047916666666677,-192.24021240487033,57,484,True
2324,0.08008333333333328,-181.21914666125184,57,484,True
2325,0.07968750000000002,-142.5935718249596,54,484,True
2326,0.07929166666666676,-118.14025127003733,60,484,True
2327,0.07889583333333339,-94.29281384263311,53,485,True
2328,0.07850000000000001,-192.76216665045567,72,485,True
2329,0.07810416666666664,-129.7045465373643,55,485,True
2330,0.07770833333333338,-137.0707099695864,57,485,False
2331,0.07731250000000012,-264.24109481561334,72,485,True
2332,0.07691666666666674,-131.17562876276264,52,485,True
2333,0.07652083333333337,-307.9529711142657,56,485,True
2334,0.076125,-118.928862537993,54,485,True
2335,0.07572916666666674,-127.07013424467192,60,485,False
2336,0.07533333333333336,-93.74904930667132,56,486,True
2337,0.07493749999999999,-151.1209674065809,59,486,True
2338,0.07454166666666673,-107.39009208328993,56,486,True
2339,0.07414583333333336,-34.60299805208993,55,486,True
2340,0.0737500000000001,-103.00493227246551,54,486,True
2341,0.07335416666666672,-155.6401475478422,49,486,True
2342,0.07295833333333335,-132.36774187840876,57,486,True
2343,0.07256250000000009,-247.5381554300223,72,486,True
2344,0.07216666666666671,-283.68007937029677,72,486,True
2345,0.07177083333333345,-135.87001904464245,54,486,True
2346,0.07137499999999997,-220.9883511915129,72,486,True
2347,0.0709791666666667,-161.93488298991343,72,486,True
2348,0.07058333333333333,-154.95819198637068,54,486,True
2349,0.07018750000000007,-112.3753617218249,49,486,False
2350,0.0697916666666667,-308.1606178033882,69,486,True
2351,0.06939583333333332,-101.9324473665397,53,487,True
2352,0.06900000000000006,-62.963708016429344,63,488,True
2353,0.06860416666666669,-79.9871114686541,62,489,True
2354,0.06820833333333343,-314.7986055346211,72,489,True
2355,0.06781250000000005,-140.4147673321954,69,489,True
2356,0.06741666666666668,-108.52861542230197,72,489,True
2357,0.06702083333333342,-115.80106263845548,71,489,False
2358,0.06662500000000005,-191.14674423655214,58,490,True
2359,0.06622916666666667,-117.79997476980434,60,490,True
2360,0.06583333333333341,-142.36135633771568,54,490,True
2361,0.06543750000000004,-58.710942508664274,53,490,True
2362,0.06504166666666678,-168.10449287736927,58,490,True
2363,0.06464583333333329,-269.83693392791764,67,490,True
2364,0.06425000000000003,-12.489826175079882,59,492,False
2365,0.06385416666666666,-144.00206158639617,71,492,True
2366,0.0634583333333334,-125.11001366573213,60,492,True
2367,0.06306250000000013,-166.46629811631462,60,492,True
2368,0.06266666666666665,-134.3375633187102,65,492,False
2369,0.062270833333333386,-130.19980549767646,62,492,True
2370,0.06187500000000001,-54.14176139264619,49,492,True
2371,0.06147916666666675,-170.0900926971161,72,492,True
2372,0.06108333333333338,-171.988731075742,57,492,False
2373,0.060687500000000005,-225.64725824556885,72,492,True
2374,0.06029166666666674,-212.9280846269365,67,492,True
2375,0.05989583333333337,-94.8522010867936,71,492,True
2376,0.0595,-147.48819325154577,63,492,False
2377,0.059104166666666735,-339.6352986065758,72,492,True
2378,0.05870833333333336,-179.3447353288621,69,492,True
2379,0.0583125000000001,-142.03452795192538,55,492,True
2380,0.05791666666666673,-121.16892746347915,60,492,True
2381,0.057520833333333354,-137.3960137408295,55,492,True
2382,0.05712499999999998,-95.46104576235327,55,492,True
2383,0.05672916666666672,-103.20964484576767,72,492,True
2384,0.05633333333333346,-131.18737504892036,58,492,True
2385,0.05593749999999997,-125.85419534405607,50,492,False
2386,0.05554166666666671,-100.28720751400846,72,492,True
2387,0.05514583333333334,-93.8171626189531,62,492,True
2388,0.054750000000000076,-114.98372166442861,49,492,True
2389,0.0543541666666667,-144.37298135400113,54,492,False
2390,0.05395833333333333,-115.4081294086585,59,492,False
2391,0.05356250000000007,-135.1846731316438,49,492,False
2392,0.053166666666666695,-64.06440600862575,72,492,True
2393,0.05277083333333343,-142.03889831494484,69,492,True
2394,0.05237499999999995,-97.9074464376359,72,492,True
2395,0.05197916666666669,-88.15676994532433,65,493,True
2396,0.051583333333333425,-157.565571094009,55,493,False
2397,0.05118750000000005,-158.91980459920336,58,494,True
2398,0.05079166666666668,-108.90343980428734,58,494,True
2399,0.050395833333333306,-125.29433746074335,70,494,True
2400,0.05,-104.40745903935768,60,494,True
2401,0.05,-164.1626032026793,61,494,True
2402,0.05,-119.7883851320947,70,496,True
2403,0.05,-89.02665553725002,72,496,True
2404,0.05,-133.65059171971518,51,496,True
2405,0.05,-116.61942633538507,59,496,True
2406,0.05,-138.6862310702702,67,496,True
2407,0.05,-139.61648898067298,70,497,True
2408,0.05,-149.31708241358064,62,497,True
2409,0.05,-113.68711542328934,68,497,True
2410,0.05,-87.46407146351999,51,497,False
2411,0.05,-50.10381053614528,55,497,True
2412,0.05,-97.45050985184338,57,497,True
2413,0.05,-81.30464398918342,54,498,True
2414,0.05,-69.85914423322443,60,498,True
2415,0.05,-152.58383733752507,61,499,False
2416,0.05,-192.68714822622582,70,499,True
2417,0.05,-125.68121754799577,52,499,True
2418,0.05,-133.50984997221443,56,499,False
2419,0.05,-115.98500515670708,59,499,True
2420,0.05,-53.50375532638788,59,499,True
2421,0.05,-73.30722806038129,40,499,True
2422,0.05,-193.28353637995042,72,499,True
2423,0.05,-94.68272211949402,58,500,True
2424,0.05,-137.56633778806543,54,500,True
2425,0.05,-200.76699940067573,53,500,True
2426,0.05,-60.42179545769533,60,500,True
2427,0.05,-186.15975996748853,63,500,True
2428,0.05,-80.27209069492145,40,501,True
2429,0.05,-81.33831324887088,52,502,True
2430,0.05,-95.52511568200842,72,502,True
2431,0.05,-239.372899024362,72,502,True
2432,0.05,-109.56112371413172,40,502,True
2433,0.05,-108.09320333702199,62,502,True
2434,0.05,-125.03620467013482,67,502,True
2435,0.05,-27.43543225632269,58,504,True
2436,0.05,-116.93618547997849,61,504,True
2437,0.05,-124.06066961596986,53,504,True
2438,0.05,-70.71397677804508,62,504,True
2439,0.05,-134.23012410080716,61,504,True
2440,0.05,-78.31893533377281,57,504,True
2441,0.05,-213.85469183446577,70,504,True
2442,0.05,-127.23649709283835,54,504,False
2443,0.05,-27.35541267441511,61,504,True
2444,0.05,-204.09335851356965,72,504,True
2445,0.05,-103.11279824276924,55,507,True
2446,0.05,-19.899684491997448,70,507,True
2447,0.05,-77.17118111122309,56,507,True
2448,0.05,-154.95788667011186,68,507,True
2449,0.05,-119.01566244013615,70,508,False
2450,0.05,-166.75308312424744,64,508,True
2451,0.05,-11.917630208799753,41,509,True
2452,0.05,-129.8554143609413,60,509,True
2453,0.05,-75.24844869620274,50,511,True
2454,0.05,-88.25363773800859,58,512,True
2455,0.05,-128.09444117908646,57,512,True
2456,0.05,-103.13844673543726,59,512,True
2457,0.05,-105.72891925710096,55,512,True
2458,0.05,-88.4858292651972,63,512,True
2459,0.05,-95.93900813440348,68,512,True
2460,0.05,-197.22669273265547,72,512,True
2461,0.05,-173.71397342066962,59,512,True
2462,0.05,-76.42933575341111,51,512,True
2463,0.05,-167.37232880767377,59,512,True
2464,0.05,-71.70990329835261,50,515,True
2465,0.05,-102.14316989210678,53,515,False
2466,0.05,-198.66909263924146,64,515,True
2467,0.05,-135.25617077718562,63,515,False
2468,0.05,-113.857818467216,57,516,True
2469,0.05,-46.95371120687465,59,516,True
2470,0.05,-149.72951599391274,60,517,True
2471,0.05,-139.8448945359743,65,517,True
2472,0.05,-110.80400404293867,62,517,True
2473,0.05,-68.24492305111062,57,517,True
2474,0.05,-165.05223186918622,57,517,True
2475,0.05,-125.15044068721647,56,517,True
2476,0.05,-56.18633479455522,61,517,True
2477,0.05,-147.88912630283318,53,517,False
2478,0.05,-136.72059136089877,62,517,True
2479,0.05,-54.66546963169866,59,517,True
2480,0.05,-129.27621708665373,53,517,True
2481,0.05,-154.72743514044387,57,518,False
2482,0.05,-112.49357341522982,51,518,False
2483,0.05,-147.62823929367136,55,518,True
2484,0.05,-122.31970915840718,54,518,True
2485,0.05,-146.00510433462068,57,518,False
2486,0.05,-125.3303754879496,61,518,True
2487,0.05,-85.11352058776028,53,518,True
2488,0.05,-33.82199873178189,64,518,True
2489,0.05,-76.54912573641906,47,518,True
2490,0.05,-136.4139364412337,55,518,True
2491,0.05,-97.59398266104137,61,518,True
2492,0.05,-148.70226236197578,72,518,True
2493,0.05,-82.08251076977423,50,518,True
2494,0.05,-126.88978054648426,57,518,True
2495,0.05,-55.48318027143053,63,519,True
2496,0.05,-78.42893055861657,40,519,True
2497,0.05,-154.01715853694853,54,519,True
2498,0.05,-79.23931020605085,63,519,True
2499,0.05,-189.37250946242827,72,519,True
2500,0.05,-85.40151402948888,56,519,True
2501,0.05,-122.94828221241517,54,519,True
2502,0.05,-95.78709187117384,54,519,True
2503,0.05,-125.33797688729962,59,519,True
2504,0.05,-228.50621559424755,72,519,True
2505,0.05,-51.76618953460213,52,519,False
2506,0.05,-153.75917332952366,72,520,True
2507,0.05,-49.35948965075304,48,520,True
2508,0.05,-160.10821351362048,51,520,True
2509,0.05,-105.98800343587199,59,520,True
2510,0.05,-44.00594672395643,66,520,True
2511,0.05,-111.80568301371088,52,520,False
2512,0.05,-134.13276340466024,72,520,True
2513,0.05,-134.49638113755222,53,520,True
2514,0.05,-68.50604586476312,51,520,True
2515,0.05,-131.95467865486344,65,520,True
2516,0.05,-103.1239270416578,61,520,True
2517,0.05,-49.89193918943682,72,520,True
2518,0.05,-100.99810127843179,70,520,False
2519,0.05,-85.44727993293309,50,520,True
2520,0.05,-114.32033668515459,64,520,True
2521,0.05,-85.80720863015122,41,520,True
2522,0.05,-174.03731550619878,72,521,True
2523,0.05,-97.17889951350834,40,521,False
2524,0.05,-80.75299664185401,52,521,True
2525,0.05,-120.71102943487523,61,521,True
2526,0.05,-121.15037720197755,72,521,True
2527,0.05,-210.10811602444113,61,521,True
2528,0.05,-82.388595009378,55,521,True
2529,0.05,-117.74228226502697,58,521,True
2530,0.05,-166.629110929807,63,521,True
2531,0.05,-131.20177806294572,62,521,False
2532,0.05,-122.82425256667331,61,522,True
2533,0.05,-103.11263803809153,62,522,True
2534,0.05,-113.69850704917617,59,522,True
2535,0.05,-171.31669157317157,54,522,True
2536,0.05,-133.6484491904829,69,522,True
2537,0.05,-360.4139261484287,57,522,True
2538,0.05,-141.73189983000884,53,522,True
2539,0.05,-27.723341237651283,58,522,False
2540,0.05,-126.06134976234644,55,522,True
2541,0.05,-71.37939101446815,60,523,False
2542,0.05,-203.54071158391548,61,523,True
2543,0.05,-209.82098439189903,69,523,True
2544,0.05,-94.83034502344142,68,523,True
2545,0.05,-71.95543212419445,52,523,True
2546,0.05,-86.3028879359421,66,523,True
2547,0.05,-167.4962833883079,72,523,False
2548,0.05,-133.3572947471131,58,524,True
2549,0.05,-104.72994339233662,54,526,True
2550,0.05,-98.26451952484574,53,526,True
2551,0.05,-146.6389158639639,65,526,True
2552,0.05,-164.10107839368177,49,526,True
2553,0.05,-161.4253794496887,66,526,True
2554,0.05,-113.05270862533261,72,526,True
2555,0.05,-106.72220176457672,62,526,True
2556,0.05,-85.03740745512756,58,526,False
2557,0.05,-161.27379990000406,72,526,False
2558,0.05,-113.21321804176841,63,526,True
2559,0.05,-86.10837550804229,71,526,True
2560,0.05,-99.88444612969695,57,526,True
2561,0.05,-315.3106880106825,72,526,True
2562,0.05,-149.11106252652053,72,526,True
2563,0.05,-114.75963239335611,56,526,True
2564,0.05,-109.92367801804424,60,526,True
2565,0.05,-98.86051520626434,59,526,True
2566,0.05,-115.26507093890962,62,527,True
2567,0.05,-199.2113301523504,68,527,True
2568,0.05,-102.26041506711131,65,527,True
2569,0.05,-101.69679683804664,59,527,True
2570,0.05,-105.16868015191261,59,528,False
2571,0.05,-89.7328107490173,58,528,False
2572,0.05,-124.92009320131035,72,528,True
2573,0.05,-119.27128075247806,62,528,True
2574,0.05,-131.11538806054548,57,528,True
2575,0.05,-100.40466516812435,60,528,True
2576,0.05,-154.24098319055824,59,528,True
2577,0.05,-128.18901051442433,69,528,True
2578,0.05,-109.82385582406334,54,528,True
2579,0.05,-110.692806022165,54,528,True
2580,0.05,-125.20836457491863,59,528,True
2581,0.05,-154.58473463983586,52,528,True
2582,0.05,-121.67337979373968,61,528,True
2583,0.05,-154.63210232977625,60,528,True
2584,0.05,-95.20236190237591,48,528,True
2585,0.05,-104.04117836162004,51,528,True
2586,0.05,-141.5407225650075,55,528,True
2587,0.05,-62.37936818107462,57,528,True
2588,0.05,-66.85788632734207,57,528,True
2589,0.05,-136.41475030543296,56,529,True
2590,0.05,-102.64298065385175,70,529,True
2591,0.05,-155.89858415795135,72,529,False
2592,0.05,-129.32581522979262,59,529,False
2593,0.05,-103.1720794044282,53,529,True
2594,0.05,-125.75841136885997,70,529,True
2595,0.05,-40.79157032383601,57,529,True
2596,0.05,-220.2525844028312,72,529,True
2597,0.05,-130.69846923191625,61,529,True
2598,0.05,-134.59780376996162,52,529,True
2599,0.05,-132.47810764934906,63,529,True
2600,0.05,-115.961715206467,69,529,True
2601,0.05,-118.19427256240449,57,529,True
2602,0.05,-80.61052997375018,56,529,True
2603,0.05,-299.8360538837952,72,529,True
2604,0.05,-94.9316381258178,62,529,True
2605,0.05,-134.34513102837727,49,529,True
2606,0.05,-115.07414509299987,54,529,True
2607,0.05,-51.048106582861486,58,529,True
2608,0.05,-106.13264688284796,62,529,True
2609,0.05,-90.0855643358501,55,530,False
2610,0.05,-108.41526954822635,57,530,False
2611,0.05,-130.28608012221213,72,530,True
2612,0.05,-83.4229287099943,61,530,True
2613,0.05,-141.07519722093525,69,530,True
2614,0.05,-93.67658193422068,49,530,True
2615,0.05,-135.73006671598958,56,530,True
2616,0.05,-232.23036450323426,72,530,True
2617,0.05,-75.98130164653894,62,530,True
2618,0.05,-121.12817172776619,70,530,True
2619,0.05,-79.98183794348485,56,530,True
2620,0.05,-145.6857421585514,70,530,True
2621,0.05,-196.30544838074655,57,530,True
2622,0.05,-144.03532111702197,58,530,True
2623,0.05,-75.2063016573148,60,530,True
2624,0.05,-104.01680054990955,72,530,False
2625,0.05,-160.03217747518698,57,531,True
2626,0.05,-108.83323501879157,56,531,True
2627,0.05,-108.47327051844371,53,531,True
2628,0.05,-274.19083725947434,57,531,True
2629,0.05,-198.69706322080677,60,531,True
2630,0.05,-155.38727188952942,58,531,True
2631,0.05,-117.17580895395815,63,531,True
2632,0.05,-133.4443636368078,55,531,True
2633,0.05,23.204961648321593,54,531,True
2634,0.05,-19.768256384503335,63,531,True
2635,0.05,-210.203684891851,49,531,True
2636,0.05,-125.60752495509436,49,531,True
2637,0.05,-85.73972081085284,49,531,False
2638,0.05,-106.45424536264181,57,531,False
2639,0.05,-117.30057853475908,61,531,True
2640,0.05,-100.56948011205662,58,531,True
2641,0.05,-107.46833034481769,51,531,True
2642,0.05,-155.15671874831227,60,531,True
2643,0.05,-122.19248528601965,66,531,True
2644,0.05,-134.8139901355339,59,531,True
2645,0.05,-128.38611398026933,54,531,True
2646,0.05,-202.9795027889789,57,531,True
2647,0.05,-101.17822778688819,47,531,True
2648,0.05,-63.03039218377526,48,531,False
2649,0.05,-174.37914810816932,66,532,True
2650,0.05,-100.28290297598654,57,533,True
2651,0.05,-161.60484073636155,65,533,True
2652,0.05,-77.0044050533413,57,533,True
2653,0.05,-405.67931713443346,56,533,True
2654,0.05,-113.29769507728071,52,533,True
2655,0.05,-163.68573648868764,60,533,True
2656,0.05,-207.86040395828346,72,533,False
2657,0.05,-72.09398220510154,52,533,True
2658,0.05,-98.57837272917321,52,533,True
2659,0.05,-48.60046004062316,56,533,True
2660,0.05,-318.2844540084276,57,533,True
2661,0.05,-81.8177967064998,40,533,True
2662,0.05,-135.24465567172973,53,533,True
2663,0.05,-125.12980523896557,53,533,True
2664,0.05,-184.95905245035004,53,533,True
2665,0.05,-109.58583449663254,68,533,True
2666,0.05,-91.44605400537245,40,533,False
2667,0.05,-93.61201645683636,72,533,True
2668,0.05,-164.55642871849477,60,533,False
2669,0.05,-55.4155877249357,71,536,True
2670,0.05,20.60490497803152,58,536,True
2671,0.05,-92.76022472434558,60,536,True
2672,0.05,-77.75358229841899,47,536,True
2673,0.05,-112.12486696046987,72,536,False
2674,0.05,-249.52436372055448,72,536,True
2675,0.05,-255.19934185945752,61,536,True
2676,0.05,-133.55518282100007,54,537,True
2677,0.05,-86.7859361381005,58,537,True
2678,0.05,-49.32080157392442,63,538,True
2679,0.05,-66.4375850022494,62,538,True
2680,0.05,-129.18095868567877,57,538,True
2681,0.05,-91.23824140667813,66,538,True
2682,0.05,-105.934191448067,47,539,True
2683,0.05,-211.67627486538402,72,539,False
2684,0.05,-103.72671320893814,61,539,True
2685,0.05,-96.6908890824747,49,539,False
2686,0.05,-146.08072089139716,60,539,True
2687,0.05,-156.3164707667182,72,539,True
2688,0.05,-57.985495132525564,53,539,True
2689,0.05,-59.64165542321568,54,539,True
2690,0.05,-445.74187129205177,57,539,True
2691,0.05,-131.36106447115702,48,540,True
2692,0.05,-245.1447662505581,69,540,True
2693,0.05,-139.26443801363993,62,540,True
2694,0.05,-127.99741204405603,48,540,True
2695,0.05,-97.43759977981814,58,540,True
2696,0.05,-89.7777362011601,71,541,True
2697,0.05,-186.45434151919326,56,541,True
2698,0.05,-96.93244542782877,59,541,True
2699,0.05,-114.69556097650857,53,541,False
2700,0.05,-60.004017613133556,72,541,True
2701,0.05,-140.62870238446976,58,541,True
2702,0.05,-80.29876253366376,49,541,True
2703,0.05,-81.80004538904119,50,541,True
2704,0.05,-80.33485131362788,61,541,True
2705,0.05,-170.2757325228741,50,541,True
2706,0.05,-149.58233422340223,67,541,True
2707,0.05,-149.89784882932707,51,541,True
2708,0.05,-251.0208449861122,59,541,True
2709,0.05,-95.42116887273266,72,541,False
2710,0.05,-45.9885515053563,41,541,False
2711,0.05,-176.30018946742803,70,541,True
2712,0.05,-191.96652719037377,61,541,True
2713,0.05,-151.37309735253962,72,541,False
2714,0.05,-134.43665502424273,70,541,True
2715,0.05,-139.70728400363862,69,541,True
2716,0.05,-207.73607447765954,71,541,True
2717,0.05,-45.82873221738607,60,541,True
2718,0.05,-122.14650732199274,59,541,True
2719,0.05,-168.6972356179482,72,541,True
2720,0.05,-131.98464250945068,68,541,True
2721,0.05,-75.85833851578121,56,541,True
2722,0.05,-115.85568239667572,50,541,False
2723,0.05,-212.26652354363918,60,541,True
2724,0.05,-196.75890462915845,56,541,True
2725,0.05,-106.33090803751922,60,541,True
2726,0.05,-104.02309479695867,56,541,True
2727,0.05,-52.815988951941804,53,541,True
2728,0.05,-134.58751431028008,60,541,True
2729,0.05,-161.0095572429953,57,541,True
2730,0.05,-270.4846351361314,58,541,True
2731,0.05,-131.9431238088411,63,541,True
2732,0.05,-127.84640454694029,68,541,True
2733,0.05,-113.03681321783779,69,542,True
2734,0.05,-188.50383215364263,60,542,True
2735,0.05,-134.11955807952435,63,542,True
2736,0.05,-64.85194803336326,58,542,True
2737,0.05,-263.69389669365665,72,542,True
2738,0.05,-112.35536134699646,72,542,True
2739,0.05,-100.4776597921971,53,542,False
2740,0.05,-131.4367603185413,58,542,True
2741,0.05,-206.73192545331383,68,542,True
2742,0.05,-85.76876665074026,57,542,True
2743,0.05,-106.09183909532834,69,542,True
2744,0.05,-106.67836792786929,56,542,True
2745,0.05,-116.27747038602372,53,542,True
2746,0.05,-417.1166336097273,58,542,True
2747,0.05,-137.33424603014242,61,543,True
2748,0.05,-112.73149738783376,57,544,True
2749,0.05,-83.22525087345052,70,544,True
2750,0.05,-56.95066587124245,56,544,True
2751,0.05,-174.91963512129576,67,544,True
2752,0.05,-108.83724193173691,56,544,True
2753,0.05,-163.0699218613249,50,544,False
2754,0.05,-84.9287538914141,54,544,True
2755,0.05,-163.9873297218726,72,544,True
2756,0.05,-165.39245541399248,72,544,True
2757,0.05,-146.67547442622666,72,544,True
2758,0.05,-121.8909328329292,70,545,True
2759,0.05,-139.64226924074,56,545,True
2760,0.05,-141.42469028414854,60,545,False
2761,0.05,-167.27886510218573,52,545,True
2762,0.05,-136.25714867848865,57,545,True
2763,0.05,-77.17804107577135,40,545,True
2764,0.05,-182.04729999214155,57,545,True
2765,0.05,-73.48100496688119,71,545,False
2766,0.05,-156.17864303129258,59,545,True
2767,0.05,-141.0713108108807,57,545,True
2768,0.05,-126.48447905756196,61,545,True
2769,0.05,-135.84827761035126,53,545,True
2770,0.05,-637.3029700518252,60,545,True
2771,0.05,-144.75673625542686,54,545,True
2772,0.05,-108.87684534091204,60,545,True
2773,0.05,-88.54319884685096,54,545,True
2774,0.05,-141.86364149546463,54,545,True
2775,0.05,-136.74011106655632,48,545,True
2776,0.05,-90.20772688484777,72,545,True
2777,0.05,-108.0182264983915,52,545,True
2778,0.05,-80.59383901805418,48,545,False
2779,0.05,-138.63908189290348,58,545,True
2780,0.05,-82.76391828579128,58,545,True
2781,0.05,-122.13073966324743,59,545,True
2782,0.05,-128.15001837811417,72,545,True
2783,0.05,-210.88251698528197,59,545,True
2784,0.05,-10.67637646331955,58,545,True
2785,0.05,-17.693775013175937,47,546,False
2786,0.05,-185.55815140694526,55,546,True
2787,0.05,-64.68649978968521,57,547,False
2788,0.05,-170.8848664704942,62,547,True
2789,0.05,-120.09740743554744,69,547,True
2790,0.05,-131.77960385193154,61,547,True
2791,0.05,-138.29130805983553,72,547,True
2792,0.05,-95.9309398957814,54,547,True
2793,0.05,-230.53951798238595,68,547,True
2794,0.05,-205.77498751760743,72,547,True
2795,0.05,-166.1715449328218,68,547,True
2796,0.05,-93.2342096074018,60,547,True
2797,0.05,-98.65006360490857,54,547,True
2798,0.05,-62.625666942220114,51,549,True
2799,0.05,-111.34615282406124,64,549,True
2800,0.05,-109.70057394954063,71,549,True
2801,0.05,-30.12584611110468,49,549,True
2802,0.05,-84.55630396148655,68,549,True
2803,0.05,-125.78144967263991,56,549,True
2804,0.05,-143.33335922716003,50,549,True
2805,0.05,-116.07696032643108,63,549,True
2806,0.05,-70.25520548705231,48,550,True
2807,0.05,-157.90576479329687,57,550,True
2808,0.05,-103.12726527969609,53,550,True
2809,0.05,-142.48902380192686,56,550,True
2810,0.05,-137.1216034423018,60,550,True
2811,0.05,-127.05751932967159,58,550,True
2812,0.05,-107.28525182800917,62,550,True
2813,0.05,-121.6344359269011,51,550,True
2814,0.05,-88.04986614944386,53,550,True
2815,0.05,-209.62396938809806,72,550,True
2816,0.05,-270.7872350265677,72,550,True
2817,0.05,-102.68603202556943,57,550,True
2818,0.05,-170.33052520512393,62,550,True
2819,0.05,-193.9018714662457,57,550,True
2820,0.05,-76.97745263406999,54,550,True
2821,0.05,-86.5900296531299,40,550,False
2822,0.05,-66.04347528703474,53,550,True
2823,0.05,-50.92248756108217,54,550,True
2824,0.05,-106.14625626377156,56,550,True
2825,0.05,-90.98756737400565,72,550,True
2826,0.05,-28.39441046213216,54,551,True
2827,0.05,-108.78684823313154,70,551,True
2828,0.05,-139.0262899954724,59,551,True
2829,0.05,-72.55406704154424,51,551,True
2830,0.05,-193.4702287401273,72,551,True
2831,0.05,-187.11724107420366,55,551,True
2832,0.05,-74.78770895083143,55,551,False
2833,0.05,-138.76267590302848,71,551,True
2834,0.05,-152.69895197674347,72,551,True
2835,0.05,-139.76759197178865,72,551,True
2836,0.05,-128.87630496786136,72,551,True
2837,0.05,-126.78809366281781,59,551,True
2838,0.05,-208.48477167457224,72,551,True
2839,0.05,-94.07284110444523,68,551,True
2840,0.05,-112.20792724118711,53,551,True
2841,0.05,-42.35807313821826,59,552,True
2842,0.05,-159.45031493436122,56,552,True
2843,0.05,-131.20301527849458,58,552,False
2844,0.05,-77.55609429646832,42,552,True
2845,0.05,-97.17714795628476,51,552,True
2846,0.05,-125.41398948900422,60,552,True
2847,0.05,-135.24641908730732,60,552,True
2848,0.05,-151.1260047213474,48,552,True
2849,0.05,-77.67534705332042,59,552,True
2850,0.05,-115.46795939745287,61,552,True
2851,0.05,-81.19486521302589,58,552,True
2852,0.05,-74.05074320728151,62,552,True
2853,0.05,-107.44970545769156,59,552,True
2854,0.05,-124.34396519593679,55,552,True
2855,0.05,-170.60130527404237,72,553,True
2856,0.05,-40.512538349257916,58,555,True
2857,0.05,-159.4673290618853,63,555,True
2858,0.05,-146.85028837876558,55,555,False
2859,0.05,-140.23070805651778,69,555,True
2860,0.05,-25.08427494592671,52,555,True
2861,0.05,-120.75867082571813,55,555,True
2862,0.05,-69.8098514742193,60,555,True
2863,0.05,-177.2389950279897,68,555,True
2864,0.05,-97.22132398780047,54,555,False
2865,0.05,-140.17950461177742,63,555,True
2866,0.05,-81.08523255134573,56,555,True
2867,0.05,-65.06125392444551,64,555,True
2868,0.05,-70.73320820145463,59,555,True
2869,0.05,-130.973453060802,70,555,True
2870,0.05,-75.05551475018764,72,556,True
2871,0.05,-125.03336247398342,59,556,True
2872,0.05,-119.33572304155902,56,556,True
2873,0.05,-139.8168700298113,72,556,True
2874,0.05,-112.04030787627082,55,556,True
2875,0.05,-41.01678231830981,63,556,True
2876,0.05,-55.75163229833466,48,556,True
2877,0.05,-49.974436253098176,54,556,True
2878,0.05,-48.801777773585954,62,556,True
2879,0.05,-98.28655692232832,60,556,True
2880,0.05,-85.44285105526556,48,556,True
2881,0.05,-183.18307040902624,62,556,True
2882,0.05,-19.069212528868615,47,556,True
2883,0.05,-156.73221725064886,72,556,False
2884,0.05,-115.22181063651885,50,556,True
2885,0.05,-143.12761663870074,58,557,True
2886,0.05,-205.3769169607614,72,557,False
2887,0.05,-105.4262091454025,61,557,False
2888,0.05,-104.0429622240317,61,557,False
2889,0.05,-130.5817741323406,55,557,True
2890,0.05,-154.89787868335335,70,557,True
2891,0.05,-93.06813955680433,42,557,True
2892,0.05,-74.58717791956148,68,558,True
2893,0.05,-46.495472911054534,53,558,True
2894,0.05,-89.65953212655238,47,558,True
2895,0.05,-110.22219630526412,54,558,True
2896,0.05,-112.14903494124643,61,558,True
2897,0.05,-173.15722177223455,59,558,False
2898,0.05,-190.65658781274985,62,558,True
2899,0.05,-159.29924443395652,54,558,True
2900,0.05,-106.50484268964014,68,558,True
2901,0.05,-91.06250243283819,58,558,True
2902,0.05,-174.23958879052248,63,558,True
2903,0.05,-75.88249991012925,50,558,True
2904,0.05,-69.2620559045456,57,558,True
2905,0.05,-89.2780847666029,68,558,False
2906,0.05,-72.1024645280161,59,558,False
2907,0.05,-72.57383631002033,50,558,True
2908,0.05,-166.08741681565306,71,558,True
2909,0.05,-125.3735742224094,55,558,True
2910,0.05,-161.661013932974,60,558,True
2911,0.05,-304.18892439366465,72,558,True
2912,0.05,-140.31131666960414,68,558,True
2913,0.05,-146.55623066445432,72,558,True
2914,0.05,-263.4106489146155,71,558,True
2915,0.05,-160.9943789616646,60,558,True
2916,0.05,-90.87775599349555,58,558,False
2917,0.05,-195.83988215445441,60,558,True
2918,0.05,-48.835036966639436,58,558,True
2919,0.05,-117.33717945474321,72,558,False
2920,0.05,-235.91390852625736,70,558,True
2921,0.05,-123.03464617780241,40,558,True
2922,0.05,-97.01960543055452,69,558,True
2923,0.05,-118.87966364863145,64,558,True
2924,0.05,-127.72128328592783,52,558,True
2925,0.05,-69.4590884265634,51,560,True
2926,0.05,-91.13073219025331,56,560,True
2927,0.05,-92.22892776206541,55,560,True
2928,0.05,-81.27876353106787,56,560,True
2929,0.05,-144.21670718515693,68,560,True
2930,0.05,-114.869849711531,56,560,True
2931,0.05,-247.1079892289658,72,560,True
2932,0.05,-73.56291465705662,54,560,False
2933,0.05,-163.68027492071712,70,560,True
2934,0.05,-162.30627921628874,72,560,True
2935,0.05,-280.6040721161576,72,560,True
2936,0.05,-140.4126257884884,47,560,False
2937,0.05,-175.8779972425845,53,560,True
2938,0.05,-80.94541474727379,60,560,True
2939,0.05,-114.5047864513631,47,560,True
2940,0.05,-231.96354140508043,72,560,False
2941,0.05,-110.65057178093721,68,560,True
2942,0.05,-47.931301047399934,55,560,True
2943,0.05,-193.4135008813644,70,560,True
2944,0.05,-95.56217698112386,60,560,True
2945,0.05,-115.25822021143533,57,560,True
2946,0.05,-167.68288136239812,71,560,True
2947,0.05,-113.04831538340947,53,560,True
2948,0.05,-79.07173788797832,50,560,True
2949,0.05,-145.95851548885443,54,560,True
2950,0.05,-136.73212642216544,70,560,True
2951,0.05,-109.64548710385681,72,560,True
2952,0.05,-162.58454378898293,50,560,True
2953,0.05,-122.77475037702278,61,560,True
2954,0.05,-167.20989733123463,63,560,True
2955,0.05,-80.72146566932574,52,560,True
2956,0.05,-134.54930580869797,61,560,True
2957,0.05,-199.37132838948992,72,560,True
2958,0.05,-142.80332070725967,54,560,True
2959,0.05,-147.6074855564488,59,560,True
2960,0.05,-114.90540017007963,72,560,True
2961,0.05,-166.42287685628713,72,560,True
2962,0.05,15.400395915327067,57,560,True
2963,0.05,-133.90356676584648,58,560,True
2964,0.05,-153.99500038696488,67,560,True
2965,0.05,-116.52901624971466,60,560,True
2966,0.05,-101.99473222754968,72,560,True
2967,0.05,-116.43496938404672,53,560,True
2968,0.05,-111.66151102213112,54,560,True
2969,0.05,-46.706128456979826,50,560,True
2970,0.05,-82.73053029739937,63,560,False
2971,0.05,-196.84695042586634,72,560,True
2972,0.05,-125.3322936712615,48,560,True
2973,0.05,-100.36664013671162,72,560,True
2974,0.05,-111.31002822391919,58,560,True
2975,0.05,-73.66467769558564,72,560,True
2976,0.05,-117.43246124067754,58,560,True
2977,0.05,-59.66576024653318,48,560,True
2978,0.05,-111.56492960706213,70,560,True
2979,0.05,-132.92553695359277,68,560,True
2980,0.05,-104.61726088687286,51,560,True
2981,0.05,-67.53855132191867,72,560,True
2982,0.05,-131.2720423520052,55,560,True
2983,0.05,-125.26399624900331,58,560,True
2984,0.05,-132.43642374292372,58,560,True
2985,0.05,-143.90936871390647,51,560,True
2986,0.05,-111.54862496279286,72,560,True
2987,0.05,-120.94530543621556,54,560,False
2988,0.05,-169.5262539860098,62,560,True
2989,0.05,-158.72241936989988,54,560,True
2990,0.05,-166.53386837589602,58,560,False
2991,0.05,-113.81502972171786,63,560,False
2992,0.05,-104.61508133215108,68,560,True
2993,0.05,-143.06234098368552,70,560,True
2994,0.05,-115.89680544706015,50,560,True
2995,0.05,-82.18957702925012,50,560,False
2996,0.05,-108.07989798841558,69,560,False
2997,0.05,-125.94701724800233,54,560,True
2998,0.05,-119.63536550122896,47,560,True
2999,0.05,-142.75490142309926,59,560,True
