compound,circuit,era,n_test_rows,rmse,split_method,model
HARD,70th_Anniversary_Grand_Prix,2018-2021,18.0,0.589132131663211,random,V2_baseline
HARD,Abu_Dhabi_Grand_Prix,2018-2021,41.0,0.42147157548656894,random,V2_baseline
HARD,Abu_Dhabi_Grand_Prix,2022-2025,38.0,0.2687817703596944,random,V2_baseline
HARD,Australian_Grand_Prix,2022-2025,32.0,0.6383369632988539,random,V2_baseline
HARD,Australian_Grand_Prix,2026+,5.0,0.5415972291002665,random,V2_baseline
HARD,Austrian_Grand_Prix,2018-2021,21.0,0.6903512851464898,random,V2_baseline
HARD,Austrian_Grand_Prix,2022-2025,28.0,0.31072723164725324,random,V2_baseline
HARD,Azerbaijan_Grand_Prix,2018-2021,9.0,0.41319387216015846,random,V2_baseline
HARD,Azerbaijan_Grand_Prix,2022-2025,49.0,0.6370324603416112,random,V2_baseline
HARD,Bahrain_Grand_Prix,2018-2021,11.0,0.4896875472551918,random,V2_baseline
HARD,Bahrain_Grand_Prix,2022-2025,10.0,0.39303467573176626,random,V2_baseline
HARD,Belgian_Grand_Prix,2022-2025,9.0,0.5638037442327636,random,V2_baseline
HARD,British_Grand_Prix,2018-2021,29.0,0.8627941581396313,random,V2_baseline
HARD,British_Grand_Prix,2022-2025,6.0,0.3329610374838487,random,V2_baseline
HARD,Canadian_Grand_Prix,2018-2021,23.0,0.6758899318460289,random,V2_baseline
HARD,Canadian_Grand_Prix,2022-2025,36.0,0.36406479070187037,random,V2_baseline
HARD,Chinese_Grand_Prix,2018-2021,5.0,0.3040211120922415,random,V2_baseline
HARD,Chinese_Grand_Prix,2022-2025,26.0,0.5827130391774247,random,V2_baseline
HARD,Chinese_Grand_Prix,2026+,13.0,0.46279914490361523,random,V2_baseline
HARD,Dutch_Grand_Prix,2018-2021,6.0,0.4471578699299704,random,V2_baseline
HARD,Dutch_Grand_Prix,2022-2025,24.0,0.3429349571999852,random,V2_baseline
HARD,Emilia_Romagna_Grand_Prix,2018-2021,11.0,0.4824190979848006,random,V2_baseline
HARD,Emilia_Romagna_Grand_Prix,2022-2025,25.0,0.493359969891821,random,V2_baseline
HARD,French_Grand_Prix,2018-2021,22.0,0.6174683137666316,random,V2_baseline
HARD,French_Grand_Prix,2022-2025,11.0,0.29388364957849566,random,V2_baseline
HARD,Hungarian_Grand_Prix,2018-2021,35.0,0.6592745102245129,random,V2_baseline
HARD,Hungarian_Grand_Prix,2022-2025,28.0,0.5760726066076735,random,V2_baseline
HARD,Italian_Grand_Prix,2018-2021,9.0,0.3425166005825725,random,V2_baseline
HARD,Italian_Grand_Prix,2022-2025,31.0,0.435509364433724,random,V2_baseline
HARD,Japanese_Grand_Prix,2022-2025,17.0,0.9269642616426822,random,V2_baseline
HARD,Japanese_Grand_Prix,2026+,9.0,1.7480756902651315,random,V2_baseline
HARD,Las_Vegas_Grand_Prix,2022-2025,29.0,0.5165111172862124,random,V2_baseline
HARD,Mexican_Grand_Prix,2018-2021,20.0,0.5978357636746374,random,V2_baseline
HARD,Mexico_City_Grand_Prix,2018-2021,13.0,1.0721846599811162,random,V2_baseline
HARD,Mexico_City_Grand_Prix,2022-2025,17.0,0.5075700941297485,random,V2_baseline
HARD,Miami_Grand_Prix,2022-2025,39.0,0.3906485845141294,random,V2_baseline
HARD,Miami_Grand_Prix,2026+,8.0,0.5066540658723384,random,V2_baseline
HARD,Monaco_Grand_Prix,2018-2021,25.0,1.2931348741184463,random,V2_baseline
HARD,Monaco_Grand_Prix,2022-2025,31.0,1.5992892103196943,random,V2_baseline
HARD,Monaco_Grand_Prix,2026+,5.0,1.0683928201027577,random,V2_baseline
HARD,Portuguese_Grand_Prix,2018-2021,6.0,0.8758356621173372,random,V2_baseline
HARD,Qatar_Grand_Prix,2018-2021,7.0,0.4254543846051631,random,V2_baseline
HARD,Qatar_Grand_Prix,2022-2025,15.0,0.525773336771211,random,V2_baseline
HARD,Russian_Grand_Prix,2018-2021,16.0,0.9436148449514465,random,V2_baseline
HARD,Sakhir_Grand_Prix,2018-2021,3.0,0.13555611232082224,random,V2_baseline
HARD,Saudi_Arabian_Grand_Prix,2022-2025,42.0,0.48795268893305754,random,V2_baseline
HARD,Singapore_Grand_Prix,2018-2021,9.0,1.28580746098121,random,V2_baseline
HARD,Singapore_Grand_Prix,2022-2025,39.0,0.6804271859449426,random,V2_baseline
HARD,Spanish_Grand_Prix,2018-2021,2.0,1.379938497406534,random,V2_baseline
HARD,Spanish_Grand_Prix,2022-2025,6.0,0.4394368747931541,random,V2_baseline
HARD,Styrian_Grand_Prix,2018-2021,15.0,0.20236146892018358,random,V2_baseline
HARD,São_Paulo_Grand_Prix,2018-2021,12.0,0.4718950658076391,random,V2_baseline
HARD,United_States_Grand_Prix,2018-2021,21.0,0.4362420747364568,random,V2_baseline
HARD,United_States_Grand_Prix,2022-2025,19.0,0.4374250265462828,random,V2_baseline
HYPERSOFT,Canadian_Grand_Prix,2018-2021,5.0,0.35785856423732454,random,V2_baseline
HYPERSOFT,Monaco_Grand_Prix,2018-2021,9.0,0.9713793105063894,random,V2_baseline
HYPERSOFT,Singapore_Grand_Prix,2018-2021,13.0,0.9939816976705178,random,V2_baseline
MEDIUM,Abu_Dhabi_Grand_Prix,2018-2021,6.0,0.4531551866909732,random,V2_baseline
MEDIUM,Abu_Dhabi_Grand_Prix,2022-2025,25.0,0.4060356965736428,random,V2_baseline
MEDIUM,Australian_Grand_Prix,2018-2021,6.0,1.112551710216771,random,V2_baseline
MEDIUM,Australian_Grand_Prix,2022-2025,7.0,0.6643117657838018,random,V2_baseline
MEDIUM,Australian_Grand_Prix,2026+,7.0,0.5621963740881347,random,V2_baseline
MEDIUM,Austrian_Grand_Prix,2018-2021,16.0,0.4514954309221503,random,V2_baseline
MEDIUM,Austrian_Grand_Prix,2022-2025,34.0,0.44208970012157917,random,V2_baseline
MEDIUM,Azerbaijan_Grand_Prix,2018-2021,11.0,0.5299866342858652,random,V2_baseline
MEDIUM,Azerbaijan_Grand_Prix,2022-2025,22.0,0.38209402145981874,random,V2_baseline
MEDIUM,Bahrain_Grand_Prix,2018-2021,23.0,0.6916029666895676,random,V2_baseline
MEDIUM,Bahrain_Grand_Prix,2022-2025,11.0,0.5825367993749692,random,V2_baseline
MEDIUM,Belgian_Grand_Prix,2018-2021,2.0,0.625899252726351,random,V2_baseline
MEDIUM,Belgian_Grand_Prix,2022-2025,29.0,0.8086130126178722,random,V2_baseline
MEDIUM,Brazilian_Grand_Prix,2018-2021,8.0,0.3521360170774395,random,V2_baseline
MEDIUM,British_Grand_Prix,2018-2021,18.0,0.5030068179372674,random,V2_baseline
MEDIUM,British_Grand_Prix,2022-2025,28.0,1.1018064897410222,random,V2_baseline
MEDIUM,Canadian_Grand_Prix,2018-2021,6.0,0.3145144893717978,random,V2_baseline
MEDIUM,Canadian_Grand_Prix,2022-2025,27.0,0.4528133830066069,random,V2_baseline
MEDIUM,Canadian_Grand_Prix,2026+,7.0,0.38715351885099564,random,V2_baseline
MEDIUM,Chinese_Grand_Prix,2018-2021,7.0,0.47345184266987095,random,V2_baseline
MEDIUM,Chinese_Grand_Prix,2022-2025,15.0,0.3721230899184981,random,V2_baseline
MEDIUM,Dutch_Grand_Prix,2018-2021,6.0,0.40322865077325143,random,V2_baseline
MEDIUM,Dutch_Grand_Prix,2022-2025,35.0,0.4687030035604767,random,V2_baseline
MEDIUM,Eifel_Grand_Prix,2018-2021,4.0,0.3207557237807573,random,V2_baseline
MEDIUM,Emilia_Romagna_Grand_Prix,2018-2021,9.0,0.5802221220449577,random,V2_baseline
MEDIUM,Emilia_Romagna_Grand_Prix,2022-2025,29.0,0.46383474672326175,random,V2_baseline
MEDIUM,French_Grand_Prix,2018-2021,16.0,0.44066196336716557,random,V2_baseline
MEDIUM,French_Grand_Prix,2022-2025,12.0,0.33680578671883193,random,V2_baseline
MEDIUM,German_Grand_Prix,2018-2021,2.0,1.1554008942527316,random,V2_baseline
MEDIUM,Hungarian_Grand_Prix,2018-2021,27.0,0.6465684690231158,random,V2_baseline
MEDIUM,Hungarian_Grand_Prix,2022-2025,56.0,0.6251557186376632,random,V2_baseline
MEDIUM,Italian_Grand_Prix,2018-2021,19.0,0.344830490176402,random,V2_baseline
MEDIUM,Italian_Grand_Prix,2022-2025,29.0,0.2941763820355821,random,V2_baseline
MEDIUM,Japanese_Grand_Prix,2018-2021,11.0,0.5474559698713662,random,V2_baseline
MEDIUM,Japanese_Grand_Prix,2022-2025,23.0,0.45664206696208653,random,V2_baseline
MEDIUM,Japanese_Grand_Prix,2026+,10.0,0.46390570667521996,random,V2_baseline
MEDIUM,Las_Vegas_Grand_Prix,2022-2025,9.0,0.7645244735702869,random,V2_baseline
MEDIUM,Mexican_Grand_Prix,2018-2021,4.0,0.36032277925294215,random,V2_baseline
MEDIUM,Mexico_City_Grand_Prix,2018-2021,14.0,0.4352819711960498,random,V2_baseline
MEDIUM,Mexico_City_Grand_Prix,2022-2025,42.0,0.4168623416854076,random,V2_baseline
MEDIUM,Miami_Grand_Prix,2022-2025,27.0,0.8592499505539941,random,V2_baseline
MEDIUM,Monaco_Grand_Prix,2018-2021,6.0,1.2963613502059774,random,V2_baseline
MEDIUM,Monaco_Grand_Prix,2022-2025,48.0,2.0038997524859528,random,V2_baseline
MEDIUM,Monaco_Grand_Prix,2026+,8.0,0.5285872401537942,random,V2_baseline
MEDIUM,Portuguese_Grand_Prix,2018-2021,32.0,0.4650120902440377,random,V2_baseline
MEDIUM,Qatar_Grand_Prix,2018-2021,11.0,0.6739113382132416,random,V2_baseline
MEDIUM,Qatar_Grand_Prix,2022-2025,34.0,0.4183250111351579,random,V2_baseline
MEDIUM,Russian_Grand_Prix,2018-2021,25.0,0.6968077439193742,random,V2_baseline
MEDIUM,Sakhir_Grand_Prix,2018-2021,10.0,0.2736700004110088,random,V2_baseline
MEDIUM,Saudi_Arabian_Grand_Prix,2018-2021,6.0,1.172280305340507,random,V2_baseline
MEDIUM,Saudi_Arabian_Grand_Prix,2022-2025,12.0,0.345487225821284,random,V2_baseline
MEDIUM,Singapore_Grand_Prix,2022-2025,32.0,0.7969691885439911,random,V2_baseline
MEDIUM,Spanish_Grand_Prix,2018-2021,39.0,0.6357978113890419,random,V2_baseline
MEDIUM,Spanish_Grand_Prix,2022-2025,33.0,0.5272233203461889,random,V2_baseline
MEDIUM,Styrian_Grand_Prix,2018-2021,28.0,0.3603792449104104,random,V2_baseline
MEDIUM,São_Paulo_Grand_Prix,2018-2021,2.0,0.35608963818027606,random,V2_baseline
MEDIUM,São_Paulo_Grand_Prix,2022-2025,25.0,0.4447516578613133,random,V2_baseline
MEDIUM,Tuscan_Grand_Prix,2018-2021,1.0,0.005092328682892555,random,V2_baseline
MEDIUM,United_States_Grand_Prix,2018-2021,29.0,0.5850338488857624,random,V2_baseline
MEDIUM,United_States_Grand_Prix,2022-2025,46.0,0.38903786909577276,random,V2_baseline
SOFT,Abu_Dhabi_Grand_Prix,2018-2021,6.0,1.8862832576092936,random,V2_baseline
SOFT,Australian_Grand_Prix,2018-2021,19.0,0.6013976422082892,random,V2_baseline
SOFT,Austrian_Grand_Prix,2018-2021,32.0,0.31355650980349076,random,V2_baseline
SOFT,Azerbaijan_Grand_Prix,2018-2021,7.0,0.4413284071167869,random,V2_baseline
SOFT,Bahrain_Grand_Prix,2018-2021,9.0,0.5610561504357964,random,V2_baseline
SOFT,Bahrain_Grand_Prix,2022-2025,40.0,0.6577893347189453,random,V2_baseline
SOFT,Belgian_Grand_Prix,2018-2021,22.0,0.40294208198575526,random,V2_baseline
SOFT,Belgian_Grand_Prix,2022-2025,12.0,0.7459100746433246,random,V2_baseline
SOFT,Brazilian_Grand_Prix,2018-2021,28.0,0.320338109561588,random,V2_baseline
SOFT,British_Grand_Prix,2018-2021,10.0,0.48621625432893756,random,V2_baseline
SOFT,British_Grand_Prix,2022-2025,3.0,0.36772090146084535,random,V2_baseline
SOFT,Canadian_Grand_Prix,2026+,11.0,0.8001492846090194,random,V2_baseline
SOFT,Chinese_Grand_Prix,2018-2021,3.0,0.660912244284651,random,V2_baseline
SOFT,Dutch_Grand_Prix,2018-2021,8.0,0.6857891690296799,random,V2_baseline
SOFT,Dutch_Grand_Prix,2022-2025,30.0,0.33415473670476153,random,V2_baseline
SOFT,Eifel_Grand_Prix,2018-2021,9.0,0.432164651676219,random,V2_baseline
SOFT,Emilia_Romagna_Grand_Prix,2018-2021,13.0,1.02365280085186,random,V2_baseline
SOFT,French_Grand_Prix,2018-2021,7.0,0.44516068743432163,random,V2_baseline
SOFT,German_Grand_Prix,2018-2021,2.0,1.2517184213515185,random,V2_baseline
SOFT,Hungarian_Grand_Prix,2018-2021,4.0,0.8631202056146784,random,V2_baseline
SOFT,Hungarian_Grand_Prix,2022-2025,10.0,0.527523108624788,random,V2_baseline
SOFT,Italian_Grand_Prix,2018-2021,17.0,0.4347679763076463,random,V2_baseline
SOFT,Italian_Grand_Prix,2022-2025,6.0,0.19448597881477608,random,V2_baseline
SOFT,Japanese_Grand_Prix,2018-2021,16.0,0.51858286475891,random,V2_baseline
SOFT,Mexico_City_Grand_Prix,2022-2025,18.0,0.4765621636331689,random,V2_baseline
SOFT,Monaco_Grand_Prix,2018-2021,18.0,1.1022531868651808,random,V2_baseline
SOFT,Monaco_Grand_Prix,2026+,2.0,0.5532080874889709,random,V2_baseline
SOFT,Portuguese_Grand_Prix,2018-2021,15.0,0.4118960823710545,random,V2_baseline
SOFT,Russian_Grand_Prix,2018-2021,16.0,0.5006970146389902,random,V2_baseline
SOFT,Sakhir_Grand_Prix,2018-2021,8.0,0.31709759285675715,random,V2_baseline
SOFT,Singapore_Grand_Prix,2018-2021,18.0,1.0594056115322916,random,V2_baseline
SOFT,Singapore_Grand_Prix,2022-2025,9.0,0.5928252026274166,random,V2_baseline
SOFT,Spanish_Grand_Prix,2018-2021,36.0,0.5234337071197558,random,V2_baseline
SOFT,Spanish_Grand_Prix,2022-2025,38.0,0.771542998372079,random,V2_baseline
SOFT,Styrian_Grand_Prix,2018-2021,14.0,0.35707803811957606,random,V2_baseline
SOFT,São_Paulo_Grand_Prix,2022-2025,36.0,0.34878521127793877,random,V2_baseline
SOFT,Tuscan_Grand_Prix,2018-2021,6.0,0.5418022681902236,random,V2_baseline
SOFT,United_States_Grand_Prix,2018-2021,10.0,0.2930249015101808,random,V2_baseline
SOFT,United_States_Grand_Prix,2022-2025,10.0,0.34941902301065175,random,V2_baseline
SUPERSOFT,Abu_Dhabi_Grand_Prix,2018-2021,10.0,0.9266625513963359,random,V2_baseline
SUPERSOFT,Australian_Grand_Prix,2018-2021,10.0,0.6452516627087862,random,V2_baseline
SUPERSOFT,Austrian_Grand_Prix,2018-2021,9.0,0.3776976115223044,random,V2_baseline
SUPERSOFT,Azerbaijan_Grand_Prix,2018-2021,11.0,1.0607537943094374,random,V2_baseline
SUPERSOFT,Belgian_Grand_Prix,2018-2021,6.0,0.16610587293033002,random,V2_baseline
SUPERSOFT,Brazilian_Grand_Prix,2018-2021,10.0,0.715812867220252,random,V2_baseline
SUPERSOFT,Canadian_Grand_Prix,2018-2021,25.0,0.399846499778983,random,V2_baseline
SUPERSOFT,French_Grand_Prix,2018-2021,10.0,0.7421080039323001,random,V2_baseline
SUPERSOFT,Japanese_Grand_Prix,2018-2021,1.0,0.7143924051351223,random,V2_baseline
SUPERSOFT,Mexican_Grand_Prix,2018-2021,16.0,0.8834302829938486,random,V2_baseline
SUPERSOFT,United_States_Grand_Prix,2018-2021,5.0,0.4845726059048732,random,V2_baseline
ULTRASOFT,Abu_Dhabi_Grand_Prix,2018-2021,3.0,0.8379060293515737,random,V2_baseline
ULTRASOFT,Chinese_Grand_Prix,2018-2021,10.0,0.5650667668060979,random,V2_baseline
ULTRASOFT,German_Grand_Prix,2018-2021,6.0,0.6198900449822308,random,V2_baseline
ULTRASOFT,Hungarian_Grand_Prix,2018-2021,8.0,0.855755766316831,random,V2_baseline
ULTRASOFT,Mexican_Grand_Prix,2018-2021,3.0,0.9617480257250834,random,V2_baseline
ULTRASOFT,Monaco_Grand_Prix,2018-2021,17.0,0.6319636088060121,random,V2_baseline
ULTRASOFT,Russian_Grand_Prix,2018-2021,2.0,1.2244967796898125,random,V2_baseline
ULTRASOFT,Singapore_Grand_Prix,2018-2021,6.0,2.1253106917550917,random,V2_baseline
HARD,Abu_Dhabi_Grand_Prix,2022-2025,85.0,0.3455435127170915,fixed_2018_2023_train,V2_baseline
HARD,Australian_Grand_Prix,2022-2025,33.0,0.9020988586017714,fixed_2018_2023_train,V2_baseline
HARD,Austrian_Grand_Prix,2022-2025,63.0,0.34247036202115017,fixed_2018_2023_train,V2_baseline
HARD,Azerbaijan_Grand_Prix,2022-2025,129.0,0.5856550819263908,fixed_2018_2023_train,V2_baseline
HARD,Bahrain_Grand_Prix,2022-2025,50.0,0.5220465580425562,fixed_2018_2023_train,V2_baseline
HARD,Belgian_Grand_Prix,2022-2025,34.0,0.5866700381263715,fixed_2018_2023_train,V2_baseline
HARD,British_Grand_Prix,2022-2025,27.0,0.7827712212101023,fixed_2018_2023_train,V2_baseline
HARD,Canadian_Grand_Prix,2022-2025,95.0,0.4367779873449082,fixed_2018_2023_train,V2_baseline
HARD,Dutch_Grand_Prix,2022-2025,108.0,0.4335483174527231,fixed_2018_2023_train,V2_baseline
HARD,Hungarian_Grand_Prix,2022-2025,117.0,0.6865835227398122,fixed_2018_2023_train,V2_baseline
HARD,Italian_Grand_Prix,2022-2025,98.0,0.3995534043796049,fixed_2018_2023_train,V2_baseline
HARD,Japanese_Grand_Prix,2022-2025,85.0,0.8703738926756952,fixed_2018_2023_train,V2_baseline
HARD,Las_Vegas_Grand_Prix,2022-2025,97.0,0.6850201693607959,fixed_2018_2023_train,V2_baseline
HARD,Mexico_City_Grand_Prix,2022-2025,51.0,0.7019341877724188,fixed_2018_2023_train,V2_baseline
HARD,Miami_Grand_Prix,2022-2025,75.0,0.535195666305116,fixed_2018_2023_train,V2_baseline
HARD,Monaco_Grand_Prix,2022-2025,101.0,1.4186517957877034,fixed_2018_2023_train,V2_baseline
HARD,Qatar_Grand_Prix,2022-2025,54.0,0.5387626088045856,fixed_2018_2023_train,V2_baseline
HARD,Saudi_Arabian_Grand_Prix,2022-2025,100.0,0.5163976969398105,fixed_2018_2023_train,V2_baseline
HARD,Singapore_Grand_Prix,2022-2025,145.0,0.8425800298041733,fixed_2018_2023_train,V2_baseline
HARD,Spanish_Grand_Prix,2022-2025,3.0,1.255634560420582,fixed_2018_2023_train,V2_baseline
HARD,United_States_Grand_Prix,2022-2025,54.0,0.5561206206757611,fixed_2018_2023_train,V2_baseline
MEDIUM,Abu_Dhabi_Grand_Prix,2022-2025,70.0,0.6614047500311191,fixed_2018_2023_train,V2_baseline
MEDIUM,Australian_Grand_Prix,2022-2025,14.0,0.9568207898092288,fixed_2018_2023_train,V2_baseline
MEDIUM,Austrian_Grand_Prix,2022-2025,106.0,0.5330190471434069,fixed_2018_2023_train,V2_baseline
MEDIUM,Azerbaijan_Grand_Prix,2022-2025,39.0,0.5226856353372648,fixed_2018_2023_train,V2_baseline
MEDIUM,Bahrain_Grand_Prix,2022-2025,43.0,0.6922815296002158,fixed_2018_2023_train,V2_baseline
MEDIUM,Belgian_Grand_Prix,2022-2025,94.0,1.1066770276006135,fixed_2018_2023_train,V2_baseline
MEDIUM,British_Grand_Prix,2022-2025,37.0,1.4647100018209347,fixed_2018_2023_train,V2_baseline
MEDIUM,Canadian_Grand_Prix,2022-2025,31.0,0.5987227275088036,fixed_2018_2023_train,V2_baseline
MEDIUM,Dutch_Grand_Prix,2022-2025,75.0,0.28306644094717426,fixed_2018_2023_train,V2_baseline
MEDIUM,Emilia_Romagna_Grand_Prix,2022-2025,89.0,1.0437168100494798,fixed_2018_2023_train,V2_baseline
MEDIUM,Hungarian_Grand_Prix,2022-2025,98.0,0.6011720970622747,fixed_2018_2023_train,V2_baseline
MEDIUM,Italian_Grand_Prix,2022-2025,70.0,0.421248791654315,fixed_2018_2023_train,V2_baseline
MEDIUM,Japanese_Grand_Prix,2022-2025,89.0,0.52737030641424,fixed_2018_2023_train,V2_baseline
MEDIUM,Las_Vegas_Grand_Prix,2022-2025,60.0,0.9888428411946845,fixed_2018_2023_train,V2_baseline
MEDIUM,Mexico_City_Grand_Prix,2022-2025,122.0,0.6019190890064502,fixed_2018_2023_train,V2_baseline
MEDIUM,Miami_Grand_Prix,2022-2025,58.0,0.45126479624463106,fixed_2018_2023_train,V2_baseline
MEDIUM,Monaco_Grand_Prix,2022-2025,87.0,0.840141222134132,fixed_2018_2023_train,V2_baseline
MEDIUM,Qatar_Grand_Prix,2022-2025,105.0,0.5044976888664471,fixed_2018_2023_train,V2_baseline
MEDIUM,Saudi_Arabian_Grand_Prix,2022-2025,26.0,0.30509738908232836,fixed_2018_2023_train,V2_baseline
MEDIUM,Singapore_Grand_Prix,2022-2025,49.0,0.3788712755334783,fixed_2018_2023_train,V2_baseline
MEDIUM,Spanish_Grand_Prix,2022-2025,62.0,0.5483075150045469,fixed_2018_2023_train,V2_baseline
MEDIUM,São_Paulo_Grand_Prix,2022-2025,92.0,0.6322743988590548,fixed_2018_2023_train,V2_baseline
MEDIUM,United_States_Grand_Prix,2022-2025,89.0,0.43976083895736984,fixed_2018_2023_train,V2_baseline
SOFT,Bahrain_Grand_Prix,2022-2025,97.0,0.6561605313125007,fixed_2018_2023_train,V2_baseline
SOFT,Dutch_Grand_Prix,2022-2025,54.0,0.47855867157572224,fixed_2018_2023_train,V2_baseline
SOFT,Hungarian_Grand_Prix,2022-2025,15.0,0.7830569823027821,fixed_2018_2023_train,V2_baseline
SOFT,Mexico_City_Grand_Prix,2022-2025,61.0,0.6961688432257049,fixed_2018_2023_train,V2_baseline
SOFT,Singapore_Grand_Prix,2022-2025,26.0,0.582066704783332,fixed_2018_2023_train,V2_baseline
SOFT,Spanish_Grand_Prix,2022-2025,148.0,0.6555335813745714,fixed_2018_2023_train,V2_baseline
SOFT,São_Paulo_Grand_Prix,2022-2025,15.0,0.3605654515248282,fixed_2018_2023_train,V2_baseline
HARD,Abu_Dhabi_Grand_Prix,2018-2021,59.0,0.5986443155759095,expanding_window_test_2021,V2_baseline
HARD,Austrian_Grand_Prix,2018-2021,56.0,0.5336552109297027,expanding_window_test_2021,V2_baseline
HARD,Bahrain_Grand_Prix,2018-2021,32.0,0.5956789323885118,expanding_window_test_2021,V2_baseline
HARD,British_Grand_Prix,2018-2021,12.0,0.8554714010319466,expanding_window_test_2021,V2_baseline
HARD,French_Grand_Prix,2018-2021,38.0,0.7576178825100375,expanding_window_test_2021,V2_baseline
HARD,Hungarian_Grand_Prix,2018-2021,12.0,0.8315982546102175,expanding_window_test_2021,V2_baseline
HARD,Italian_Grand_Prix,2018-2021,19.0,0.46187063257483973,expanding_window_test_2021,V2_baseline
HARD,Monaco_Grand_Prix,2018-2021,77.0,1.1786769898686653,expanding_window_test_2021,V2_baseline
HARD,Portuguese_Grand_Prix,2018-2021,25.0,0.5866440470176572,expanding_window_test_2021,V2_baseline
HARD,Russian_Grand_Prix,2018-2021,47.0,0.916199968361068,expanding_window_test_2021,V2_baseline
HARD,Styrian_Grand_Prix,2018-2021,58.0,0.3568018037696915,expanding_window_test_2021,V2_baseline
HARD,United_States_Grand_Prix,2018-2021,62.0,0.48546507440178654,expanding_window_test_2021,V2_baseline
MEDIUM,Austrian_Grand_Prix,2018-2021,54.0,0.5467354652618934,expanding_window_test_2021,V2_baseline
MEDIUM,Bahrain_Grand_Prix,2018-2021,60.0,0.6593715105830023,expanding_window_test_2021,V2_baseline
MEDIUM,British_Grand_Prix,2018-2021,24.0,0.7245098030280004,expanding_window_test_2021,V2_baseline
MEDIUM,Emilia_Romagna_Grand_Prix,2018-2021,25.0,0.4808866143004102,expanding_window_test_2021,V2_baseline
MEDIUM,French_Grand_Prix,2018-2021,56.0,0.49944306136569916,expanding_window_test_2021,V2_baseline
MEDIUM,Hungarian_Grand_Prix,2018-2021,37.0,0.7831379806430884,expanding_window_test_2021,V2_baseline
MEDIUM,Italian_Grand_Prix,2018-2021,43.0,0.5311031811330269,expanding_window_test_2021,V2_baseline
MEDIUM,Portuguese_Grand_Prix,2018-2021,71.0,0.5786031388517648,expanding_window_test_2021,V2_baseline
MEDIUM,Russian_Grand_Prix,2018-2021,28.0,1.8227336063428146,expanding_window_test_2021,V2_baseline
MEDIUM,Spanish_Grand_Prix,2018-2021,62.0,0.5479580524861029,expanding_window_test_2021,V2_baseline
MEDIUM,Styrian_Grand_Prix,2018-2021,42.0,0.5162632635983223,expanding_window_test_2021,V2_baseline
MEDIUM,United_States_Grand_Prix,2018-2021,32.0,0.34462628781852,expanding_window_test_2021,V2_baseline
SOFT,Abu_Dhabi_Grand_Prix,2018-2021,30.0,0.8620964615101558,expanding_window_test_2021,V2_baseline
SOFT,Azerbaijan_Grand_Prix,2018-2021,20.0,0.6309149235466447,expanding_window_test_2021,V2_baseline
SOFT,Emilia_Romagna_Grand_Prix,2018-2021,25.0,1.81626577013563,expanding_window_test_2021,V2_baseline
SOFT,Monaco_Grand_Prix,2018-2021,59.0,0.7584935204621042,expanding_window_test_2021,V2_baseline
SOFT,Portuguese_Grand_Prix,2018-2021,12.0,0.5340840115757647,expanding_window_test_2021,V2_baseline
SOFT,Spanish_Grand_Prix,2018-2021,45.0,0.5871948878518101,expanding_window_test_2021,V2_baseline
SOFT,Styrian_Grand_Prix,2018-2021,23.0,0.3673381809421674,expanding_window_test_2021,V2_baseline
HARD,Abu_Dhabi_Grand_Prix,2022-2025,71.0,0.4113342359391955,expanding_window_test_2023,V2_baseline
HARD,Australian_Grand_Prix,2022-2025,68.0,0.9104292920926899,expanding_window_test_2023,V2_baseline
HARD,Austrian_Grand_Prix,2022-2025,38.0,0.6021853720474417,expanding_window_test_2023,V2_baseline
HARD,Azerbaijan_Grand_Prix,2022-2025,72.0,0.2620431488686103,expanding_window_test_2023,V2_baseline
HARD,Bahrain_Grand_Prix,2022-2025,36.0,1.0270745082192114,expanding_window_test_2023,V2_baseline
HARD,Canadian_Grand_Prix,2022-2025,47.0,0.4489636083931621,expanding_window_test_2023,V2_baseline
HARD,Hungarian_Grand_Prix,2022-2025,45.0,0.4445244848528536,expanding_window_test_2023,V2_baseline
HARD,Italian_Grand_Prix,2022-2025,54.0,0.5836875075767387,expanding_window_test_2023,V2_baseline
HARD,Mexico_City_Grand_Prix,2022-2025,43.0,0.3627158332901204,expanding_window_test_2023,V2_baseline
HARD,Miami_Grand_Prix,2022-2025,70.0,0.4470655752750527,expanding_window_test_2023,V2_baseline
HARD,Monaco_Grand_Prix,2022-2025,28.0,2.3732967838377044,expanding_window_test_2023,V2_baseline
HARD,Saudi_Arabian_Grand_Prix,2022-2025,53.0,0.7877404203561762,expanding_window_test_2023,V2_baseline
HARD,United_States_Grand_Prix,2022-2025,35.0,0.44113720761060937,expanding_window_test_2023,V2_baseline
MEDIUM,Abu_Dhabi_Grand_Prix,2022-2025,28.0,0.4587378822970188,expanding_window_test_2023,V2_baseline
MEDIUM,Austrian_Grand_Prix,2022-2025,73.0,0.9508589051392381,expanding_window_test_2023,V2_baseline
MEDIUM,Azerbaijan_Grand_Prix,2022-2025,14.0,0.43885445689416275,expanding_window_test_2023,V2_baseline
MEDIUM,Belgian_Grand_Prix,2022-2025,22.0,0.7951257484139959,expanding_window_test_2023,V2_baseline
MEDIUM,British_Grand_Prix,2022-2025,53.0,0.43119382134852574,expanding_window_test_2023,V2_baseline
MEDIUM,Canadian_Grand_Prix,2022-2025,61.0,0.36425144549714344,expanding_window_test_2023,V2_baseline
MEDIUM,Hungarian_Grand_Prix,2022-2025,76.0,0.6603824896534958,expanding_window_test_2023,V2_baseline
MEDIUM,Italian_Grand_Prix,2022-2025,35.0,0.41058612676811906,expanding_window_test_2023,V2_baseline
MEDIUM,Mexico_City_Grand_Prix,2022-2025,15.0,0.22709624345847193,expanding_window_test_2023,V2_baseline
MEDIUM,Miami_Grand_Prix,2022-2025,21.0,0.4016212047567597,expanding_window_test_2023,V2_baseline
MEDIUM,Monaco_Grand_Prix,2022-2025,63.0,2.042574600564511,expanding_window_test_2023,V2_baseline
MEDIUM,Saudi_Arabian_Grand_Prix,2022-2025,24.0,0.6341319117056289,expanding_window_test_2023,V2_baseline
MEDIUM,Singapore_Grand_Prix,2022-2025,32.0,1.4305902754452948,expanding_window_test_2023,V2_baseline
MEDIUM,Spanish_Grand_Prix,2022-2025,47.0,0.9435399813328397,expanding_window_test_2023,V2_baseline
MEDIUM,São_Paulo_Grand_Prix,2022-2025,46.0,0.5703481502932227,expanding_window_test_2023,V2_baseline
MEDIUM,United_States_Grand_Prix,2022-2025,61.0,0.4430442049746571,expanding_window_test_2023,V2_baseline
SOFT,Bahrain_Grand_Prix,2022-2025,62.0,0.9573811407624027,expanding_window_test_2023,V2_baseline
SOFT,Belgian_Grand_Prix,2022-2025,45.0,0.7994464009720573,expanding_window_test_2023,V2_baseline
SOFT,British_Grand_Prix,2022-2025,28.0,0.40007232608299426,expanding_window_test_2023,V2_baseline
SOFT,Dutch_Grand_Prix,2022-2025,73.0,0.5002518704354066,expanding_window_test_2023,V2_baseline
SOFT,Spanish_Grand_Prix,2022-2025,24.0,0.6766969124845593,expanding_window_test_2023,V2_baseline
SOFT,São_Paulo_Grand_Prix,2022-2025,68.0,0.4979470041035019,expanding_window_test_2023,V2_baseline
HARD,Abu_Dhabi_Grand_Prix,2022-2025,25.0,0.2849953105728307,expanding_window_test_2024,V2_baseline
HARD,Australian_Grand_Prix,2022-2025,33.0,0.9020988586017714,expanding_window_test_2024,V2_baseline
HARD,Austrian_Grand_Prix,2022-2025,54.0,0.3468098287732152,expanding_window_test_2024,V2_baseline
HARD,Azerbaijan_Grand_Prix,2022-2025,66.0,0.7564224768761673,expanding_window_test_2024,V2_baseline
HARD,Bahrain_Grand_Prix,2022-2025,39.0,0.2700441813104574,expanding_window_test_2024,V2_baseline
HARD,Belgian_Grand_Prix,2022-2025,34.0,0.5866700381263715,expanding_window_test_2024,V2_baseline
HARD,British_Grand_Prix,2022-2025,27.0,0.7827712212101023,expanding_window_test_2024,V2_baseline
HARD,Dutch_Grand_Prix,2022-2025,83.0,0.3320880276857952,expanding_window_test_2024,V2_baseline
HARD,Hungarian_Grand_Prix,2022-2025,47.0,0.77448400457986,expanding_window_test_2024,V2_baseline
HARD,Italian_Grand_Prix,2022-2025,61.0,0.31867204431741053,expanding_window_test_2024,V2_baseline
HARD,Japanese_Grand_Prix,2022-2025,32.0,0.5689528621459762,expanding_window_test_2024,V2_baseline
HARD,Las_Vegas_Grand_Prix,2022-2025,57.0,0.713928179600998,expanding_window_test_2024,V2_baseline
HARD,Mexico_City_Grand_Prix,2022-2025,51.0,0.7019341877724188,expanding_window_test_2024,V2_baseline
HARD,Miami_Grand_Prix,2022-2025,29.0,0.6747441390778717,expanding_window_test_2024,V2_baseline
HARD,Monaco_Grand_Prix,2022-2025,23.0,0.5550194211996877,expanding_window_test_2024,V2_baseline
HARD,Qatar_Grand_Prix,2022-2025,14.0,0.36044009980213076,expanding_window_test_2024,V2_baseline
HARD,Saudi_Arabian_Grand_Prix,2022-2025,75.0,0.5194579641010403,expanding_window_test_2024,V2_baseline
HARD,Singapore_Grand_Prix,2022-2025,59.0,0.7475543847407371,expanding_window_test_2024,V2_baseline
HARD,United_States_Grand_Prix,2022-2025,54.0,0.5561206206757611,expanding_window_test_2024,V2_baseline
MEDIUM,Abu_Dhabi_Grand_Prix,2022-2025,25.0,0.8313344772363127,expanding_window_test_2024,V2_baseline
MEDIUM,Australian_Grand_Prix,2022-2025,11.0,0.351534039540088,expanding_window_test_2024,V2_baseline
MEDIUM,Austrian_Grand_Prix,2022-2025,66.0,0.47903875229267506,expanding_window_test_2024,V2_baseline
MEDIUM,Azerbaijan_Grand_Prix,2022-2025,19.0,0.46954859467793914,expanding_window_test_2024,V2_baseline
MEDIUM,Belgian_Grand_Prix,2022-2025,39.0,0.48967968308364496,expanding_window_test_2024,V2_baseline
MEDIUM,British_Grand_Prix,2022-2025,29.0,1.6313619774371604,expanding_window_test_2024,V2_baseline
MEDIUM,Canadian_Grand_Prix,2022-2025,14.0,0.8071826159480896,expanding_window_test_2024,V2_baseline
MEDIUM,Dutch_Grand_Prix,2022-2025,52.0,0.22698248641243335,expanding_window_test_2024,V2_baseline
MEDIUM,Emilia_Romagna_Grand_Prix,2022-2025,44.0,0.9688025829310468,expanding_window_test_2024,V2_baseline
MEDIUM,Hungarian_Grand_Prix,2022-2025,67.0,0.6625065441853152,expanding_window_test_2024,V2_baseline
MEDIUM,Italian_Grand_Prix,2022-2025,22.0,0.40444062930194336,expanding_window_test_2024,V2_baseline
MEDIUM,Japanese_Grand_Prix,2022-2025,52.0,0.5272867164251804,expanding_window_test_2024,V2_baseline
MEDIUM,Las_Vegas_Grand_Prix,2022-2025,20.0,0.7067830641364694,expanding_window_test_2024,V2_baseline
MEDIUM,Mexico_City_Grand_Prix,2022-2025,57.0,0.6132334425568663,expanding_window_test_2024,V2_baseline
MEDIUM,Miami_Grand_Prix,2022-2025,58.0,0.45126479624463106,expanding_window_test_2024,V2_baseline
MEDIUM,Monaco_Grand_Prix,2022-2025,42.0,1.0093711299305679,expanding_window_test_2024,V2_baseline
MEDIUM,Qatar_Grand_Prix,2022-2025,56.0,0.5885449418035629,expanding_window_test_2024,V2_baseline
MEDIUM,Saudi_Arabian_Grand_Prix,2022-2025,9.0,0.4010462250784092,expanding_window_test_2024,V2_baseline
MEDIUM,Singapore_Grand_Prix,2022-2025,49.0,0.3788712755334783,expanding_window_test_2024,V2_baseline
MEDIUM,Spanish_Grand_Prix,2022-2025,41.0,0.5943567472842438,expanding_window_test_2024,V2_baseline
MEDIUM,United_States_Grand_Prix,2022-2025,39.0,0.5362448535339561,expanding_window_test_2024,V2_baseline
SOFT,Bahrain_Grand_Prix,2022-2025,59.0,0.6042914610064029,expanding_window_test_2024,V2_baseline
SOFT,Spanish_Grand_Prix,2022-2025,77.0,0.5965695576036565,expanding_window_test_2024,V2_baseline
HARD,Abu_Dhabi_Grand_Prix,2022-2025,60.0,0.3565496756669853,expanding_window_test_2025,V2_baseline
HARD,Austrian_Grand_Prix,2022-2025,9.0,0.293797493738899,expanding_window_test_2025,V2_baseline
HARD,Azerbaijan_Grand_Prix,2022-2025,63.0,0.4396162914559679,expanding_window_test_2025,V2_baseline
HARD,Bahrain_Grand_Prix,2022-2025,11.0,0.9950637894885498,expanding_window_test_2025,V2_baseline
HARD,Canadian_Grand_Prix,2022-2025,95.0,0.44005253244589365,expanding_window_test_2025,V2_baseline
HARD,Chinese_Grand_Prix,2022-2025,72.0,0.6655785664786136,expanding_window_test_2025,V2_baseline
HARD,Dutch_Grand_Prix,2022-2025,25.0,0.4167892664082212,expanding_window_test_2025,V2_baseline
HARD,Emilia_Romagna_Grand_Prix,2022-2025,48.0,0.5146072596598331,expanding_window_test_2025,V2_baseline
HARD,Hungarian_Grand_Prix,2022-2025,70.0,0.7094355100570694,expanding_window_test_2025,V2_baseline
HARD,Italian_Grand_Prix,2022-2025,37.0,0.47366014947391494,expanding_window_test_2025,V2_baseline
HARD,Japanese_Grand_Prix,2022-2025,53.0,0.8269645352755037,expanding_window_test_2025,V2_baseline
HARD,Las_Vegas_Grand_Prix,2022-2025,40.0,0.5687823702501363,expanding_window_test_2025,V2_baseline
HARD,Miami_Grand_Prix,2022-2025,46.0,0.23018411680779732,expanding_window_test_2025,V2_baseline
HARD,Monaco_Grand_Prix,2022-2025,78.0,1.5052993679003155,expanding_window_test_2025,V2_baseline
HARD,Qatar_Grand_Prix,2022-2025,40.0,0.5805078480814054,expanding_window_test_2025,V2_baseline
HARD,Saudi_Arabian_Grand_Prix,2022-2025,25.0,0.4614627774204505,expanding_window_test_2025,V2_baseline
HARD,Singapore_Grand_Prix,2022-2025,86.0,0.8893916243515355,expanding_window_test_2025,V2_baseline
HARD,Spanish_Grand_Prix,2022-2025,3.0,1.2317328232767821,expanding_window_test_2025,V2_baseline
MEDIUM,Abu_Dhabi_Grand_Prix,2022-2025,45.0,0.39738759067118823,expanding_window_test_2025,V2_baseline
MEDIUM,Australian_Grand_Prix,2022-2025,3.0,1.7064485566179497,expanding_window_test_2025,V2_baseline
MEDIUM,Austrian_Grand_Prix,2022-2025,40.0,0.5801659425776534,expanding_window_test_2025,V2_baseline
MEDIUM,Azerbaijan_Grand_Prix,2022-2025,20.0,0.5729225298307588,expanding_window_test_2025,V2_baseline
MEDIUM,Bahrain_Grand_Prix,2022-2025,43.0,0.6922815296002158,expanding_window_test_2025,V2_baseline
MEDIUM,Belgian_Grand_Prix,2022-2025,55.0,0.7732014012836806,expanding_window_test_2025,V2_baseline
MEDIUM,British_Grand_Prix,2022-2025,8.0,0.5903897121993384,expanding_window_test_2025,V2_baseline
MEDIUM,Canadian_Grand_Prix,2022-2025,17.0,0.3542716862489535,expanding_window_test_2025,V2_baseline
MEDIUM,Chinese_Grand_Prix,2022-2025,21.0,0.40515216318751845,expanding_window_test_2025,V2_baseline
MEDIUM,Dutch_Grand_Prix,2022-2025,23.0,0.4479073187281111,expanding_window_test_2025,V2_baseline
MEDIUM,Emilia_Romagna_Grand_Prix,2022-2025,45.0,0.4394476712593375,expanding_window_test_2025,V2_baseline
MEDIUM,Hungarian_Grand_Prix,2022-2025,31.0,0.41134695129677507,expanding_window_test_2025,V2_baseline
MEDIUM,Italian_Grand_Prix,2022-2025,48.0,0.36634836423952516,expanding_window_test_2025,V2_baseline
MEDIUM,Japanese_Grand_Prix,2022-2025,37.0,0.40481718235197567,expanding_window_test_2025,V2_baseline
MEDIUM,Las_Vegas_Grand_Prix,2022-2025,40.0,1.0859725121027228,expanding_window_test_2025,V2_baseline
MEDIUM,Mexico_City_Grand_Prix,2022-2025,65.0,0.4246880956954316,expanding_window_test_2025,V2_baseline
MEDIUM,Monaco_Grand_Prix,2022-2025,45.0,1.1905646510196737,expanding_window_test_2025,V2_baseline
MEDIUM,Qatar_Grand_Prix,2022-2025,49.0,1.0750739791424093,expanding_window_test_2025,V2_baseline
MEDIUM,Saudi_Arabian_Grand_Prix,2022-2025,17.0,0.2863977863376897,expanding_window_test_2025,V2_baseline
MEDIUM,Spanish_Grand_Prix,2022-2025,21.0,0.4644038228714264,expanding_window_test_2025,V2_baseline
MEDIUM,São_Paulo_Grand_Prix,2022-2025,92.0,0.6322743988590548,expanding_window_test_2025,V2_baseline
MEDIUM,United_States_Grand_Prix,2022-2025,50.0,0.30749330970029126,expanding_window_test_2025,V2_baseline
SOFT,Bahrain_Grand_Prix,2022-2025,38.0,0.6206248504238113,expanding_window_test_2025,V2_baseline
SOFT,Dutch_Grand_Prix,2022-2025,54.0,0.4726909758877424,expanding_window_test_2025,V2_baseline
SOFT,Hungarian_Grand_Prix,2022-2025,15.0,0.7494467610536307,expanding_window_test_2025,V2_baseline
SOFT,Mexico_City_Grand_Prix,2022-2025,61.0,0.6961688432257049,expanding_window_test_2025,V2_baseline
SOFT,Singapore_Grand_Prix,2022-2025,26.0,0.48649322619373825,expanding_window_test_2025,V2_baseline
SOFT,Spanish_Grand_Prix,2022-2025,71.0,0.6990794444977652,expanding_window_test_2025,V2_baseline
SOFT,São_Paulo_Grand_Prix,2022-2025,15.0,0.3605654515248282,expanding_window_test_2025,V2_baseline
HARD,70th_Anniversary_Grand_Prix,2018-2021,16.0,0.3553609380539346,random,V2_plus_TM
HARD,Abu_Dhabi_Grand_Prix,2018-2021,48.0,0.5268588437873812,random,V2_plus_TM
HARD,Abu_Dhabi_Grand_Prix,2022-2025,38.0,0.34345387707672936,random,V2_plus_TM
HARD,Australian_Grand_Prix,2022-2025,36.0,0.5534609414290249,random,V2_plus_TM
HARD,Australian_Grand_Prix,2026+,2.0,0.47924257301898177,random,V2_plus_TM
HARD,Austrian_Grand_Prix,2018-2021,29.0,0.36797489316322524,random,V2_plus_TM
HARD,Austrian_Grand_Prix,2022-2025,37.0,0.31820735817509965,random,V2_plus_TM
HARD,Azerbaijan_Grand_Prix,2018-2021,8.0,0.49908396055803245,random,V2_plus_TM
HARD,Azerbaijan_Grand_Prix,2022-2025,58.0,0.510439383449769,random,V2_plus_TM
HARD,Bahrain_Grand_Prix,2018-2021,17.0,0.419333330943669,random,V2_plus_TM
HARD,Bahrain_Grand_Prix,2022-2025,18.0,0.4028145267768157,random,V2_plus_TM
HARD,Belgian_Grand_Prix,2022-2025,8.0,0.6258523650050833,random,V2_plus_TM
HARD,British_Grand_Prix,2018-2021,17.0,0.6053045024340514,random,V2_plus_TM
HARD,British_Grand_Prix,2022-2025,7.0,0.5320232599143219,random,V2_plus_TM
HARD,Canadian_Grand_Prix,2018-2021,12.0,0.5269913600741652,random,V2_plus_TM
HARD,Canadian_Grand_Prix,2022-2025,35.0,0.4997137332616941,random,V2_plus_TM
HARD,Chinese_Grand_Prix,2018-2021,8.0,0.3631830471771978,random,V2_plus_TM
HARD,Chinese_Grand_Prix,2022-2025,25.0,0.5468845331161416,random,V2_plus_TM
HARD,Chinese_Grand_Prix,2026+,22.0,0.2995882490133411,random,V2_plus_TM
HARD,Dutch_Grand_Prix,2018-2021,3.0,0.3985885342836066,random,V2_plus_TM
HARD,Dutch_Grand_Prix,2022-2025,27.0,0.2563507479076859,random,V2_plus_TM
HARD,Emilia_Romagna_Grand_Prix,2018-2021,15.0,0.38901901826685775,random,V2_plus_TM
HARD,Emilia_Romagna_Grand_Prix,2022-2025,20.0,0.49890958765834187,random,V2_plus_TM
HARD,French_Grand_Prix,2018-2021,16.0,0.4503357817932406,random,V2_plus_TM
HARD,French_Grand_Prix,2022-2025,9.0,0.2787406758748543,random,V2_plus_TM
HARD,Hungarian_Grand_Prix,2018-2021,25.0,0.5809837621118231,random,V2_plus_TM
HARD,Hungarian_Grand_Prix,2022-2025,29.0,0.5413552604535302,random,V2_plus_TM
HARD,Italian_Grand_Prix,2018-2021,8.0,0.4016075421944581,random,V2_plus_TM
HARD,Italian_Grand_Prix,2022-2025,42.0,0.433837747761626,random,V2_plus_TM
HARD,Japanese_Grand_Prix,2022-2025,21.0,0.4481125769570121,random,V2_plus_TM
HARD,Japanese_Grand_Prix,2026+,14.0,1.0006790854843615,random,V2_plus_TM
HARD,Las_Vegas_Grand_Prix,2022-2025,32.0,0.5243588354416235,random,V2_plus_TM
HARD,Mexican_Grand_Prix,2018-2021,23.0,0.803940721392202,random,V2_plus_TM
HARD,Mexico_City_Grand_Prix,2018-2021,13.0,0.3696038562729357,random,V2_plus_TM
HARD,Mexico_City_Grand_Prix,2022-2025,10.0,0.3136713878656263,random,V2_plus_TM
HARD,Miami_Grand_Prix,2022-2025,39.0,0.3574213927777927,random,V2_plus_TM
HARD,Miami_Grand_Prix,2026+,14.0,0.3468419529541915,random,V2_plus_TM
HARD,Monaco_Grand_Prix,2018-2021,30.0,0.9705098074582997,random,V2_plus_TM
HARD,Monaco_Grand_Prix,2022-2025,20.0,1.552587202904016,random,V2_plus_TM
HARD,Portuguese_Grand_Prix,2018-2021,6.0,0.8732940222229243,random,V2_plus_TM
HARD,Qatar_Grand_Prix,2018-2021,5.0,0.8222029320440291,random,V2_plus_TM
HARD,Qatar_Grand_Prix,2022-2025,10.0,0.9447107814648448,random,V2_plus_TM
HARD,Russian_Grand_Prix,2018-2021,16.0,0.8265914333890175,random,V2_plus_TM
HARD,Saudi_Arabian_Grand_Prix,2022-2025,35.0,0.4514648422730537,random,V2_plus_TM
HARD,Singapore_Grand_Prix,2018-2021,10.0,0.9917603020538296,random,V2_plus_TM
HARD,Singapore_Grand_Prix,2022-2025,46.0,0.7608987371959006,random,V2_plus_TM
HARD,Spanish_Grand_Prix,2018-2021,2.0,0.9949330844728458,random,V2_plus_TM
HARD,Spanish_Grand_Prix,2022-2025,9.0,1.0493589438582624,random,V2_plus_TM
HARD,Styrian_Grand_Prix,2018-2021,7.0,0.2716417375495339,random,V2_plus_TM
HARD,São_Paulo_Grand_Prix,2018-2021,9.0,0.36695682852370937,random,V2_plus_TM
HARD,United_States_Grand_Prix,2018-2021,17.0,0.5356646232351951,random,V2_plus_TM
HARD,United_States_Grand_Prix,2022-2025,16.0,0.41965009193977104,random,V2_plus_TM
HYPERSOFT,Canadian_Grand_Prix,2018-2021,4.0,0.16720368715862588,random,V2_plus_TM
HYPERSOFT,Monaco_Grand_Prix,2018-2021,2.0,2.286497670749294,random,V2_plus_TM
HYPERSOFT,Singapore_Grand_Prix,2018-2021,8.0,0.8712799085858522,random,V2_plus_TM
MEDIUM,Abu_Dhabi_Grand_Prix,2018-2021,12.0,0.25808011245871615,random,V2_plus_TM
MEDIUM,Abu_Dhabi_Grand_Prix,2022-2025,20.0,0.43347728071378216,random,V2_plus_TM
MEDIUM,Australian_Grand_Prix,2018-2021,16.0,0.636616296053378,random,V2_plus_TM
MEDIUM,Australian_Grand_Prix,2022-2025,8.0,1.2186998203858477,random,V2_plus_TM
MEDIUM,Australian_Grand_Prix,2026+,5.0,0.26726224608330335,random,V2_plus_TM
MEDIUM,Austrian_Grand_Prix,2018-2021,20.0,0.5196431418473043,random,V2_plus_TM
MEDIUM,Austrian_Grand_Prix,2022-2025,23.0,0.5250650146505114,random,V2_plus_TM
MEDIUM,Azerbaijan_Grand_Prix,2018-2021,11.0,0.726190356221151,random,V2_plus_TM
MEDIUM,Azerbaijan_Grand_Prix,2022-2025,23.0,0.3850244229264539,random,V2_plus_TM
MEDIUM,Bahrain_Grand_Prix,2018-2021,42.0,0.6588955656867004,random,V2_plus_TM
MEDIUM,Bahrain_Grand_Prix,2022-2025,20.0,0.6232923086878529,random,V2_plus_TM
MEDIUM,Belgian_Grand_Prix,2018-2021,2.0,0.2212994656789092,random,V2_plus_TM
MEDIUM,Belgian_Grand_Prix,2022-2025,40.0,0.5906191963043703,random,V2_plus_TM
MEDIUM,Brazilian_Grand_Prix,2018-2021,5.0,0.3359624604675475,random,V2_plus_TM
MEDIUM,British_Grand_Prix,2018-2021,15.0,0.5322360425840857,random,V2_plus_TM
MEDIUM,British_Grand_Prix,2022-2025,32.0,0.4165065851560276,random,V2_plus_TM
MEDIUM,Canadian_Grand_Prix,2018-2021,2.0,0.5914982949804244,random,V2_plus_TM
MEDIUM,Canadian_Grand_Prix,2022-2025,22.0,0.40812759487039196,random,V2_plus_TM
MEDIUM,Canadian_Grand_Prix,2026+,8.0,0.4559101397504608,random,V2_plus_TM
MEDIUM,Chinese_Grand_Prix,2018-2021,7.0,0.5151044979153374,random,V2_plus_TM
MEDIUM,Chinese_Grand_Prix,2022-2025,5.0,0.4759220276121716,random,V2_plus_TM
MEDIUM,Dutch_Grand_Prix,2018-2021,10.0,0.906999559867477,random,V2_plus_TM
MEDIUM,Dutch_Grand_Prix,2022-2025,24.0,0.3969194858001292,random,V2_plus_TM
MEDIUM,Eifel_Grand_Prix,2018-2021,4.0,0.2476409001127543,random,V2_plus_TM
MEDIUM,Emilia_Romagna_Grand_Prix,2018-2021,10.0,0.3443289491360276,random,V2_plus_TM
MEDIUM,Emilia_Romagna_Grand_Prix,2022-2025,27.0,0.4464418834633861,random,V2_plus_TM
MEDIUM,French_Grand_Prix,2018-2021,9.0,0.38968255988008405,random,V2_plus_TM
MEDIUM,French_Grand_Prix,2022-2025,5.0,0.4032294889319191,random,V2_plus_TM
MEDIUM,German_Grand_Prix,2018-2021,3.0,1.3845153180401881,random,V2_plus_TM
MEDIUM,Hungarian_Grand_Prix,2018-2021,18.0,0.6129213512908348,random,V2_plus_TM
MEDIUM,Hungarian_Grand_Prix,2022-2025,57.0,0.5314789994180781,random,V2_plus_TM
MEDIUM,Italian_Grand_Prix,2018-2021,13.0,0.43438421953392914,random,V2_plus_TM
MEDIUM,Italian_Grand_Prix,2022-2025,25.0,0.38342017710891857,random,V2_plus_TM
MEDIUM,Japanese_Grand_Prix,2018-2021,6.0,0.7800393711235616,random,V2_plus_TM
MEDIUM,Japanese_Grand_Prix,2022-2025,25.0,0.5047395705687655,random,V2_plus_TM
MEDIUM,Japanese_Grand_Prix,2026+,5.0,0.46843104067912555,random,V2_plus_TM
MEDIUM,Las_Vegas_Grand_Prix,2022-2025,15.0,0.4090260011297332,random,V2_plus_TM
MEDIUM,Mexican_Grand_Prix,2018-2021,10.0,0.3350789071392318,random,V2_plus_TM
MEDIUM,Mexico_City_Grand_Prix,2018-2021,17.0,0.28069297500060436,random,V2_plus_TM
MEDIUM,Mexico_City_Grand_Prix,2022-2025,38.0,0.5421701478320627,random,V2_plus_TM
MEDIUM,Miami_Grand_Prix,2022-2025,26.0,0.3559407818567514,random,V2_plus_TM
MEDIUM,Monaco_Grand_Prix,2018-2021,6.0,0.8642067642134429,random,V2_plus_TM
MEDIUM,Monaco_Grand_Prix,2022-2025,34.0,1.251554462522246,random,V2_plus_TM
MEDIUM,Portuguese_Grand_Prix,2018-2021,35.0,0.6768886663171467,random,V2_plus_TM
MEDIUM,Qatar_Grand_Prix,2018-2021,10.0,0.7278466415323056,random,V2_plus_TM
MEDIUM,Qatar_Grand_Prix,2022-2025,34.0,0.43550955293836585,random,V2_plus_TM
MEDIUM,Russian_Grand_Prix,2018-2021,35.0,0.825603272202308,random,V2_plus_TM
MEDIUM,Saudi_Arabian_Grand_Prix,2018-2021,9.0,0.5272646975424518,random,V2_plus_TM
MEDIUM,Saudi_Arabian_Grand_Prix,2022-2025,10.0,0.5991946072712389,random,V2_plus_TM
MEDIUM,Singapore_Grand_Prix,2022-2025,22.0,1.090237326231467,random,V2_plus_TM
MEDIUM,Spanish_Grand_Prix,2018-2021,43.0,0.614094667710894,random,V2_plus_TM
MEDIUM,Spanish_Grand_Prix,2022-2025,38.0,0.503631468462608,random,V2_plus_TM
MEDIUM,Styrian_Grand_Prix,2018-2021,26.0,0.33866249793036024,random,V2_plus_TM
MEDIUM,São_Paulo_Grand_Prix,2018-2021,3.0,0.2027311020267533,random,V2_plus_TM
MEDIUM,São_Paulo_Grand_Prix,2022-2025,49.0,0.4539978799820999,random,V2_plus_TM
MEDIUM,United_States_Grand_Prix,2018-2021,12.0,0.834404240735897,random,V2_plus_TM
MEDIUM,United_States_Grand_Prix,2022-2025,41.0,0.3956730397003923,random,V2_plus_TM
SOFT,Abu_Dhabi_Grand_Prix,2018-2021,7.0,0.49324291786189706,random,V2_plus_TM
SOFT,Australian_Grand_Prix,2018-2021,12.0,0.7121426427611611,random,V2_plus_TM
SOFT,Austrian_Grand_Prix,2018-2021,25.0,0.2978937790795955,random,V2_plus_TM
SOFT,Azerbaijan_Grand_Prix,2018-2021,10.0,0.750958393844306,random,V2_plus_TM
SOFT,Bahrain_Grand_Prix,2018-2021,10.0,0.7799865361931916,random,V2_plus_TM
SOFT,Bahrain_Grand_Prix,2022-2025,42.0,0.6037100044898255,random,V2_plus_TM
SOFT,Belgian_Grand_Prix,2018-2021,15.0,0.6412862138682789,random,V2_plus_TM
SOFT,Belgian_Grand_Prix,2022-2025,9.0,0.5254576835292205,random,V2_plus_TM
SOFT,Brazilian_Grand_Prix,2018-2021,24.0,0.3771671678453799,random,V2_plus_TM
SOFT,British_Grand_Prix,2018-2021,8.0,0.4360677513057898,random,V2_plus_TM
SOFT,British_Grand_Prix,2022-2025,10.0,0.446360735172425,random,V2_plus_TM
SOFT,Canadian_Grand_Prix,2026+,10.0,0.5936550854865933,random,V2_plus_TM
SOFT,Chinese_Grand_Prix,2018-2021,9.0,0.5660442059218088,random,V2_plus_TM
SOFT,Dutch_Grand_Prix,2018-2021,8.0,0.5399207328700271,random,V2_plus_TM
SOFT,Dutch_Grand_Prix,2022-2025,29.0,0.300888019333029,random,V2_plus_TM
SOFT,Eifel_Grand_Prix,2018-2021,2.0,1.0175903824792192,random,V2_plus_TM
SOFT,Emilia_Romagna_Grand_Prix,2018-2021,6.0,1.0671692483808741,random,V2_plus_TM
SOFT,French_Grand_Prix,2018-2021,7.0,0.42838983881087317,random,V2_plus_TM
SOFT,German_Grand_Prix,2018-2021,9.0,0.7782734998124112,random,V2_plus_TM
SOFT,Hungarian_Grand_Prix,2018-2021,6.0,0.7458651366243643,random,V2_plus_TM
SOFT,Hungarian_Grand_Prix,2022-2025,7.0,0.47162950258648373,random,V2_plus_TM
SOFT,Italian_Grand_Prix,2018-2021,15.0,0.33700914477024185,random,V2_plus_TM
SOFT,Italian_Grand_Prix,2022-2025,5.0,0.1518506059317495,random,V2_plus_TM
SOFT,Japanese_Grand_Prix,2018-2021,18.0,0.5129608467329406,random,V2_plus_TM
SOFT,Mexico_City_Grand_Prix,2022-2025,18.0,0.4127726344148623,random,V2_plus_TM
SOFT,Monaco_Grand_Prix,2018-2021,26.0,0.840044534143662,random,V2_plus_TM
SOFT,Portuguese_Grand_Prix,2018-2021,6.0,0.4706635129326977,random,V2_plus_TM
SOFT,Russian_Grand_Prix,2018-2021,23.0,0.6445803749229155,random,V2_plus_TM
SOFT,Singapore_Grand_Prix,2018-2021,15.0,0.6050736995706407,random,V2_plus_TM
SOFT,Singapore_Grand_Prix,2022-2025,10.0,0.5842968782455027,random,V2_plus_TM
SOFT,Spanish_Grand_Prix,2018-2021,32.0,0.6318767416343992,random,V2_plus_TM
SOFT,Spanish_Grand_Prix,2022-2025,51.0,0.6488576659783489,random,V2_plus_TM
SOFT,Styrian_Grand_Prix,2018-2021,12.0,0.37052894758007815,random,V2_plus_TM
SOFT,São_Paulo_Grand_Prix,2022-2025,28.0,0.3740278101518796,random,V2_plus_TM
SOFT,United_States_Grand_Prix,2018-2021,7.0,0.6698668274101426,random,V2_plus_TM
SOFT,United_States_Grand_Prix,2022-2025,11.0,0.34468500219669335,random,V2_plus_TM
SUPERSOFT,Abu_Dhabi_Grand_Prix,2018-2021,10.0,0.8660241797079731,random,V2_plus_TM
SUPERSOFT,Australian_Grand_Prix,2018-2021,6.0,0.792657039125101,random,V2_plus_TM
SUPERSOFT,Austrian_Grand_Prix,2018-2021,4.0,0.3067029610414616,random,V2_plus_TM
SUPERSOFT,Azerbaijan_Grand_Prix,2018-2021,14.0,1.101821976804344,random,V2_plus_TM
SUPERSOFT,Belgian_Grand_Prix,2018-2021,4.0,1.111246549470517,random,V2_plus_TM
SUPERSOFT,Brazilian_Grand_Prix,2018-2021,15.0,0.5625795827308557,random,V2_plus_TM
SUPERSOFT,Canadian_Grand_Prix,2018-2021,18.0,0.3378661770784767,random,V2_plus_TM
SUPERSOFT,French_Grand_Prix,2018-2021,9.0,0.8107689863582959,random,V2_plus_TM
SUPERSOFT,Japanese_Grand_Prix,2018-2021,5.0,0.6625974814936468,random,V2_plus_TM
SUPERSOFT,Mexican_Grand_Prix,2018-2021,17.0,0.9526739618893522,random,V2_plus_TM
SUPERSOFT,United_States_Grand_Prix,2018-2021,3.0,0.5963810373759112,random,V2_plus_TM
ULTRASOFT,Abu_Dhabi_Grand_Prix,2018-2021,4.0,0.8978319405725207,random,V2_plus_TM
ULTRASOFT,Chinese_Grand_Prix,2018-2021,19.0,1.3903686555271217,random,V2_plus_TM
ULTRASOFT,German_Grand_Prix,2018-2021,6.0,0.6460048331475214,random,V2_plus_TM
ULTRASOFT,Hungarian_Grand_Prix,2018-2021,2.0,0.10447676713707503,random,V2_plus_TM
ULTRASOFT,Mexican_Grand_Prix,2018-2021,4.0,0.8691463878137032,random,V2_plus_TM
ULTRASOFT,Monaco_Grand_Prix,2018-2021,23.0,1.0740611336835126,random,V2_plus_TM
ULTRASOFT,Russian_Grand_Prix,2018-2021,4.0,0.8612372033872017,random,V2_plus_TM
ULTRASOFT,Singapore_Grand_Prix,2018-2021,9.0,2.4196255864602185,random,V2_plus_TM
HARD,Abu_Dhabi_Grand_Prix,2022-2025,60.0,0.36897295725915014,fixed_2018_2023_train,V2_plus_TM
HARD,Australian_Grand_Prix,2022-2025,33.0,1.0284966111578877,fixed_2018_2023_train,V2_plus_TM
HARD,Austrian_Grand_Prix,2022-2025,54.0,0.3453468152984868,fixed_2018_2023_train,V2_plus_TM
HARD,Azerbaijan_Grand_Prix,2022-2025,129.0,0.5899592257117645,fixed_2018_2023_train,V2_plus_TM
HARD,Bahrain_Grand_Prix,2022-2025,50.0,0.5240987077692757,fixed_2018_2023_train,V2_plus_TM
HARD,Belgian_Grand_Prix,2022-2025,34.0,0.5810321496078885,fixed_2018_2023_train,V2_plus_TM
HARD,British_Grand_Prix,2022-2025,27.0,0.778570096806192,fixed_2018_2023_train,V2_plus_TM
HARD,Canadian_Grand_Prix,2022-2025,95.0,0.4187916880494952,fixed_2018_2023_train,V2_plus_TM
HARD,Dutch_Grand_Prix,2022-2025,108.0,0.43646124071711456,fixed_2018_2023_train,V2_plus_TM
HARD,Hungarian_Grand_Prix,2022-2025,117.0,0.6998712781075508,fixed_2018_2023_train,V2_plus_TM
HARD,Italian_Grand_Prix,2022-2025,98.0,0.40741618551316494,fixed_2018_2023_train,V2_plus_TM
HARD,Japanese_Grand_Prix,2022-2025,85.0,0.8797550618859188,fixed_2018_2023_train,V2_plus_TM
HARD,Las_Vegas_Grand_Prix,2022-2025,97.0,0.6693601714855005,fixed_2018_2023_train,V2_plus_TM
HARD,Mexico_City_Grand_Prix,2022-2025,51.0,0.5712940908565379,fixed_2018_2023_train,V2_plus_TM
HARD,Miami_Grand_Prix,2022-2025,75.0,0.54978989591843,fixed_2018_2023_train,V2_plus_TM
HARD,Monaco_Grand_Prix,2022-2025,78.0,1.5466365456819438,fixed_2018_2023_train,V2_plus_TM
HARD,Qatar_Grand_Prix,2022-2025,54.0,0.5406508693163469,fixed_2018_2023_train,V2_plus_TM
HARD,Saudi_Arabian_Grand_Prix,2022-2025,75.0,0.5139583161370216,fixed_2018_2023_train,V2_plus_TM
HARD,Singapore_Grand_Prix,2022-2025,145.0,0.8039065670795232,fixed_2018_2023_train,V2_plus_TM
HARD,Spanish_Grand_Prix,2022-2025,3.0,1.0518847515760332,fixed_2018_2023_train,V2_plus_TM
HARD,United_States_Grand_Prix,2022-2025,54.0,0.5628102294409809,fixed_2018_2023_train,V2_plus_TM
MEDIUM,Abu_Dhabi_Grand_Prix,2022-2025,45.0,0.5210675346224884,fixed_2018_2023_train,V2_plus_TM
MEDIUM,Australian_Grand_Prix,2022-2025,14.0,0.9575485636384615,fixed_2018_2023_train,V2_plus_TM
MEDIUM,Austrian_Grand_Prix,2022-2025,66.0,0.486619537957229,fixed_2018_2023_train,V2_plus_TM
MEDIUM,Azerbaijan_Grand_Prix,2022-2025,39.0,0.52181347710218,fixed_2018_2023_train,V2_plus_TM
MEDIUM,Bahrain_Grand_Prix,2022-2025,43.0,0.6994136662820298,fixed_2018_2023_train,V2_plus_TM
MEDIUM,Belgian_Grand_Prix,2022-2025,94.0,1.1344905298042998,fixed_2018_2023_train,V2_plus_TM
MEDIUM,British_Grand_Prix,2022-2025,37.0,1.5029266030575252,fixed_2018_2023_train,V2_plus_TM
MEDIUM,Canadian_Grand_Prix,2022-2025,31.0,0.6085455274835551,fixed_2018_2023_train,V2_plus_TM
MEDIUM,Dutch_Grand_Prix,2022-2025,75.0,0.2736301617304887,fixed_2018_2023_train,V2_plus_TM
MEDIUM,Emilia_Romagna_Grand_Prix,2022-2025,89.0,0.8954941875454551,fixed_2018_2023_train,V2_plus_TM
MEDIUM,Hungarian_Grand_Prix,2022-2025,98.0,0.6042552478517221,fixed_2018_2023_train,V2_plus_TM
MEDIUM,Italian_Grand_Prix,2022-2025,70.0,0.4172692871711057,fixed_2018_2023_train,V2_plus_TM
MEDIUM,Japanese_Grand_Prix,2022-2025,89.0,0.5322917274163333,fixed_2018_2023_train,V2_plus_TM
MEDIUM,Las_Vegas_Grand_Prix,2022-2025,60.0,1.0395625625233478,fixed_2018_2023_train,V2_plus_TM
MEDIUM,Mexico_City_Grand_Prix,2022-2025,122.0,0.6054148048176046,fixed_2018_2023_train,V2_plus_TM
MEDIUM,Miami_Grand_Prix,2022-2025,58.0,0.44539885594912704,fixed_2018_2023_train,V2_plus_TM
MEDIUM,Monaco_Grand_Prix,2022-2025,45.0,0.6428725575763212,fixed_2018_2023_train,V2_plus_TM
MEDIUM,Qatar_Grand_Prix,2022-2025,105.0,0.5250802206440339,fixed_2018_2023_train,V2_plus_TM
MEDIUM,Saudi_Arabian_Grand_Prix,2022-2025,9.0,0.43256935366002464,fixed_2018_2023_train,V2_plus_TM
MEDIUM,Singapore_Grand_Prix,2022-2025,49.0,0.3383005979171007,fixed_2018_2023_train,V2_plus_TM
MEDIUM,Spanish_Grand_Prix,2022-2025,62.0,0.5170452039977841,fixed_2018_2023_train,V2_plus_TM
MEDIUM,São_Paulo_Grand_Prix,2022-2025,92.0,0.6319927720557242,fixed_2018_2023_train,V2_plus_TM
MEDIUM,United_States_Grand_Prix,2022-2025,89.0,0.4221405502210224,fixed_2018_2023_train,V2_plus_TM
SOFT,Bahrain_Grand_Prix,2022-2025,97.0,0.6613643438612862,fixed_2018_2023_train,V2_plus_TM
SOFT,Dutch_Grand_Prix,2022-2025,54.0,0.4764231639214646,fixed_2018_2023_train,V2_plus_TM
SOFT,Hungarian_Grand_Prix,2022-2025,15.0,0.7766873400827431,fixed_2018_2023_train,V2_plus_TM
SOFT,Mexico_City_Grand_Prix,2022-2025,61.0,0.7112235309267576,fixed_2018_2023_train,V2_plus_TM
SOFT,Singapore_Grand_Prix,2022-2025,26.0,0.6532473637965831,fixed_2018_2023_train,V2_plus_TM
SOFT,Spanish_Grand_Prix,2022-2025,148.0,0.6705140577030464,fixed_2018_2023_train,V2_plus_TM
SOFT,São_Paulo_Grand_Prix,2022-2025,15.0,0.3997850795593179,fixed_2018_2023_train,V2_plus_TM
HARD,Abu_Dhabi_Grand_Prix,2018-2021,59.0,0.5882177972082697,expanding_window_test_2021,V2_plus_TM
HARD,Austrian_Grand_Prix,2018-2021,56.0,0.5306517252709942,expanding_window_test_2021,V2_plus_TM
HARD,Bahrain_Grand_Prix,2018-2021,32.0,0.5865460329716125,expanding_window_test_2021,V2_plus_TM
HARD,French_Grand_Prix,2018-2021,38.0,0.7723008459075537,expanding_window_test_2021,V2_plus_TM
HARD,Italian_Grand_Prix,2018-2021,19.0,0.4636942981764725,expanding_window_test_2021,V2_plus_TM
HARD,Monaco_Grand_Prix,2018-2021,77.0,1.5269339910669815,expanding_window_test_2021,V2_plus_TM
HARD,Portuguese_Grand_Prix,2018-2021,25.0,0.9807760839375549,expanding_window_test_2021,V2_plus_TM
HARD,Russian_Grand_Prix,2018-2021,47.0,0.9150915337844032,expanding_window_test_2021,V2_plus_TM
HARD,Styrian_Grand_Prix,2018-2021,58.0,0.3567970779704905,expanding_window_test_2021,V2_plus_TM
HARD,United_States_Grand_Prix,2018-2021,62.0,0.48917631224738006,expanding_window_test_2021,V2_plus_TM
MEDIUM,Austrian_Grand_Prix,2018-2021,54.0,0.5275449580620934,expanding_window_test_2021,V2_plus_TM
MEDIUM,Bahrain_Grand_Prix,2018-2021,60.0,0.7129138694333479,expanding_window_test_2021,V2_plus_TM
MEDIUM,Emilia_Romagna_Grand_Prix,2018-2021,25.0,0.4538751475963958,expanding_window_test_2021,V2_plus_TM
MEDIUM,French_Grand_Prix,2018-2021,56.0,0.5002657748967367,expanding_window_test_2021,V2_plus_TM
MEDIUM,Italian_Grand_Prix,2018-2021,43.0,0.5281314465206328,expanding_window_test_2021,V2_plus_TM
MEDIUM,Portuguese_Grand_Prix,2018-2021,71.0,0.5777125344682184,expanding_window_test_2021,V2_plus_TM
MEDIUM,Russian_Grand_Prix,2018-2021,28.0,1.8469249861232944,expanding_window_test_2021,V2_plus_TM
MEDIUM,Spanish_Grand_Prix,2018-2021,62.0,0.5435055724462324,expanding_window_test_2021,V2_plus_TM
MEDIUM,Styrian_Grand_Prix,2018-2021,42.0,0.537653154973476,expanding_window_test_2021,V2_plus_TM
MEDIUM,United_States_Grand_Prix,2018-2021,32.0,0.37731243213448984,expanding_window_test_2021,V2_plus_TM
SOFT,Abu_Dhabi_Grand_Prix,2018-2021,30.0,0.8449900921216941,expanding_window_test_2021,V2_plus_TM
SOFT,Azerbaijan_Grand_Prix,2018-2021,20.0,0.6408310002678418,expanding_window_test_2021,V2_plus_TM
SOFT,Emilia_Romagna_Grand_Prix,2018-2021,25.0,1.910989945389073,expanding_window_test_2021,V2_plus_TM
SOFT,Monaco_Grand_Prix,2018-2021,59.0,0.7042441799095659,expanding_window_test_2021,V2_plus_TM
SOFT,Portuguese_Grand_Prix,2018-2021,12.0,0.5349987916615183,expanding_window_test_2021,V2_plus_TM
SOFT,Spanish_Grand_Prix,2018-2021,45.0,0.6144266449247683,expanding_window_test_2021,V2_plus_TM
SOFT,Styrian_Grand_Prix,2018-2021,23.0,0.383895940122587,expanding_window_test_2021,V2_plus_TM
HARD,Abu_Dhabi_Grand_Prix,2022-2025,71.0,0.41232296881084823,expanding_window_test_2023,V2_plus_TM
HARD,Australian_Grand_Prix,2022-2025,68.0,0.8488609096268372,expanding_window_test_2023,V2_plus_TM
HARD,Austrian_Grand_Prix,2022-2025,38.0,0.6405999040270625,expanding_window_test_2023,V2_plus_TM
HARD,Azerbaijan_Grand_Prix,2022-2025,72.0,0.2955470251368598,expanding_window_test_2023,V2_plus_TM
HARD,Bahrain_Grand_Prix,2022-2025,36.0,0.9668937348062653,expanding_window_test_2023,V2_plus_TM
HARD,Canadian_Grand_Prix,2022-2025,47.0,0.40566248951292033,expanding_window_test_2023,V2_plus_TM
HARD,Hungarian_Grand_Prix,2022-2025,45.0,0.443848310727345,expanding_window_test_2023,V2_plus_TM
HARD,Italian_Grand_Prix,2022-2025,54.0,0.5750566275598689,expanding_window_test_2023,V2_plus_TM
HARD,Miami_Grand_Prix,2022-2025,70.0,0.4329021951795539,expanding_window_test_2023,V2_plus_TM
HARD,Monaco_Grand_Prix,2022-2025,28.0,2.3603871246587733,expanding_window_test_2023,V2_plus_TM
HARD,Saudi_Arabian_Grand_Prix,2022-2025,53.0,0.7880352748012139,expanding_window_test_2023,V2_plus_TM
HARD,United_States_Grand_Prix,2022-2025,35.0,0.4149201116876221,expanding_window_test_2023,V2_plus_TM
MEDIUM,Abu_Dhabi_Grand_Prix,2022-2025,28.0,0.43670137493753486,expanding_window_test_2023,V2_plus_TM
MEDIUM,Austrian_Grand_Prix,2022-2025,73.0,0.9856607651405854,expanding_window_test_2023,V2_plus_TM
MEDIUM,Azerbaijan_Grand_Prix,2022-2025,14.0,0.4396250139227127,expanding_window_test_2023,V2_plus_TM
MEDIUM,Belgian_Grand_Prix,2022-2025,22.0,0.8356844897259397,expanding_window_test_2023,V2_plus_TM
MEDIUM,British_Grand_Prix,2022-2025,53.0,0.9650091458508996,expanding_window_test_2023,V2_plus_TM
MEDIUM,Canadian_Grand_Prix,2022-2025,61.0,0.32324502235995795,expanding_window_test_2023,V2_plus_TM
MEDIUM,Hungarian_Grand_Prix,2022-2025,76.0,0.6608286298266237,expanding_window_test_2023,V2_plus_TM
MEDIUM,Italian_Grand_Prix,2022-2025,35.0,0.41815004147327545,expanding_window_test_2023,V2_plus_TM
MEDIUM,Miami_Grand_Prix,2022-2025,21.0,0.40753219841987004,expanding_window_test_2023,V2_plus_TM
MEDIUM,Monaco_Grand_Prix,2022-2025,63.0,1.99092127962097,expanding_window_test_2023,V2_plus_TM
MEDIUM,Saudi_Arabian_Grand_Prix,2022-2025,24.0,0.6751493634348169,expanding_window_test_2023,V2_plus_TM
MEDIUM,Singapore_Grand_Prix,2022-2025,32.0,1.5855051382933687,expanding_window_test_2023,V2_plus_TM
MEDIUM,Spanish_Grand_Prix,2022-2025,47.0,0.8159525183325085,expanding_window_test_2023,V2_plus_TM
MEDIUM,São_Paulo_Grand_Prix,2022-2025,46.0,0.6117948699838012,expanding_window_test_2023,V2_plus_TM
MEDIUM,United_States_Grand_Prix,2022-2025,61.0,0.4797516303157277,expanding_window_test_2023,V2_plus_TM
SOFT,Bahrain_Grand_Prix,2022-2025,62.0,0.9620849030256466,expanding_window_test_2023,V2_plus_TM
SOFT,Belgian_Grand_Prix,2022-2025,45.0,0.7481490809064751,expanding_window_test_2023,V2_plus_TM
SOFT,British_Grand_Prix,2022-2025,28.0,0.44489833024376885,expanding_window_test_2023,V2_plus_TM
SOFT,Dutch_Grand_Prix,2022-2025,73.0,0.4944004448673292,expanding_window_test_2023,V2_plus_TM
SOFT,Spanish_Grand_Prix,2022-2025,24.0,0.645333820448111,expanding_window_test_2023,V2_plus_TM
SOFT,São_Paulo_Grand_Prix,2022-2025,68.0,0.45990170976232514,expanding_window_test_2023,V2_plus_TM
HARD,Australian_Grand_Prix,2022-2025,33.0,1.0284966111578877,expanding_window_test_2024,V2_plus_TM
HARD,Austrian_Grand_Prix,2022-2025,54.0,0.3453468152984868,expanding_window_test_2024,V2_plus_TM
HARD,Azerbaijan_Grand_Prix,2022-2025,66.0,0.7706934153697732,expanding_window_test_2024,V2_plus_TM
HARD,Bahrain_Grand_Prix,2022-2025,39.0,0.266677624610983,expanding_window_test_2024,V2_plus_TM
HARD,Belgian_Grand_Prix,2022-2025,34.0,0.5810321496078885,expanding_window_test_2024,V2_plus_TM
HARD,British_Grand_Prix,2022-2025,27.0,0.778570096806192,expanding_window_test_2024,V2_plus_TM
HARD,Dutch_Grand_Prix,2022-2025,83.0,0.33458589077634954,expanding_window_test_2024,V2_plus_TM
HARD,Hungarian_Grand_Prix,2022-2025,47.0,0.79598899081262,expanding_window_test_2024,V2_plus_TM
HARD,Italian_Grand_Prix,2022-2025,61.0,0.3333974988305407,expanding_window_test_2024,V2_plus_TM
HARD,Japanese_Grand_Prix,2022-2025,32.0,0.5601843539645907,expanding_window_test_2024,V2_plus_TM
HARD,Las_Vegas_Grand_Prix,2022-2025,57.0,0.6893944123931552,expanding_window_test_2024,V2_plus_TM
HARD,Mexico_City_Grand_Prix,2022-2025,51.0,0.5712940908565379,expanding_window_test_2024,V2_plus_TM
HARD,Miami_Grand_Prix,2022-2025,29.0,0.6929601316159857,expanding_window_test_2024,V2_plus_TM
HARD,Qatar_Grand_Prix,2022-2025,14.0,0.3698907574983223,expanding_window_test_2024,V2_plus_TM
HARD,Saudi_Arabian_Grand_Prix,2022-2025,75.0,0.5139583161370216,expanding_window_test_2024,V2_plus_TM
HARD,Singapore_Grand_Prix,2022-2025,59.0,0.731633583748888,expanding_window_test_2024,V2_plus_TM
HARD,United_States_Grand_Prix,2022-2025,54.0,0.5628102294409809,expanding_window_test_2024,V2_plus_TM
MEDIUM,Australian_Grand_Prix,2022-2025,11.0,0.35983149857192365,expanding_window_test_2024,V2_plus_TM
MEDIUM,Austrian_Grand_Prix,2022-2025,66.0,0.486619537957229,expanding_window_test_2024,V2_plus_TM
MEDIUM,Azerbaijan_Grand_Prix,2022-2025,19.0,0.46896412697454826,expanding_window_test_2024,V2_plus_TM
MEDIUM,Belgian_Grand_Prix,2022-2025,39.0,0.4752438432190605,expanding_window_test_2024,V2_plus_TM
MEDIUM,British_Grand_Prix,2022-2025,29.0,1.6748746200333042,expanding_window_test_2024,V2_plus_TM
MEDIUM,Canadian_Grand_Prix,2022-2025,14.0,0.8107496802456885,expanding_window_test_2024,V2_plus_TM
MEDIUM,Dutch_Grand_Prix,2022-2025,52.0,0.2450263514801925,expanding_window_test_2024,V2_plus_TM
MEDIUM,Emilia_Romagna_Grand_Prix,2022-2025,44.0,0.8343684556066016,expanding_window_test_2024,V2_plus_TM
MEDIUM,Hungarian_Grand_Prix,2022-2025,67.0,0.66678031265109,expanding_window_test_2024,V2_plus_TM
MEDIUM,Italian_Grand_Prix,2022-2025,22.0,0.4054043711789595,expanding_window_test_2024,V2_plus_TM
MEDIUM,Japanese_Grand_Prix,2022-2025,52.0,0.5338558931151566,expanding_window_test_2024,V2_plus_TM
MEDIUM,Las_Vegas_Grand_Prix,2022-2025,20.0,0.7929326867639294,expanding_window_test_2024,V2_plus_TM
MEDIUM,Mexico_City_Grand_Prix,2022-2025,57.0,0.6263996269871978,expanding_window_test_2024,V2_plus_TM
MEDIUM,Miami_Grand_Prix,2022-2025,58.0,0.44539885594912704,expanding_window_test_2024,V2_plus_TM
MEDIUM,Qatar_Grand_Prix,2022-2025,56.0,0.5981452086027064,expanding_window_test_2024,V2_plus_TM
MEDIUM,Saudi_Arabian_Grand_Prix,2022-2025,9.0,0.43256935366002464,expanding_window_test_2024,V2_plus_TM
MEDIUM,Singapore_Grand_Prix,2022-2025,49.0,0.3383005979171007,expanding_window_test_2024,V2_plus_TM
MEDIUM,Spanish_Grand_Prix,2022-2025,41.0,0.4986199164857599,expanding_window_test_2024,V2_plus_TM
MEDIUM,United_States_Grand_Prix,2022-2025,39.0,0.5128722777309495,expanding_window_test_2024,V2_plus_TM
SOFT,Bahrain_Grand_Prix,2022-2025,59.0,0.6092677668102149,expanding_window_test_2024,V2_plus_TM
SOFT,Spanish_Grand_Prix,2022-2025,77.0,0.6051883850077758,expanding_window_test_2024,V2_plus_TM
HARD,Abu_Dhabi_Grand_Prix,2022-2025,60.0,0.36050649525684103,expanding_window_test_2025,V2_plus_TM
HARD,Azerbaijan_Grand_Prix,2022-2025,63.0,0.43312449555849575,expanding_window_test_2025,V2_plus_TM
HARD,Bahrain_Grand_Prix,2022-2025,11.0,0.9971092421070625,expanding_window_test_2025,V2_plus_TM
HARD,Canadian_Grand_Prix,2022-2025,95.0,0.4190256885445859,expanding_window_test_2025,V2_plus_TM
HARD,Chinese_Grand_Prix,2022-2025,72.0,0.6758660253163985,expanding_window_test_2025,V2_plus_TM
HARD,Dutch_Grand_Prix,2022-2025,25.0,0.39598488399154613,expanding_window_test_2025,V2_plus_TM
HARD,Emilia_Romagna_Grand_Prix,2022-2025,48.0,0.5479572317175696,expanding_window_test_2025,V2_plus_TM
HARD,Hungarian_Grand_Prix,2022-2025,70.0,0.7213617972538119,expanding_window_test_2025,V2_plus_TM
HARD,Italian_Grand_Prix,2022-2025,37.0,0.4714230241686441,expanding_window_test_2025,V2_plus_TM
HARD,Japanese_Grand_Prix,2022-2025,53.0,0.8761586312486078,expanding_window_test_2025,V2_plus_TM
HARD,Las_Vegas_Grand_Prix,2022-2025,40.0,0.5632913909158147,expanding_window_test_2025,V2_plus_TM
HARD,Miami_Grand_Prix,2022-2025,46.0,0.2326520029976835,expanding_window_test_2025,V2_plus_TM
HARD,Monaco_Grand_Prix,2022-2025,78.0,1.530629319636844,expanding_window_test_2025,V2_plus_TM
HARD,Qatar_Grand_Prix,2022-2025,40.0,0.5863645128964798,expanding_window_test_2025,V2_plus_TM
HARD,Singapore_Grand_Prix,2022-2025,86.0,0.860789560905215,expanding_window_test_2025,V2_plus_TM
HARD,Spanish_Grand_Prix,2022-2025,3.0,0.9249270480400761,expanding_window_test_2025,V2_plus_TM
MEDIUM,Abu_Dhabi_Grand_Prix,2022-2025,45.0,0.3935263419994044,expanding_window_test_2025,V2_plus_TM
MEDIUM,Australian_Grand_Prix,2022-2025,3.0,1.6652817483594633,expanding_window_test_2025,V2_plus_TM
MEDIUM,Azerbaijan_Grand_Prix,2022-2025,20.0,0.5713601622459884,expanding_window_test_2025,V2_plus_TM
MEDIUM,Bahrain_Grand_Prix,2022-2025,43.0,0.6994136662820298,expanding_window_test_2025,V2_plus_TM
MEDIUM,Belgian_Grand_Prix,2022-2025,55.0,0.7673231607649245,expanding_window_test_2025,V2_plus_TM
MEDIUM,British_Grand_Prix,2022-2025,8.0,0.5990518453078223,expanding_window_test_2025,V2_plus_TM
MEDIUM,Canadian_Grand_Prix,2022-2025,17.0,0.4038948377424622,expanding_window_test_2025,V2_plus_TM
MEDIUM,Chinese_Grand_Prix,2022-2025,21.0,0.3232996285383507,expanding_window_test_2025,V2_plus_TM
MEDIUM,Dutch_Grand_Prix,2022-2025,23.0,0.38608495561342004,expanding_window_test_2025,V2_plus_TM
MEDIUM,Emilia_Romagna_Grand_Prix,2022-2025,45.0,0.4125187274593593,expanding_window_test_2025,V2_plus_TM
MEDIUM,Hungarian_Grand_Prix,2022-2025,31.0,0.4103358256713234,expanding_window_test_2025,V2_plus_TM
MEDIUM,Italian_Grand_Prix,2022-2025,48.0,0.3654982405335019,expanding_window_test_2025,V2_plus_TM
MEDIUM,Japanese_Grand_Prix,2022-2025,37.0,0.40874918983353425,expanding_window_test_2025,V2_plus_TM
MEDIUM,Las_Vegas_Grand_Prix,2022-2025,40.0,1.0844852307764652,expanding_window_test_2025,V2_plus_TM
MEDIUM,Mexico_City_Grand_Prix,2022-2025,65.0,0.40927885538624154,expanding_window_test_2025,V2_plus_TM
MEDIUM,Monaco_Grand_Prix,2022-2025,45.0,1.0853129794623348,expanding_window_test_2025,V2_plus_TM
MEDIUM,Qatar_Grand_Prix,2022-2025,49.0,1.0414540619437163,expanding_window_test_2025,V2_plus_TM
MEDIUM,Spanish_Grand_Prix,2022-2025,21.0,0.5423621614566528,expanding_window_test_2025,V2_plus_TM
MEDIUM,São_Paulo_Grand_Prix,2022-2025,92.0,0.6319927720557242,expanding_window_test_2025,V2_plus_TM
MEDIUM,United_States_Grand_Prix,2022-2025,50.0,0.30251576096305377,expanding_window_test_2025,V2_plus_TM
SOFT,Bahrain_Grand_Prix,2022-2025,38.0,0.6207773747435825,expanding_window_test_2025,V2_plus_TM
SOFT,Dutch_Grand_Prix,2022-2025,54.0,0.47060174302415575,expanding_window_test_2025,V2_plus_TM
SOFT,Hungarian_Grand_Prix,2022-2025,15.0,0.7392245613815921,expanding_window_test_2025,V2_plus_TM
SOFT,Mexico_City_Grand_Prix,2022-2025,61.0,0.7112235309267576,expanding_window_test_2025,V2_plus_TM
SOFT,Singapore_Grand_Prix,2022-2025,26.0,0.4883093249560478,expanding_window_test_2025,V2_plus_TM
SOFT,Spanish_Grand_Prix,2022-2025,71.0,0.7288282660012759,expanding_window_test_2025,V2_plus_TM
SOFT,São_Paulo_Grand_Prix,2022-2025,15.0,0.3997850795593179,expanding_window_test_2025,V2_plus_TM
HARD,70th_Anniversary_Grand_Prix,2018-2021,16.0,0.33208028354489255,random,V2_plus_Consistency
HARD,Abu_Dhabi_Grand_Prix,2018-2021,48.0,0.5321715654619787,random,V2_plus_Consistency
HARD,Abu_Dhabi_Grand_Prix,2022-2025,38.0,0.3443835588021856,random,V2_plus_Consistency
HARD,Australian_Grand_Prix,2022-2025,36.0,0.5410750482969948,random,V2_plus_Consistency
HARD,Australian_Grand_Prix,2026+,2.0,0.6125780890650107,random,V2_plus_Consistency
HARD,Austrian_Grand_Prix,2018-2021,29.0,0.3726907226003288,random,V2_plus_Consistency
HARD,Austrian_Grand_Prix,2022-2025,37.0,0.31479184754825784,random,V2_plus_Consistency
HARD,Azerbaijan_Grand_Prix,2018-2021,8.0,0.4560658558946088,random,V2_plus_Consistency
HARD,Azerbaijan_Grand_Prix,2022-2025,58.0,0.5112351232275634,random,V2_plus_Consistency
HARD,Bahrain_Grand_Prix,2018-2021,17.0,0.47394358283968835,random,V2_plus_Consistency
HARD,Bahrain_Grand_Prix,2022-2025,18.0,0.39449998108045625,random,V2_plus_Consistency
HARD,Belgian_Grand_Prix,2022-2025,8.0,0.6436978057535923,random,V2_plus_Consistency
HARD,British_Grand_Prix,2018-2021,17.0,0.5301670159236176,random,V2_plus_Consistency
HARD,British_Grand_Prix,2022-2025,7.0,0.5998715533321628,random,V2_plus_Consistency
HARD,Canadian_Grand_Prix,2018-2021,12.0,0.5306685232522048,random,V2_plus_Consistency
HARD,Canadian_Grand_Prix,2022-2025,35.0,0.5334647597426885,random,V2_plus_Consistency
HARD,Chinese_Grand_Prix,2018-2021,8.0,0.39423097400613305,random,V2_plus_Consistency
HARD,Chinese_Grand_Prix,2022-2025,25.0,0.5552138073088371,random,V2_plus_Consistency
HARD,Chinese_Grand_Prix,2026+,22.0,0.33219014938643815,random,V2_plus_Consistency
HARD,Dutch_Grand_Prix,2018-2021,3.0,0.2970931097707594,random,V2_plus_Consistency
HARD,Dutch_Grand_Prix,2022-2025,27.0,0.2826075232500416,random,V2_plus_Consistency
HARD,Emilia_Romagna_Grand_Prix,2018-2021,15.0,0.40283374343144357,random,V2_plus_Consistency
HARD,Emilia_Romagna_Grand_Prix,2022-2025,20.0,0.434022596651356,random,V2_plus_Consistency
HARD,French_Grand_Prix,2018-2021,16.0,0.4557427051328004,random,V2_plus_Consistency
HARD,French_Grand_Prix,2022-2025,9.0,0.27836963657760233,random,V2_plus_Consistency
HARD,Hungarian_Grand_Prix,2018-2021,25.0,0.5852138445981101,random,V2_plus_Consistency
HARD,Hungarian_Grand_Prix,2022-2025,29.0,0.539952870273156,random,V2_plus_Consistency
HARD,Italian_Grand_Prix,2018-2021,8.0,0.43092510572924586,random,V2_plus_Consistency
HARD,Italian_Grand_Prix,2022-2025,42.0,0.43158361823348174,random,V2_plus_Consistency
HARD,Japanese_Grand_Prix,2022-2025,21.0,0.4848169961208018,random,V2_plus_Consistency
HARD,Japanese_Grand_Prix,2026+,14.0,1.041752801917935,random,V2_plus_Consistency
HARD,Las_Vegas_Grand_Prix,2022-2025,32.0,0.5447291275749274,random,V2_plus_Consistency
HARD,Mexican_Grand_Prix,2018-2021,23.0,0.8014050452818169,random,V2_plus_Consistency
HARD,Mexico_City_Grand_Prix,2018-2021,13.0,0.38652593822311687,random,V2_plus_Consistency
HARD,Mexico_City_Grand_Prix,2022-2025,10.0,0.3174227420944468,random,V2_plus_Consistency
HARD,Miami_Grand_Prix,2022-2025,39.0,0.35689924035331,random,V2_plus_Consistency
HARD,Miami_Grand_Prix,2026+,14.0,0.36220910244063387,random,V2_plus_Consistency
HARD,Monaco_Grand_Prix,2018-2021,30.0,1.2564941644628365,random,V2_plus_Consistency
HARD,Monaco_Grand_Prix,2022-2025,20.0,1.5612727789879812,random,V2_plus_Consistency
HARD,Portuguese_Grand_Prix,2018-2021,6.0,0.6321021300972944,random,V2_plus_Consistency
HARD,Qatar_Grand_Prix,2018-2021,5.0,0.7518987684031252,random,V2_plus_Consistency
HARD,Qatar_Grand_Prix,2022-2025,10.0,0.9642070754300851,random,V2_plus_Consistency
HARD,Russian_Grand_Prix,2018-2021,16.0,0.835400007999237,random,V2_plus_Consistency
HARD,Saudi_Arabian_Grand_Prix,2022-2025,35.0,0.46624879269083314,random,V2_plus_Consistency
HARD,Singapore_Grand_Prix,2018-2021,10.0,0.9708066908645446,random,V2_plus_Consistency
HARD,Singapore_Grand_Prix,2022-2025,46.0,0.7609954168447068,random,V2_plus_Consistency
HARD,Spanish_Grand_Prix,2018-2021,2.0,0.9933214024440274,random,V2_plus_Consistency
HARD,Spanish_Grand_Prix,2022-2025,9.0,1.211904209943588,random,V2_plus_Consistency
HARD,Styrian_Grand_Prix,2018-2021,7.0,0.2950558825832988,random,V2_plus_Consistency
HARD,São_Paulo_Grand_Prix,2018-2021,9.0,0.29710505580571006,random,V2_plus_Consistency
HARD,United_States_Grand_Prix,2018-2021,17.0,0.5125511049845959,random,V2_plus_Consistency
HARD,United_States_Grand_Prix,2022-2025,16.0,0.44740014375150505,random,V2_plus_Consistency
HYPERSOFT,Canadian_Grand_Prix,2018-2021,4.0,0.16720368715862977,random,V2_plus_Consistency
HYPERSOFT,Monaco_Grand_Prix,2018-2021,2.0,2.2864976707492817,random,V2_plus_Consistency
HYPERSOFT,Singapore_Grand_Prix,2018-2021,8.0,0.8772212862256287,random,V2_plus_Consistency
MEDIUM,Abu_Dhabi_Grand_Prix,2018-2021,12.0,0.3222203563329863,random,V2_plus_Consistency
MEDIUM,Abu_Dhabi_Grand_Prix,2022-2025,20.0,0.42209545628557843,random,V2_plus_Consistency
MEDIUM,Australian_Grand_Prix,2018-2021,16.0,0.629719291761344,random,V2_plus_Consistency
MEDIUM,Australian_Grand_Prix,2022-2025,8.0,1.353051525293234,random,V2_plus_Consistency
MEDIUM,Australian_Grand_Prix,2026+,5.0,0.3283280191842363,random,V2_plus_Consistency
MEDIUM,Austrian_Grand_Prix,2018-2021,20.0,0.5204071120185189,random,V2_plus_Consistency
MEDIUM,Austrian_Grand_Prix,2022-2025,23.0,0.524822291296113,random,V2_plus_Consistency
MEDIUM,Azerbaijan_Grand_Prix,2018-2021,11.0,0.7153292578768106,random,V2_plus_Consistency
MEDIUM,Azerbaijan_Grand_Prix,2022-2025,23.0,0.34910871683983086,random,V2_plus_Consistency
MEDIUM,Bahrain_Grand_Prix,2018-2021,42.0,0.6644242383025396,random,V2_plus_Consistency
MEDIUM,Bahrain_Grand_Prix,2022-2025,20.0,0.5946182553433905,random,V2_plus_Consistency
MEDIUM,Belgian_Grand_Prix,2018-2021,2.0,0.12106956190924485,random,V2_plus_Consistency
MEDIUM,Belgian_Grand_Prix,2022-2025,40.0,0.5866242037833942,random,V2_plus_Consistency
MEDIUM,Brazilian_Grand_Prix,2018-2021,5.0,0.33374125559566686,random,V2_plus_Consistency
MEDIUM,British_Grand_Prix,2018-2021,15.0,0.508311903585171,random,V2_plus_Consistency
MEDIUM,British_Grand_Prix,2022-2025,32.0,0.417974896353849,random,V2_plus_Consistency
MEDIUM,Canadian_Grand_Prix,2018-2021,2.0,0.5880917574115663,random,V2_plus_Consistency
MEDIUM,Canadian_Grand_Prix,2022-2025,22.0,0.43692475068927994,random,V2_plus_Consistency
MEDIUM,Canadian_Grand_Prix,2026+,8.0,0.4685941916547009,random,V2_plus_Consistency
MEDIUM,Chinese_Grand_Prix,2018-2021,7.0,0.3606391030913988,random,V2_plus_Consistency
MEDIUM,Chinese_Grand_Prix,2022-2025,5.0,0.413696301627719,random,V2_plus_Consistency
MEDIUM,Dutch_Grand_Prix,2018-2021,10.0,0.8898599822863174,random,V2_plus_Consistency
MEDIUM,Dutch_Grand_Prix,2022-2025,24.0,0.41293738128842583,random,V2_plus_Consistency
MEDIUM,Eifel_Grand_Prix,2018-2021,4.0,0.34719156275534396,random,V2_plus_Consistency
MEDIUM,Emilia_Romagna_Grand_Prix,2018-2021,10.0,0.29367242919084446,random,V2_plus_Consistency
MEDIUM,Emilia_Romagna_Grand_Prix,2022-2025,27.0,0.47012969151511386,random,V2_plus_Consistency
MEDIUM,French_Grand_Prix,2018-2021,9.0,0.3836634158165233,random,V2_plus_Consistency
MEDIUM,French_Grand_Prix,2022-2025,5.0,0.39476949488883223,random,V2_plus_Consistency
MEDIUM,German_Grand_Prix,2018-2021,3.0,1.383923936444386,random,V2_plus_Consistency
MEDIUM,Hungarian_Grand_Prix,2018-2021,18.0,0.6165468293141144,random,V2_plus_Consistency
MEDIUM,Hungarian_Grand_Prix,2022-2025,57.0,0.5332785032600473,random,V2_plus_Consistency
MEDIUM,Italian_Grand_Prix,2018-2021,13.0,0.4387397234864906,random,V2_plus_Consistency
MEDIUM,Italian_Grand_Prix,2022-2025,25.0,0.38913059783952497,random,V2_plus_Consistency
MEDIUM,Japanese_Grand_Prix,2018-2021,6.0,0.7470218187831242,random,V2_plus_Consistency
MEDIUM,Japanese_Grand_Prix,2022-2025,25.0,0.5205827621208232,random,V2_plus_Consistency
MEDIUM,Japanese_Grand_Prix,2026+,5.0,0.4155110176537341,random,V2_plus_Consistency
MEDIUM,Las_Vegas_Grand_Prix,2022-2025,15.0,0.4091668815737693,random,V2_plus_Consistency
MEDIUM,Mexican_Grand_Prix,2018-2021,10.0,0.32713643789251884,random,V2_plus_Consistency
MEDIUM,Mexico_City_Grand_Prix,2018-2021,17.0,0.30820048569883357,random,V2_plus_Consistency
MEDIUM,Mexico_City_Grand_Prix,2022-2025,38.0,0.5394344612072159,random,V2_plus_Consistency
MEDIUM,Miami_Grand_Prix,2022-2025,26.0,0.3439324872514903,random,V2_plus_Consistency
MEDIUM,Monaco_Grand_Prix,2018-2021,6.0,1.0931176970384018,random,V2_plus_Consistency
MEDIUM,Monaco_Grand_Prix,2022-2025,34.0,1.156466892630408,random,V2_plus_Consistency
MEDIUM,Portuguese_Grand_Prix,2018-2021,35.0,0.6709709929170785,random,V2_plus_Consistency
MEDIUM,Qatar_Grand_Prix,2018-2021,10.0,0.75380315547613,random,V2_plus_Consistency
MEDIUM,Qatar_Grand_Prix,2022-2025,34.0,0.42681826448481164,random,V2_plus_Consistency
MEDIUM,Russian_Grand_Prix,2018-2021,35.0,0.8171165904232457,random,V2_plus_Consistency
MEDIUM,Saudi_Arabian_Grand_Prix,2018-2021,9.0,0.5037746246994359,random,V2_plus_Consistency
MEDIUM,Saudi_Arabian_Grand_Prix,2022-2025,10.0,0.5675350632268068,random,V2_plus_Consistency
MEDIUM,Singapore_Grand_Prix,2022-2025,22.0,1.064420146766095,random,V2_plus_Consistency
MEDIUM,Spanish_Grand_Prix,2018-2021,43.0,0.6265389593233597,random,V2_plus_Consistency
MEDIUM,Spanish_Grand_Prix,2022-2025,38.0,0.5047544958750964,random,V2_plus_Consistency
MEDIUM,Styrian_Grand_Prix,2018-2021,26.0,0.380344853402745,random,V2_plus_Consistency
MEDIUM,São_Paulo_Grand_Prix,2018-2021,3.0,0.21519864200170988,random,V2_plus_Consistency
MEDIUM,São_Paulo_Grand_Prix,2022-2025,49.0,0.4613506319222852,random,V2_plus_Consistency
MEDIUM,United_States_Grand_Prix,2018-2021,12.0,0.8360051307960493,random,V2_plus_Consistency
MEDIUM,United_States_Grand_Prix,2022-2025,41.0,0.37673252674505836,random,V2_plus_Consistency
SOFT,Abu_Dhabi_Grand_Prix,2018-2021,7.0,0.5514412053522252,random,V2_plus_Consistency
SOFT,Australian_Grand_Prix,2018-2021,12.0,0.713045516131977,random,V2_plus_Consistency
SOFT,Austrian_Grand_Prix,2018-2021,25.0,0.2787248319619881,random,V2_plus_Consistency
SOFT,Azerbaijan_Grand_Prix,2018-2021,10.0,0.7366160176486531,random,V2_plus_Consistency
SOFT,Bahrain_Grand_Prix,2018-2021,10.0,0.8089007021641001,random,V2_plus_Consistency
SOFT,Bahrain_Grand_Prix,2022-2025,42.0,0.6030537887275403,random,V2_plus_Consistency
SOFT,Belgian_Grand_Prix,2018-2021,15.0,0.6203600414849701,random,V2_plus_Consistency
SOFT,Belgian_Grand_Prix,2022-2025,9.0,0.46831539826876,random,V2_plus_Consistency
SOFT,Brazilian_Grand_Prix,2018-2021,24.0,0.3791487163726144,random,V2_plus_Consistency
SOFT,British_Grand_Prix,2018-2021,8.0,0.42352710447190905,random,V2_plus_Consistency
SOFT,British_Grand_Prix,2022-2025,10.0,0.42122896759036377,random,V2_plus_Consistency
SOFT,Canadian_Grand_Prix,2026+,10.0,0.5928904048328328,random,V2_plus_Consistency
SOFT,Chinese_Grand_Prix,2018-2021,9.0,0.607127251617583,random,V2_plus_Consistency
SOFT,Dutch_Grand_Prix,2018-2021,8.0,0.5148828115983634,random,V2_plus_Consistency
SOFT,Dutch_Grand_Prix,2022-2025,29.0,0.30277246128072366,random,V2_plus_Consistency
SOFT,Eifel_Grand_Prix,2018-2021,2.0,1.0307408772148727,random,V2_plus_Consistency
SOFT,Emilia_Romagna_Grand_Prix,2018-2021,6.0,0.8377604032045146,random,V2_plus_Consistency
SOFT,French_Grand_Prix,2018-2021,7.0,0.4455087794500775,random,V2_plus_Consistency
SOFT,German_Grand_Prix,2018-2021,9.0,0.7703776467246564,random,V2_plus_Consistency
SOFT,Hungarian_Grand_Prix,2018-2021,6.0,0.7440909415864556,random,V2_plus_Consistency
SOFT,Hungarian_Grand_Prix,2022-2025,7.0,0.5634469369435682,random,V2_plus_Consistency
SOFT,Italian_Grand_Prix,2018-2021,15.0,0.3313052699293213,random,V2_plus_Consistency
SOFT,Italian_Grand_Prix,2022-2025,5.0,0.11490629190416944,random,V2_plus_Consistency
SOFT,Japanese_Grand_Prix,2018-2021,18.0,0.5099567316406116,random,V2_plus_Consistency
SOFT,Mexico_City_Grand_Prix,2022-2025,18.0,0.41433929406892184,random,V2_plus_Consistency
SOFT,Monaco_Grand_Prix,2018-2021,26.0,0.7485669561498963,random,V2_plus_Consistency
SOFT,Portuguese_Grand_Prix,2018-2021,6.0,0.4731739172499678,random,V2_plus_Consistency
SOFT,Russian_Grand_Prix,2018-2021,23.0,0.5060974465577416,random,V2_plus_Consistency
SOFT,Singapore_Grand_Prix,2018-2021,15.0,0.6025640340157515,random,V2_plus_Consistency
SOFT,Singapore_Grand_Prix,2022-2025,10.0,0.5181404813941837,random,V2_plus_Consistency
SOFT,Spanish_Grand_Prix,2018-2021,32.0,0.6265606473939223,random,V2_plus_Consistency
SOFT,Spanish_Grand_Prix,2022-2025,51.0,0.6460544695003861,random,V2_plus_Consistency
SOFT,Styrian_Grand_Prix,2018-2021,12.0,0.3928485749636611,random,V2_plus_Consistency
SOFT,São_Paulo_Grand_Prix,2022-2025,28.0,0.37382586275266805,random,V2_plus_Consistency
SOFT,United_States_Grand_Prix,2018-2021,7.0,0.612365666870824,random,V2_plus_Consistency
SOFT,United_States_Grand_Prix,2022-2025,11.0,0.32395935296370343,random,V2_plus_Consistency
SUPERSOFT,Abu_Dhabi_Grand_Prix,2018-2021,10.0,0.8660241797079734,random,V2_plus_Consistency
SUPERSOFT,Australian_Grand_Prix,2018-2021,6.0,0.7926570391251007,random,V2_plus_Consistency
SUPERSOFT,Austrian_Grand_Prix,2018-2021,4.0,0.30670296104146194,random,V2_plus_Consistency
SUPERSOFT,Azerbaijan_Grand_Prix,2018-2021,14.0,1.1018219768043414,random,V2_plus_Consistency
SUPERSOFT,Belgian_Grand_Prix,2018-2021,4.0,1.1052762795577733,random,V2_plus_Consistency
SUPERSOFT,Brazilian_Grand_Prix,2018-2021,15.0,0.5625795827308557,random,V2_plus_Consistency
SUPERSOFT,Canadian_Grand_Prix,2018-2021,18.0,0.3378661770784766,random,V2_plus_Consistency
SUPERSOFT,French_Grand_Prix,2018-2021,9.0,0.8107689863582962,random,V2_plus_Consistency
SUPERSOFT,Japanese_Grand_Prix,2018-2021,5.0,0.6625974814936506,random,V2_plus_Consistency
SUPERSOFT,Mexican_Grand_Prix,2018-2021,17.0,0.9526739618893522,random,V2_plus_Consistency
SUPERSOFT,United_States_Grand_Prix,2018-2021,3.0,0.596381037375911,random,V2_plus_Consistency
ULTRASOFT,Abu_Dhabi_Grand_Prix,2018-2021,4.0,0.8978319405725202,random,V2_plus_Consistency
ULTRASOFT,Chinese_Grand_Prix,2018-2021,19.0,1.390368655527123,random,V2_plus_Consistency
ULTRASOFT,German_Grand_Prix,2018-2021,6.0,0.6441742102843251,random,V2_plus_Consistency
ULTRASOFT,Hungarian_Grand_Prix,2018-2021,2.0,0.1472829577600918,random,V2_plus_Consistency
ULTRASOFT,Mexican_Grand_Prix,2018-2021,4.0,0.8691463878136994,random,V2_plus_Consistency
ULTRASOFT,Monaco_Grand_Prix,2018-2021,23.0,1.0740611336835104,random,V2_plus_Consistency
ULTRASOFT,Russian_Grand_Prix,2018-2021,4.0,0.861237203387202,random,V2_plus_Consistency
ULTRASOFT,Singapore_Grand_Prix,2018-2021,9.0,2.500338481407379,random,V2_plus_Consistency
HARD,Abu_Dhabi_Grand_Prix,2022-2025,60.0,0.37291681987940706,fixed_2018_2023_train,V2_plus_Consistency
HARD,Australian_Grand_Prix,2022-2025,33.0,1.0796149068700003,fixed_2018_2023_train,V2_plus_Consistency
HARD,Austrian_Grand_Prix,2022-2025,54.0,0.35312899272861037,fixed_2018_2023_train,V2_plus_Consistency
HARD,Azerbaijan_Grand_Prix,2022-2025,129.0,0.5855597934891297,fixed_2018_2023_train,V2_plus_Consistency
HARD,Bahrain_Grand_Prix,2022-2025,50.0,0.5064992673628287,fixed_2018_2023_train,V2_plus_Consistency
HARD,Belgian_Grand_Prix,2022-2025,34.0,0.6064024796653557,fixed_2018_2023_train,V2_plus_Consistency
HARD,British_Grand_Prix,2022-2025,27.0,0.7584945629779617,fixed_2018_2023_train,V2_plus_Consistency
HARD,Canadian_Grand_Prix,2022-2025,95.0,0.4356356195715532,fixed_2018_2023_train,V2_plus_Consistency
HARD,Dutch_Grand_Prix,2022-2025,108.0,0.4385720795497688,fixed_2018_2023_train,V2_plus_Consistency
HARD,Hungarian_Grand_Prix,2022-2025,117.0,0.691750751462942,fixed_2018_2023_train,V2_plus_Consistency
HARD,Italian_Grand_Prix,2022-2025,98.0,0.40689335795417336,fixed_2018_2023_train,V2_plus_Consistency
HARD,Japanese_Grand_Prix,2022-2025,85.0,1.0322950941845745,fixed_2018_2023_train,V2_plus_Consistency
HARD,Las_Vegas_Grand_Prix,2022-2025,97.0,0.6868555402730783,fixed_2018_2023_train,V2_plus_Consistency
HARD,Mexico_City_Grand_Prix,2022-2025,51.0,0.6171383952055016,fixed_2018_2023_train,V2_plus_Consistency
HARD,Miami_Grand_Prix,2022-2025,75.0,0.5381819191495458,fixed_2018_2023_train,V2_plus_Consistency
HARD,Monaco_Grand_Prix,2022-2025,78.0,1.5819638790552368,fixed_2018_2023_train,V2_plus_Consistency
HARD,Qatar_Grand_Prix,2022-2025,54.0,0.5478484846425079,fixed_2018_2023_train,V2_plus_Consistency
HARD,Saudi_Arabian_Grand_Prix,2022-2025,75.0,0.49307168423727465,fixed_2018_2023_train,V2_plus_Consistency
HARD,Singapore_Grand_Prix,2022-2025,145.0,0.8085530985842124,fixed_2018_2023_train,V2_plus_Consistency
HARD,Spanish_Grand_Prix,2022-2025,3.0,1.2610754172058778,fixed_2018_2023_train,V2_plus_Consistency
HARD,United_States_Grand_Prix,2022-2025,54.0,0.5496716167530815,fixed_2018_2023_train,V2_plus_Consistency
MEDIUM,Abu_Dhabi_Grand_Prix,2022-2025,45.0,0.5205907643167251,fixed_2018_2023_train,V2_plus_Consistency
MEDIUM,Australian_Grand_Prix,2022-2025,14.0,0.9696754861169008,fixed_2018_2023_train,V2_plus_Consistency
MEDIUM,Austrian_Grand_Prix,2022-2025,66.0,0.47552609538228735,fixed_2018_2023_train,V2_plus_Consistency
MEDIUM,Azerbaijan_Grand_Prix,2022-2025,39.0,0.5182781159529087,fixed_2018_2023_train,V2_plus_Consistency
MEDIUM,Bahrain_Grand_Prix,2022-2025,43.0,0.605828868578478,fixed_2018_2023_train,V2_plus_Consistency
MEDIUM,Belgian_Grand_Prix,2022-2025,94.0,1.1074340512163345,fixed_2018_2023_train,V2_plus_Consistency
MEDIUM,British_Grand_Prix,2022-2025,37.0,1.488576998660141,fixed_2018_2023_train,V2_plus_Consistency
MEDIUM,Canadian_Grand_Prix,2022-2025,31.0,0.5983061660657274,fixed_2018_2023_train,V2_plus_Consistency
MEDIUM,Dutch_Grand_Prix,2022-2025,75.0,0.2853259173331108,fixed_2018_2023_train,V2_plus_Consistency
MEDIUM,Emilia_Romagna_Grand_Prix,2022-2025,89.0,0.9464296714589225,fixed_2018_2023_train,V2_plus_Consistency
MEDIUM,Hungarian_Grand_Prix,2022-2025,98.0,0.6029227009884041,fixed_2018_2023_train,V2_plus_Consistency
MEDIUM,Italian_Grand_Prix,2022-2025,70.0,0.4097259494011065,fixed_2018_2023_train,V2_plus_Consistency
MEDIUM,Japanese_Grand_Prix,2022-2025,89.0,0.5304515826800523,fixed_2018_2023_train,V2_plus_Consistency
MEDIUM,Las_Vegas_Grand_Prix,2022-2025,60.0,1.058366645288515,fixed_2018_2023_train,V2_plus_Consistency
MEDIUM,Mexico_City_Grand_Prix,2022-2025,122.0,0.6009913375476463,fixed_2018_2023_train,V2_plus_Consistency
MEDIUM,Miami_Grand_Prix,2022-2025,58.0,0.46016515882035736,fixed_2018_2023_train,V2_plus_Consistency
MEDIUM,Monaco_Grand_Prix,2022-2025,45.0,0.6921087646063215,fixed_2018_2023_train,V2_plus_Consistency
MEDIUM,Qatar_Grand_Prix,2022-2025,105.0,0.5345964948786148,fixed_2018_2023_train,V2_plus_Consistency
MEDIUM,Saudi_Arabian_Grand_Prix,2022-2025,9.0,0.40257966550597263,fixed_2018_2023_train,V2_plus_Consistency
MEDIUM,Singapore_Grand_Prix,2022-2025,49.0,0.379273307815986,fixed_2018_2023_train,V2_plus_Consistency
MEDIUM,Spanish_Grand_Prix,2022-2025,62.0,0.544626281606715,fixed_2018_2023_train,V2_plus_Consistency
MEDIUM,São_Paulo_Grand_Prix,2022-2025,92.0,0.6315245330812512,fixed_2018_2023_train,V2_plus_Consistency
MEDIUM,United_States_Grand_Prix,2022-2025,89.0,0.44507674207895076,fixed_2018_2023_train,V2_plus_Consistency
SOFT,Bahrain_Grand_Prix,2022-2025,97.0,0.6428141204372263,fixed_2018_2023_train,V2_plus_Consistency
SOFT,Dutch_Grand_Prix,2022-2025,54.0,0.4765312534477252,fixed_2018_2023_train,V2_plus_Consistency
SOFT,Hungarian_Grand_Prix,2022-2025,15.0,0.790842164378181,fixed_2018_2023_train,V2_plus_Consistency
SOFT,Mexico_City_Grand_Prix,2022-2025,61.0,0.6702115866975865,fixed_2018_2023_train,V2_plus_Consistency
SOFT,Singapore_Grand_Prix,2022-2025,26.0,0.5438079096411683,fixed_2018_2023_train,V2_plus_Consistency
SOFT,Spanish_Grand_Prix,2022-2025,148.0,0.6561595421591886,fixed_2018_2023_train,V2_plus_Consistency
SOFT,São_Paulo_Grand_Prix,2022-2025,15.0,0.4184228643930167,fixed_2018_2023_train,V2_plus_Consistency
HARD,Abu_Dhabi_Grand_Prix,2018-2021,59.0,0.6009613961779486,expanding_window_test_2021,V2_plus_Consistency
HARD,Austrian_Grand_Prix,2018-2021,56.0,0.5311988070763831,expanding_window_test_2021,V2_plus_Consistency
HARD,Bahrain_Grand_Prix,2018-2021,32.0,0.7252201075141019,expanding_window_test_2021,V2_plus_Consistency
HARD,French_Grand_Prix,2018-2021,38.0,0.7670000530128758,expanding_window_test_2021,V2_plus_Consistency
HARD,Italian_Grand_Prix,2018-2021,19.0,0.4753608466050336,expanding_window_test_2021,V2_plus_Consistency
HARD,Monaco_Grand_Prix,2018-2021,77.0,1.6086925696257846,expanding_window_test_2021,V2_plus_Consistency
HARD,Portuguese_Grand_Prix,2018-2021,25.0,0.5702118141801988,expanding_window_test_2021,V2_plus_Consistency
HARD,Russian_Grand_Prix,2018-2021,47.0,0.9266085794827927,expanding_window_test_2021,V2_plus_Consistency
HARD,Styrian_Grand_Prix,2018-2021,58.0,0.356786005580722,expanding_window_test_2021,V2_plus_Consistency
HARD,United_States_Grand_Prix,2018-2021,62.0,0.5012651528714196,expanding_window_test_2021,V2_plus_Consistency
MEDIUM,Austrian_Grand_Prix,2018-2021,54.0,0.5381321934708387,expanding_window_test_2021,V2_plus_Consistency
MEDIUM,Bahrain_Grand_Prix,2018-2021,60.0,0.6528867758180307,expanding_window_test_2021,V2_plus_Consistency
MEDIUM,Emilia_Romagna_Grand_Prix,2018-2021,25.0,0.48019865239525816,expanding_window_test_2021,V2_plus_Consistency
MEDIUM,French_Grand_Prix,2018-2021,56.0,0.5011398462275265,expanding_window_test_2021,V2_plus_Consistency
MEDIUM,Italian_Grand_Prix,2018-2021,43.0,0.5299848895098015,expanding_window_test_2021,V2_plus_Consistency
MEDIUM,Portuguese_Grand_Prix,2018-2021,71.0,0.5760955028039736,expanding_window_test_2021,V2_plus_Consistency
MEDIUM,Russian_Grand_Prix,2018-2021,28.0,1.7929330784989765,expanding_window_test_2021,V2_plus_Consistency
MEDIUM,Spanish_Grand_Prix,2018-2021,62.0,0.5230296466283882,expanding_window_test_2021,V2_plus_Consistency
MEDIUM,Styrian_Grand_Prix,2018-2021,42.0,0.502598792809693,expanding_window_test_2021,V2_plus_Consistency
MEDIUM,United_States_Grand_Prix,2018-2021,32.0,0.3835560053943356,expanding_window_test_2021,V2_plus_Consistency
SOFT,Abu_Dhabi_Grand_Prix,2018-2021,30.0,0.9188437480132425,expanding_window_test_2021,V2_plus_Consistency
SOFT,Azerbaijan_Grand_Prix,2018-2021,20.0,0.5998658168632274,expanding_window_test_2021,V2_plus_Consistency
SOFT,Emilia_Romagna_Grand_Prix,2018-2021,25.0,1.8099989980828004,expanding_window_test_2021,V2_plus_Consistency
SOFT,Monaco_Grand_Prix,2018-2021,59.0,0.734795022586371,expanding_window_test_2021,V2_plus_Consistency
SOFT,Portuguese_Grand_Prix,2018-2021,12.0,0.5254083778618195,expanding_window_test_2021,V2_plus_Consistency
SOFT,Spanish_Grand_Prix,2018-2021,45.0,0.5967922927781693,expanding_window_test_2021,V2_plus_Consistency
SOFT,Styrian_Grand_Prix,2018-2021,23.0,0.4412218060702831,expanding_window_test_2021,V2_plus_Consistency
HARD,Abu_Dhabi_Grand_Prix,2022-2025,71.0,0.4189596757928561,expanding_window_test_2023,V2_plus_Consistency
HARD,Australian_Grand_Prix,2022-2025,68.0,0.8235208528613789,expanding_window_test_2023,V2_plus_Consistency
HARD,Austrian_Grand_Prix,2022-2025,38.0,0.6388516394242938,expanding_window_test_2023,V2_plus_Consistency
HARD,Azerbaijan_Grand_Prix,2022-2025,72.0,0.25153232176459384,expanding_window_test_2023,V2_plus_Consistency
HARD,Bahrain_Grand_Prix,2022-2025,36.0,1.0088634958696876,expanding_window_test_2023,V2_plus_Consistency
HARD,Canadian_Grand_Prix,2022-2025,47.0,0.4494317225547059,expanding_window_test_2023,V2_plus_Consistency
HARD,Hungarian_Grand_Prix,2022-2025,45.0,0.4892541270692134,expanding_window_test_2023,V2_plus_Consistency
HARD,Italian_Grand_Prix,2022-2025,54.0,0.594138625835208,expanding_window_test_2023,V2_plus_Consistency
HARD,Miami_Grand_Prix,2022-2025,70.0,0.46428200883278553,expanding_window_test_2023,V2_plus_Consistency
HARD,Monaco_Grand_Prix,2022-2025,28.0,2.5615995910691693,expanding_window_test_2023,V2_plus_Consistency
HARD,Saudi_Arabian_Grand_Prix,2022-2025,53.0,0.7440330669941992,expanding_window_test_2023,V2_plus_Consistency
HARD,United_States_Grand_Prix,2022-2025,35.0,0.40938352446575793,expanding_window_test_2023,V2_plus_Consistency
MEDIUM,Abu_Dhabi_Grand_Prix,2022-2025,28.0,0.486647534164978,expanding_window_test_2023,V2_plus_Consistency
MEDIUM,Austrian_Grand_Prix,2022-2025,73.0,1.1752613521329243,expanding_window_test_2023,V2_plus_Consistency
MEDIUM,Azerbaijan_Grand_Prix,2022-2025,14.0,0.4343890416721817,expanding_window_test_2023,V2_plus_Consistency
MEDIUM,Belgian_Grand_Prix,2022-2025,22.0,0.7896706463609935,expanding_window_test_2023,V2_plus_Consistency
MEDIUM,British_Grand_Prix,2022-2025,53.0,0.43013340154762203,expanding_window_test_2023,V2_plus_Consistency
MEDIUM,Canadian_Grand_Prix,2022-2025,61.0,0.382459046301021,expanding_window_test_2023,V2_plus_Consistency
MEDIUM,Hungarian_Grand_Prix,2022-2025,76.0,0.7001118339479859,expanding_window_test_2023,V2_plus_Consistency
MEDIUM,Italian_Grand_Prix,2022-2025,35.0,0.4187950366203229,expanding_window_test_2023,V2_plus_Consistency
MEDIUM,Miami_Grand_Prix,2022-2025,21.0,0.40183682513844743,expanding_window_test_2023,V2_plus_Consistency
MEDIUM,Monaco_Grand_Prix,2022-2025,63.0,2.032331848108278,expanding_window_test_2023,V2_plus_Consistency
MEDIUM,Saudi_Arabian_Grand_Prix,2022-2025,24.0,0.6578830286427769,expanding_window_test_2023,V2_plus_Consistency
MEDIUM,Singapore_Grand_Prix,2022-2025,32.0,1.545658599960121,expanding_window_test_2023,V2_plus_Consistency
MEDIUM,Spanish_Grand_Prix,2022-2025,47.0,0.9067826145707063,expanding_window_test_2023,V2_plus_Consistency
MEDIUM,São_Paulo_Grand_Prix,2022-2025,46.0,0.5660709617910182,expanding_window_test_2023,V2_plus_Consistency
MEDIUM,United_States_Grand_Prix,2022-2025,61.0,0.44007940520174255,expanding_window_test_2023,V2_plus_Consistency
SOFT,Bahrain_Grand_Prix,2022-2025,62.0,0.9584154881363318,expanding_window_test_2023,V2_plus_Consistency
SOFT,Belgian_Grand_Prix,2022-2025,45.0,0.7500137084923496,expanding_window_test_2023,V2_plus_Consistency
SOFT,British_Grand_Prix,2022-2025,28.0,0.4824111462873491,expanding_window_test_2023,V2_plus_Consistency
SOFT,Dutch_Grand_Prix,2022-2025,73.0,0.49011575035778826,expanding_window_test_2023,V2_plus_Consistency
SOFT,Spanish_Grand_Prix,2022-2025,24.0,0.6654151319850456,expanding_window_test_2023,V2_plus_Consistency
SOFT,São_Paulo_Grand_Prix,2022-2025,68.0,0.4595273824892563,expanding_window_test_2023,V2_plus_Consistency
HARD,Australian_Grand_Prix,2022-2025,33.0,1.0796149068700003,expanding_window_test_2024,V2_plus_Consistency
HARD,Austrian_Grand_Prix,2022-2025,54.0,0.35312899272861037,expanding_window_test_2024,V2_plus_Consistency
HARD,Azerbaijan_Grand_Prix,2022-2025,66.0,0.7562876771585468,expanding_window_test_2024,V2_plus_Consistency
HARD,Bahrain_Grand_Prix,2022-2025,39.0,0.2759058560648719,expanding_window_test_2024,V2_plus_Consistency
HARD,Belgian_Grand_Prix,2022-2025,34.0,0.6064024796653557,expanding_window_test_2024,V2_plus_Consistency
HARD,British_Grand_Prix,2022-2025,27.0,0.7584945629779617,expanding_window_test_2024,V2_plus_Consistency
HARD,Dutch_Grand_Prix,2022-2025,83.0,0.3400145891479109,expanding_window_test_2024,V2_plus_Consistency
HARD,Hungarian_Grand_Prix,2022-2025,47.0,0.7785628630021922,expanding_window_test_2024,V2_plus_Consistency
HARD,Italian_Grand_Prix,2022-2025,61.0,0.3328504036264424,expanding_window_test_2024,V2_plus_Consistency
HARD,Japanese_Grand_Prix,2022-2025,32.0,0.8423434608313373,expanding_window_test_2024,V2_plus_Consistency
HARD,Las_Vegas_Grand_Prix,2022-2025,57.0,0.7135126643922117,expanding_window_test_2024,V2_plus_Consistency
HARD,Mexico_City_Grand_Prix,2022-2025,51.0,0.6171383952055016,expanding_window_test_2024,V2_plus_Consistency
HARD,Miami_Grand_Prix,2022-2025,29.0,0.6786439193926356,expanding_window_test_2024,V2_plus_Consistency
HARD,Qatar_Grand_Prix,2022-2025,14.0,0.4146305015251279,expanding_window_test_2024,V2_plus_Consistency
HARD,Saudi_Arabian_Grand_Prix,2022-2025,75.0,0.49307168423727465,expanding_window_test_2024,V2_plus_Consistency
HARD,Singapore_Grand_Prix,2022-2025,59.0,0.6871199812573402,expanding_window_test_2024,V2_plus_Consistency
HARD,United_States_Grand_Prix,2022-2025,54.0,0.5496716167530815,expanding_window_test_2024,V2_plus_Consistency
MEDIUM,Australian_Grand_Prix,2022-2025,11.0,0.4729566633960658,expanding_window_test_2024,V2_plus_Consistency
MEDIUM,Austrian_Grand_Prix,2022-2025,66.0,0.47552609538228735,expanding_window_test_2024,V2_plus_Consistency
MEDIUM,Azerbaijan_Grand_Prix,2022-2025,19.0,0.4597736698737256,expanding_window_test_2024,V2_plus_Consistency
MEDIUM,Belgian_Grand_Prix,2022-2025,39.0,0.5044929412032216,expanding_window_test_2024,V2_plus_Consistency
MEDIUM,British_Grand_Prix,2022-2025,29.0,1.6580837932563857,expanding_window_test_2024,V2_plus_Consistency
MEDIUM,Canadian_Grand_Prix,2022-2025,14.0,0.8074500918833964,expanding_window_test_2024,V2_plus_Consistency
MEDIUM,Dutch_Grand_Prix,2022-2025,52.0,0.24881697555783153,expanding_window_test_2024,V2_plus_Consistency
MEDIUM,Emilia_Romagna_Grand_Prix,2022-2025,44.0,0.8754528311672494,expanding_window_test_2024,V2_plus_Consistency
MEDIUM,Hungarian_Grand_Prix,2022-2025,67.0,0.6686801846665738,expanding_window_test_2024,V2_plus_Consistency
MEDIUM,Italian_Grand_Prix,2022-2025,22.0,0.4081335721618547,expanding_window_test_2024,V2_plus_Consistency
MEDIUM,Japanese_Grand_Prix,2022-2025,52.0,0.539433275246941,expanding_window_test_2024,V2_plus_Consistency
MEDIUM,Las_Vegas_Grand_Prix,2022-2025,20.0,0.8924771344555124,expanding_window_test_2024,V2_plus_Consistency
MEDIUM,Mexico_City_Grand_Prix,2022-2025,57.0,0.6203745489725303,expanding_window_test_2024,V2_plus_Consistency
MEDIUM,Miami_Grand_Prix,2022-2025,58.0,0.46016515882035736,expanding_window_test_2024,V2_plus_Consistency
MEDIUM,Qatar_Grand_Prix,2022-2025,56.0,0.6001198040465189,expanding_window_test_2024,V2_plus_Consistency
MEDIUM,Saudi_Arabian_Grand_Prix,2022-2025,9.0,0.40257966550597263,expanding_window_test_2024,V2_plus_Consistency
MEDIUM,Singapore_Grand_Prix,2022-2025,49.0,0.379273307815986,expanding_window_test_2024,V2_plus_Consistency
MEDIUM,Spanish_Grand_Prix,2022-2025,41.0,0.5873218272327378,expanding_window_test_2024,V2_plus_Consistency
MEDIUM,United_States_Grand_Prix,2022-2025,39.0,0.5448007090814947,expanding_window_test_2024,V2_plus_Consistency
SOFT,Bahrain_Grand_Prix,2022-2025,59.0,0.5817891463910038,expanding_window_test_2024,V2_plus_Consistency
SOFT,Spanish_Grand_Prix,2022-2025,77.0,0.5949757588467316,expanding_window_test_2024,V2_plus_Consistency
HARD,Abu_Dhabi_Grand_Prix,2022-2025,60.0,0.3564701086080746,expanding_window_test_2025,V2_plus_Consistency
HARD,Azerbaijan_Grand_Prix,2022-2025,63.0,0.4389302336223735,expanding_window_test_2025,V2_plus_Consistency
HARD,Bahrain_Grand_Prix,2022-2025,11.0,0.9464539869309854,expanding_window_test_2025,V2_plus_Consistency
HARD,Canadian_Grand_Prix,2022-2025,95.0,0.4394319430716691,expanding_window_test_2025,V2_plus_Consistency
HARD,Chinese_Grand_Prix,2022-2025,72.0,0.6674550020747483,expanding_window_test_2025,V2_plus_Consistency
HARD,Dutch_Grand_Prix,2022-2025,25.0,0.4061328743547406,expanding_window_test_2025,V2_plus_Consistency
HARD,Emilia_Romagna_Grand_Prix,2022-2025,48.0,0.5680641120963338,expanding_window_test_2025,V2_plus_Consistency
HARD,Hungarian_Grand_Prix,2022-2025,70.0,0.705333920548444,expanding_window_test_2025,V2_plus_Consistency
HARD,Italian_Grand_Prix,2022-2025,37.0,0.4720180442268093,expanding_window_test_2025,V2_plus_Consistency
HARD,Japanese_Grand_Prix,2022-2025,53.0,0.8985106882253114,expanding_window_test_2025,V2_plus_Consistency
HARD,Las_Vegas_Grand_Prix,2022-2025,40.0,0.5673321500624894,expanding_window_test_2025,V2_plus_Consistency
HARD,Miami_Grand_Prix,2022-2025,46.0,0.23235371300938273,expanding_window_test_2025,V2_plus_Consistency
HARD,Monaco_Grand_Prix,2022-2025,78.0,1.5432357527831384,expanding_window_test_2025,V2_plus_Consistency
HARD,Qatar_Grand_Prix,2022-2025,40.0,0.5762457605774001,expanding_window_test_2025,V2_plus_Consistency
HARD,Singapore_Grand_Prix,2022-2025,86.0,0.8647790361652536,expanding_window_test_2025,V2_plus_Consistency
HARD,Spanish_Grand_Prix,2022-2025,3.0,1.2123765798550568,expanding_window_test_2025,V2_plus_Consistency
MEDIUM,Abu_Dhabi_Grand_Prix,2022-2025,45.0,0.3941259913757753,expanding_window_test_2025,V2_plus_Consistency
MEDIUM,Australian_Grand_Prix,2022-2025,3.0,1.6769152533659237,expanding_window_test_2025,V2_plus_Consistency
MEDIUM,Azerbaijan_Grand_Prix,2022-2025,20.0,0.5746386635027187,expanding_window_test_2025,V2_plus_Consistency
MEDIUM,Bahrain_Grand_Prix,2022-2025,43.0,0.605828868578478,expanding_window_test_2025,V2_plus_Consistency
MEDIUM,Belgian_Grand_Prix,2022-2025,55.0,0.7613682261660562,expanding_window_test_2025,V2_plus_Consistency
MEDIUM,British_Grand_Prix,2022-2025,8.0,0.604512471466346,expanding_window_test_2025,V2_plus_Consistency
MEDIUM,Canadian_Grand_Prix,2022-2025,17.0,0.35382396622368434,expanding_window_test_2025,V2_plus_Consistency
MEDIUM,Chinese_Grand_Prix,2022-2025,21.0,0.43285539627984904,expanding_window_test_2025,V2_plus_Consistency
MEDIUM,Dutch_Grand_Prix,2022-2025,23.0,0.44283937658795836,expanding_window_test_2025,V2_plus_Consistency
MEDIUM,Emilia_Romagna_Grand_Prix,2022-2025,45.0,0.4461927822760827,expanding_window_test_2025,V2_plus_Consistency
MEDIUM,Hungarian_Grand_Prix,2022-2025,31.0,0.4032068691544295,expanding_window_test_2025,V2_plus_Consistency
MEDIUM,Italian_Grand_Prix,2022-2025,48.0,0.35637573960633745,expanding_window_test_2025,V2_plus_Consistency
MEDIUM,Japanese_Grand_Prix,2022-2025,37.0,0.39916992387475764,expanding_window_test_2025,V2_plus_Consistency
MEDIUM,Las_Vegas_Grand_Prix,2022-2025,40.0,1.168052050503954,expanding_window_test_2025,V2_plus_Consistency
MEDIUM,Mexico_City_Grand_Prix,2022-2025,65.0,0.41749586846034054,expanding_window_test_2025,V2_plus_Consistency
MEDIUM,Monaco_Grand_Prix,2022-2025,45.0,1.1831266760541803,expanding_window_test_2025,V2_plus_Consistency
MEDIUM,Qatar_Grand_Prix,2022-2025,49.0,1.0494675615048894,expanding_window_test_2025,V2_plus_Consistency
MEDIUM,Spanish_Grand_Prix,2022-2025,21.0,0.4862930162988923,expanding_window_test_2025,V2_plus_Consistency
MEDIUM,São_Paulo_Grand_Prix,2022-2025,92.0,0.6315245330812512,expanding_window_test_2025,V2_plus_Consistency
MEDIUM,United_States_Grand_Prix,2022-2025,50.0,0.3062463724797219,expanding_window_test_2025,V2_plus_Consistency
SOFT,Bahrain_Grand_Prix,2022-2025,38.0,0.6153293586937673,expanding_window_test_2025,V2_plus_Consistency
SOFT,Dutch_Grand_Prix,2022-2025,54.0,0.4686518641244748,expanding_window_test_2025,V2_plus_Consistency
SOFT,Hungarian_Grand_Prix,2022-2025,15.0,0.7571377417757114,expanding_window_test_2025,V2_plus_Consistency
SOFT,Mexico_City_Grand_Prix,2022-2025,61.0,0.6702115866975865,expanding_window_test_2025,V2_plus_Consistency
SOFT,Singapore_Grand_Prix,2022-2025,26.0,0.4518657820277842,expanding_window_test_2025,V2_plus_Consistency
SOFT,Spanish_Grand_Prix,2022-2025,71.0,0.7019885913230964,expanding_window_test_2025,V2_plus_Consistency
SOFT,São_Paulo_Grand_Prix,2022-2025,15.0,0.4184228643930167,expanding_window_test_2025,V2_plus_Consistency
HARD,70th_Anniversary_Grand_Prix,2018-2021,16.0,0.34393227955845035,random,V2_plus_Both
HARD,Abu_Dhabi_Grand_Prix,2018-2021,48.0,0.5225034071309488,random,V2_plus_Both
HARD,Abu_Dhabi_Grand_Prix,2022-2025,38.0,0.34451067632949356,random,V2_plus_Both
HARD,Australian_Grand_Prix,2022-2025,36.0,0.5545255540227263,random,V2_plus_Both
HARD,Australian_Grand_Prix,2026+,2.0,0.5641756775374999,random,V2_plus_Both
HARD,Austrian_Grand_Prix,2018-2021,29.0,0.3838999586181779,random,V2_plus_Both
HARD,Austrian_Grand_Prix,2022-2025,37.0,0.3180716187784482,random,V2_plus_Both
HARD,Azerbaijan_Grand_Prix,2018-2021,8.0,0.4511480578285455,random,V2_plus_Both
HARD,Azerbaijan_Grand_Prix,2022-2025,58.0,0.5083942638502305,random,V2_plus_Both
HARD,Bahrain_Grand_Prix,2018-2021,17.0,0.4177878844384188,random,V2_plus_Both
HARD,Bahrain_Grand_Prix,2022-2025,18.0,0.4043742996683527,random,V2_plus_Both
HARD,Belgian_Grand_Prix,2022-2025,8.0,0.6430750449381677,random,V2_plus_Both
HARD,British_Grand_Prix,2018-2021,17.0,0.6122839513081427,random,V2_plus_Both
HARD,British_Grand_Prix,2022-2025,7.0,0.6255259543190058,random,V2_plus_Both
HARD,Canadian_Grand_Prix,2018-2021,12.0,0.5294696413442395,random,V2_plus_Both
HARD,Canadian_Grand_Prix,2022-2025,35.0,0.49975803049539574,random,V2_plus_Both
HARD,Chinese_Grand_Prix,2018-2021,8.0,0.4019359638576693,random,V2_plus_Both
HARD,Chinese_Grand_Prix,2022-2025,25.0,0.5631064208448893,random,V2_plus_Both
HARD,Chinese_Grand_Prix,2026+,22.0,0.3174060239151279,random,V2_plus_Both
HARD,Dutch_Grand_Prix,2018-2021,3.0,0.32692954892555287,random,V2_plus_Both
HARD,Dutch_Grand_Prix,2022-2025,27.0,0.25101644073035356,random,V2_plus_Both
HARD,Emilia_Romagna_Grand_Prix,2018-2021,15.0,0.40439312924641313,random,V2_plus_Both
HARD,Emilia_Romagna_Grand_Prix,2022-2025,20.0,0.4423420228570073,random,V2_plus_Both
HARD,French_Grand_Prix,2018-2021,16.0,0.4431366490858083,random,V2_plus_Both
HARD,French_Grand_Prix,2022-2025,9.0,0.2745798511999245,random,V2_plus_Both
HARD,Hungarian_Grand_Prix,2018-2021,25.0,0.583349883306344,random,V2_plus_Both
HARD,Hungarian_Grand_Prix,2022-2025,29.0,0.5399658429017378,random,V2_plus_Both
HARD,Italian_Grand_Prix,2018-2021,8.0,0.4443914223030242,random,V2_plus_Both
HARD,Italian_Grand_Prix,2022-2025,42.0,0.4314285229267414,random,V2_plus_Both
HARD,Japanese_Grand_Prix,2022-2025,21.0,0.49862819388171403,random,V2_plus_Both
HARD,Japanese_Grand_Prix,2026+,14.0,1.0087311279391,random,V2_plus_Both
HARD,Las_Vegas_Grand_Prix,2022-2025,32.0,0.5246092444394174,random,V2_plus_Both
HARD,Mexican_Grand_Prix,2018-2021,23.0,0.8036248462368241,random,V2_plus_Both
HARD,Mexico_City_Grand_Prix,2018-2021,13.0,0.3633938368100499,random,V2_plus_Both
HARD,Mexico_City_Grand_Prix,2022-2025,10.0,0.31393693721480587,random,V2_plus_Both
HARD,Miami_Grand_Prix,2022-2025,39.0,0.3560824677517659,random,V2_plus_Both
HARD,Miami_Grand_Prix,2026+,14.0,0.3451405578195929,random,V2_plus_Both
HARD,Monaco_Grand_Prix,2018-2021,30.0,0.992640294403605,random,V2_plus_Both
HARD,Monaco_Grand_Prix,2022-2025,20.0,1.5623413563712978,random,V2_plus_Both
HARD,Portuguese_Grand_Prix,2018-2021,6.0,0.21945610436492563,random,V2_plus_Both
HARD,Qatar_Grand_Prix,2018-2021,5.0,0.762146623232443,random,V2_plus_Both
HARD,Qatar_Grand_Prix,2022-2025,10.0,0.9583851079906993,random,V2_plus_Both
HARD,Russian_Grand_Prix,2018-2021,16.0,0.8262734827678798,random,V2_plus_Both
HARD,Saudi_Arabian_Grand_Prix,2022-2025,35.0,0.48001301344012864,random,V2_plus_Both
HARD,Singapore_Grand_Prix,2018-2021,10.0,0.9706641854815344,random,V2_plus_Both
HARD,Singapore_Grand_Prix,2022-2025,46.0,0.7651688868871217,random,V2_plus_Both
HARD,Spanish_Grand_Prix,2018-2021,2.0,0.9977218655623754,random,V2_plus_Both
HARD,Spanish_Grand_Prix,2022-2025,9.0,1.0940382572074392,random,V2_plus_Both
HARD,Styrian_Grand_Prix,2018-2021,7.0,0.29420570025260295,random,V2_plus_Both
HARD,São_Paulo_Grand_Prix,2018-2021,9.0,0.34543639797181064,random,V2_plus_Both
HARD,United_States_Grand_Prix,2018-2021,17.0,0.5319568269144135,random,V2_plus_Both
HARD,United_States_Grand_Prix,2022-2025,16.0,0.4258676300746926,random,V2_plus_Both
HYPERSOFT,Canadian_Grand_Prix,2018-2021,4.0,0.167203687158626,random,V2_plus_Both
HYPERSOFT,Monaco_Grand_Prix,2018-2021,2.0,2.286497670749294,random,V2_plus_Both
HYPERSOFT,Singapore_Grand_Prix,2018-2021,8.0,0.8713435498400182,random,V2_plus_Both
MEDIUM,Abu_Dhabi_Grand_Prix,2018-2021,12.0,0.24692550246596076,random,V2_plus_Both
MEDIUM,Abu_Dhabi_Grand_Prix,2022-2025,20.0,0.43339027936319285,random,V2_plus_Both
MEDIUM,Australian_Grand_Prix,2018-2021,16.0,0.6358488315732981,random,V2_plus_Both
MEDIUM,Australian_Grand_Prix,2022-2025,8.0,1.0851978323710525,random,V2_plus_Both
MEDIUM,Australian_Grand_Prix,2026+,5.0,0.2726062802207499,random,V2_plus_Both
MEDIUM,Austrian_Grand_Prix,2018-2021,20.0,0.5184636406731614,random,V2_plus_Both
MEDIUM,Austrian_Grand_Prix,2022-2025,23.0,0.5271797791397235,random,V2_plus_Both
MEDIUM,Azerbaijan_Grand_Prix,2018-2021,11.0,0.7149033196224375,random,V2_plus_Both
MEDIUM,Azerbaijan_Grand_Prix,2022-2025,23.0,0.36133115390828124,random,V2_plus_Both
MEDIUM,Bahrain_Grand_Prix,2018-2021,42.0,0.6693898601542125,random,V2_plus_Both
MEDIUM,Bahrain_Grand_Prix,2022-2025,20.0,0.6095080663769568,random,V2_plus_Both
MEDIUM,Belgian_Grand_Prix,2018-2021,2.0,0.2295288755731031,random,V2_plus_Both
MEDIUM,Belgian_Grand_Prix,2022-2025,40.0,0.5889041125934458,random,V2_plus_Both
MEDIUM,Brazilian_Grand_Prix,2018-2021,5.0,0.3494313412380048,random,V2_plus_Both
MEDIUM,British_Grand_Prix,2018-2021,15.0,0.5360566176316026,random,V2_plus_Both
MEDIUM,British_Grand_Prix,2022-2025,32.0,0.4151788022909854,random,V2_plus_Both
MEDIUM,Canadian_Grand_Prix,2018-2021,2.0,0.6179791873634152,random,V2_plus_Both
MEDIUM,Canadian_Grand_Prix,2022-2025,22.0,0.3991995357393341,random,V2_plus_Both
MEDIUM,Canadian_Grand_Prix,2026+,8.0,0.4165952722376271,random,V2_plus_Both
MEDIUM,Chinese_Grand_Prix,2018-2021,7.0,0.46593090645229057,random,V2_plus_Both
MEDIUM,Chinese_Grand_Prix,2022-2025,5.0,0.44638033878866346,random,V2_plus_Both
MEDIUM,Dutch_Grand_Prix,2018-2021,10.0,0.896550868811473,random,V2_plus_Both
MEDIUM,Dutch_Grand_Prix,2022-2025,24.0,0.3964796091442457,random,V2_plus_Both
MEDIUM,Eifel_Grand_Prix,2018-2021,4.0,0.24546597237180193,random,V2_plus_Both
MEDIUM,Emilia_Romagna_Grand_Prix,2018-2021,10.0,0.3448924536466287,random,V2_plus_Both
MEDIUM,Emilia_Romagna_Grand_Prix,2022-2025,27.0,0.4363346828566158,random,V2_plus_Both
MEDIUM,French_Grand_Prix,2018-2021,9.0,0.3898720744220415,random,V2_plus_Both
MEDIUM,French_Grand_Prix,2022-2025,5.0,0.4050070548921035,random,V2_plus_Both
MEDIUM,German_Grand_Prix,2018-2021,3.0,1.3880090672681409,random,V2_plus_Both
MEDIUM,Hungarian_Grand_Prix,2018-2021,18.0,0.6099054286004295,random,V2_plus_Both
MEDIUM,Hungarian_Grand_Prix,2022-2025,57.0,0.5337902963208783,random,V2_plus_Both
MEDIUM,Italian_Grand_Prix,2018-2021,13.0,0.43463580648071115,random,V2_plus_Both
MEDIUM,Italian_Grand_Prix,2022-2025,25.0,0.3888678581187935,random,V2_plus_Both
MEDIUM,Japanese_Grand_Prix,2018-2021,6.0,0.7452043354047058,random,V2_plus_Both
MEDIUM,Japanese_Grand_Prix,2022-2025,25.0,0.5195215119524454,random,V2_plus_Both
MEDIUM,Japanese_Grand_Prix,2026+,5.0,0.46789513116336406,random,V2_plus_Both
MEDIUM,Las_Vegas_Grand_Prix,2022-2025,15.0,0.40419463051422716,random,V2_plus_Both
MEDIUM,Mexican_Grand_Prix,2018-2021,10.0,0.3238096185601926,random,V2_plus_Both
MEDIUM,Mexico_City_Grand_Prix,2018-2021,17.0,0.28274582281216926,random,V2_plus_Both
MEDIUM,Mexico_City_Grand_Prix,2022-2025,38.0,0.5336834549901635,random,V2_plus_Both
MEDIUM,Miami_Grand_Prix,2022-2025,26.0,0.35496294729933986,random,V2_plus_Both
MEDIUM,Monaco_Grand_Prix,2018-2021,6.0,0.8676175200207572,random,V2_plus_Both
MEDIUM,Monaco_Grand_Prix,2022-2025,34.0,1.2780235249461005,random,V2_plus_Both
MEDIUM,Portuguese_Grand_Prix,2018-2021,35.0,0.687199632597207,random,V2_plus_Both
MEDIUM,Qatar_Grand_Prix,2018-2021,10.0,0.7270889832661247,random,V2_plus_Both
MEDIUM,Qatar_Grand_Prix,2022-2025,34.0,0.42663142052645076,random,V2_plus_Both
MEDIUM,Russian_Grand_Prix,2018-2021,35.0,0.8242259486440842,random,V2_plus_Both
MEDIUM,Saudi_Arabian_Grand_Prix,2018-2021,9.0,0.5220812250184677,random,V2_plus_Both
MEDIUM,Saudi_Arabian_Grand_Prix,2022-2025,10.0,0.5575822118462248,random,V2_plus_Both
MEDIUM,Singapore_Grand_Prix,2022-2025,22.0,1.0649078056713692,random,V2_plus_Both
MEDIUM,Spanish_Grand_Prix,2018-2021,43.0,0.6147459196978692,random,V2_plus_Both
MEDIUM,Spanish_Grand_Prix,2022-2025,38.0,0.5067292745966735,random,V2_plus_Both
MEDIUM,Styrian_Grand_Prix,2018-2021,26.0,0.33197083242827546,random,V2_plus_Both
MEDIUM,São_Paulo_Grand_Prix,2018-2021,3.0,0.21888396056789097,random,V2_plus_Both
MEDIUM,São_Paulo_Grand_Prix,2022-2025,49.0,0.46578331748937885,random,V2_plus_Both
MEDIUM,United_States_Grand_Prix,2018-2021,12.0,0.8334142624932691,random,V2_plus_Both
MEDIUM,United_States_Grand_Prix,2022-2025,41.0,0.383726556117388,random,V2_plus_Both
SOFT,Abu_Dhabi_Grand_Prix,2018-2021,7.0,0.5258483727330027,random,V2_plus_Both
SOFT,Australian_Grand_Prix,2018-2021,12.0,0.7120924550697738,random,V2_plus_Both
SOFT,Austrian_Grand_Prix,2018-2021,25.0,0.3372606558483976,random,V2_plus_Both
SOFT,Azerbaijan_Grand_Prix,2018-2021,10.0,0.7451230957809606,random,V2_plus_Both
SOFT,Bahrain_Grand_Prix,2018-2021,10.0,0.8109656399529653,random,V2_plus_Both
SOFT,Bahrain_Grand_Prix,2022-2025,42.0,0.6039164995836073,random,V2_plus_Both
SOFT,Belgian_Grand_Prix,2018-2021,15.0,0.6440647865329737,random,V2_plus_Both
SOFT,Belgian_Grand_Prix,2022-2025,9.0,0.4745106504112142,random,V2_plus_Both
SOFT,Brazilian_Grand_Prix,2018-2021,24.0,0.3767146854577967,random,V2_plus_Both
SOFT,British_Grand_Prix,2018-2021,8.0,0.4361488681656522,random,V2_plus_Both
SOFT,British_Grand_Prix,2022-2025,10.0,0.4467787032124531,random,V2_plus_Both
SOFT,Canadian_Grand_Prix,2026+,10.0,0.5759415726629767,random,V2_plus_Both
SOFT,Chinese_Grand_Prix,2018-2021,9.0,0.6011240341739021,random,V2_plus_Both
SOFT,Dutch_Grand_Prix,2018-2021,8.0,0.5434984044050146,random,V2_plus_Both
SOFT,Dutch_Grand_Prix,2022-2025,29.0,0.3005535953187729,random,V2_plus_Both
SOFT,Eifel_Grand_Prix,2018-2021,2.0,1.014881928109496,random,V2_plus_Both
SOFT,Emilia_Romagna_Grand_Prix,2018-2021,6.0,0.8312348532736031,random,V2_plus_Both
SOFT,French_Grand_Prix,2018-2021,7.0,0.3711984538475156,random,V2_plus_Both
SOFT,German_Grand_Prix,2018-2021,9.0,0.7983717913470237,random,V2_plus_Both
SOFT,Hungarian_Grand_Prix,2018-2021,6.0,0.7477643033679473,random,V2_plus_Both
SOFT,Hungarian_Grand_Prix,2022-2025,7.0,0.47223764082838093,random,V2_plus_Both
SOFT,Italian_Grand_Prix,2018-2021,15.0,0.333370987577397,random,V2_plus_Both
SOFT,Italian_Grand_Prix,2022-2025,5.0,0.14866135412025505,random,V2_plus_Both
SOFT,Japanese_Grand_Prix,2018-2021,18.0,0.5174001085279641,random,V2_plus_Both
SOFT,Mexico_City_Grand_Prix,2022-2025,18.0,0.4220742189560568,random,V2_plus_Both
SOFT,Monaco_Grand_Prix,2018-2021,26.0,0.743361087439071,random,V2_plus_Both
SOFT,Portuguese_Grand_Prix,2018-2021,6.0,0.4706568860483393,random,V2_plus_Both
SOFT,Russian_Grand_Prix,2018-2021,23.0,0.5379944499559205,random,V2_plus_Both
SOFT,Singapore_Grand_Prix,2018-2021,15.0,0.5399745378811837,random,V2_plus_Both
SOFT,Singapore_Grand_Prix,2022-2025,10.0,0.5617424109886107,random,V2_plus_Both
SOFT,Spanish_Grand_Prix,2018-2021,32.0,0.6279023453865289,random,V2_plus_Both
SOFT,Spanish_Grand_Prix,2022-2025,51.0,0.6487805380328613,random,V2_plus_Both
SOFT,Styrian_Grand_Prix,2018-2021,12.0,0.38332630820127017,random,V2_plus_Both
SOFT,São_Paulo_Grand_Prix,2022-2025,28.0,0.37399716969984254,random,V2_plus_Both
SOFT,United_States_Grand_Prix,2018-2021,7.0,0.6586749879037397,random,V2_plus_Both
SOFT,United_States_Grand_Prix,2022-2025,11.0,0.33426038634925176,random,V2_plus_Both
SUPERSOFT,Abu_Dhabi_Grand_Prix,2018-2021,10.0,0.8660241797079732,random,V2_plus_Both
SUPERSOFT,Australian_Grand_Prix,2018-2021,6.0,0.792657039125101,random,V2_plus_Both
SUPERSOFT,Austrian_Grand_Prix,2018-2021,4.0,0.3067029610414618,random,V2_plus_Both
SUPERSOFT,Azerbaijan_Grand_Prix,2018-2021,14.0,1.1018219768043458,random,V2_plus_Both
SUPERSOFT,Belgian_Grand_Prix,2018-2021,4.0,1.1166842691243741,random,V2_plus_Both
SUPERSOFT,Brazilian_Grand_Prix,2018-2021,15.0,0.5625795827308557,random,V2_plus_Both
SUPERSOFT,Canadian_Grand_Prix,2018-2021,18.0,0.33786617707847694,random,V2_plus_Both
SUPERSOFT,French_Grand_Prix,2018-2021,9.0,0.810768986358296,random,V2_plus_Both
SUPERSOFT,Japanese_Grand_Prix,2018-2021,5.0,0.6625974814936465,random,V2_plus_Both
SUPERSOFT,Mexican_Grand_Prix,2018-2021,17.0,0.9526739618893519,random,V2_plus_Both
SUPERSOFT,United_States_Grand_Prix,2018-2021,3.0,0.5963810373759113,random,V2_plus_Both
ULTRASOFT,Abu_Dhabi_Grand_Prix,2018-2021,4.0,0.8978319405725205,random,V2_plus_Both
ULTRASOFT,Chinese_Grand_Prix,2018-2021,19.0,1.3903686555271209,random,V2_plus_Both
ULTRASOFT,German_Grand_Prix,2018-2021,6.0,0.6450704489924542,random,V2_plus_Both
ULTRASOFT,Hungarian_Grand_Prix,2018-2021,2.0,0.06487666530825238,random,V2_plus_Both
ULTRASOFT,Mexican_Grand_Prix,2018-2021,4.0,0.8691463878137152,random,V2_plus_Both
ULTRASOFT,Monaco_Grand_Prix,2018-2021,23.0,1.0740611336835122,random,V2_plus_Both
ULTRASOFT,Russian_Grand_Prix,2018-2021,4.0,0.8612372033872038,random,V2_plus_Both
ULTRASOFT,Singapore_Grand_Prix,2018-2021,9.0,2.7948429262680583,random,V2_plus_Both
HARD,Abu_Dhabi_Grand_Prix,2022-2025,60.0,0.3722719119253097,fixed_2018_2023_train,V2_plus_Both
HARD,Australian_Grand_Prix,2022-2025,33.0,1.128059899871833,fixed_2018_2023_train,V2_plus_Both
HARD,Austrian_Grand_Prix,2022-2025,54.0,0.34582053219480047,fixed_2018_2023_train,V2_plus_Both
HARD,Azerbaijan_Grand_Prix,2022-2025,129.0,0.5873594544214762,fixed_2018_2023_train,V2_plus_Both
HARD,Bahrain_Grand_Prix,2022-2025,50.0,0.5096145384951749,fixed_2018_2023_train,V2_plus_Both
HARD,Belgian_Grand_Prix,2022-2025,34.0,0.6252658407777945,fixed_2018_2023_train,V2_plus_Both
HARD,British_Grand_Prix,2022-2025,27.0,0.7624316225176745,fixed_2018_2023_train,V2_plus_Both
HARD,Canadian_Grand_Prix,2022-2025,95.0,0.41588250945244687,fixed_2018_2023_train,V2_plus_Both
HARD,Dutch_Grand_Prix,2022-2025,108.0,0.438896246171713,fixed_2018_2023_train,V2_plus_Both
HARD,Hungarian_Grand_Prix,2022-2025,117.0,0.7024261740251743,fixed_2018_2023_train,V2_plus_Both
HARD,Italian_Grand_Prix,2022-2025,98.0,0.4099067773846317,fixed_2018_2023_train,V2_plus_Both
HARD,Japanese_Grand_Prix,2022-2025,85.0,1.0498518956050207,fixed_2018_2023_train,V2_plus_Both
HARD,Las_Vegas_Grand_Prix,2022-2025,97.0,0.662527093249921,fixed_2018_2023_train,V2_plus_Both
HARD,Mexico_City_Grand_Prix,2022-2025,51.0,0.5801976832730329,fixed_2018_2023_train,V2_plus_Both
HARD,Miami_Grand_Prix,2022-2025,75.0,0.550308614756138,fixed_2018_2023_train,V2_plus_Both
HARD,Monaco_Grand_Prix,2022-2025,78.0,1.5450617023923672,fixed_2018_2023_train,V2_plus_Both
HARD,Qatar_Grand_Prix,2022-2025,54.0,0.5467383721824771,fixed_2018_2023_train,V2_plus_Both
HARD,Saudi_Arabian_Grand_Prix,2022-2025,75.0,0.5123854408874,fixed_2018_2023_train,V2_plus_Both
HARD,Singapore_Grand_Prix,2022-2025,145.0,0.8034444009914193,fixed_2018_2023_train,V2_plus_Both
HARD,Spanish_Grand_Prix,2022-2025,3.0,1.108250689264902,fixed_2018_2023_train,V2_plus_Both
HARD,United_States_Grand_Prix,2022-2025,54.0,0.5599410959641671,fixed_2018_2023_train,V2_plus_Both
MEDIUM,Abu_Dhabi_Grand_Prix,2022-2025,45.0,0.5212317229654859,fixed_2018_2023_train,V2_plus_Both
MEDIUM,Australian_Grand_Prix,2022-2025,14.0,0.9201501977005213,fixed_2018_2023_train,V2_plus_Both
MEDIUM,Austrian_Grand_Prix,2022-2025,66.0,0.4784440615019665,fixed_2018_2023_train,V2_plus_Both
MEDIUM,Azerbaijan_Grand_Prix,2022-2025,39.0,0.5130788212156311,fixed_2018_2023_train,V2_plus_Both
MEDIUM,Bahrain_Grand_Prix,2022-2025,43.0,0.6148289454833135,fixed_2018_2023_train,V2_plus_Both
MEDIUM,Belgian_Grand_Prix,2022-2025,94.0,1.134477568168806,fixed_2018_2023_train,V2_plus_Both
MEDIUM,British_Grand_Prix,2022-2025,37.0,1.509513750239755,fixed_2018_2023_train,V2_plus_Both
MEDIUM,Canadian_Grand_Prix,2022-2025,31.0,0.6055542823435929,fixed_2018_2023_train,V2_plus_Both
MEDIUM,Dutch_Grand_Prix,2022-2025,75.0,0.27607187107719894,fixed_2018_2023_train,V2_plus_Both
MEDIUM,Emilia_Romagna_Grand_Prix,2022-2025,89.0,0.8002325521035796,fixed_2018_2023_train,V2_plus_Both
MEDIUM,Hungarian_Grand_Prix,2022-2025,98.0,0.6029769423151226,fixed_2018_2023_train,V2_plus_Both
MEDIUM,Italian_Grand_Prix,2022-2025,70.0,0.41007140921957935,fixed_2018_2023_train,V2_plus_Both
MEDIUM,Japanese_Grand_Prix,2022-2025,89.0,0.5349546902211946,fixed_2018_2023_train,V2_plus_Both
MEDIUM,Las_Vegas_Grand_Prix,2022-2025,60.0,1.0410213382379347,fixed_2018_2023_train,V2_plus_Both
MEDIUM,Mexico_City_Grand_Prix,2022-2025,122.0,0.6051204493967873,fixed_2018_2023_train,V2_plus_Both
MEDIUM,Miami_Grand_Prix,2022-2025,58.0,0.45517704233212275,fixed_2018_2023_train,V2_plus_Both
MEDIUM,Monaco_Grand_Prix,2022-2025,45.0,0.6787636782981473,fixed_2018_2023_train,V2_plus_Both
MEDIUM,Qatar_Grand_Prix,2022-2025,105.0,0.561284387233456,fixed_2018_2023_train,V2_plus_Both
MEDIUM,Saudi_Arabian_Grand_Prix,2022-2025,9.0,0.4319311759064838,fixed_2018_2023_train,V2_plus_Both
MEDIUM,Singapore_Grand_Prix,2022-2025,49.0,0.36056790814837325,fixed_2018_2023_train,V2_plus_Both
MEDIUM,Spanish_Grand_Prix,2022-2025,62.0,0.5155544575119797,fixed_2018_2023_train,V2_plus_Both
MEDIUM,São_Paulo_Grand_Prix,2022-2025,92.0,0.6346162373934137,fixed_2018_2023_train,V2_plus_Both
MEDIUM,United_States_Grand_Prix,2022-2025,89.0,0.42820853885554905,fixed_2018_2023_train,V2_plus_Both
SOFT,Bahrain_Grand_Prix,2022-2025,97.0,0.6491869043921975,fixed_2018_2023_train,V2_plus_Both
SOFT,Dutch_Grand_Prix,2022-2025,54.0,0.4763341638828842,fixed_2018_2023_train,V2_plus_Both
SOFT,Hungarian_Grand_Prix,2022-2025,15.0,0.7554512346395471,fixed_2018_2023_train,V2_plus_Both
SOFT,Mexico_City_Grand_Prix,2022-2025,61.0,0.7048252794845548,fixed_2018_2023_train,V2_plus_Both
SOFT,Singapore_Grand_Prix,2022-2025,26.0,0.5498636301055798,fixed_2018_2023_train,V2_plus_Both
SOFT,Spanish_Grand_Prix,2022-2025,148.0,0.6708082933728434,fixed_2018_2023_train,V2_plus_Both
SOFT,São_Paulo_Grand_Prix,2022-2025,15.0,0.4137610428105338,fixed_2018_2023_train,V2_plus_Both
HARD,Abu_Dhabi_Grand_Prix,2018-2021,59.0,0.5671518292888327,expanding_window_test_2021,V2_plus_Both
HARD,Austrian_Grand_Prix,2018-2021,56.0,0.521911702442891,expanding_window_test_2021,V2_plus_Both
HARD,Bahrain_Grand_Prix,2018-2021,32.0,0.6724294255943454,expanding_window_test_2021,V2_plus_Both
HARD,French_Grand_Prix,2018-2021,38.0,0.7601359076438248,expanding_window_test_2021,V2_plus_Both
HARD,Italian_Grand_Prix,2018-2021,19.0,0.44698181088777333,expanding_window_test_2021,V2_plus_Both
HARD,Monaco_Grand_Prix,2018-2021,77.0,1.6579629061330443,expanding_window_test_2021,V2_plus_Both
HARD,Portuguese_Grand_Prix,2018-2021,25.0,1.1367356896414273,expanding_window_test_2021,V2_plus_Both
HARD,Russian_Grand_Prix,2018-2021,47.0,0.9279007421229685,expanding_window_test_2021,V2_plus_Both
HARD,Styrian_Grand_Prix,2018-2021,58.0,0.35678128033398904,expanding_window_test_2021,V2_plus_Both
HARD,United_States_Grand_Prix,2018-2021,62.0,0.5005304361597996,expanding_window_test_2021,V2_plus_Both
MEDIUM,Austrian_Grand_Prix,2018-2021,54.0,0.5328119379070425,expanding_window_test_2021,V2_plus_Both
MEDIUM,Bahrain_Grand_Prix,2018-2021,60.0,0.6974698354632056,expanding_window_test_2021,V2_plus_Both
MEDIUM,Emilia_Romagna_Grand_Prix,2018-2021,25.0,0.4506330742994803,expanding_window_test_2021,V2_plus_Both
MEDIUM,French_Grand_Prix,2018-2021,56.0,0.5051166359313061,expanding_window_test_2021,V2_plus_Both
MEDIUM,Italian_Grand_Prix,2018-2021,43.0,0.5367334203434,expanding_window_test_2021,V2_plus_Both
MEDIUM,Portuguese_Grand_Prix,2018-2021,71.0,0.5702993960162943,expanding_window_test_2021,V2_plus_Both
MEDIUM,Russian_Grand_Prix,2018-2021,28.0,1.819401350483379,expanding_window_test_2021,V2_plus_Both
MEDIUM,Spanish_Grand_Prix,2018-2021,62.0,0.5435203174969083,expanding_window_test_2021,V2_plus_Both
MEDIUM,Styrian_Grand_Prix,2018-2021,42.0,0.47571417100657226,expanding_window_test_2021,V2_plus_Both
MEDIUM,United_States_Grand_Prix,2018-2021,32.0,0.3792025744356177,expanding_window_test_2021,V2_plus_Both
SOFT,Abu_Dhabi_Grand_Prix,2018-2021,30.0,0.9124590927696472,expanding_window_test_2021,V2_plus_Both
SOFT,Azerbaijan_Grand_Prix,2018-2021,20.0,0.6096939851170243,expanding_window_test_2021,V2_plus_Both
SOFT,Emilia_Romagna_Grand_Prix,2018-2021,25.0,1.8697735550743642,expanding_window_test_2021,V2_plus_Both
SOFT,Monaco_Grand_Prix,2018-2021,59.0,0.7602597808888584,expanding_window_test_2021,V2_plus_Both
SOFT,Portuguese_Grand_Prix,2018-2021,12.0,0.5258251784309969,expanding_window_test_2021,V2_plus_Both
SOFT,Spanish_Grand_Prix,2018-2021,45.0,0.6121838817679143,expanding_window_test_2021,V2_plus_Both
SOFT,Styrian_Grand_Prix,2018-2021,23.0,0.44344162057691894,expanding_window_test_2021,V2_plus_Both
HARD,Abu_Dhabi_Grand_Prix,2022-2025,71.0,0.41906010458262655,expanding_window_test_2023,V2_plus_Both
HARD,Australian_Grand_Prix,2022-2025,68.0,0.8237706825513111,expanding_window_test_2023,V2_plus_Both
HARD,Austrian_Grand_Prix,2022-2025,38.0,0.6561293033556836,expanding_window_test_2023,V2_plus_Both
HARD,Azerbaijan_Grand_Prix,2022-2025,72.0,0.2717883323400633,expanding_window_test_2023,V2_plus_Both
HARD,Bahrain_Grand_Prix,2022-2025,36.0,0.9376211309837901,expanding_window_test_2023,V2_plus_Both
HARD,Canadian_Grand_Prix,2022-2025,47.0,0.40058188632921665,expanding_window_test_2023,V2_plus_Both
HARD,Hungarian_Grand_Prix,2022-2025,45.0,0.5542150594811397,expanding_window_test_2023,V2_plus_Both
HARD,Italian_Grand_Prix,2022-2025,54.0,0.5811030019122772,expanding_window_test_2023,V2_plus_Both
HARD,Miami_Grand_Prix,2022-2025,70.0,0.41890496268090605,expanding_window_test_2023,V2_plus_Both
HARD,Monaco_Grand_Prix,2022-2025,28.0,2.5032157027244573,expanding_window_test_2023,V2_plus_Both
HARD,Saudi_Arabian_Grand_Prix,2022-2025,53.0,0.7914946385545633,expanding_window_test_2023,V2_plus_Both
HARD,United_States_Grand_Prix,2022-2025,35.0,0.3987866128077793,expanding_window_test_2023,V2_plus_Both
MEDIUM,Abu_Dhabi_Grand_Prix,2022-2025,28.0,0.5004254765057722,expanding_window_test_2023,V2_plus_Both
MEDIUM,Austrian_Grand_Prix,2022-2025,73.0,1.1338642630649303,expanding_window_test_2023,V2_plus_Both
MEDIUM,Azerbaijan_Grand_Prix,2022-2025,14.0,0.43454595714476446,expanding_window_test_2023,V2_plus_Both
MEDIUM,Belgian_Grand_Prix,2022-2025,22.0,0.8842784599702537,expanding_window_test_2023,V2_plus_Both
MEDIUM,British_Grand_Prix,2022-2025,53.0,0.9066783639395715,expanding_window_test_2023,V2_plus_Both
MEDIUM,Canadian_Grand_Prix,2022-2025,61.0,0.3010406121676195,expanding_window_test_2023,V2_plus_Both
MEDIUM,Hungarian_Grand_Prix,2022-2025,76.0,0.6993890226887177,expanding_window_test_2023,V2_plus_Both
MEDIUM,Italian_Grand_Prix,2022-2025,35.0,0.4165550651758554,expanding_window_test_2023,V2_plus_Both
MEDIUM,Miami_Grand_Prix,2022-2025,21.0,0.40747354198571106,expanding_window_test_2023,V2_plus_Both
MEDIUM,Monaco_Grand_Prix,2022-2025,63.0,1.9908048507488283,expanding_window_test_2023,V2_plus_Both
MEDIUM,Saudi_Arabian_Grand_Prix,2022-2025,24.0,0.6842339730988027,expanding_window_test_2023,V2_plus_Both
MEDIUM,Singapore_Grand_Prix,2022-2025,32.0,1.5923899605006286,expanding_window_test_2023,V2_plus_Both
MEDIUM,Spanish_Grand_Prix,2022-2025,47.0,0.8172870664946347,expanding_window_test_2023,V2_plus_Both
MEDIUM,São_Paulo_Grand_Prix,2022-2025,46.0,0.7115003970030113,expanding_window_test_2023,V2_plus_Both
MEDIUM,United_States_Grand_Prix,2022-2025,61.0,0.5009073074537268,expanding_window_test_2023,V2_plus_Both
SOFT,Bahrain_Grand_Prix,2022-2025,62.0,0.9600520669855837,expanding_window_test_2023,V2_plus_Both
SOFT,Belgian_Grand_Prix,2022-2025,45.0,1.0055015551428041,expanding_window_test_2023,V2_plus_Both
SOFT,British_Grand_Prix,2022-2025,28.0,0.4825753624635436,expanding_window_test_2023,V2_plus_Both
SOFT,Dutch_Grand_Prix,2022-2025,73.0,0.4893810813671484,expanding_window_test_2023,V2_plus_Both
SOFT,Spanish_Grand_Prix,2022-2025,24.0,0.6447233980773208,expanding_window_test_2023,V2_plus_Both
SOFT,São_Paulo_Grand_Prix,2022-2025,68.0,0.46142698695100953,expanding_window_test_2023,V2_plus_Both
HARD,Australian_Grand_Prix,2022-2025,33.0,1.128059899871833,expanding_window_test_2024,V2_plus_Both
HARD,Austrian_Grand_Prix,2022-2025,54.0,0.34582053219480047,expanding_window_test_2024,V2_plus_Both
HARD,Azerbaijan_Grand_Prix,2022-2025,66.0,0.7686070763976119,expanding_window_test_2024,V2_plus_Both
HARD,Bahrain_Grand_Prix,2022-2025,39.0,0.2631583087063094,expanding_window_test_2024,V2_plus_Both
HARD,Belgian_Grand_Prix,2022-2025,34.0,0.6252658407777945,expanding_window_test_2024,V2_plus_Both
HARD,British_Grand_Prix,2022-2025,27.0,0.7624316225176745,expanding_window_test_2024,V2_plus_Both
HARD,Dutch_Grand_Prix,2022-2025,83.0,0.3402648113298721,expanding_window_test_2024,V2_plus_Both
HARD,Hungarian_Grand_Prix,2022-2025,47.0,0.7959824445952461,expanding_window_test_2024,V2_plus_Both
HARD,Italian_Grand_Prix,2022-2025,61.0,0.33806791808958425,expanding_window_test_2024,V2_plus_Both
HARD,Japanese_Grand_Prix,2022-2025,32.0,0.8526753625095469,expanding_window_test_2024,V2_plus_Both
HARD,Las_Vegas_Grand_Prix,2022-2025,57.0,0.6723703033967939,expanding_window_test_2024,V2_plus_Both
HARD,Mexico_City_Grand_Prix,2022-2025,51.0,0.5801976832730329,expanding_window_test_2024,V2_plus_Both
HARD,Miami_Grand_Prix,2022-2025,29.0,0.6936508364128078,expanding_window_test_2024,V2_plus_Both
HARD,Qatar_Grand_Prix,2022-2025,14.0,0.4072232223346715,expanding_window_test_2024,V2_plus_Both
HARD,Saudi_Arabian_Grand_Prix,2022-2025,75.0,0.5123854408874,expanding_window_test_2024,V2_plus_Both
HARD,Singapore_Grand_Prix,2022-2025,59.0,0.7318360328154246,expanding_window_test_2024,V2_plus_Both
HARD,United_States_Grand_Prix,2022-2025,54.0,0.5599410959641671,expanding_window_test_2024,V2_plus_Both
MEDIUM,Australian_Grand_Prix,2022-2025,11.0,0.4478642013934113,expanding_window_test_2024,V2_plus_Both
MEDIUM,Austrian_Grand_Prix,2022-2025,66.0,0.4784440615019665,expanding_window_test_2024,V2_plus_Both
MEDIUM,Azerbaijan_Grand_Prix,2022-2025,19.0,0.4525206760986848,expanding_window_test_2024,V2_plus_Both
MEDIUM,Belgian_Grand_Prix,2022-2025,39.0,0.47794281634658936,expanding_window_test_2024,V2_plus_Both
MEDIUM,British_Grand_Prix,2022-2025,29.0,1.682089755802113,expanding_window_test_2024,V2_plus_Both
MEDIUM,Canadian_Grand_Prix,2022-2025,14.0,0.8083822359420272,expanding_window_test_2024,V2_plus_Both
MEDIUM,Dutch_Grand_Prix,2022-2025,52.0,0.2498741379227733,expanding_window_test_2024,V2_plus_Both
MEDIUM,Emilia_Romagna_Grand_Prix,2022-2025,44.0,0.755421305995852,expanding_window_test_2024,V2_plus_Both
MEDIUM,Hungarian_Grand_Prix,2022-2025,67.0,0.6687345187223962,expanding_window_test_2024,V2_plus_Both
MEDIUM,Italian_Grand_Prix,2022-2025,22.0,0.40783449767455804,expanding_window_test_2024,V2_plus_Both
MEDIUM,Japanese_Grand_Prix,2022-2025,52.0,0.5400836607766851,expanding_window_test_2024,V2_plus_Both
MEDIUM,Las_Vegas_Grand_Prix,2022-2025,20.0,0.8954357856967898,expanding_window_test_2024,V2_plus_Both
MEDIUM,Mexico_City_Grand_Prix,2022-2025,57.0,0.6271265691556468,expanding_window_test_2024,V2_plus_Both
MEDIUM,Miami_Grand_Prix,2022-2025,58.0,0.45517704233212275,expanding_window_test_2024,V2_plus_Both
MEDIUM,Qatar_Grand_Prix,2022-2025,56.0,0.6361656903543319,expanding_window_test_2024,V2_plus_Both
MEDIUM,Saudi_Arabian_Grand_Prix,2022-2025,9.0,0.4319311759064838,expanding_window_test_2024,V2_plus_Both
MEDIUM,Singapore_Grand_Prix,2022-2025,49.0,0.36056790814837325,expanding_window_test_2024,V2_plus_Both
MEDIUM,Spanish_Grand_Prix,2022-2025,41.0,0.4979764079877449,expanding_window_test_2024,V2_plus_Both
MEDIUM,United_States_Grand_Prix,2022-2025,39.0,0.5252794268850319,expanding_window_test_2024,V2_plus_Both
SOFT,Bahrain_Grand_Prix,2022-2025,59.0,0.58539980248502,expanding_window_test_2024,V2_plus_Both
SOFT,Spanish_Grand_Prix,2022-2025,77.0,0.6064044458824999,expanding_window_test_2024,V2_plus_Both
HARD,Abu_Dhabi_Grand_Prix,2022-2025,60.0,0.3595698972730801,expanding_window_test_2025,V2_plus_Both
HARD,Azerbaijan_Grand_Prix,2022-2025,63.0,0.43341401495924986,expanding_window_test_2025,V2_plus_Both
HARD,Bahrain_Grand_Prix,2022-2025,11.0,0.9748126032160698,expanding_window_test_2025,V2_plus_Both
HARD,Canadian_Grand_Prix,2022-2025,95.0,0.4154969611903213,expanding_window_test_2025,V2_plus_Both
HARD,Chinese_Grand_Prix,2022-2025,72.0,0.6718386090511765,expanding_window_test_2025,V2_plus_Both
HARD,Dutch_Grand_Prix,2022-2025,25.0,0.39610000526224315,expanding_window_test_2025,V2_plus_Both
HARD,Emilia_Romagna_Grand_Prix,2022-2025,48.0,0.5952322517193201,expanding_window_test_2025,V2_plus_Both
HARD,Hungarian_Grand_Prix,2022-2025,70.0,0.7169099535843794,expanding_window_test_2025,V2_plus_Both
HARD,Italian_Grand_Prix,2022-2025,37.0,0.47201812960379835,expanding_window_test_2025,V2_plus_Both
HARD,Japanese_Grand_Prix,2022-2025,53.0,0.9029928095784511,expanding_window_test_2025,V2_plus_Both
HARD,Las_Vegas_Grand_Prix,2022-2025,40.0,0.566331002316536,expanding_window_test_2025,V2_plus_Both
HARD,Miami_Grand_Prix,2022-2025,46.0,0.23331873868976355,expanding_window_test_2025,V2_plus_Both
HARD,Monaco_Grand_Prix,2022-2025,78.0,1.5484856242613418,expanding_window_test_2025,V2_plus_Both
HARD,Qatar_Grand_Prix,2022-2025,40.0,0.5765719826590785,expanding_window_test_2025,V2_plus_Both
HARD,Singapore_Grand_Prix,2022-2025,86.0,0.8566170947720453,expanding_window_test_2025,V2_plus_Both
HARD,Spanish_Grand_Prix,2022-2025,3.0,0.969358619512306,expanding_window_test_2025,V2_plus_Both
MEDIUM,Abu_Dhabi_Grand_Prix,2022-2025,45.0,0.3883521981806797,expanding_window_test_2025,V2_plus_Both
MEDIUM,Australian_Grand_Prix,2022-2025,3.0,1.5533488568604308,expanding_window_test_2025,V2_plus_Both
MEDIUM,Azerbaijan_Grand_Prix,2022-2025,20.0,0.5710819274672805,expanding_window_test_2025,V2_plus_Both
MEDIUM,Bahrain_Grand_Prix,2022-2025,43.0,0.6148289454833135,expanding_window_test_2025,V2_plus_Both
MEDIUM,Belgian_Grand_Prix,2022-2025,55.0,0.7690467821055081,expanding_window_test_2025,V2_plus_Both
MEDIUM,British_Grand_Prix,2022-2025,8.0,0.5987914594800992,expanding_window_test_2025,V2_plus_Both
MEDIUM,Canadian_Grand_Prix,2022-2025,17.0,0.40135770699136925,expanding_window_test_2025,V2_plus_Both
MEDIUM,Chinese_Grand_Prix,2022-2025,21.0,0.34760618326624476,expanding_window_test_2025,V2_plus_Both
MEDIUM,Dutch_Grand_Prix,2022-2025,23.0,0.3938538905714845,expanding_window_test_2025,V2_plus_Both
MEDIUM,Emilia_Romagna_Grand_Prix,2022-2025,45.0,0.41752480757265525,expanding_window_test_2025,V2_plus_Both
MEDIUM,Hungarian_Grand_Prix,2022-2025,31.0,0.40242832998285855,expanding_window_test_2025,V2_plus_Both
MEDIUM,Italian_Grand_Prix,2022-2025,48.0,0.3598377750991536,expanding_window_test_2025,V2_plus_Both
MEDIUM,Japanese_Grand_Prix,2022-2025,37.0,0.4011973233023957,expanding_window_test_2025,V2_plus_Both
MEDIUM,Las_Vegas_Grand_Prix,2022-2025,40.0,1.1857107389016825,expanding_window_test_2025,V2_plus_Both
MEDIUM,Mexico_City_Grand_Prix,2022-2025,65.0,0.4088911139507543,expanding_window_test_2025,V2_plus_Both
MEDIUM,Monaco_Grand_Prix,2022-2025,45.0,1.0882587527215635,expanding_window_test_2025,V2_plus_Both
MEDIUM,Qatar_Grand_Prix,2022-2025,49.0,1.0592952343090696,expanding_window_test_2025,V2_plus_Both
MEDIUM,Spanish_Grand_Prix,2022-2025,21.0,0.5430480275111015,expanding_window_test_2025,V2_plus_Both
MEDIUM,São_Paulo_Grand_Prix,2022-2025,92.0,0.6346162373934137,expanding_window_test_2025,V2_plus_Both
MEDIUM,United_States_Grand_Prix,2022-2025,50.0,0.30393715946405997,expanding_window_test_2025,V2_plus_Both
SOFT,Bahrain_Grand_Prix,2022-2025,38.0,0.6190631188205977,expanding_window_test_2025,V2_plus_Both
SOFT,Dutch_Grand_Prix,2022-2025,54.0,0.4685315170842235,expanding_window_test_2025,V2_plus_Both
SOFT,Hungarian_Grand_Prix,2022-2025,15.0,0.7183320440839301,expanding_window_test_2025,V2_plus_Both
SOFT,Mexico_City_Grand_Prix,2022-2025,61.0,0.7048252794845548,expanding_window_test_2025,V2_plus_Both
SOFT,Singapore_Grand_Prix,2022-2025,26.0,0.4495923105731754,expanding_window_test_2025,V2_plus_Both
SOFT,Spanish_Grand_Prix,2022-2025,71.0,0.7287917256819227,expanding_window_test_2025,V2_plus_Both
SOFT,São_Paulo_Grand_Prix,2022-2025,15.0,0.4137610428105338,expanding_window_test_2025,V2_plus_Both
