season,race,session,driver,stint,team,is_rbr,compound,circuit,n_laps,duration,event,cliff_tyre_age,slope_ratio,improvement
2018,Abu_Dhabi_Grand_Prix,R,ALO,1.0,McLaren,False,ULTRASOFT,Abu_Dhabi_Grand_Prix,20,26.0,0,,inf,0.4818530333652418
2018,Abu_Dhabi_Grand_Prix,R,ALO,2.0,McLaren,False,SUPERSOFT,Abu_Dhabi_Grand_Prix,21,26.0,0,,inf,0.6110997306965735
2018,Abu_Dhabi_Grand_Prix,R,BOT,1.0,Mercedes,False,ULTRASOFT,Abu_Dhabi_Grand_Prix,9,18.0,0,,-2.645181674565219,0.09108001980768006
2018,Abu_Dhabi_Grand_Prix,R,BOT,2.0,Mercedes,False,SUPERSOFT,Abu_Dhabi_Grand_Prix,22,23.0,0,,inf,0.3992918228986924
2018,Abu_Dhabi_Grand_Prix,R,BOT,3.0,Mercedes,False,ULTRASOFT,Abu_Dhabi_Grand_Prix,12,14.0,0,,0.5937755900600074,0.5552498975809729
2018,Abu_Dhabi_Grand_Prix,R,ERI,1.0,Sauber,False,SUPERSOFT,Abu_Dhabi_Grand_Prix,18,24.0,0,,inf,0.5526035556464463
2018,Abu_Dhabi_Grand_Prix,R,GAS,1.0,Toro Rosso,False,SUPERSOFT,Abu_Dhabi_Grand_Prix,21,28.0,0,,inf,0.390968738479848
2018,Abu_Dhabi_Grand_Prix,R,GAS,2.0,Toro Rosso,False,ULTRASOFT,Abu_Dhabi_Grand_Prix,13,17.0,0,,inf,0.4978103492944931
2018,Abu_Dhabi_Grand_Prix,R,GRO,2.0,Haas F1 Team,False,SUPERSOFT,Abu_Dhabi_Grand_Prix,39,46.0,0,,inf,0.362508585957082
2018,Abu_Dhabi_Grand_Prix,R,HAM,2.0,Mercedes,False,SUPERSOFT,Abu_Dhabi_Grand_Prix,41,47.0,0,,inf,0.2666188949068942
2018,Abu_Dhabi_Grand_Prix,R,HAR,2.0,Toro Rosso,False,SUPERSOFT,Abu_Dhabi_Grand_Prix,44,51.0,0,,inf,0.10553114660800138
2018,Abu_Dhabi_Grand_Prix,R,LEC,2.0,Sauber,False,SUPERSOFT,Abu_Dhabi_Grand_Prix,38,47.0,0,,inf,0.5583351568612811
2018,Abu_Dhabi_Grand_Prix,R,MAG,1.0,Haas F1 Team,False,SUPERSOFT,Abu_Dhabi_Grand_Prix,32,40.0,0,,inf,0.736406300151726
2018,Abu_Dhabi_Grand_Prix,R,MAG,2.0,Haas F1 Team,False,ULTRASOFT,Abu_Dhabi_Grand_Prix,9,12.0,0,,-0.9393675889327661,0.9079679578178096
2018,Abu_Dhabi_Grand_Prix,R,OCO,1.0,Racing Point,False,HYPERSOFT,Abu_Dhabi_Grand_Prix,10,14.0,1,14.0,inf,0.595624768037036
2018,Abu_Dhabi_Grand_Prix,R,OCO,2.0,Racing Point,False,SUPERSOFT,Abu_Dhabi_Grand_Prix,21,26.0,0,,inf,0.5544561847931675
2018,Abu_Dhabi_Grand_Prix,R,PER,1.0,Racing Point,False,ULTRASOFT,Abu_Dhabi_Grand_Prix,19,25.0,0,,inf,0.41477916858889957
2018,Abu_Dhabi_Grand_Prix,R,PER,2.0,Racing Point,False,SUPERSOFT,Abu_Dhabi_Grand_Prix,26,28.0,0,,inf,0.4607965136600482
2018,Abu_Dhabi_Grand_Prix,R,RIC,1.0,Red Bull Racing,True,ULTRASOFT,Abu_Dhabi_Grand_Prix,26,36.0,0,,inf,0.3957266224167121
2018,Abu_Dhabi_Grand_Prix,R,RIC,2.0,Red Bull Racing,True,SUPERSOFT,Abu_Dhabi_Grand_Prix,19,21.0,0,,-14.40524655076229,0.27373671089959445
2018,Abu_Dhabi_Grand_Prix,R,SAI,1.0,Renault,False,ULTRASOFT,Abu_Dhabi_Grand_Prix,28,36.0,0,,-0.9291846482269019,0.46274699013684834
2018,Abu_Dhabi_Grand_Prix,R,SAI,2.0,Renault,False,SUPERSOFT,Abu_Dhabi_Grand_Prix,14,17.0,0,,-1.7574518572602065,0.7517991125608313
2018,Abu_Dhabi_Grand_Prix,R,SIR,1.0,Williams,False,SUPERSOFT,Abu_Dhabi_Grand_Prix,26,34.0,0,,inf,0.2573726297978999
2018,Abu_Dhabi_Grand_Prix,R,SIR,2.0,Williams,False,ULTRASOFT,Abu_Dhabi_Grand_Prix,16,18.0,0,,-0.39785869489030945,0.6220550286580825
2018,Abu_Dhabi_Grand_Prix,R,STR,1.0,Williams,False,SUPERSOFT,Abu_Dhabi_Grand_Prix,31,39.0,0,,inf,0.6030199221370548
2018,Abu_Dhabi_Grand_Prix,R,STR,2.0,Williams,False,ULTRASOFT,Abu_Dhabi_Grand_Prix,12,13.0,0,,-2.6882556131258037,0.6690535703213188
2018,Abu_Dhabi_Grand_Prix,R,VAN,1.0,McLaren,False,SUPERSOFT,Abu_Dhabi_Grand_Prix,27,34.0,0,,inf,0.39023363270397865
2018,Abu_Dhabi_Grand_Prix,R,VAN,2.0,McLaren,False,ULTRASOFT,Abu_Dhabi_Grand_Prix,15,18.0,0,,inf,0.7355791676121297
2018,Abu_Dhabi_Grand_Prix,R,VER,1.0,Red Bull Racing,True,HYPERSOFT,Abu_Dhabi_Grand_Prix,8,19.0,0,,1.0276035131745087,0.4131706496894342
2018,Abu_Dhabi_Grand_Prix,R,VER,2.0,Red Bull Racing,True,SUPERSOFT,Abu_Dhabi_Grand_Prix,34,37.0,0,,inf,0.18439906262706565
2018,Abu_Dhabi_Grand_Prix,R,VET,1.0,Ferrari,False,ULTRASOFT,Abu_Dhabi_Grand_Prix,8,17.0,0,,inf,0.44443805876833936
2018,Abu_Dhabi_Grand_Prix,R,VET,2.0,Ferrari,False,SUPERSOFT,Abu_Dhabi_Grand_Prix,34,39.0,0,,inf,0.4367844855191221
2018,Australian_Grand_Prix,R,ALO,1.0,McLaren,False,ULTRASOFT,Australian_Grand_Prix,18,24.0,0,,inf,0.14931082048847136
2018,Australian_Grand_Prix,R,ALO,2.0,McLaren,False,SOFT,Australian_Grand_Prix,23,31.0,0,,inf,0.5041773343845308
2018,Australian_Grand_Prix,R,BOT,1.0,Mercedes,False,ULTRASOFT,Australian_Grand_Prix,20,26.0,0,,inf,0.5428320313753805
2018,Australian_Grand_Prix,R,BOT,2.0,Mercedes,False,SUPERSOFT,Australian_Grand_Prix,25,32.0,0,,inf,0.24833608174094535
2018,Australian_Grand_Prix,R,GAS,1.0,Toro Rosso,False,ULTRASOFT,Australian_Grand_Prix,7,12.0,0,,inf,0.7532001190741887
2018,Australian_Grand_Prix,R,GRO,1.0,Haas F1 Team,False,ULTRASOFT,Australian_Grand_Prix,18,25.0,0,,inf,0.2141662935740182
2018,Australian_Grand_Prix,R,HAM,1.0,Mercedes,False,ULTRASOFT,Australian_Grand_Prix,13,19.0,0,,-3.3734185768491978,0.19321431546473375
2018,Australian_Grand_Prix,R,HAM,2.0,Mercedes,False,SOFT,Australian_Grand_Prix,26,34.0,1,34.0,inf,0.39224421906415613
2018,Australian_Grand_Prix,R,HAR,2.0,Toro Rosso,False,SOFT,Australian_Grand_Prix,18,20.0,0,,0.05312136976614508,0.3118007600471689
2018,Australian_Grand_Prix,R,HAR,3.0,Toro Rosso,False,ULTRASOFT,Australian_Grand_Prix,24,32.0,0,,inf,0.6095230345043935
2018,Australian_Grand_Prix,R,HUL,1.0,Renault,False,ULTRASOFT,Australian_Grand_Prix,20,25.0,0,,-0.3268178959170593,0.4525054864649348
2018,Australian_Grand_Prix,R,HUL,2.0,Renault,False,SOFT,Australian_Grand_Prix,24,33.0,0,,inf,0.4400070293241794
2018,Australian_Grand_Prix,R,LEC,1.0,Sauber,False,SUPERSOFT,Australian_Grand_Prix,13,18.0,0,,inf,0.582913410580735
2018,Australian_Grand_Prix,R,LEC,3.0,Sauber,False,ULTRASOFT,Australian_Grand_Prix,24,30.0,0,,inf,0.2768342346970893
2018,Australian_Grand_Prix,R,MAG,1.0,Haas F1 Team,False,ULTRASOFT,Australian_Grand_Prix,18,23.0,0,,inf,0.3629722155252409
2018,Australian_Grand_Prix,R,OCO,1.0,Force India,False,ULTRASOFT,Australian_Grand_Prix,17,21.0,0,,-0.21101973269713378,0.6256370783899686
2018,Australian_Grand_Prix,R,OCO,2.0,Force India,False,SOFT,Australian_Grand_Prix,23,34.0,0,,inf,0.46212526202100807
2018,Australian_Grand_Prix,R,PER,1.0,Force India,False,ULTRASOFT,Australian_Grand_Prix,19,22.0,0,,-0.05275464167968453,0.5028101147169501
2018,Australian_Grand_Prix,R,PER,2.0,Force India,False,SOFT,Australian_Grand_Prix,23,33.0,0,,inf,0.4281760509454545
2018,Australian_Grand_Prix,R,RAI,1.0,Ferrari,False,ULTRASOFT,Australian_Grand_Prix,14,19.0,0,,-0.7337731638691843,0.5279949379747313
2018,Australian_Grand_Prix,R,RAI,2.0,Ferrari,False,SOFT,Australian_Grand_Prix,26,39.0,0,,inf,0.3801113840488309
2018,Australian_Grand_Prix,R,RIC,1.0,Red Bull Racing,True,SUPERSOFT,Australian_Grand_Prix,20,27.0,0,,inf,0.3291654168972265
2018,Australian_Grand_Prix,R,RIC,2.0,Red Bull Racing,True,SOFT,Australian_Grand_Prix,24,31.0,0,,inf,0.5162718825024024
2018,Australian_Grand_Prix,R,SAI,1.0,Renault,False,ULTRASOFT,Australian_Grand_Prix,19,23.0,0,,-0.23089050500942676,0.23642361820271426
2018,Australian_Grand_Prix,R,SAI,2.0,Renault,False,SOFT,Australian_Grand_Prix,25,35.0,0,,inf,0.7620011805245173
2018,Australian_Grand_Prix,R,STR,1.0,Williams,False,SUPERSOFT,Australian_Grand_Prix,19,23.0,0,,inf,0.483978767456757
2018,Australian_Grand_Prix,R,STR,3.0,Williams,False,ULTRASOFT,Australian_Grand_Prix,23,28.0,0,,inf,0.343176120529819
2018,Australian_Grand_Prix,R,VAN,1.0,McLaren,False,ULTRASOFT,Australian_Grand_Prix,18,23.0,0,,inf,0.38837661377584975
2018,Australian_Grand_Prix,R,VAN,2.0,McLaren,False,SUPERSOFT,Australian_Grand_Prix,25,32.0,0,,-0.24631535279271025,0.5507157525375048
2018,Australian_Grand_Prix,R,VER,1.0,Red Bull Racing,True,SUPERSOFT,Australian_Grand_Prix,17,22.0,0,,inf,0.46095934369696173
2018,Australian_Grand_Prix,R,VER,2.0,Red Bull Racing,True,SOFT,Australian_Grand_Prix,25,36.0,0,,inf,0.379038758430847
2018,Australian_Grand_Prix,R,VET,1.0,Ferrari,False,ULTRASOFT,Australian_Grand_Prix,22,27.0,0,,-0.09937870835634033,0.521328054231223
2018,Australian_Grand_Prix,R,VET,2.0,Ferrari,False,SOFT,Australian_Grand_Prix,25,31.0,0,,inf,0.42563372736860605
2018,Austrian_Grand_Prix,R,ALO,1.0,McLaren,False,SUPERSOFT,Austrian_Grand_Prix,9,12.0,0,,0.1432652516353034,0.46508681589566175
2018,Austrian_Grand_Prix,R,ALO,2.0,McLaren,False,SOFT,Austrian_Grand_Prix,48,54.0,0,,inf,0.2237156965486979
2018,Austrian_Grand_Prix,R,BOT,1.0,Mercedes,False,SUPERSOFT,Austrian_Grand_Prix,11,15.0,0,,6.823489010990308,0.4072881839022153
2018,Austrian_Grand_Prix,R,ERI,1.0,Sauber,False,SOFT,Austrian_Grand_Prix,29,43.0,0,,inf,0.1650590083874784
2018,Austrian_Grand_Prix,R,ERI,2.0,Sauber,False,SUPERSOFT,Austrian_Grand_Prix,23,24.0,0,,-11.934624394256403,0.5093974573333945
2018,Austrian_Grand_Prix,R,GAS,1.0,Toro Rosso,False,SUPERSOFT,Austrian_Grand_Prix,8,12.0,0,,-13.112693498452192,0.44201996955676537
2018,Austrian_Grand_Prix,R,GAS,2.0,Toro Rosso,False,SOFT,Austrian_Grand_Prix,53,54.0,0,,-31.263580792631988,0.22999843800412548
2018,Austrian_Grand_Prix,R,GRO,1.0,Haas F1 Team,False,ULTRASOFT,Austrian_Grand_Prix,11,16.0,0,,4.564373897706958,0.6947812933545677
2018,Austrian_Grand_Prix,R,GRO,2.0,Haas F1 Team,False,SOFT,Austrian_Grand_Prix,52,54.0,0,,inf,0.4527604762865131
2018,Austrian_Grand_Prix,R,HAM,1.0,Mercedes,False,SUPERSOFT,Austrian_Grand_Prix,19,25.0,0,,inf,0.5061566004714361
2018,Austrian_Grand_Prix,R,HAM,2.0,Mercedes,False,SOFT,Austrian_Grand_Prix,25,26.0,0,,-0.06623259376796577,0.6569416382164796
2018,Austrian_Grand_Prix,R,HAM,3.0,Mercedes,False,SUPERSOFT,Austrian_Grand_Prix,9,10.0,0,,1.9463130659765757,0.6668712531232229
2018,Austrian_Grand_Prix,R,HAR,1.0,Toro Rosso,False,SUPERSOFT,Austrian_Grand_Prix,41,52.0,0,,inf,0.25372499459025893
2018,Austrian_Grand_Prix,R,HUL,1.0,Renault,False,ULTRASOFT,Austrian_Grand_Prix,8,12.0,0,,inf,0.4802804076947122
2018,Austrian_Grand_Prix,R,LEC,1.0,Sauber,False,SUPERSOFT,Austrian_Grand_Prix,11,12.0,0,,1.8566119041207183,0.30397107705966714
2018,Austrian_Grand_Prix,R,LEC,2.0,Sauber,False,SOFT,Austrian_Grand_Prix,50,54.0,0,,inf,0.10370571403808722
2018,Austrian_Grand_Prix,R,MAG,1.0,Haas F1 Team,False,ULTRASOFT,Austrian_Grand_Prix,21,29.0,0,,-2.508342303551619,0.46384934815160966
2018,Austrian_Grand_Prix,R,MAG,2.0,Haas F1 Team,False,SOFT,Austrian_Grand_Prix,39,41.0,0,,-7.816842702873699,0.6137180727711913
2018,Austrian_Grand_Prix,R,OCO,1.0,Force India,False,SUPERSOFT,Austrian_Grand_Prix,11,13.0,0,,inf,0.28363078986903084
2018,Austrian_Grand_Prix,R,OCO,2.0,Force India,False,SOFT,Austrian_Grand_Prix,50,54.0,0,,inf,0.28418857650913815
2018,Austrian_Grand_Prix,R,PER,1.0,Force India,False,SUPERSOFT,Austrian_Grand_Prix,19,25.0,0,,-0.35657118254248144,0.30784610386028805
2018,Austrian_Grand_Prix,R,PER,2.0,Force India,False,SOFT,Austrian_Grand_Prix,40,42.0,0,,0.5840891078408359,0.28497493849642075
2018,Austrian_Grand_Prix,R,RAI,1.0,Ferrari,False,ULTRASOFT,Austrian_Grand_Prix,12,16.0,0,,-5.054421768703152,0.2147707360550927
2018,Austrian_Grand_Prix,R,RAI,2.0,Ferrari,False,SOFT,Austrian_Grand_Prix,47,55.0,0,,-1.4003835038149466,0.3792944794384363
2018,Austrian_Grand_Prix,R,RIC,1.0,Red Bull Racing,True,SUPERSOFT,Austrian_Grand_Prix,12,16.0,0,,inf,0.33533122523253595
2018,Austrian_Grand_Prix,R,RIC,2.0,Red Bull Racing,True,SOFT,Austrian_Grand_Prix,21,22.0,0,,0.4533095931281524,0.2846925879897188
2018,Austrian_Grand_Prix,R,RIC,3.0,Red Bull Racing,True,SUPERSOFT,Austrian_Grand_Prix,14,20.0,0,,inf,0.5530504834403385
2018,Austrian_Grand_Prix,R,SAI,1.0,Renault,False,ULTRASOFT,Austrian_Grand_Prix,11,15.0,0,,inf,0.3207000611817058
2018,Austrian_Grand_Prix,R,SAI,2.0,Renault,False,SOFT,Austrian_Grand_Prix,17,18.0,0,,2.7786621507196796,0.5145260816906261
2018,Austrian_Grand_Prix,R,SAI,3.0,Renault,False,SUPERSOFT,Austrian_Grand_Prix,34,35.0,0,,0.4845485530901401,0.19964916317257847
2018,Austrian_Grand_Prix,R,SIR,1.0,Williams,False,SUPERSOFT,Austrian_Grand_Prix,15,22.0,0,,-0.2833752360939129,0.33256831524240504
2018,Austrian_Grand_Prix,R,SIR,2.0,Williams,False,SOFT,Austrian_Grand_Prix,32,35.0,0,,-1.6193501349477777,0.08314146699166923
2018,Austrian_Grand_Prix,R,SIR,3.0,Williams,False,ULTRASOFT,Austrian_Grand_Prix,6,8.0,0,,,
2018,Austrian_Grand_Prix,R,STR,1.0,Williams,False,ULTRASOFT,Austrian_Grand_Prix,10,12.0,0,,0.011325409284591345,0.6463629834225777
2018,Austrian_Grand_Prix,R,STR,2.0,Williams,False,SOFT,Austrian_Grand_Prix,43,49.0,0,,0.010932037006822581,0.2922902729298793
2018,Austrian_Grand_Prix,R,VAN,2.0,McLaren,False,SOFT,Austrian_Grand_Prix,28,38.0,0,,-28.29548581889726,0.45089912752116096
2018,Austrian_Grand_Prix,R,VAN,3.0,McLaren,False,SOFT,Austrian_Grand_Prix,23,24.0,0,,0.30263666589340016,0.5030535194985029
2018,Austrian_Grand_Prix,R,VER,1.0,Red Bull Racing,True,SUPERSOFT,Austrian_Grand_Prix,12,16.0,0,,inf,0.3011038209080014
2018,Austrian_Grand_Prix,R,VER,2.0,Red Bull Racing,True,SOFT,Austrian_Grand_Prix,50,55.0,0,,-2.370885204794655,0.5196277970764943
2018,Austrian_Grand_Prix,R,VET,1.0,Ferrari,False,ULTRASOFT,Austrian_Grand_Prix,11,16.0,0,,inf,0.26212070253217057
2018,Austrian_Grand_Prix,R,VET,2.0,Ferrari,False,SOFT,Austrian_Grand_Prix,49,55.0,0,,-18.066708457152846,0.42772574953070197
2018,Azerbaijan_Grand_Prix,R,ALO,2.0,McLaren,False,SOFT,Azerbaijan_Grand_Prix,31,38.0,0,,inf,0.17663539350005844
2018,Azerbaijan_Grand_Prix,R,BOT,1.0,Mercedes,False,SUPERSOFT,Azerbaijan_Grand_Prix,32,42.0,0,,inf,0.4386654678122147
2018,Azerbaijan_Grand_Prix,R,ERI,2.0,Sauber,False,SOFT,Azerbaijan_Grand_Prix,10,16.0,0,,inf,0.3086190888807914
2018,Azerbaijan_Grand_Prix,R,ERI,3.0,Sauber,False,ULTRASOFT,Azerbaijan_Grand_Prix,14,17.0,0,,inf,0.5137969804307041
2018,Azerbaijan_Grand_Prix,R,GAS,1.0,Toro Rosso,False,ULTRASOFT,Azerbaijan_Grand_Prix,5,10.0,0,,,
2018,Azerbaijan_Grand_Prix,R,GAS,2.0,Toro Rosso,False,SOFT,Azerbaijan_Grand_Prix,20,26.0,0,,-0.019812976962502546,0.18516267534760383
2018,Azerbaijan_Grand_Prix,R,GRO,2.0,Haas F1 Team,False,SUPERSOFT,Azerbaijan_Grand_Prix,28,37.0,0,,inf,0.37110372015425624
2018,Azerbaijan_Grand_Prix,R,HAM,1.0,Mercedes,False,SUPERSOFT,Azerbaijan_Grand_Prix,15,25.0,0,,inf,0.6609109593001532
2018,Azerbaijan_Grand_Prix,R,HAM,2.0,Mercedes,False,SOFT,Azerbaijan_Grand_Prix,15,17.0,0,,inf,0.42849672016918355
2018,Azerbaijan_Grand_Prix,R,HAR,2.0,Toro Rosso,False,ULTRASOFT,Azerbaijan_Grand_Prix,14,20.0,0,,inf,0.3234452223523246
2018,Azerbaijan_Grand_Prix,R,HAR,3.0,Toro Rosso,False,SUPERSOFT,Azerbaijan_Grand_Prix,13,16.0,0,,inf,0.47234874013175493
2018,Azerbaijan_Grand_Prix,R,HUL,1.0,Renault,False,ULTRASOFT,Azerbaijan_Grand_Prix,3,12.0,0,,,
2018,Azerbaijan_Grand_Prix,R,LEC,1.0,Sauber,False,SUPERSOFT,Azerbaijan_Grand_Prix,15,22.0,0,,-0.6281926101033254,0.18019169364136328
2018,Azerbaijan_Grand_Prix,R,LEC,2.0,Sauber,False,SOFT,Azerbaijan_Grand_Prix,14,15.0,0,,inf,0.47916680561699715
2018,Azerbaijan_Grand_Prix,R,MAG,2.0,Haas F1 Team,False,SOFT,Azerbaijan_Grand_Prix,29,37.0,0,,inf,0.35566439000070343
2018,Azerbaijan_Grand_Prix,R,PER,2.0,Force India,False,SOFT,Azerbaijan_Grand_Prix,30,37.0,0,,inf,0.3392466200113731
2018,Azerbaijan_Grand_Prix,R,RAI,2.0,Ferrari,False,SOFT,Azerbaijan_Grand_Prix,32,38.0,0,,inf,0.486730917605433
2018,Azerbaijan_Grand_Prix,R,RIC,1.0,Red Bull Racing,True,SUPERSOFT,Azerbaijan_Grand_Prix,27,39.0,0,,inf,0.4546543618558255
2018,Azerbaijan_Grand_Prix,R,SAI,1.0,Renault,False,ULTRASOFT,Azerbaijan_Grand_Prix,8,16.0,0,,inf,0.8943012237102426
2018,Azerbaijan_Grand_Prix,R,SAI,2.0,Renault,False,SOFT,Azerbaijan_Grand_Prix,22,24.0,0,,inf,0.25933021074471
2018,Azerbaijan_Grand_Prix,R,STR,1.0,Williams,False,SUPERSOFT,Azerbaijan_Grand_Prix,14,21.0,0,,-0.06340140972347581,0.3663798231381397
2018,Azerbaijan_Grand_Prix,R,STR,2.0,Williams,False,SOFT,Azerbaijan_Grand_Prix,13,16.0,0,,inf,0.6073639445834663
2018,Azerbaijan_Grand_Prix,R,VAN,1.0,McLaren,False,SUPERSOFT,Azerbaijan_Grand_Prix,8,15.0,0,,-0.3239962651727335,0.6590524115384223
2018,Azerbaijan_Grand_Prix,R,VAN,2.0,McLaren,False,SOFT,Azerbaijan_Grand_Prix,6,7.0,0,,,
2018,Azerbaijan_Grand_Prix,R,VAN,3.0,McLaren,False,ULTRASOFT,Azerbaijan_Grand_Prix,10,10.0,1,10.0,16.475309296568355,0.61849005053084
2018,Azerbaijan_Grand_Prix,R,VER,1.0,Red Bull Racing,True,SUPERSOFT,Azerbaijan_Grand_Prix,28,40.0,0,,inf,0.4754431888294695
2018,Azerbaijan_Grand_Prix,R,VET,1.0,Ferrari,False,SUPERSOFT,Azerbaijan_Grand_Prix,22,31.0,0,,inf,0.49232211763019784
2018,Azerbaijan_Grand_Prix,R,VET,2.0,Ferrari,False,SOFT,Azerbaijan_Grand_Prix,8,9.0,0,,1.1064516129029285,0.42069592635773556
2018,Bahrain_Grand_Prix,R,ALO,1.0,McLaren,False,SOFT,Bahrain_Grand_Prix,9,12.0,0,,inf,0.5293306508641175
2018,Bahrain_Grand_Prix,R,ALO,2.0,McLaren,False,MEDIUM,Bahrain_Grand_Prix,23,24.0,0,,inf,0.2833432172629748
2018,Bahrain_Grand_Prix,R,ALO,3.0,McLaren,False,SUPERSOFT,Bahrain_Grand_Prix,10,12.0,1,12.0,inf,0.5023180797744478
2018,Bahrain_Grand_Prix,R,BOT,1.0,Mercedes,False,SUPERSOFT,Bahrain_Grand_Prix,14,20.0,0,,inf,0.5108466873390427
2018,Bahrain_Grand_Prix,R,BOT,2.0,Mercedes,False,MEDIUM,Bahrain_Grand_Prix,35,36.0,0,,68.28541051899093,0.6128163390033847
2018,Bahrain_Grand_Prix,R,ERI,1.0,Sauber,False,SOFT,Bahrain_Grand_Prix,18,21.0,0,,inf,0.301111044881571
2018,Bahrain_Grand_Prix,R,ERI,2.0,Sauber,False,MEDIUM,Bahrain_Grand_Prix,30,32.0,0,,0.23487733659389096,0.18620141693729475
2018,Bahrain_Grand_Prix,R,GAS,1.0,Toro Rosso,False,SUPERSOFT,Bahrain_Grand_Prix,9,16.0,0,,inf,0.6018982240583556
2018,Bahrain_Grand_Prix,R,GAS,2.0,Toro Rosso,False,SOFT,Bahrain_Grand_Prix,16,18.0,0,,0.182785060598565,0.5209883793486902
2018,Bahrain_Grand_Prix,R,GAS,3.0,Toro Rosso,False,SUPERSOFT,Bahrain_Grand_Prix,21,25.0,0,,inf,0.38030166973196766
2018,Bahrain_Grand_Prix,R,GRO,1.0,Haas F1 Team,False,SUPERSOFT,Bahrain_Grand_Prix,12,16.0,0,,inf,0.4643054218052153
2018,Bahrain_Grand_Prix,R,GRO,2.0,Haas F1 Team,False,SOFT,Bahrain_Grand_Prix,8,11.0,0,,0.023823467893716463,0.7968497198640249
2018,Bahrain_Grand_Prix,R,GRO,3.0,Haas F1 Team,False,SUPERSOFT,Bahrain_Grand_Prix,8,13.0,0,,0.329721864461813,0.7362822949323553
2018,Bahrain_Grand_Prix,R,GRO,4.0,Haas F1 Team,False,SUPERSOFT,Bahrain_Grand_Prix,8,10.0,0,,0.18703909485805142,0.8182049565344094
2018,Bahrain_Grand_Prix,R,HAM,1.0,Mercedes,False,SOFT,Bahrain_Grand_Prix,20,26.0,0,,inf,0.41020458145561645
2018,Bahrain_Grand_Prix,R,HAM,2.0,Mercedes,False,MEDIUM,Bahrain_Grand_Prix,29,30.0,0,,-6.274550326135372,0.3398518200696795
2018,Bahrain_Grand_Prix,R,HAR,1.0,Toro Rosso,False,SUPERSOFT,Bahrain_Grand_Prix,15,18.0,0,,inf,0.3766316630537133
2018,Bahrain_Grand_Prix,R,HAR,2.0,Toro Rosso,False,SOFT,Bahrain_Grand_Prix,20,18.0,1,18.0,21.83364879074483,0.5407800317093922
2018,Bahrain_Grand_Prix,R,HAR,3.0,Toro Rosso,False,SUPERSOFT,Bahrain_Grand_Prix,12,13.0,1,13.0,21.837937384896687,0.6714361797493789
2018,Bahrain_Grand_Prix,R,HUL,1.0,Renault,False,SUPERSOFT,Bahrain_Grand_Prix,10,16.0,0,,inf,0.48875287463957556
2018,Bahrain_Grand_Prix,R,HUL,2.0,Renault,False,SOFT,Bahrain_Grand_Prix,21,23.0,0,,0.2494413262654382,0.686139559932633
2018,Bahrain_Grand_Prix,R,HUL,3.0,Renault,False,SUPERSOFT,Bahrain_Grand_Prix,16,20.0,0,,inf,0.6090113133615921
2018,Bahrain_Grand_Prix,R,LEC,2.0,Sauber,False,MEDIUM,Bahrain_Grand_Prix,29,30.0,0,,0.40005017834086476,0.7511434783178286
2018,Bahrain_Grand_Prix,R,LEC,3.0,Sauber,False,SUPERSOFT,Bahrain_Grand_Prix,19,21.0,0,,inf,0.363395668792234
2018,Bahrain_Grand_Prix,R,MAG,1.0,Haas F1 Team,False,SUPERSOFT,Bahrain_Grand_Prix,8,14.0,0,,inf,0.9033264326972659
2018,Bahrain_Grand_Prix,R,MAG,2.0,Haas F1 Team,False,SUPERSOFT,Bahrain_Grand_Prix,11,16.0,0,,0.18249849124923012,0.8331716355317688
2018,Bahrain_Grand_Prix,R,MAG,3.0,Haas F1 Team,False,SOFT,Bahrain_Grand_Prix,26,29.0,0,,0.4410202357350139,0.4358513197740828
2018,Bahrain_Grand_Prix,R,OCO,1.0,Force India,False,SUPERSOFT,Bahrain_Grand_Prix,9,16.0,0,,inf,0.5406111176628051
2018,Bahrain_Grand_Prix,R,OCO,2.0,Force India,False,MEDIUM,Bahrain_Grand_Prix,15,19.0,0,,-0.0654226433409798,0.5879032475582212
2018,Bahrain_Grand_Prix,R,OCO,3.0,Force India,False,SOFT,Bahrain_Grand_Prix,19,20.0,0,,-1.587493661549875,0.4918581875894015
2018,Bahrain_Grand_Prix,R,PER,2.0,Force India,False,MEDIUM,Bahrain_Grand_Prix,20,22.0,0,,0.3514136602930777,0.6334659936329196
2018,Bahrain_Grand_Prix,R,PER,3.0,Force India,False,SUPERSOFT,Bahrain_Grand_Prix,21,20.0,1,20.0,13.649918423156258,0.8256839141085447
2018,Bahrain_Grand_Prix,R,RAI,1.0,Ferrari,False,SUPERSOFT,Bahrain_Grand_Prix,13,19.0,0,,inf,0.2786798932034138
2018,Bahrain_Grand_Prix,R,RAI,2.0,Ferrari,False,SOFT,Bahrain_Grand_Prix,13,14.0,0,,0.4164295874822033,0.2335960543682265
2018,Bahrain_Grand_Prix,R,SAI,1.0,Renault,False,SUPERSOFT,Bahrain_Grand_Prix,11,17.0,0,,inf,0.6365386314333278
2018,Bahrain_Grand_Prix,R,SAI,2.0,Renault,False,SUPERSOFT,Bahrain_Grand_Prix,7,12.0,0,,0.8198881068399422,0.2531784067469108
2018,Bahrain_Grand_Prix,R,SAI,3.0,Renault,False,SOFT,Bahrain_Grand_Prix,28,36.0,1,36.0,64.22202001819478,0.38684245770332015
2018,Bahrain_Grand_Prix,R,SIR,1.0,Williams,False,SOFT,Bahrain_Grand_Prix,16,20.0,0,,inf,0.5443903611869308
2018,Bahrain_Grand_Prix,R,SIR,2.0,Williams,False,MEDIUM,Bahrain_Grand_Prix,14,17.0,0,,-8.075460919241605,0.4218169012367444
2018,Bahrain_Grand_Prix,R,SIR,3.0,Williams,False,SUPERSOFT,Bahrain_Grand_Prix,13,11.0,1,11.0,2.3017611612344453,0.5585288123561458
2018,Bahrain_Grand_Prix,R,STR,1.0,Williams,False,SOFT,Bahrain_Grand_Prix,4,8.0,0,,,
2018,Bahrain_Grand_Prix,R,STR,2.0,Williams,False,SUPERSOFT,Bahrain_Grand_Prix,16,18.0,0,,1.960340279348918,0.26929374073055834
2018,Bahrain_Grand_Prix,R,STR,3.0,Williams,False,MEDIUM,Bahrain_Grand_Prix,23,25.0,0,,0.31391305488855686,0.24435566734308084
2018,Bahrain_Grand_Prix,R,VAN,1.0,McLaren,False,SUPERSOFT,Bahrain_Grand_Prix,5,8.0,0,,,
2018,Bahrain_Grand_Prix,R,VAN,2.0,McLaren,False,SOFT,Bahrain_Grand_Prix,16,17.0,0,,0.05174950948332672,0.8809682460692216
2018,Bahrain_Grand_Prix,R,VAN,3.0,McLaren,False,MEDIUM,Bahrain_Grand_Prix,26,27.0,0,,0.43932845744682153,0.2491821810121769
2018,Bahrain_Grand_Prix,R,VET,1.0,Ferrari,False,SUPERSOFT,Bahrain_Grand_Prix,12,17.0,0,,inf,0.517751929505313
2018,Bahrain_Grand_Prix,R,VET,2.0,Ferrari,False,SOFT,Bahrain_Grand_Prix,37,33.0,1,33.0,23.100397006179588,0.45286836602802905
2018,Belgian_Grand_Prix,R,BOT,3.0,Mercedes,False,SUPERSOFT,Belgian_Grand_Prix,16,26.0,0,,inf,0.3605551593019533
2018,Belgian_Grand_Prix,R,BOT,4.0,Mercedes,False,SOFT,Belgian_Grand_Prix,13,19.0,0,,inf,0.19941123406274305
2018,Belgian_Grand_Prix,R,ERI,2.0,Sauber,False,SOFT,Belgian_Grand_Prix,19,25.0,0,,inf,0.41744263388220254
2018,Belgian_Grand_Prix,R,ERI,3.0,Sauber,False,SUPERSOFT,Belgian_Grand_Prix,13,16.0,0,,inf,0.2880459399420138
2018,Belgian_Grand_Prix,R,GAS,2.0,Toro Rosso,False,SUPERSOFT,Belgian_Grand_Prix,18,24.0,0,,inf,0.47040790862809473
2018,Belgian_Grand_Prix,R,GAS,3.0,Toro Rosso,False,SOFT,Belgian_Grand_Prix,17,18.0,0,,inf,0.4337721117753271
2018,Belgian_Grand_Prix,R,GRO,2.0,Haas F1 Team,False,SUPERSOFT,Belgian_Grand_Prix,17,25.0,0,,inf,0.7133284917384177
2018,Belgian_Grand_Prix,R,GRO,3.0,Haas F1 Team,False,SUPERSOFT,Belgian_Grand_Prix,19,23.0,0,,inf,0.5287415626133748
2018,Belgian_Grand_Prix,R,HAM,2.0,Mercedes,False,SUPERSOFT,Belgian_Grand_Prix,16,23.0,0,,inf,0.5034469456829106
2018,Belgian_Grand_Prix,R,HAM,3.0,Mercedes,False,SOFT,Belgian_Grand_Prix,21,22.0,0,,16.993952330129364,0.5387025797610643
2018,Belgian_Grand_Prix,R,HAR,2.0,Toro Rosso,False,SOFT,Belgian_Grand_Prix,23,30.0,0,,inf,0.4373353075493804
2018,Belgian_Grand_Prix,R,HAR,3.0,Toro Rosso,False,SUPERSOFT,Belgian_Grand_Prix,10,11.0,0,,-4.5538674033142055,0.2910273574990046
2018,Belgian_Grand_Prix,R,MAG,2.0,Haas F1 Team,False,SUPERSOFT,Belgian_Grand_Prix,20,28.0,0,,inf,0.6221475481116484
2018,Belgian_Grand_Prix,R,MAG,3.0,Haas F1 Team,False,SUPERSOFT,Belgian_Grand_Prix,16,20.0,0,,inf,0.41271711475857575
2018,Belgian_Grand_Prix,R,OCO,2.0,Racing Point,False,SUPERSOFT,Belgian_Grand_Prix,19,26.0,0,,-0.13998060762766923,0.7769675774205905
2018,Belgian_Grand_Prix,R,OCO,3.0,Racing Point,False,SOFT,Belgian_Grand_Prix,17,19.0,0,,0.2714369793553231,0.5428168941655873
2018,Belgian_Grand_Prix,R,PER,2.0,Racing Point,False,SUPERSOFT,Belgian_Grand_Prix,20,27.0,0,,-1.0767230169051314,0.4326009741051058
2018,Belgian_Grand_Prix,R,PER,3.0,Racing Point,False,SOFT,Belgian_Grand_Prix,16,18.0,0,,inf,0.8109717604613308
2018,Belgian_Grand_Prix,R,RIC,2.0,Red Bull Racing,True,SOFT,Belgian_Grand_Prix,20,26.0,0,,inf,0.21275193540541534
2018,Belgian_Grand_Prix,R,SAI,2.0,Renault,False,MEDIUM,Belgian_Grand_Prix,16,21.0,0,,-2.1465240641703294,0.7024325651598664
2018,Belgian_Grand_Prix,R,SAI,3.0,Renault,False,SUPERSOFT,Belgian_Grand_Prix,16,20.0,0,,-5.831027760973123,0.28649459538962296
2018,Belgian_Grand_Prix,R,SIR,2.0,Williams,False,SOFT,Belgian_Grand_Prix,18,23.0,0,,inf,0.3069493756638154
2018,Belgian_Grand_Prix,R,SIR,3.0,Williams,False,SUPERSOFT,Belgian_Grand_Prix,15,18.0,0,,-0.16933903478331447,0.6009651828338619
2018,Belgian_Grand_Prix,R,STR,2.0,Williams,False,SOFT,Belgian_Grand_Prix,16,22.0,0,,inf,0.3932124473683848
2018,Belgian_Grand_Prix,R,STR,3.0,Williams,False,SUPERSOFT,Belgian_Grand_Prix,16,19.0,0,,0.4131213613972611,0.6746206633483247
2018,Belgian_Grand_Prix,R,VAN,3.0,McLaren,False,MEDIUM,Belgian_Grand_Prix,20,22.0,1,22.0,inf,0.5582088398898407
2018,Belgian_Grand_Prix,R,VAN,4.0,McLaren,False,SUPERSOFT,Belgian_Grand_Prix,11,14.0,0,,0.5286762254084991,0.4080211232306586
2018,Belgian_Grand_Prix,R,VER,1.0,Red Bull Racing,True,SUPERSOFT,Belgian_Grand_Prix,19,28.0,0,,-0.09912246865959168,0.36064379574546357
2018,Belgian_Grand_Prix,R,VER,2.0,Red Bull Racing,True,SOFT,Belgian_Grand_Prix,16,11.0,1,11.0,inf,0.46302878889963306
2018,Belgian_Grand_Prix,R,VET,2.0,Ferrari,False,SUPERSOFT,Belgian_Grand_Prix,17,24.0,0,,inf,0.2214246374527861
2018,Belgian_Grand_Prix,R,VET,3.0,Ferrari,False,SOFT,Belgian_Grand_Prix,20,21.0,0,,2.7700363325497763,0.6449533535796199
2018,Brazilian_Grand_Prix,R,ALO,1.0,McLaren,False,SOFT,Brazilian_Grand_Prix,11,14.0,0,,-1.1190476190479561,0.5389848531983255
2018,Brazilian_Grand_Prix,R,ALO,2.0,McLaren,False,MEDIUM,Brazilian_Grand_Prix,37,38.0,0,,-0.2148021031435404,0.36843388379037945
2018,Brazilian_Grand_Prix,R,ALO,3.0,McLaren,False,SUPERSOFT,Brazilian_Grand_Prix,13,14.0,0,,1.3008832188420012,0.3576057217717559
2018,Brazilian_Grand_Prix,R,BOT,1.0,Mercedes,False,SUPERSOFT,Brazilian_Grand_Prix,16,20.0,0,,inf,0.5323875892346623
2018,Brazilian_Grand_Prix,R,BOT,2.0,Mercedes,False,MEDIUM,Brazilian_Grand_Prix,30,40.0,0,,inf,0.5929160170431781
2018,Brazilian_Grand_Prix,R,BOT,3.0,Mercedes,False,SOFT,Brazilian_Grand_Prix,7,11.0,0,,-0.20548780487810508,0.477248384354483
2018,Brazilian_Grand_Prix,R,ERI,1.0,Sauber,False,SUPERSOFT,Brazilian_Grand_Prix,15,11.0,1,11.0,inf,0.42409452255403424
2018,Brazilian_Grand_Prix,R,GAS,1.0,Toro Rosso,False,SUPERSOFT,Brazilian_Grand_Prix,20,25.0,0,,-523.1489361706234,0.6172688177545433
2018,Brazilian_Grand_Prix,R,GAS,2.0,Toro Rosso,False,MEDIUM,Brazilian_Grand_Prix,44,47.0,0,,4.957454062008692,0.4079756340601325
2018,Brazilian_Grand_Prix,R,GRO,1.0,Haas F1 Team,False,SUPERSOFT,Brazilian_Grand_Prix,30,34.0,0,,-0.0013608229320630123,0.24832705453258241
2018,Brazilian_Grand_Prix,R,GRO,2.0,Haas F1 Team,False,MEDIUM,Brazilian_Grand_Prix,34,38.0,0,,inf,0.3287365655119984
2018,Brazilian_Grand_Prix,R,HAM,1.0,Mercedes,False,SUPERSOFT,Brazilian_Grand_Prix,17,21.0,0,,inf,0.4234769967393822
2018,Brazilian_Grand_Prix,R,HAM,2.0,Mercedes,False,MEDIUM,Brazilian_Grand_Prix,43,51.0,0,,inf,0.34652813509667746
2018,Brazilian_Grand_Prix,R,HAR,1.0,Toro Rosso,False,MEDIUM,Brazilian_Grand_Prix,41,48.0,0,,-0.32899707807741624,0.5574781465426026
2018,Brazilian_Grand_Prix,R,HAR,2.0,Toro Rosso,False,SUPERSOFT,Brazilian_Grand_Prix,18,20.0,0,,0.6855323664662416,0.45172500166401847
2018,Brazilian_Grand_Prix,R,HUL,1.0,Renault,False,SOFT,Brazilian_Grand_Prix,20,31.0,0,,inf,0.5459508846716887
2018,Brazilian_Grand_Prix,R,LEC,1.0,Sauber,False,SUPERSOFT,Brazilian_Grand_Prix,33,39.0,0,,inf,0.36119949011444974
2018,Brazilian_Grand_Prix,R,LEC,2.0,Sauber,False,MEDIUM,Brazilian_Grand_Prix,32,35.0,0,,-0.8691541592866,0.3036550021608971
2018,Brazilian_Grand_Prix,R,MAG,1.0,Haas F1 Team,False,SOFT,Brazilian_Grand_Prix,31,40.0,0,,inf,0.22705072332846352
2018,Brazilian_Grand_Prix,R,MAG,2.0,Haas F1 Team,False,SUPERSOFT,Brazilian_Grand_Prix,26,29.0,0,,25.196777905698656,0.16211067030275625
2018,Brazilian_Grand_Prix,R,OCO,1.0,Racing Point,False,SOFT,Brazilian_Grand_Prix,28,39.0,0,,inf,0.5150301299105369
2018,Brazilian_Grand_Prix,R,OCO,2.0,Racing Point,False,SUPERSOFT,Brazilian_Grand_Prix,13,16.0,0,,-0.4256432834360623,0.6092915893625027
2018,Brazilian_Grand_Prix,R,OCO,3.0,Racing Point,False,SUPERSOFT,Brazilian_Grand_Prix,11,29.0,0,,0.7756148166229299,0.676789788076873
2018,Brazilian_Grand_Prix,R,PER,1.0,Racing Point,False,SUPERSOFT,Brazilian_Grand_Prix,32,38.0,0,,inf,0.6726244623088639
2018,Brazilian_Grand_Prix,R,PER,2.0,Racing Point,False,SOFT,Brazilian_Grand_Prix,25,30.0,0,,inf,0.43547948160481714
2018,Brazilian_Grand_Prix,R,RAI,1.0,Ferrari,False,SOFT,Brazilian_Grand_Prix,27,33.0,0,,-0.3281139794047089,0.5007450988071165
2018,Brazilian_Grand_Prix,R,RAI,2.0,Ferrari,False,MEDIUM,Brazilian_Grand_Prix,34,39.0,0,,-0.3557712176176086,0.4377544240368678
2018,Brazilian_Grand_Prix,R,RIC,1.0,Red Bull Racing,True,SUPERSOFT,Brazilian_Grand_Prix,35,41.0,0,,-0.7010820333745449,0.6110419780455718
2018,Brazilian_Grand_Prix,R,RIC,2.0,Red Bull Racing,True,SOFT,Brazilian_Grand_Prix,24,31.0,0,,2.378773377996046,0.46693963295323143
2018,Brazilian_Grand_Prix,R,SAI,1.0,Renault,False,SOFT,Brazilian_Grand_Prix,22,24.0,0,,-0.018233088586900776,0.3408137925343583
2018,Brazilian_Grand_Prix,R,SAI,2.0,Renault,False,MEDIUM,Brazilian_Grand_Prix,18,22.0,0,,0.09414501941409331,0.4659307069039954
2018,Brazilian_Grand_Prix,R,SAI,3.0,Renault,False,SUPERSOFT,Brazilian_Grand_Prix,16,21.0,0,,1.1717496229913527,0.5441723128256264
2018,Brazilian_Grand_Prix,R,SIR,1.0,Williams,False,SOFT,Brazilian_Grand_Prix,11,15.0,0,,-0.8383968972205739,0.7483162068436436
2018,Brazilian_Grand_Prix,R,SIR,2.0,Williams,False,MEDIUM,Brazilian_Grand_Prix,51,52.0,0,,1.2057359304811632,0.16646542951428703
2018,Brazilian_Grand_Prix,R,STR,1.0,Williams,False,SOFT,Brazilian_Grand_Prix,12,9.0,1,9.0,inf,0.7177487874090265
2018,Brazilian_Grand_Prix,R,STR,2.0,Williams,False,MEDIUM,Brazilian_Grand_Prix,44,44.0,1,44.0,68.98517599257943,0.2888419054875215
2018,Brazilian_Grand_Prix,R,VAN,1.0,McLaren,False,SOFT,Brazilian_Grand_Prix,23,27.0,0,,0.3145021366270184,0.5754967450348126
2018,Brazilian_Grand_Prix,R,VAN,2.0,McLaren,False,MEDIUM,Brazilian_Grand_Prix,33,41.0,0,,-5.062027369199162,0.49221957715888565
2018,Brazilian_Grand_Prix,R,VER,1.0,Red Bull Racing,True,SUPERSOFT,Brazilian_Grand_Prix,32,37.0,0,,inf,0.33797407975622173
2018,Brazilian_Grand_Prix,R,VER,2.0,Red Bull Racing,True,SOFT,Brazilian_Grand_Prix,29,35.0,0,,0.4893792992468629,0.3540433977773485
2018,Brazilian_Grand_Prix,R,VET,1.0,Ferrari,False,SOFT,Brazilian_Grand_Prix,23,29.0,0,,-1.451228351262696,0.7118592464292963
2018,Brazilian_Grand_Prix,R,VET,2.0,Ferrari,False,MEDIUM,Brazilian_Grand_Prix,23,25.0,0,,-60.518212515857414,0.4893756991158991
2018,Brazilian_Grand_Prix,R,VET,3.0,Ferrari,False,SUPERSOFT,Brazilian_Grand_Prix,15,20.0,0,,inf,0.5638914782840402
2018,British_Grand_Prix,R,ALO,1.0,McLaren,False,SOFT,British_Grand_Prix,8,11.0,0,,-0.7582017010931442,0.17207719599828822
2018,British_Grand_Prix,R,ALO,2.0,McLaren,False,MEDIUM,British_Grand_Prix,17,18.0,0,,0.6091788472965396,0.3834835058240253
2018,British_Grand_Prix,R,ALO,3.0,McLaren,False,SOFT,British_Grand_Prix,10,21.0,0,,inf,0.6874241447444664
2018,British_Grand_Prix,R,BOT,1.0,Mercedes,False,SOFT,British_Grand_Prix,18,22.0,0,,-2.183379120879278,0.42454250741036875
2018,British_Grand_Prix,R,BOT,2.0,Mercedes,False,MEDIUM,British_Grand_Prix,16,30.0,0,,inf,0.5038847652523257
2018,British_Grand_Prix,R,ERI,1.0,Sauber,False,SOFT,British_Grand_Prix,18,22.0,0,,-0.225050875050876,0.3869428632412369
2018,British_Grand_Prix,R,ERI,2.0,Sauber,False,MEDIUM,British_Grand_Prix,5,7.0,0,,,
2018,British_Grand_Prix,R,GAS,1.0,Toro Rosso,False,SOFT,British_Grand_Prix,14,18.0,0,,inf,0.41801197007685076
2018,British_Grand_Prix,R,GAS,2.0,Toro Rosso,False,MEDIUM,British_Grand_Prix,10,11.0,0,,-0.3261960521913487,0.9447676623996571
2018,British_Grand_Prix,R,GAS,3.0,Toro Rosso,False,SOFT,British_Grand_Prix,10,22.0,0,,inf,0.7057215671194842
2018,British_Grand_Prix,R,GRO,1.0,Haas F1 Team,False,SOFT,British_Grand_Prix,22,27.0,0,,inf,0.6283417251577903
2018,British_Grand_Prix,R,HAM,1.0,Mercedes,False,SOFT,British_Grand_Prix,19,27.0,0,,inf,0.62036523523724
2018,British_Grand_Prix,R,HAM,2.0,Mercedes,False,MEDIUM,British_Grand_Prix,15,26.0,0,,-0.9798057447677059,0.6365273123524032
2018,British_Grand_Prix,R,HUL,1.0,Renault,False,MEDIUM,British_Grand_Prix,17,18.0,0,,-0.10242718446601239,0.39019465281984334
2018,British_Grand_Prix,R,HUL,2.0,Renault,False,HARD,British_Grand_Prix,15,31.0,0,,inf,0.4806627328577495
2018,British_Grand_Prix,R,LEC,1.0,Sauber,False,SOFT,British_Grand_Prix,15,21.0,0,,0.6985578614139735,0.3767647605416515
2018,British_Grand_Prix,R,MAG,1.0,Haas F1 Team,False,SOFT,British_Grand_Prix,19,26.0,0,,-13.745303605305885,0.5669515682348529
2018,British_Grand_Prix,R,MAG,2.0,Haas F1 Team,False,MEDIUM,British_Grand_Prix,12,26.0,0,,-1.9344857389800991,0.8300024415096877
2018,British_Grand_Prix,R,OCO,1.0,Force India,False,SOFT,British_Grand_Prix,16,20.0,0,,-0.1699346405228733,0.2731183003289475
2018,British_Grand_Prix,R,OCO,2.0,Force India,False,MEDIUM,British_Grand_Prix,18,32.0,0,,inf,0.5128910288909682
2018,British_Grand_Prix,R,PER,1.0,Force India,False,SOFT,British_Grand_Prix,7,11.0,0,,1.142439516128981,0.6515378861919646
2018,British_Grand_Prix,R,PER,2.0,Force India,False,MEDIUM,British_Grand_Prix,16,18.0,0,,inf,0.4848046417942981
2018,British_Grand_Prix,R,PER,3.0,Force India,False,SOFT,British_Grand_Prix,10,22.0,0,,inf,0.644656592077186
2018,British_Grand_Prix,R,RAI,1.0,Ferrari,False,SOFT,British_Grand_Prix,10,14.0,0,,1.60471204188501,0.4228504489881545
2018,British_Grand_Prix,R,RAI,2.0,Ferrari,False,MEDIUM,British_Grand_Prix,18,19.0,0,,inf,0.3025328073922248
2018,British_Grand_Prix,R,RAI,3.0,Ferrari,False,SOFT,British_Grand_Prix,10,18.0,0,,-26.930635838140915,0.6135506976584826
2018,British_Grand_Prix,R,RIC,1.0,Red Bull Racing,True,SOFT,British_Grand_Prix,15,19.0,0,,inf,0.4492519398444448
2018,British_Grand_Prix,R,RIC,2.0,Red Bull Racing,True,MEDIUM,British_Grand_Prix,10,11.0,0,,-0.5707710011507925,0.40037616290609473
2018,British_Grand_Prix,R,RIC,3.0,Red Bull Racing,True,SOFT,British_Grand_Prix,10,21.0,0,,inf,0.5213867565129067
2018,British_Grand_Prix,R,SAI,1.0,Renault,False,MEDIUM,British_Grand_Prix,14,15.0,0,,0.17575491058340356,0.6912344147032026
2018,British_Grand_Prix,R,SAI,2.0,Renault,False,HARD,British_Grand_Prix,13,14.0,0,,0.23993119975260727,0.3677071970411545
2018,British_Grand_Prix,R,SIR,1.0,Williams,False,SOFT,British_Grand_Prix,16,19.0,0,,-0.5134185663712205,0.4619353863380312
2018,British_Grand_Prix,R,SIR,2.0,Williams,False,MEDIUM,British_Grand_Prix,15,30.0,0,,-0.17880171710373444,0.8484055977593482
2018,British_Grand_Prix,R,STR,1.0,Williams,False,MEDIUM,British_Grand_Prix,25,28.0,0,,inf,0.33702274724717995
2018,British_Grand_Prix,R,STR,2.0,Williams,False,SOFT,British_Grand_Prix,9,21.0,0,,inf,0.21665298710258035
2018,British_Grand_Prix,R,VAN,1.0,McLaren,False,SOFT,British_Grand_Prix,15,19.0,0,,-5.968429360695729,0.48811663338141864
2018,British_Grand_Prix,R,VAN,2.0,McLaren,False,MEDIUM,British_Grand_Prix,9,10.0,0,,-0.13387576279142435,0.5459840627399754
2018,British_Grand_Prix,R,VAN,3.0,McLaren,False,SOFT,British_Grand_Prix,9,18.0,0,,inf,0.8738540343901467
2018,British_Grand_Prix,R,VER,1.0,Red Bull Racing,True,SOFT,British_Grand_Prix,14,18.0,0,,inf,0.6985567644259312
2018,British_Grand_Prix,R,VER,2.0,Red Bull Racing,True,MEDIUM,British_Grand_Prix,14,15.0,0,,-0.1688489836637855,0.30532108593602625
2018,British_Grand_Prix,R,VER,3.0,Red Bull Racing,True,SOFT,British_Grand_Prix,4,12.0,0,,,
2018,British_Grand_Prix,R,VET,1.0,Ferrari,False,SOFT,British_Grand_Prix,16,12.0,1,12.0,2.651350351461311,0.38671688928847714
2018,British_Grand_Prix,R,VET,2.0,Ferrari,False,MEDIUM,British_Grand_Prix,11,12.0,0,,inf,0.558141284217864
2018,British_Grand_Prix,R,VET,3.0,Ferrari,False,SOFT,British_Grand_Prix,10,18.0,0,,-0.18394863563402705,0.4186470013219557
2018,Canadian_Grand_Prix,R,ALO,1.0,McLaren,False,ULTRASOFT,Canadian_Grand_Prix,11,16.0,0,,-0.24054849705608686,0.7594662989285385
2018,Canadian_Grand_Prix,R,ALO,2.0,McLaren,False,SUPERSOFT,Canadian_Grand_Prix,19,22.0,0,,inf,0.5986164882133226
2018,Canadian_Grand_Prix,R,BOT,1.0,Mercedes,False,ULTRASOFT,Canadian_Grand_Prix,29,37.0,0,,inf,0.6522519438617369
2018,Canadian_Grand_Prix,R,BOT,2.0,Mercedes,False,SUPERSOFT,Canadian_Grand_Prix,30,33.0,0,,inf,0.3737009073926466
2018,Canadian_Grand_Prix,R,ERI,2.0,Sauber,False,SUPERSOFT,Canadian_Grand_Prix,56,66.0,0,,inf,0.2955557260634462
2018,Canadian_Grand_Prix,R,GAS,1.0,Toro Rosso,False,HYPERSOFT,Canadian_Grand_Prix,16,21.0,0,,inf,0.15547560054346846
2018,Canadian_Grand_Prix,R,GAS,2.0,Toro Rosso,False,SUPERSOFT,Canadian_Grand_Prix,40,45.0,0,,-1.6421678763466436,0.32835137697201683
2018,Canadian_Grand_Prix,R,GRO,1.0,Haas F1 Team,False,ULTRASOFT,Canadian_Grand_Prix,39,46.0,0,,-8.672389127324312,0.44573190201038604
2018,Canadian_Grand_Prix,R,GRO,2.0,Haas F1 Team,False,SUPERSOFT,Canadian_Grand_Prix,17,20.0,0,,inf,0.24352948928031762
2018,Canadian_Grand_Prix,R,HAM,1.0,Mercedes,False,ULTRASOFT,Canadian_Grand_Prix,10,17.0,0,,inf,0.26400195854135416
2018,Canadian_Grand_Prix,R,HAM,2.0,Mercedes,False,SUPERSOFT,Canadian_Grand_Prix,45,47.0,1,47.0,inf,0.33423792799717117
2018,Canadian_Grand_Prix,R,HUL,1.0,Renault,False,HYPERSOFT,Canadian_Grand_Prix,6,14.0,0,,,
2018,Canadian_Grand_Prix,R,HUL,2.0,Renault,False,SUPERSOFT,Canadian_Grand_Prix,48,55.0,0,,inf,0.09429009684127045
2018,Canadian_Grand_Prix,R,LEC,1.0,Sauber,False,ULTRASOFT,Canadian_Grand_Prix,12,17.0,0,,inf,0.46061904018725586
2018,Canadian_Grand_Prix,R,LEC,2.0,Sauber,False,SUPERSOFT,Canadian_Grand_Prix,43,49.0,0,,inf,0.10295225392557573
2018,Canadian_Grand_Prix,R,MAG,1.0,Haas F1 Team,False,ULTRASOFT,Canadian_Grand_Prix,13,20.0,0,,-0.3207123659376196,0.6541042334319693
2018,Canadian_Grand_Prix,R,MAG,2.0,Haas F1 Team,False,SUPERSOFT,Canadian_Grand_Prix,38,46.0,0,,3.2862945561010237,0.43470933475392903
2018,Canadian_Grand_Prix,R,OCO,1.0,Force India,False,HYPERSOFT,Canadian_Grand_Prix,5,12.0,0,,,
2018,Canadian_Grand_Prix,R,OCO,2.0,Force India,False,SUPERSOFT,Canadian_Grand_Prix,51,57.0,0,,inf,0.2291583198009034
2018,Canadian_Grand_Prix,R,PER,2.0,Force India,False,SUPERSOFT,Canadian_Grand_Prix,29,34.0,0,,0.023863686821934252,0.36463222361309433
2018,Canadian_Grand_Prix,R,PER,3.0,Force India,False,SUPERSOFT,Canadian_Grand_Prix,22,24.0,0,,-0.5913229780396372,0.39038754006028176
2018,Canadian_Grand_Prix,R,RAI,1.0,Ferrari,False,ULTRASOFT,Canadian_Grand_Prix,25,33.0,0,,inf,0.3161145830505977
2018,Canadian_Grand_Prix,R,RAI,2.0,Ferrari,False,SUPERSOFT,Canadian_Grand_Prix,33,37.0,0,,inf,0.42855689635496574
2018,Canadian_Grand_Prix,R,RIC,1.0,Red Bull Racing,True,HYPERSOFT,Canadian_Grand_Prix,11,18.0,0,,inf,0.25517521961329576
2018,Canadian_Grand_Prix,R,RIC,2.0,Red Bull Racing,True,SUPERSOFT,Canadian_Grand_Prix,45,52.0,0,,-0.5922070295089801,0.08945888558740002
2018,Canadian_Grand_Prix,R,SAI,1.0,Renault,False,HYPERSOFT,Canadian_Grand_Prix,8,15.0,0,,inf,0.5537657419888283
2018,Canadian_Grand_Prix,R,SAI,2.0,Renault,False,SUPERSOFT,Canadian_Grand_Prix,49,54.0,0,,inf,0.10031203688390417
2018,Canadian_Grand_Prix,R,SIR,1.0,Williams,False,SUPERSOFT,Canadian_Grand_Prix,18,24.0,0,,inf,0.45783457893809104
2018,Canadian_Grand_Prix,R,SIR,2.0,Williams,False,ULTRASOFT,Canadian_Grand_Prix,33,38.0,1,38.0,inf,0.5549622002849433
2018,Canadian_Grand_Prix,R,VAN,2.0,McLaren,False,SUPERSOFT,Canadian_Grand_Prix,38,46.0,0,,inf,0.5202002626648462
2018,Canadian_Grand_Prix,R,VAN,3.0,McLaren,False,HYPERSOFT,Canadian_Grand_Prix,18,19.0,0,,0.4193522069021792,0.06218967807847561
2018,Canadian_Grand_Prix,R,VER,1.0,Red Bull Racing,True,HYPERSOFT,Canadian_Grand_Prix,10,17.0,0,,158.66666666681203,0.21254000598267503
2018,Canadian_Grand_Prix,R,VER,2.0,Red Bull Racing,True,SUPERSOFT,Canadian_Grand_Prix,46,53.0,0,,inf,0.22678410250958025
2018,Canadian_Grand_Prix,R,VET,1.0,Ferrari,False,ULTRASOFT,Canadian_Grand_Prix,31,37.0,0,,inf,0.3168217784418648
2018,Canadian_Grand_Prix,R,VET,2.0,Ferrari,False,SUPERSOFT,Canadian_Grand_Prix,29,32.0,0,,0.050050398196570735,0.3691918529061453
2018,Chinese_Grand_Prix,R,ALO,1.0,McLaren,False,SOFT,Chinese_Grand_Prix,32,45.0,0,,inf,0.2887271054579233
2018,Chinese_Grand_Prix,R,ALO,2.0,McLaren,False,MEDIUM,Chinese_Grand_Prix,7,8.0,0,,inf,0.20218947809107377
2018,Chinese_Grand_Prix,R,BOT,1.0,Mercedes,False,SOFT,Chinese_Grand_Prix,37,48.0,0,,0.08066426950619401,0.5039842950941243
2018,Chinese_Grand_Prix,R,BOT,2.0,Mercedes,False,MEDIUM,Chinese_Grand_Prix,7,8.0,0,,inf,0.28326609073489334
2018,Chinese_Grand_Prix,R,ERI,1.0,Sauber,False,SOFT,Chinese_Grand_Prix,30,44.0,0,,inf,0.3796280019086912
2018,Chinese_Grand_Prix,R,ERI,2.0,Sauber,False,MEDIUM,Chinese_Grand_Prix,8,9.0,0,,60.59259259235897,0.5776529702967292
2018,Chinese_Grand_Prix,R,GAS,1.0,Toro Rosso,False,MEDIUM,Chinese_Grand_Prix,28,44.0,0,,inf,0.5679703611217872
2018,Chinese_Grand_Prix,R,GAS,2.0,Toro Rosso,False,ULTRASOFT,Chinese_Grand_Prix,8,9.0,0,,0.11753297129558324,0.5463185046341448
2018,Chinese_Grand_Prix,R,GRO,1.0,Haas F1 Team,False,ULTRASOFT,Chinese_Grand_Prix,32,47.0,0,,inf,0.19855758630477657
2018,Chinese_Grand_Prix,R,GRO,2.0,Haas F1 Team,False,ULTRASOFT,Chinese_Grand_Prix,8,9.0,0,,0.7144508670519325,0.5213159350868649
2018,Chinese_Grand_Prix,R,HAM,1.0,Mercedes,False,SOFT,Chinese_Grand_Prix,34,47.0,0,,1.9282383653005972,0.6248130081930985
2018,Chinese_Grand_Prix,R,HAM,2.0,Mercedes,False,MEDIUM,Chinese_Grand_Prix,7,9.0,0,,inf,0.06781931203576719
2018,Chinese_Grand_Prix,R,HAR,1.0,Toro Rosso,False,ULTRASOFT,Chinese_Grand_Prix,29,44.0,0,,inf,0.6272740717267123
2018,Chinese_Grand_Prix,R,HUL,1.0,Renault,False,ULTRASOFT,Chinese_Grand_Prix,33,47.0,0,,inf,0.11731235255942357
2018,Chinese_Grand_Prix,R,HUL,2.0,Renault,False,SOFT,Chinese_Grand_Prix,8,9.0,0,,-0.9541818181817994,0.8841157722830145
2018,Chinese_Grand_Prix,R,LEC,1.0,Sauber,False,SOFT,Chinese_Grand_Prix,30,44.0,0,,inf,0.44072941581136493
2018,Chinese_Grand_Prix,R,LEC,2.0,Sauber,False,MEDIUM,Chinese_Grand_Prix,7,9.0,0,,-0.3203200000000013,0.459955668652181
2018,Chinese_Grand_Prix,R,MAG,1.0,Haas F1 Team,False,SOFT,Chinese_Grand_Prix,35,48.0,0,,inf,0.10278445009517313
2018,Chinese_Grand_Prix,R,MAG,2.0,Haas F1 Team,False,MEDIUM,Chinese_Grand_Prix,7,9.0,0,,inf,0.6929596253199375
2018,Chinese_Grand_Prix,R,OCO,1.0,Force India,False,SOFT,Chinese_Grand_Prix,33,44.0,0,,inf,0.3482606173666696
2018,Chinese_Grand_Prix,R,OCO,2.0,Force India,False,ULTRASOFT,Chinese_Grand_Prix,8,9.0,0,,-6.908771929823065,0.8444803643733164
2018,Chinese_Grand_Prix,R,PER,1.0,Force India,False,ULTRASOFT,Chinese_Grand_Prix,32,47.0,0,,inf,0.3449823828144024
2018,Chinese_Grand_Prix,R,PER,2.0,Force India,False,SOFT,Chinese_Grand_Prix,8,9.0,0,,inf,0.4142062794977295
2018,Chinese_Grand_Prix,R,RAI,1.0,Ferrari,False,SOFT,Chinese_Grand_Prix,35,48.0,0,,inf,0.3411865867283076
2018,Chinese_Grand_Prix,R,RAI,2.0,Ferrari,False,MEDIUM,Chinese_Grand_Prix,7,8.0,0,,0.09602356406477991,0.5800841941314953
2018,Chinese_Grand_Prix,R,RIC,1.0,Red Bull Racing,True,ULTRASOFT,Chinese_Grand_Prix,32,48.0,0,,-1.0769979351900536,0.4231465428403354
2018,Chinese_Grand_Prix,R,RIC,2.0,Red Bull Racing,True,SOFT,Chinese_Grand_Prix,6,8.0,0,,,
2018,Chinese_Grand_Prix,R,SAI,1.0,Renault,False,ULTRASOFT,Chinese_Grand_Prix,33,47.0,0,,inf,0.2808610117646908
2018,Chinese_Grand_Prix,R,SAI,2.0,Renault,False,SOFT,Chinese_Grand_Prix,8,9.0,0,,inf,0.4976659934097671
2018,Chinese_Grand_Prix,R,SIR,1.0,Williams,False,SOFT,Chinese_Grand_Prix,32,44.0,0,,-82.57097799156905,0.40716322659501875
2018,Chinese_Grand_Prix,R,SIR,2.0,Williams,False,SOFT,Chinese_Grand_Prix,8,10.0,0,,inf,0.2192125921932913
2018,Chinese_Grand_Prix,R,STR,1.0,Williams,False,SOFT,Chinese_Grand_Prix,32,44.0,0,,inf,0.4289098871342838
2018,Chinese_Grand_Prix,R,STR,2.0,Williams,False,MEDIUM,Chinese_Grand_Prix,8,9.0,0,,0.3030303030304607,0.12424635925092987
2018,Chinese_Grand_Prix,R,VAN,1.0,McLaren,False,SOFT,Chinese_Grand_Prix,32,44.0,0,,inf,0.4543514804423931
2018,Chinese_Grand_Prix,R,VAN,2.0,McLaren,False,MEDIUM,Chinese_Grand_Prix,7,9.0,0,,inf,0.004986287242227129
2018,Chinese_Grand_Prix,R,VER,1.0,Red Bull Racing,True,ULTRASOFT,Chinese_Grand_Prix,33,47.0,0,,0.6609706287766899,0.14954639855427887
2018,Chinese_Grand_Prix,R,VER,2.0,Red Bull Racing,True,SOFT,Chinese_Grand_Prix,8,6.0,1,6.0,8.875862068964048,0.6447192603115304
2018,Chinese_Grand_Prix,R,VET,1.0,Ferrari,False,SOFT,Chinese_Grand_Prix,35,46.0,0,,inf,0.39338769239959964
2018,Chinese_Grand_Prix,R,VET,2.0,Ferrari,False,MEDIUM,Chinese_Grand_Prix,8,9.0,0,,6.71973307912276,0.47354035164566444
2018,French_Grand_Prix,R,ALO,2.0,McLaren,False,SOFT,French_Grand_Prix,37,44.0,0,,inf,0.5977474381657574
2018,French_Grand_Prix,R,BOT,2.0,Mercedes,False,SOFT,French_Grand_Prix,28,37.0,0,,inf,0.3113796547409608
2018,French_Grand_Prix,R,BOT,3.0,Mercedes,False,SUPERSOFT,French_Grand_Prix,9,8.0,1,8.0,2.0496314496312906,0.3367645365043283
2018,French_Grand_Prix,R,ERI,1.0,Sauber,False,SUPERSOFT,French_Grand_Prix,25,33.0,0,,inf,0.5354340206922681
2018,French_Grand_Prix,R,ERI,2.0,Sauber,False,ULTRASOFT,French_Grand_Prix,8,14.0,0,,-0.48544189535640636,0.2923525823538892
2018,French_Grand_Prix,R,GRO,1.0,Haas F1 Team,False,ULTRASOFT,French_Grand_Prix,26,35.0,0,,-0.21880840763550582,0.40791544326290835
2018,French_Grand_Prix,R,GRO,2.0,Haas F1 Team,False,SUPERSOFT,French_Grand_Prix,13,15.0,0,,inf,0.3260534897930426
2018,French_Grand_Prix,R,HAM,1.0,Mercedes,False,SUPERSOFT,French_Grand_Prix,27,33.0,0,,inf,0.4461957196078931
2018,French_Grand_Prix,R,HAM,2.0,Mercedes,False,SOFT,French_Grand_Prix,15,18.0,0,,0.05212363607846997,0.5301941572762999
2018,French_Grand_Prix,R,HAR,1.0,Toro Rosso,False,ULTRASOFT,French_Grand_Prix,28,36.0,0,,inf,0.6234744097386685
2018,French_Grand_Prix,R,HAR,2.0,Toro Rosso,False,SUPERSOFT,French_Grand_Prix,5,11.0,0,,,
2018,French_Grand_Prix,R,HUL,1.0,Renault,False,SOFT,French_Grand_Prix,28,35.0,0,,inf,0.6688112604810957
2018,French_Grand_Prix,R,HUL,2.0,Renault,False,ULTRASOFT,French_Grand_Prix,12,16.0,0,,inf,0.8157865757601446
2018,French_Grand_Prix,R,LEC,1.0,Sauber,False,ULTRASOFT,French_Grand_Prix,24,32.0,0,,inf,0.35493524508627655
2018,French_Grand_Prix,R,LEC,2.0,Sauber,False,SUPERSOFT,French_Grand_Prix,16,19.0,0,,-0.017941984839727143,0.5784176349159481
2018,French_Grand_Prix,R,MAG,1.0,Haas F1 Team,False,ULTRASOFT,French_Grand_Prix,21,29.0,0,,inf,0.21878020031135745
2018,French_Grand_Prix,R,MAG,2.0,Haas F1 Team,False,SOFT,French_Grand_Prix,18,22.0,0,,-0.30833916254860894,0.31418892598521697
2018,French_Grand_Prix,R,PER,1.0,Force India,False,SOFT,French_Grand_Prix,20,26.0,0,,-0.17119109108991576,0.9159196893675987
2018,French_Grand_Prix,R,RAI,1.0,Ferrari,False,ULTRASOFT,French_Grand_Prix,26,35.0,0,,inf,0.7755210125476202
2018,French_Grand_Prix,R,RAI,2.0,Ferrari,False,SUPERSOFT,French_Grand_Prix,15,16.0,0,,inf,0.430626602342404
2018,French_Grand_Prix,R,RIC,1.0,Red Bull Racing,True,SUPERSOFT,French_Grand_Prix,22,31.0,0,,inf,0.8028418558221327
2018,French_Grand_Prix,R,RIC,2.0,Red Bull Racing,True,SOFT,French_Grand_Prix,20,22.0,0,,inf,0.3233803038921233
2018,French_Grand_Prix,R,SAI,1.0,Renault,False,ULTRASOFT,French_Grand_Prix,20,27.0,0,,-0.10314742335289392,0.5211072776926127
2018,French_Grand_Prix,R,SAI,2.0,Renault,False,SOFT,French_Grand_Prix,20,21.0,1,21.0,inf,0.9625406987605042
2018,French_Grand_Prix,R,SIR,2.0,Williams,False,ULTRASOFT,French_Grand_Prix,37,35.0,1,35.0,inf,0.6981625904067045
2018,French_Grand_Prix,R,STR,2.0,Williams,False,SOFT,French_Grand_Prix,38,35.0,1,35.0,inf,0.6531848949804897
2018,French_Grand_Prix,R,VAN,1.0,McLaren,False,SUPERSOFT,French_Grand_Prix,30,38.0,0,,inf,0.49278966557948284
2018,French_Grand_Prix,R,VAN,2.0,McLaren,False,ULTRASOFT,French_Grand_Prix,7,9.0,0,,inf,0.6241970367405686
2018,French_Grand_Prix,R,VER,1.0,Red Bull Racing,True,SUPERSOFT,French_Grand_Prix,19,26.0,0,,inf,0.5396575515377878
2018,French_Grand_Prix,R,VER,2.0,Red Bull Racing,True,SOFT,French_Grand_Prix,22,26.0,0,,inf,0.3779235816073336
2018,French_Grand_Prix,R,VET,2.0,Ferrari,False,SOFT,French_Grand_Prix,31,38.0,0,,inf,0.6345886704808938
2018,French_Grand_Prix,R,VET,3.0,Ferrari,False,ULTRASOFT,French_Grand_Prix,9,10.0,1,10.0,93.50000000017317,0.7305677587104005
2018,German_Grand_Prix,R,ALO,1.0,McLaren,False,SOFT,German_Grand_Prix,27,26.0,1,26.0,inf,0.5397843833413593
2018,German_Grand_Prix,R,ALO,2.0,McLaren,False,MEDIUM,German_Grand_Prix,9,11.0,0,,-0.14465513333837035,0.4516581808199113
2018,German_Grand_Prix,R,ALO,4.0,McLaren,False,SOFT,German_Grand_Prix,8,20.0,0,,inf,0.49353394673027673
2018,German_Grand_Prix,R,BOT,1.0,Mercedes,False,ULTRASOFT,German_Grand_Prix,25,29.0,0,,0.325988659639051,0.4968651207304741
2018,German_Grand_Prix,R,BOT,2.0,Mercedes,False,SOFT,German_Grand_Prix,21,22.0,0,,-0.6697707736389675,0.6120907568102849
2018,German_Grand_Prix,R,BOT,3.0,Mercedes,False,ULTRASOFT,German_Grand_Prix,8,14.0,0,,inf,0.3803438697629579
2018,German_Grand_Prix,R,ERI,1.0,Sauber,False,SOFT,German_Grand_Prix,34,36.0,0,,inf,0.17134235595703826
2018,German_Grand_Prix,R,ERI,2.0,Sauber,False,ULTRASOFT,German_Grand_Prix,9,28.0,0,,inf,0.2020185509835521
2018,German_Grand_Prix,R,GAS,1.0,Toro Rosso,False,SOFT,German_Grand_Prix,37,41.0,0,,inf,0.453328623849896
2018,German_Grand_Prix,R,GAS,3.0,Toro Rosso,False,ULTRASOFT,German_Grand_Prix,7,19.0,0,,inf,0.489199651081954
2018,German_Grand_Prix,R,GRO,1.0,Haas F1 Team,False,ULTRASOFT,German_Grand_Prix,18,23.0,0,,inf,0.6483735064661462
2018,German_Grand_Prix,R,GRO,2.0,Haas F1 Team,False,MEDIUM,German_Grand_Prix,27,23.0,1,23.0,inf,0.7817230686218374
2018,German_Grand_Prix,R,GRO,4.0,Haas F1 Team,False,ULTRASOFT,German_Grand_Prix,6,13.0,0,,,
2018,German_Grand_Prix,R,HAM,1.0,Mercedes,False,SOFT,German_Grand_Prix,35,40.0,0,,inf,0.4683930210336815
2018,German_Grand_Prix,R,HAM,2.0,Mercedes,False,ULTRASOFT,German_Grand_Prix,9,24.0,0,,inf,0.07893116183085772
2018,German_Grand_Prix,R,HAR,1.0,Toro Rosso,False,SOFT,German_Grand_Prix,23,26.0,0,,inf,0.5130671428475415
2018,German_Grand_Prix,R,HAR,2.0,Toro Rosso,False,MEDIUM,German_Grand_Prix,19,21.0,0,,11.259756260370384,0.40772625084850145
2018,German_Grand_Prix,R,HAR,3.0,Toro Rosso,False,ULTRASOFT,German_Grand_Prix,8,14.0,0,,inf,0.9360421773390012
2018,German_Grand_Prix,R,HUL,1.0,Renault,False,ULTRASOFT,German_Grand_Prix,15,19.0,0,,0.21569186875890262,0.5182790517189921
2018,German_Grand_Prix,R,HUL,2.0,Renault,False,MEDIUM,German_Grand_Prix,31,29.0,1,29.0,inf,0.8407287558611142
2018,German_Grand_Prix,R,HUL,4.0,Renault,False,ULTRASOFT,German_Grand_Prix,8,14.0,0,,inf,0.8428369824049539
2018,German_Grand_Prix,R,LEC,1.0,Sauber,False,ULTRASOFT,German_Grand_Prix,17,21.0,0,,inf,0.18298755467250033
2018,German_Grand_Prix,R,LEC,2.0,Sauber,False,SOFT,German_Grand_Prix,20,22.0,0,,inf,0.6408142005335947
2018,German_Grand_Prix,R,LEC,4.0,Sauber,False,ULTRASOFT,German_Grand_Prix,8,26.0,0,,inf,0.8372891748658889
2018,German_Grand_Prix,R,MAG,1.0,Haas F1 Team,False,ULTRASOFT,German_Grand_Prix,17,22.0,0,,inf,0.4303645674210133
2018,German_Grand_Prix,R,MAG,2.0,Haas F1 Team,False,MEDIUM,German_Grand_Prix,27,23.0,1,23.0,inf,0.7577573192039967
2018,German_Grand_Prix,R,MAG,4.0,Haas F1 Team,False,ULTRASOFT,German_Grand_Prix,8,13.0,0,,inf,0.09947623846810079
2018,German_Grand_Prix,R,OCO,1.0,Force India,False,ULTRASOFT,German_Grand_Prix,21,23.0,0,,-2517.0967741735594,0.2570408510852862
2018,German_Grand_Prix,R,OCO,2.0,Force India,False,SOFT,German_Grand_Prix,30,41.0,0,,-5.8200871336115645,0.6166379785347111
2018,German_Grand_Prix,R,PER,1.0,Force India,False,ULTRASOFT,German_Grand_Prix,18,23.0,0,,inf,0.36837397013876877
2018,German_Grand_Prix,R,PER,2.0,Force India,False,SOFT,German_Grand_Prix,33,44.0,0,,-6.9013249040888915,0.7683015259497484
2018,German_Grand_Prix,R,RAI,1.0,Ferrari,False,ULTRASOFT,German_Grand_Prix,11,15.0,0,,inf,0.6526208205953936
2018,German_Grand_Prix,R,RAI,2.0,Ferrari,False,SOFT,German_Grand_Prix,35,31.0,1,31.0,10.816757921191897,0.5802395645293658
2018,German_Grand_Prix,R,RAI,3.0,Ferrari,False,ULTRASOFT,German_Grand_Prix,8,13.0,0,,inf,0.1596114764047677
2018,German_Grand_Prix,R,RIC,1.0,Red Bull Racing,True,MEDIUM,German_Grand_Prix,23,26.0,0,,-1.1615936915098843,0.7084553200244841
2018,German_Grand_Prix,R,SAI,1.0,Renault,False,ULTRASOFT,German_Grand_Prix,17,21.0,0,,inf,0.31141152689473445
2018,German_Grand_Prix,R,SAI,2.0,Renault,False,MEDIUM,German_Grand_Prix,26,23.0,1,23.0,inf,0.7514418152152249
2018,German_Grand_Prix,R,SAI,4.0,Renault,False,ULTRASOFT,German_Grand_Prix,7,13.0,0,,0.3879936808846848,0.654656943175523
2018,German_Grand_Prix,R,SIR,1.0,Williams,False,SOFT,German_Grand_Prix,24,26.0,0,,inf,0.6079733117596754
2018,German_Grand_Prix,R,SIR,2.0,Williams,False,MEDIUM,German_Grand_Prix,20,15.0,1,15.0,inf,0.6746538081509854
2018,German_Grand_Prix,R,STR,1.0,Williams,False,SOFT,German_Grand_Prix,23,25.0,0,,inf,0.6355462371593605
2018,German_Grand_Prix,R,STR,2.0,Williams,False,MEDIUM,German_Grand_Prix,20,22.0,0,,24.64607212577943,0.6174417161599469
2018,German_Grand_Prix,R,VAN,1.0,McLaren,False,SOFT,German_Grand_Prix,25,27.0,0,,inf,0.34263560912749286
2018,German_Grand_Prix,R,VAN,2.0,McLaren,False,MEDIUM,German_Grand_Prix,15,15.0,1,15.0,9.126129666011886,0.7176347039553905
2018,German_Grand_Prix,R,VAN,3.0,McLaren,False,ULTRASOFT,German_Grand_Prix,9,14.0,0,,-1.868166479189963,0.27867351623235276
2018,German_Grand_Prix,R,VER,1.0,Red Bull Racing,True,ULTRASOFT,German_Grand_Prix,26,30.0,0,,8.83899192342308,0.19170709836658192
2018,German_Grand_Prix,R,VER,2.0,Red Bull Racing,True,SOFT,German_Grand_Prix,15,16.0,0,,27.851588785044893,0.47743647719287413
2018,German_Grand_Prix,R,VER,4.0,Red Bull Racing,True,ULTRASOFT,German_Grand_Prix,9,19.0,0,,inf,0.5488217169051905
2018,German_Grand_Prix,R,VET,1.0,Ferrari,False,ULTRASOFT,German_Grand_Prix,21,25.0,0,,0.6004628585273774,0.3954907684980684
2018,German_Grand_Prix,R,VET,2.0,Ferrari,False,SOFT,German_Grand_Prix,23,19.0,1,19.0,inf,0.6171988812315738
2018,Hungarian_Grand_Prix,R,ALO,1.0,McLaren,False,SOFT,Hungarian_Grand_Prix,29,37.0,0,,inf,0.4641236258169359
2018,Hungarian_Grand_Prix,R,ALO,2.0,McLaren,False,MEDIUM,Hungarian_Grand_Prix,22,29.0,0,,-91.2366828490379,0.255132140246538
2018,Hungarian_Grand_Prix,R,BOT,1.0,Mercedes,False,ULTRASOFT,Hungarian_Grand_Prix,10,13.0,0,,-0.046514285714291996,0.43004249774895104
2018,Hungarian_Grand_Prix,R,BOT,2.0,Mercedes,False,SOFT,Hungarian_Grand_Prix,50,54.0,0,,inf,0.7422631509798613
2018,Hungarian_Grand_Prix,R,ERI,2.0,Sauber,False,MEDIUM,Hungarian_Grand_Prix,54,61.0,0,,7.271179153713781,0.24143965862721975
2018,Hungarian_Grand_Prix,R,GAS,1.0,Toro Rosso,False,ULTRASOFT,Hungarian_Grand_Prix,26,30.0,0,,inf,0.17619538038598356
2018,Hungarian_Grand_Prix,R,GAS,2.0,Toro Rosso,False,SOFT,Hungarian_Grand_Prix,31,37.0,0,,-0.5055722599473205,0.6025872481569514
2018,Hungarian_Grand_Prix,R,GRO,1.0,Haas F1 Team,False,ULTRASOFT,Hungarian_Grand_Prix,21,27.0,0,,inf,0.5998513382659888
2018,Hungarian_Grand_Prix,R,GRO,2.0,Haas F1 Team,False,SOFT,Hungarian_Grand_Prix,31,39.0,0,,inf,0.2568626689834412
2018,Hungarian_Grand_Prix,R,HAM,1.0,Mercedes,False,ULTRASOFT,Hungarian_Grand_Prix,18,22.0,0,,inf,0.5590032021284908
2018,Hungarian_Grand_Prix,R,HAM,2.0,Mercedes,False,SOFT,Hungarian_Grand_Prix,37,44.0,0,,0.4327450156684403,0.40825196377705425
2018,Hungarian_Grand_Prix,R,HAR,1.0,Toro Rosso,False,ULTRASOFT,Hungarian_Grand_Prix,17,22.0,0,,inf,0.205981081402576
2018,Hungarian_Grand_Prix,R,HAR,2.0,Toro Rosso,False,MEDIUM,Hungarian_Grand_Prix,33,44.0,0,,-0.47724012332647753,0.2610527715067844
2018,Hungarian_Grand_Prix,R,HUL,1.0,Renault,False,SOFT,Hungarian_Grand_Prix,15,21.0,0,,inf,0.44174674725464447
2018,Hungarian_Grand_Prix,R,HUL,2.0,Renault,False,MEDIUM,Hungarian_Grand_Prix,22,26.0,0,,0.3784095542994031,0.31445163695873213
2018,Hungarian_Grand_Prix,R,HUL,3.0,Renault,False,ULTRASOFT,Hungarian_Grand_Prix,15,18.0,0,,-0.4097126972805956,0.5933553142810498
2018,Hungarian_Grand_Prix,R,MAG,1.0,Haas F1 Team,False,ULTRASOFT,Hungarian_Grand_Prix,24,29.0,0,,inf,0.23847581659146455
2018,Hungarian_Grand_Prix,R,MAG,2.0,Haas F1 Team,False,SOFT,Hungarian_Grand_Prix,29,33.0,1,33.0,inf,0.8965751218461285
2018,Hungarian_Grand_Prix,R,OCO,1.0,Force India,False,SOFT,Hungarian_Grand_Prix,31,37.0,0,,inf,0.6572389339084282
2018,Hungarian_Grand_Prix,R,OCO,2.0,Force India,False,ULTRASOFT,Hungarian_Grand_Prix,24,29.0,0,,inf,0.6190055085890879
2018,Hungarian_Grand_Prix,R,PER,1.0,Force India,False,ULTRASOFT,Hungarian_Grand_Prix,15,20.0,0,,inf,0.4169867198807629
2018,Hungarian_Grand_Prix,R,PER,2.0,Force India,False,SOFT,Hungarian_Grand_Prix,40,46.0,0,,0.005890439561723949,0.14075107854394764
2018,Hungarian_Grand_Prix,R,RAI,1.0,Ferrari,False,ULTRASOFT,Hungarian_Grand_Prix,8,12.0,0,,inf,0.761629600084972
2018,Hungarian_Grand_Prix,R,RAI,2.0,Ferrari,False,SOFT,Hungarian_Grand_Prix,22,23.0,0,,0.09736810155899624,0.34254482213125537
2018,Hungarian_Grand_Prix,R,RAI,3.0,Ferrari,False,SOFT,Hungarian_Grand_Prix,26,31.0,0,,inf,0.5604565770130717
2018,Hungarian_Grand_Prix,R,RIC,1.0,Red Bull Racing,True,SOFT,Hungarian_Grand_Prix,35,42.0,0,,4.901954976303036,0.2622098913003719
2018,Hungarian_Grand_Prix,R,RIC,2.0,Red Bull Racing,True,ULTRASOFT,Hungarian_Grand_Prix,21,25.0,0,,16.269685790611785,0.6646665161612587
2018,Hungarian_Grand_Prix,R,SAI,1.0,Renault,False,SOFT,Hungarian_Grand_Prix,17,23.0,0,,inf,0.2867312064888652
2018,Hungarian_Grand_Prix,R,SAI,2.0,Renault,False,MEDIUM,Hungarian_Grand_Prix,34,43.0,0,,-0.20310686077352638,0.1984940039368524
2018,Hungarian_Grand_Prix,R,SIR,1.0,Williams,False,SOFT,Hungarian_Grand_Prix,22,29.0,0,,inf,0.3709270068782434
2018,Hungarian_Grand_Prix,R,SIR,2.0,Williams,False,MEDIUM,Hungarian_Grand_Prix,28,36.0,0,,inf,0.3209099533709844
2018,Hungarian_Grand_Prix,R,STR,1.0,Williams,False,MEDIUM,Hungarian_Grand_Prix,39,45.0,0,,inf,0.1452346167685319
2018,Hungarian_Grand_Prix,R,STR,2.0,Williams,False,ULTRASOFT,Hungarian_Grand_Prix,16,20.0,0,,0.07596293078482395,0.44262927862970997
2018,Hungarian_Grand_Prix,R,VAN,1.0,McLaren,False,SOFT,Hungarian_Grand_Prix,31,38.0,0,,inf,0.6532332812277692
2018,Hungarian_Grand_Prix,R,VAN,2.0,McLaren,False,MEDIUM,Hungarian_Grand_Prix,4,8.0,0,,,
2018,Hungarian_Grand_Prix,R,VET,1.0,Ferrari,False,SOFT,Hungarian_Grand_Prix,31,37.0,0,,inf,0.5994798737922274
2018,Hungarian_Grand_Prix,R,VET,2.0,Ferrari,False,ULTRASOFT,Hungarian_Grand_Prix,22,30.0,0,,-14.391729417258624,0.6165632197188534
2018,Japanese_Grand_Prix,R,ALO,1.0,McLaren,False,SOFT,Japanese_Grand_Prix,17,24.0,0,,inf,0.34811737811109256
2018,Japanese_Grand_Prix,R,ALO,2.0,McLaren,False,MEDIUM,Japanese_Grand_Prix,14,25.0,0,,0.4774895941248993,0.4470305861171102
2018,Japanese_Grand_Prix,R,BOT,1.0,Mercedes,False,SOFT,Japanese_Grand_Prix,16,24.0,0,,inf,0.7313125539798675
2018,Japanese_Grand_Prix,R,BOT,2.0,Mercedes,False,MEDIUM,Japanese_Grand_Prix,25,29.0,0,,3.9384987340237156,0.37160406561943404
2018,Japanese_Grand_Prix,R,ERI,2.0,Sauber,False,MEDIUM,Japanese_Grand_Prix,37,46.0,0,,0.34304421401325574,0.2757232955702062
2018,Japanese_Grand_Prix,R,GAS,1.0,Toro Rosso,False,SUPERSOFT,Japanese_Grand_Prix,22,30.0,0,,inf,0.24700897776825487
2018,Japanese_Grand_Prix,R,GAS,2.0,Toro Rosso,False,SOFT,Japanese_Grand_Prix,16,18.0,1,18.0,6.960852641474566,0.9135488199092986
2018,Japanese_Grand_Prix,R,GRO,1.0,Haas F1 Team,False,SOFT,Japanese_Grand_Prix,22,30.0,0,,inf,0.5310867042469465
2018,Japanese_Grand_Prix,R,GRO,2.0,Haas F1 Team,False,MEDIUM,Japanese_Grand_Prix,19,23.0,0,,-0.013661344900392343,0.7028104824170481
2018,Japanese_Grand_Prix,R,HAM,1.0,Mercedes,False,SOFT,Japanese_Grand_Prix,16,24.0,0,,-1.4266015674466639,0.9306832858309402
2018,Japanese_Grand_Prix,R,HAM,2.0,Mercedes,False,MEDIUM,Japanese_Grand_Prix,20,28.0,0,,5.840497990174824,0.3507336714221861
2018,Japanese_Grand_Prix,R,HAR,1.0,Toro Rosso,False,SUPERSOFT,Japanese_Grand_Prix,19,29.0,0,,inf,0.32403883327719235
2018,Japanese_Grand_Prix,R,HAR,2.0,Toro Rosso,False,SOFT,Japanese_Grand_Prix,15,23.0,0,,-1.0873126313331662,0.45553393118827334
2018,Japanese_Grand_Prix,R,HUL,1.0,Renault,False,MEDIUM,Japanese_Grand_Prix,21,28.0,0,,inf,0.6349986578140796
2018,Japanese_Grand_Prix,R,HUL,2.0,Renault,False,SOFT,Japanese_Grand_Prix,4,6.0,0,,,
2018,Japanese_Grand_Prix,R,LEC,2.0,Sauber,False,MEDIUM,Japanese_Grand_Prix,24,30.0,0,,inf,0.23573128838313046
2018,Japanese_Grand_Prix,R,OCO,1.0,Racing Point,False,SUPERSOFT,Japanese_Grand_Prix,18,27.0,0,,inf,0.5274214664513079
2018,Japanese_Grand_Prix,R,OCO,2.0,Racing Point,False,MEDIUM,Japanese_Grand_Prix,20,26.0,0,,inf,0.473597373593484
2018,Japanese_Grand_Prix,R,PER,1.0,Racing Point,False,SUPERSOFT,Japanese_Grand_Prix,16,25.0,0,,inf,0.34267147630311284
2018,Japanese_Grand_Prix,R,PER,2.0,Racing Point,False,SOFT,Japanese_Grand_Prix,19,28.0,0,,1.5361014667327744,0.8061548867594006
2018,Japanese_Grand_Prix,R,RAI,1.0,Ferrari,False,SUPERSOFT,Japanese_Grand_Prix,10,18.0,0,,4.4882588341888505,0.9034277705305451
2018,Japanese_Grand_Prix,R,RAI,2.0,Ferrari,False,MEDIUM,Japanese_Grand_Prix,29,35.0,0,,inf,0.7856750797271999
2018,Japanese_Grand_Prix,R,RIC,1.0,Red Bull Racing,True,SOFT,Japanese_Grand_Prix,13,21.0,0,,inf,0.7269461265562677
2018,Japanese_Grand_Prix,R,RIC,2.0,Red Bull Racing,True,MEDIUM,Japanese_Grand_Prix,26,29.0,0,,-61.80871347731233,0.43093537359548784
2018,Japanese_Grand_Prix,R,SAI,1.0,Renault,False,SOFT,Japanese_Grand_Prix,23,30.0,0,,inf,0.15868741600994998
2018,Japanese_Grand_Prix,R,SAI,2.0,Renault,False,MEDIUM,Japanese_Grand_Prix,15,19.0,0,,-29.50649825871985,0.6989395738145581
2018,Japanese_Grand_Prix,R,SIR,2.0,Williams,False,MEDIUM,Japanese_Grand_Prix,27,33.0,0,,1.2352192104782267,0.5096669969734499
2018,Japanese_Grand_Prix,R,SIR,3.0,Williams,False,SUPERSOFT,Japanese_Grand_Prix,10,10.0,1,10.0,9.329943502825095,0.7652605235885661
2018,Japanese_Grand_Prix,R,STR,1.0,Williams,False,SOFT,Japanese_Grand_Prix,6,12.0,0,,,
2018,Japanese_Grand_Prix,R,STR,2.0,Williams,False,MEDIUM,Japanese_Grand_Prix,23,24.0,0,,1.6966347788083807,0.45581921497907163
2018,Japanese_Grand_Prix,R,STR,3.0,Williams,False,SUPERSOFT,Japanese_Grand_Prix,8,12.0,0,,-0.032207947415570565,0.9594038014744295
2018,Japanese_Grand_Prix,R,VAN,1.0,McLaren,False,SOFT,Japanese_Grand_Prix,13,21.0,0,,inf,0.49283450737043205
2018,Japanese_Grand_Prix,R,VAN,2.0,McLaren,False,MEDIUM,Japanese_Grand_Prix,23,28.0,0,,0.6865588513887528,0.7988974627655779
2018,Japanese_Grand_Prix,R,VER,1.0,Red Bull Racing,True,SUPERSOFT,Japanese_Grand_Prix,14,22.0,0,,0.1476968364435661,0.19915249276245814
2018,Japanese_Grand_Prix,R,VER,2.0,Red Bull Racing,True,SOFT,Japanese_Grand_Prix,27,31.0,0,,inf,0.29625454016096336
2018,Japanese_Grand_Prix,R,VET,1.0,Ferrari,False,SUPERSOFT,Japanese_Grand_Prix,17,27.0,0,,-0.0722765606486557,0.4025125025711787
2018,Japanese_Grand_Prix,R,VET,2.0,Ferrari,False,SOFT,Japanese_Grand_Prix,19,26.0,0,,-0.6219416608953501,0.5894211056248901
2018,Mexican_Grand_Prix,R,BOT,1.0,Mercedes,False,ULTRASOFT,Mexican_Grand_Prix,8,11.0,1,11.0,inf,0.8368156353023816
2018,Mexican_Grand_Prix,R,BOT,2.0,Mercedes,False,SUPERSOFT,Mexican_Grand_Prix,32,36.0,0,,0.12258010158974444,0.12471129998665913
2018,Mexican_Grand_Prix,R,BOT,3.0,Mercedes,False,ULTRASOFT,Mexican_Grand_Prix,11,11.0,1,11.0,13.38088296543079,0.8848414877769081
2018,Mexican_Grand_Prix,R,BOT,4.0,Mercedes,False,HYPERSOFT,Mexican_Grand_Prix,6,10.0,0,,,
2018,Mexican_Grand_Prix,R,ERI,1.0,Sauber,False,HYPERSOFT,Mexican_Grand_Prix,13,18.0,0,,-0.37529880478093053,0.6007522710195693
2018,Mexican_Grand_Prix,R,ERI,2.0,Sauber,False,SUPERSOFT,Mexican_Grand_Prix,44,52.0,0,,-3.8406581400269473,0.4760067567874875
2018,Mexican_Grand_Prix,R,GAS,2.0,Toro Rosso,False,SUPERSOFT,Mexican_Grand_Prix,19,20.0,0,,0.621546577814806,0.43537234926278484
2018,Mexican_Grand_Prix,R,GAS,3.0,Toro Rosso,False,SUPERSOFT,Mexican_Grand_Prix,35,42.0,0,,inf,0.35114255383951776
2018,Mexican_Grand_Prix,R,GRO,1.0,Haas F1 Team,False,SUPERSOFT,Mexican_Grand_Prix,37,43.0,0,,-0.05454144996265438,0.3183928351797179
2018,Mexican_Grand_Prix,R,GRO,2.0,Haas F1 Team,False,ULTRASOFT,Mexican_Grand_Prix,10,15.0,0,,0.5373594150963986,0.7608836651574516
2018,Mexican_Grand_Prix,R,GRO,3.0,Haas F1 Team,False,HYPERSOFT,Mexican_Grand_Prix,6,7.0,0,,,
2018,Mexican_Grand_Prix,R,HAM,1.0,Mercedes,False,ULTRASOFT,Mexican_Grand_Prix,8,13.0,0,,2.8385826771652742,0.9109950128542484
2018,Mexican_Grand_Prix,R,HAM,2.0,Mercedes,False,SUPERSOFT,Mexican_Grand_Prix,31,35.0,0,,-13.779936268306498,0.14854013478150377
2018,Mexican_Grand_Prix,R,HAM,3.0,Mercedes,False,ULTRASOFT,Mexican_Grand_Prix,20,28.0,0,,-0.5508089126167155,0.78977091088735
2018,Mexican_Grand_Prix,R,HAR,2.0,Toro Rosso,False,ULTRASOFT,Mexican_Grand_Prix,19,22.0,0,,-0.7975300707478559,0.6616104132052324
2018,Mexican_Grand_Prix,R,HAR,3.0,Toro Rosso,False,SUPERSOFT,Mexican_Grand_Prix,38,44.0,0,,-3.3950633724286194,0.4048878478034512
2018,Mexican_Grand_Prix,R,HUL,1.0,Renault,False,HYPERSOFT,Mexican_Grand_Prix,9,14.0,0,,inf,0.8593867940850249
2018,Mexican_Grand_Prix,R,HUL,2.0,Renault,False,SUPERSOFT,Mexican_Grand_Prix,40,56.0,0,,inf,0.4202958235550865
2018,Mexican_Grand_Prix,R,LEC,1.0,Sauber,False,HYPERSOFT,Mexican_Grand_Prix,10,12.0,1,12.0,inf,0.7931858708720493
2018,Mexican_Grand_Prix,R,LEC,2.0,Sauber,False,SUPERSOFT,Mexican_Grand_Prix,40,55.0,0,,inf,0.5156244203155679
2018,Mexican_Grand_Prix,R,MAG,1.0,Haas F1 Team,False,SUPERSOFT,Mexican_Grand_Prix,36,42.0,0,,-0.7145484170590503,0.46219025829821936
2018,Mexican_Grand_Prix,R,MAG,2.0,Haas F1 Team,False,ULTRASOFT,Mexican_Grand_Prix,20,25.0,0,,-10.467266183513974,0.3088026089894644
2018,Mexican_Grand_Prix,R,OCO,2.0,Racing Point,False,SUPERSOFT,Mexican_Grand_Prix,24,32.0,0,,-0.3265380497209811,0.7097637948113515
2018,Mexican_Grand_Prix,R,OCO,3.0,Racing Point,False,ULTRASOFT,Mexican_Grand_Prix,35,41.0,0,,-6.860296549905903,0.47318898583230795
2018,Mexican_Grand_Prix,R,PER,1.0,Racing Point,False,SUPERSOFT,Mexican_Grand_Prix,26,29.0,0,,0.15341049844009302,0.7496251683638623
2018,Mexican_Grand_Prix,R,PER,2.0,Racing Point,False,ULTRASOFT,Mexican_Grand_Prix,5,10.0,0,,,
2018,Mexican_Grand_Prix,R,RAI,1.0,Ferrari,False,ULTRASOFT,Mexican_Grand_Prix,14,20.0,0,,-0.5237250096252078,0.4212884888201983
2018,Mexican_Grand_Prix,R,RAI,2.0,Ferrari,False,SUPERSOFT,Mexican_Grand_Prix,47,53.0,0,,-17.091890936507514,0.24597572737609016
2018,Mexican_Grand_Prix,R,RIC,1.0,Red Bull Racing,True,ULTRASOFT,Mexican_Grand_Prix,9,14.0,0,,4.392577168054777,0.8131996324048432
2018,Mexican_Grand_Prix,R,RIC,2.0,Red Bull Racing,True,SUPERSOFT,Mexican_Grand_Prix,40,49.0,0,,-0.35485603924811,0.520163183787956
2018,Mexican_Grand_Prix,R,SAI,1.0,Renault,False,HYPERSOFT,Mexican_Grand_Prix,8,10.0,1,10.0,inf,0.9741828416050445
2018,Mexican_Grand_Prix,R,SAI,2.0,Renault,False,SUPERSOFT,Mexican_Grand_Prix,14,17.0,0,,-3.5477931128723768,0.41832469384628634
2018,Mexican_Grand_Prix,R,SIR,1.0,Williams,False,ULTRASOFT,Mexican_Grand_Prix,6,10.0,0,,,
2018,Mexican_Grand_Prix,R,SIR,2.0,Williams,False,SUPERSOFT,Mexican_Grand_Prix,50,57.0,0,,-0.201911057648384,0.46263698405075926
2018,Mexican_Grand_Prix,R,STR,1.0,Williams,False,ULTRASOFT,Mexican_Grand_Prix,6,9.0,0,,,
2018,Mexican_Grand_Prix,R,STR,2.0,Williams,False,ULTRASOFT,Mexican_Grand_Prix,11,12.0,0,,0.7615606936416234,0.7106986017296043
2018,Mexican_Grand_Prix,R,STR,3.0,Williams,False,SUPERSOFT,Mexican_Grand_Prix,38,45.0,0,,-0.4996162269107002,0.4783870360919858
2018,Mexican_Grand_Prix,R,VAN,1.0,McLaren,False,ULTRASOFT,Mexican_Grand_Prix,8,11.0,0,,inf,0.8861214427541565
2018,Mexican_Grand_Prix,R,VAN,2.0,McLaren,False,SUPERSOFT,Mexican_Grand_Prix,45,56.0,0,,-0.09540546690085457,0.36540804938031235
2018,Mexican_Grand_Prix,R,VER,1.0,Red Bull Racing,True,ULTRASOFT,Mexican_Grand_Prix,9,15.0,0,,12.283524904214646,0.9678585477451089
2018,Mexican_Grand_Prix,R,VER,2.0,Red Bull Racing,True,SUPERSOFT,Mexican_Grand_Prix,31,34.0,0,,-0.5442944229970856,0.4675754437375178
2018,Mexican_Grand_Prix,R,VER,3.0,Red Bull Racing,True,SUPERSOFT,Mexican_Grand_Prix,14,19.0,1,19.0,inf,0.40977487021845277
2018,Mexican_Grand_Prix,R,VET,1.0,Ferrari,False,ULTRASOFT,Mexican_Grand_Prix,14,19.0,0,,inf,0.5001372755211131
2018,Mexican_Grand_Prix,R,VET,2.0,Ferrari,False,SUPERSOFT,Mexican_Grand_Prix,25,29.0,0,,-0.6279698362448767,0.7663577450841996
2018,Mexican_Grand_Prix,R,VET,3.0,Ferrari,False,ULTRASOFT,Mexican_Grand_Prix,20,23.0,0,,-0.1057984522729966,0.4331125359475276
2018,Monaco_Grand_Prix,R,ALO,1.0,McLaren,False,HYPERSOFT,Monaco_Grand_Prix,16,22.0,0,,inf,0.6975807485978643
2018,Monaco_Grand_Prix,R,ALO,2.0,McLaren,False,SUPERSOFT,Monaco_Grand_Prix,28,33.0,0,,30.12046272417494,0.599200915508716
2018,Monaco_Grand_Prix,R,BOT,1.0,Mercedes,False,HYPERSOFT,Monaco_Grand_Prix,14,15.0,1,15.0,inf,0.9111187530668714
2018,Monaco_Grand_Prix,R,BOT,2.0,Mercedes,False,SUPERSOFT,Monaco_Grand_Prix,55,60.0,0,,-0.342627850457868,0.7028182000781559
2018,Monaco_Grand_Prix,R,ERI,1.0,Sauber,False,ULTRASOFT,Monaco_Grand_Prix,10,15.0,0,,1.1276666666666655,0.35197979772430366
2018,Monaco_Grand_Prix,R,ERI,2.0,Sauber,False,SUPERSOFT,Monaco_Grand_Prix,57,60.0,0,,-0.23534190183620887,0.6093424824452652
2018,Monaco_Grand_Prix,R,GAS,1.0,Toro Rosso,False,HYPERSOFT,Monaco_Grand_Prix,34,40.0,0,,inf,0.32525187385184456
2018,Monaco_Grand_Prix,R,GAS,2.0,Toro Rosso,False,SUPERSOFT,Monaco_Grand_Prix,32,40.0,0,,0.19289195003008963,0.47046781420552053
2018,Monaco_Grand_Prix,R,GRO,1.0,Haas F1 Team,False,ULTRASOFT,Monaco_Grand_Prix,12,13.0,0,,2.384418697562946,0.6586960236852114
2018,Monaco_Grand_Prix,R,GRO,2.0,Haas F1 Team,False,SUPERSOFT,Monaco_Grand_Prix,50,53.0,0,,-0.22828526117138856,0.6513904460533113
2018,Monaco_Grand_Prix,R,GRO,3.0,Haas F1 Team,False,HYPERSOFT,Monaco_Grand_Prix,2,6.0,0,,,
2018,Monaco_Grand_Prix,R,HAM,1.0,Mercedes,False,HYPERSOFT,Monaco_Grand_Prix,9,13.0,0,,inf,0.8839761596991795
2018,Monaco_Grand_Prix,R,HAM,2.0,Mercedes,False,ULTRASOFT,Monaco_Grand_Prix,61,70.0,0,,-0.2577534220714076,0.5773175987021828
2018,Monaco_Grand_Prix,R,HAR,1.0,Toro Rosso,False,HYPERSOFT,Monaco_Grand_Prix,8,11.0,0,,0.4861976847729451,0.5368102397158411
2018,Monaco_Grand_Prix,R,HAR,2.0,Toro Rosso,False,ULTRASOFT,Monaco_Grand_Prix,56,57.0,0,,-0.4326065646908958,0.8038361032484026
2018,Monaco_Grand_Prix,R,HUL,1.0,Renault,False,ULTRASOFT,Monaco_Grand_Prix,45,48.0,0,,inf,0.45672068557860196
2018,Monaco_Grand_Prix,R,HUL,2.0,Renault,False,HYPERSOFT,Monaco_Grand_Prix,22,11.0,1,11.0,inf,0.38812829411282807
2018,Monaco_Grand_Prix,R,LEC,1.0,Sauber,False,ULTRASOFT,Monaco_Grand_Prix,9,12.0,0,,inf,0.3092227677816217
2018,Monaco_Grand_Prix,R,LEC,2.0,Sauber,False,SUPERSOFT,Monaco_Grand_Prix,55,56.0,0,,-0.42584643777584563,0.7163546511537862
2018,Monaco_Grand_Prix,R,MAG,1.0,Haas F1 Team,False,ULTRASOFT,Monaco_Grand_Prix,11,15.0,0,,0.20947322177402608,0.7568912661036739
2018,Monaco_Grand_Prix,R,MAG,2.0,Haas F1 Team,False,SUPERSOFT,Monaco_Grand_Prix,57,61.0,0,,-0.5543402947812224,0.6051648416924589
2018,Monaco_Grand_Prix,R,OCO,1.0,Force India,False,HYPERSOFT,Monaco_Grand_Prix,20,26.0,0,,1.6553073254258162,0.57084482974963
2018,Monaco_Grand_Prix,R,OCO,2.0,Force India,False,SUPERSOFT,Monaco_Grand_Prix,46,54.0,0,,1.9345919122836992,0.6035716593794728
2018,Monaco_Grand_Prix,R,PER,1.0,Force India,False,HYPERSOFT,Monaco_Grand_Prix,18,22.0,0,,5.303291645357803,0.4145932299154879
2018,Monaco_Grand_Prix,R,PER,2.0,Force India,False,SUPERSOFT,Monaco_Grand_Prix,52,56.0,0,,-0.14650284832158914,0.42387608923482034
2018,Monaco_Grand_Prix,R,RAI,1.0,Ferrari,False,HYPERSOFT,Monaco_Grand_Prix,14,18.0,0,,inf,0.6332352818736205
2018,Monaco_Grand_Prix,R,RAI,2.0,Ferrari,False,ULTRASOFT,Monaco_Grand_Prix,56,60.0,0,,-0.07161832122113136,0.6746023883017649
2018,Monaco_Grand_Prix,R,RIC,1.0,Red Bull Racing,True,HYPERSOFT,Monaco_Grand_Prix,13,17.0,0,,inf,0.7241456515361236
2018,Monaco_Grand_Prix,R,RIC,2.0,Red Bull Racing,True,ULTRASOFT,Monaco_Grand_Prix,54,60.0,0,,-1.3939048079425873,0.5879927535277295
2018,Monaco_Grand_Prix,R,SAI,1.0,Renault,False,HYPERSOFT,Monaco_Grand_Prix,13,14.0,1,14.0,inf,0.9065849551947941
2018,Monaco_Grand_Prix,R,SAI,2.0,Renault,False,ULTRASOFT,Monaco_Grand_Prix,57,61.0,0,,-243.50504770456763,0.20872058122864082
2018,Monaco_Grand_Prix,R,SIR,2.0,Williams,False,HYPERSOFT,Monaco_Grand_Prix,10,18.0,0,,-2.9590078328980596,0.8626428098078276
2018,Monaco_Grand_Prix,R,SIR,3.0,Williams,False,ULTRASOFT,Monaco_Grand_Prix,28,29.0,0,,-5.118418701076048,0.3094588165337424
2018,Monaco_Grand_Prix,R,SIR,4.0,Williams,False,SUPERSOFT,Monaco_Grand_Prix,16,28.0,0,,-16.72235095526761,0.7108244895006253
2018,Monaco_Grand_Prix,R,STR,1.0,Williams,False,ULTRASOFT,Monaco_Grand_Prix,6,7.0,0,,,
2018,Monaco_Grand_Prix,R,STR,2.0,Williams,False,SUPERSOFT,Monaco_Grand_Prix,17,25.0,0,,-17.350303308182706,0.4358851413678438
2018,Monaco_Grand_Prix,R,STR,3.0,Williams,False,HYPERSOFT,Monaco_Grand_Prix,20,24.0,0,,0.0033009393845784976,0.9027968034399861
2018,Monaco_Grand_Prix,R,STR,4.0,Williams,False,HYPERSOFT,Monaco_Grand_Prix,13,16.0,0,,-0.09929646330200614,0.6835654113745138
2018,Monaco_Grand_Prix,R,VAN,1.0,McLaren,False,ULTRASOFT,Monaco_Grand_Prix,13,18.0,0,,-2.3542349087506236,0.19178268979819674
2018,Monaco_Grand_Prix,R,VAN,2.0,McLaren,False,SUPERSOFT,Monaco_Grand_Prix,49,51.0,0,,-0.2346009456233433,0.5941988590850055
2018,Monaco_Grand_Prix,R,VER,1.0,Red Bull Racing,True,ULTRASOFT,Monaco_Grand_Prix,41,45.0,0,,0.05900164933644201,0.515678002146776
2018,Monaco_Grand_Prix,R,VER,2.0,Red Bull Racing,True,HYPERSOFT,Monaco_Grand_Prix,19,16.0,1,16.0,inf,0.7127518123321478
2018,Monaco_Grand_Prix,R,VET,1.0,Ferrari,False,HYPERSOFT,Monaco_Grand_Prix,13,17.0,0,,inf,0.07292978301285888
2018,Monaco_Grand_Prix,R,VET,2.0,Ferrari,False,ULTRASOFT,Monaco_Grand_Prix,57,61.0,0,,-0.8777142912297028,0.7720076018529433
2018,Russian_Grand_Prix,R,ALO,2.0,McLaren,False,SOFT,Russian_Grand_Prix,39,46.0,0,,inf,0.30055311402554913
2018,Russian_Grand_Prix,R,BOT,1.0,Mercedes,False,ULTRASOFT,Russian_Grand_Prix,8,12.0,0,,inf,0.500470484270341
2018,Russian_Grand_Prix,R,BOT,2.0,Mercedes,False,SOFT,Russian_Grand_Prix,32,40.0,0,,inf,0.2898983358066851
2018,Russian_Grand_Prix,R,ERI,1.0,Sauber,False,HYPERSOFT,Russian_Grand_Prix,8,9.0,1,9.0,inf,0.60121501520964
2018,Russian_Grand_Prix,R,ERI,2.0,Sauber,False,SOFT,Russian_Grand_Prix,20,25.0,0,,-1.6805632517358133,0.7249770832758321
2018,Russian_Grand_Prix,R,ERI,3.0,Sauber,False,ULTRASOFT,Russian_Grand_Prix,13,14.0,0,,-0.7501045962584308,0.9395268253236153
2018,Russian_Grand_Prix,R,GRO,1.0,Haas F1 Team,False,HYPERSOFT,Russian_Grand_Prix,5,9.0,0,,,
2018,Russian_Grand_Prix,R,GRO,2.0,Haas F1 Team,False,SOFT,Russian_Grand_Prix,35,43.0,0,,inf,0.25360787930638806
2018,Russian_Grand_Prix,R,HAM,1.0,Mercedes,False,ULTRASOFT,Russian_Grand_Prix,11,15.0,0,,inf,0.6387877258390395
2018,Russian_Grand_Prix,R,HAM,2.0,Mercedes,False,SOFT,Russian_Grand_Prix,31,38.0,0,,inf,0.20488001208352236
2018,Russian_Grand_Prix,R,HUL,1.0,Renault,False,SOFT,Russian_Grand_Prix,26,33.0,0,,inf,0.6077431331949216
2018,Russian_Grand_Prix,R,HUL,2.0,Renault,False,ULTRASOFT,Russian_Grand_Prix,14,16.0,0,,-4.236625201495843,0.3032405925595451
2018,Russian_Grand_Prix,R,LEC,1.0,Sauber,False,HYPERSOFT,Russian_Grand_Prix,7,11.0,0,,inf,0.6013046536438459
2018,Russian_Grand_Prix,R,LEC,2.0,Sauber,False,SOFT,Russian_Grand_Prix,35,42.0,0,,inf,0.40339985811096674
2018,Russian_Grand_Prix,R,MAG,1.0,Haas F1 Team,False,HYPERSOFT,Russian_Grand_Prix,6,10.0,0,,,
2018,Russian_Grand_Prix,R,MAG,2.0,Haas F1 Team,False,SOFT,Russian_Grand_Prix,33,42.0,0,,inf,0.7095905382668546
2018,Russian_Grand_Prix,R,OCO,1.0,Racing Point,False,HYPERSOFT,Russian_Grand_Prix,7,11.0,0,,0.5007891770010757,0.8048736091094906
2018,Russian_Grand_Prix,R,OCO,2.0,Racing Point,False,SOFT,Russian_Grand_Prix,34,41.0,0,,inf,0.44325038518405796
2018,Russian_Grand_Prix,R,PER,1.0,Racing Point,False,HYPERSOFT,Russian_Grand_Prix,9,13.0,0,,-14.222760290560924,0.5640149616276013
2018,Russian_Grand_Prix,R,PER,2.0,Racing Point,False,SOFT,Russian_Grand_Prix,31,39.0,0,,inf,0.34858127557241547
2018,Russian_Grand_Prix,R,RAI,1.0,Ferrari,False,ULTRASOFT,Russian_Grand_Prix,15,19.0,0,,inf,0.6978215032794168
2018,Russian_Grand_Prix,R,RAI,2.0,Ferrari,False,SOFT,Russian_Grand_Prix,28,34.0,0,,-0.632896867100316,0.380169210009588
2018,Russian_Grand_Prix,R,RIC,1.0,Red Bull Racing,True,SOFT,Russian_Grand_Prix,30,37.0,0,,inf,0.24205110711577874
2018,Russian_Grand_Prix,R,RIC,2.0,Red Bull Racing,True,ULTRASOFT,Russian_Grand_Prix,11,13.0,0,,-1.0496901283752966,0.47384516318506775
2018,Russian_Grand_Prix,R,SAI,1.0,Renault,False,SOFT,Russian_Grand_Prix,25,30.0,0,,-1.0375143128845585,0.17425673369454875
2018,Russian_Grand_Prix,R,SAI,2.0,Renault,False,ULTRASOFT,Russian_Grand_Prix,16,18.0,0,,1.0104861422615319,0.6753775928714568
2018,Russian_Grand_Prix,R,SIR,1.0,Williams,False,ULTRASOFT,Russian_Grand_Prix,5,8.0,0,,,
2018,Russian_Grand_Prix,R,SIR,2.0,Williams,False,SOFT,Russian_Grand_Prix,34,40.0,0,,0.17505278600184895,0.3280539737526204
2018,Russian_Grand_Prix,R,STR,2.0,Williams,False,SOFT,Russian_Grand_Prix,37,44.0,0,,inf,0.18364924942439143
2018,Russian_Grand_Prix,R,VAN,1.0,McLaren,False,ULTRASOFT,Russian_Grand_Prix,8,9.0,0,,-15.333333333320702,0.43645045001901533
2018,Russian_Grand_Prix,R,VAN,2.0,McLaren,False,SOFT,Russian_Grand_Prix,34,31.0,1,31.0,inf,0.3787958547209469
2018,Russian_Grand_Prix,R,VER,1.0,Red Bull Racing,True,SOFT,Russian_Grand_Prix,35,41.0,0,,inf,0.3046512743628237
2018,Russian_Grand_Prix,R,VER,2.0,Red Bull Racing,True,ULTRASOFT,Russian_Grand_Prix,7,9.0,0,,-0.04729729729726983,0.7457357108396063
2018,Russian_Grand_Prix,R,VET,1.0,Ferrari,False,ULTRASOFT,Russian_Grand_Prix,10,14.0,0,,inf,0.4690410247581326
2018,Russian_Grand_Prix,R,VET,2.0,Ferrari,False,SOFT,Russian_Grand_Prix,32,39.0,0,,-0.3014573001821921,0.24847516160015212
2018,Singapore_Grand_Prix,R,ALO,1.0,McLaren,False,ULTRASOFT,Singapore_Grand_Prix,31,36.0,0,,-0.025897504750895403,0.8830458860908349
2018,Singapore_Grand_Prix,R,ALO,2.0,McLaren,False,SOFT,Singapore_Grand_Prix,17,22.0,0,,3.6748705882352253,0.48180399001507646
2018,Singapore_Grand_Prix,R,BOT,1.0,Mercedes,False,HYPERSOFT,Singapore_Grand_Prix,11,17.0,0,,inf,0.7414734925118369
2018,Singapore_Grand_Prix,R,BOT,2.0,Mercedes,False,SOFT,Singapore_Grand_Prix,43,44.0,0,,1.8501349105974492,0.21778212603757102
2018,Singapore_Grand_Prix,R,ERI,1.0,Sauber,False,ULTRASOFT,Singapore_Grand_Prix,45,54.0,0,,inf,0.15184891380921864
2018,Singapore_Grand_Prix,R,GAS,1.0,Toro Rosso,False,HYPERSOFT,Singapore_Grand_Prix,20,24.0,0,,inf,0.4133305195041507
2018,Singapore_Grand_Prix,R,GAS,2.0,Toro Rosso,False,ULTRASOFT,Singapore_Grand_Prix,29,33.0,0,,-0.1401585957463585,0.7595106673458903
2018,Singapore_Grand_Prix,R,GRO,1.0,Haas F1 Team,False,HYPERSOFT,Singapore_Grand_Prix,11,17.0,0,,inf,0.7920954398214912
2018,Singapore_Grand_Prix,R,GRO,2.0,Haas F1 Team,False,SOFT,Singapore_Grand_Prix,39,43.0,0,,-0.1933206911082966,0.6685707610203452
2018,Singapore_Grand_Prix,R,HAM,1.0,Mercedes,False,HYPERSOFT,Singapore_Grand_Prix,10,15.0,0,,inf,0.588181785979312
2018,Singapore_Grand_Prix,R,HAM,2.0,Mercedes,False,SOFT,Singapore_Grand_Prix,40,45.0,0,,-0.6639659062070964,0.45873623859620005
2018,Singapore_Grand_Prix,R,HAR,1.0,Toro Rosso,False,HYPERSOFT,Singapore_Grand_Prix,8,12.0,0,,inf,0.5820573914896924
2018,Singapore_Grand_Prix,R,HAR,2.0,Toro Rosso,False,ULTRASOFT,Singapore_Grand_Prix,19,17.0,1,17.0,37.29891472868524,0.7089404212594177
2018,Singapore_Grand_Prix,R,HAR,3.0,Toro Rosso,False,HYPERSOFT,Singapore_Grand_Prix,18,20.0,1,20.0,51.79566098876972,0.5310263481086437
2018,Singapore_Grand_Prix,R,HUL,1.0,Renault,False,HYPERSOFT,Singapore_Grand_Prix,10,16.0,0,,inf,0.845331071300649
2018,Singapore_Grand_Prix,R,HUL,2.0,Renault,False,ULTRASOFT,Singapore_Grand_Prix,41,44.0,0,,33.053189039816054,0.23100249914690194
2018,Singapore_Grand_Prix,R,LEC,1.0,Sauber,False,ULTRASOFT,Singapore_Grand_Prix,30,36.0,0,,inf,0.580940175300744
2018,Singapore_Grand_Prix,R,LEC,2.0,Sauber,False,HYPERSOFT,Singapore_Grand_Prix,19,21.0,0,,inf,0.3566057115414588
2018,Singapore_Grand_Prix,R,MAG,1.0,Haas F1 Team,False,ULTRASOFT,Singapore_Grand_Prix,20,24.0,0,,inf,0.6258066505083878
2018,Singapore_Grand_Prix,R,MAG,2.0,Haas F1 Team,False,SOFT,Singapore_Grand_Prix,6,7.0,0,,,
2018,Singapore_Grand_Prix,R,MAG,3.0,Haas F1 Team,False,HYPERSOFT,Singapore_Grand_Prix,14,15.0,1,15.0,inf,0.4208759273564416
2018,Singapore_Grand_Prix,R,PER,1.0,Racing Point,False,HYPERSOFT,Singapore_Grand_Prix,12,18.0,0,,inf,0.8493876218186132
2018,Singapore_Grand_Prix,R,PER,2.0,Racing Point,False,ULTRASOFT,Singapore_Grand_Prix,14,15.0,0,,-0.05213279289712177,0.6793280033731763
2018,Singapore_Grand_Prix,R,PER,4.0,Racing Point,False,SOFT,Singapore_Grand_Prix,19,26.0,0,,0.24941054801959547,0.6349339054293586
2018,Singapore_Grand_Prix,R,RAI,1.0,Ferrari,False,HYPERSOFT,Singapore_Grand_Prix,17,23.0,0,,inf,0.5554922386095255
2018,Singapore_Grand_Prix,R,RAI,2.0,Ferrari,False,SOFT,Singapore_Grand_Prix,37,38.0,0,,0.7293178121674967,0.29648220083752624
2018,Singapore_Grand_Prix,R,RIC,1.0,Red Bull Racing,True,HYPERSOFT,Singapore_Grand_Prix,22,28.0,0,,inf,0.7509400772359065
2018,Singapore_Grand_Prix,R,RIC,2.0,Red Bull Racing,True,ULTRASOFT,Singapore_Grand_Prix,29,33.0,0,,-17.43910296121842,0.1163614668812672
2018,Singapore_Grand_Prix,R,SAI,1.0,Renault,False,ULTRASOFT,Singapore_Grand_Prix,30,35.0,0,,-0.22965565374172664,0.8025617392842255
2018,Singapore_Grand_Prix,R,SAI,2.0,Renault,False,SOFT,Singapore_Grand_Prix,16,22.0,0,,inf,0.48063967669566227
2018,Singapore_Grand_Prix,R,SIR,2.0,Williams,False,SOFT,Singapore_Grand_Prix,44,54.0,0,,5.2088873687376305,0.319291648684127
2018,Singapore_Grand_Prix,R,STR,1.0,Williams,False,SOFT,Singapore_Grand_Prix,33,38.0,0,,inf,0.5242724630851124
2018,Singapore_Grand_Prix,R,STR,2.0,Williams,False,ULTRASOFT,Singapore_Grand_Prix,18,19.0,0,,inf,0.5747021536346436
2018,Singapore_Grand_Prix,R,VAN,1.0,McLaren,False,ULTRASOFT,Singapore_Grand_Prix,46,56.0,0,,inf,0.5383338029992409
2018,Singapore_Grand_Prix,R,VER,1.0,Red Bull Racing,True,HYPERSOFT,Singapore_Grand_Prix,12,18.0,0,,inf,0.6630481521286727
2018,Singapore_Grand_Prix,R,VER,2.0,Red Bull Racing,True,SOFT,Singapore_Grand_Prix,38,43.0,0,,-0.5384612462528763,0.2856384696648167
2018,Singapore_Grand_Prix,R,VET,1.0,Ferrari,False,HYPERSOFT,Singapore_Grand_Prix,9,15.0,0,,inf,0.6461745043362228
2018,Singapore_Grand_Prix,R,VET,2.0,Ferrari,False,ULTRASOFT,Singapore_Grand_Prix,43,46.0,0,,1.433079449629597,0.20941404138804118
2018,Spanish_Grand_Prix,R,ALO,1.0,McLaren,False,SUPERSOFT,Spanish_Grand_Prix,14,22.0,0,,inf,0.9192098672559059
2018,Spanish_Grand_Prix,R,ALO,2.0,McLaren,False,MEDIUM,Spanish_Grand_Prix,31,43.0,0,,-0.5637067686999744,0.37165734182125437
2018,Spanish_Grand_Prix,R,BOT,1.0,Mercedes,False,SOFT,Spanish_Grand_Prix,12,20.0,0,,inf,0.7268534391947594
2018,Spanish_Grand_Prix,R,BOT,2.0,Mercedes,False,MEDIUM,Spanish_Grand_Prix,39,46.0,0,,inf,0.2852445387378263
2018,Spanish_Grand_Prix,R,ERI,1.0,Sauber,False,MEDIUM,Spanish_Grand_Prix,26,33.0,0,,inf,0.2517854598287905
2018,Spanish_Grand_Prix,R,ERI,2.0,Sauber,False,SOFT,Spanish_Grand_Prix,23,28.0,0,,2.388345323740967,0.41502819992840073
2018,Spanish_Grand_Prix,R,HAM,1.0,Mercedes,False,SOFT,Spanish_Grand_Prix,18,25.0,0,,inf,0.5861849220378734
2018,Spanish_Grand_Prix,R,HAM,2.0,Mercedes,False,MEDIUM,Spanish_Grand_Prix,31,40.0,0,,inf,0.48342710173676245
2018,Spanish_Grand_Prix,R,HAR,1.0,Toro Rosso,False,MEDIUM,Spanish_Grand_Prix,24,31.0,0,,inf,0.3159657574329204
2018,Spanish_Grand_Prix,R,HAR,2.0,Toro Rosso,False,MEDIUM,Spanish_Grand_Prix,25,30.0,0,,inf,0.4252989268446811
2018,Spanish_Grand_Prix,R,LEC,1.0,Sauber,False,SOFT,Spanish_Grand_Prix,11,18.0,0,,inf,0.32290277641945236
2018,Spanish_Grand_Prix,R,LEC,2.0,Sauber,False,MEDIUM,Spanish_Grand_Prix,37,43.0,0,,0.3533229182939048,0.17621181582867182
2018,Spanish_Grand_Prix,R,MAG,1.0,Haas F1 Team,False,SOFT,Spanish_Grand_Prix,24,34.0,0,,inf,0.29256124796343613
2018,Spanish_Grand_Prix,R,MAG,2.0,Haas F1 Team,False,MEDIUM,Spanish_Grand_Prix,25,32.0,0,,-1.0124684200351552,0.22524020073529638
2018,Spanish_Grand_Prix,R,OCO,1.0,Force India,False,SOFT,Spanish_Grand_Prix,20,27.0,0,,inf,0.47393302891239103
2018,Spanish_Grand_Prix,R,OCO,2.0,Force India,False,MEDIUM,Spanish_Grand_Prix,5,9.0,0,,,
2018,Spanish_Grand_Prix,R,PER,1.0,Force India,False,SOFT,Spanish_Grand_Prix,17,24.0,0,,inf,0.4678167836895824
2018,Spanish_Grand_Prix,R,PER,2.0,Force India,False,MEDIUM,Spanish_Grand_Prix,10,13.0,0,,4.467260286812422,0.7525268648796337
2018,Spanish_Grand_Prix,R,PER,3.0,Force India,False,SOFT,Spanish_Grand_Prix,22,29.0,0,,-2105.249999977346,0.32186731887060577
2018,Spanish_Grand_Prix,R,RAI,1.0,Ferrari,False,SOFT,Spanish_Grand_Prix,17,26.0,0,,inf,0.5644321700073053
2018,Spanish_Grand_Prix,R,RIC,1.0,Red Bull Racing,True,SOFT,Spanish_Grand_Prix,25,34.0,0,,inf,0.38616550835610886
2018,Spanish_Grand_Prix,R,RIC,2.0,Red Bull Racing,True,MEDIUM,Spanish_Grand_Prix,22,32.0,0,,inf,0.20365186339471933
2018,Spanish_Grand_Prix,R,SAI,1.0,Renault,False,SOFT,Spanish_Grand_Prix,17,27.0,0,,inf,0.8741689556140393
2018,Spanish_Grand_Prix,R,SAI,2.0,Renault,False,MEDIUM,Spanish_Grand_Prix,30,39.0,0,,inf,0.07704418581256806
2018,Spanish_Grand_Prix,R,SIR,1.0,Williams,False,MEDIUM,Spanish_Grand_Prix,15,22.0,0,,inf,0.328852619465285
2018,Spanish_Grand_Prix,R,SIR,2.0,Williams,False,MEDIUM,Spanish_Grand_Prix,10,16.0,0,,-12.151647290719882,0.7170397399851055
2018,Spanish_Grand_Prix,R,SIR,3.0,Williams,False,SUPERSOFT,Spanish_Grand_Prix,19,21.0,0,,inf,0.3804063731269072
2018,Spanish_Grand_Prix,R,STR,1.0,Williams,False,SOFT,Spanish_Grand_Prix,11,18.0,0,,inf,0.26302516598380743
2018,Spanish_Grand_Prix,R,STR,2.0,Williams,False,MEDIUM,Spanish_Grand_Prix,37,43.0,0,,-0.021870557775801044,0.4117435248970148
2018,Spanish_Grand_Prix,R,VAN,1.0,McLaren,False,SOFT,Spanish_Grand_Prix,25,35.0,0,,inf,0.3309438605119854
2018,Spanish_Grand_Prix,R,VAN,2.0,McLaren,False,MEDIUM,Spanish_Grand_Prix,6,11.0,0,,,
2018,Spanish_Grand_Prix,R,VER,1.0,Red Bull Racing,True,SOFT,Spanish_Grand_Prix,25,35.0,0,,inf,0.3908053539022866
2018,Spanish_Grand_Prix,R,VER,2.0,Red Bull Racing,True,MEDIUM,Spanish_Grand_Prix,25,31.0,0,,inf,0.4789573580782303
2018,Spanish_Grand_Prix,R,VET,1.0,Ferrari,False,SOFT,Spanish_Grand_Prix,10,18.0,0,,inf,0.4016620866572194
2018,Spanish_Grand_Prix,R,VET,2.0,Ferrari,False,MEDIUM,Spanish_Grand_Prix,21,23.0,0,,inf,0.46655435637699183
2018,Spanish_Grand_Prix,R,VET,3.0,Ferrari,False,MEDIUM,Spanish_Grand_Prix,20,24.0,0,,-0.18296074154852232,0.364686336680092
2018,United_States_Grand_Prix,R,BOT,1.0,Mercedes,False,SUPERSOFT,United_States_Grand_Prix,17,25.0,0,,2.039503815740894,0.42108832894245274
2018,United_States_Grand_Prix,R,BOT,2.0,Mercedes,False,SOFT,United_States_Grand_Prix,28,29.0,1,29.0,inf,0.5827555496180366
2018,United_States_Grand_Prix,R,ERI,1.0,Sauber,False,SOFT,United_States_Grand_Prix,21,29.0,0,,1.87738595652193,0.7863280339769426
2018,United_States_Grand_Prix,R,ERI,2.0,Sauber,False,SUPERSOFT,United_States_Grand_Prix,23,24.0,0,,-0.29062716963664637,0.42529862122754947
2018,United_States_Grand_Prix,R,GAS,1.0,Toro Rosso,False,SUPERSOFT,United_States_Grand_Prix,5,9.0,0,,,
2018,United_States_Grand_Prix,R,GAS,2.0,Toro Rosso,False,SOFT,United_States_Grand_Prix,24,25.0,0,,11.01092458789418,0.3901477452439978
2018,United_States_Grand_Prix,R,GAS,3.0,Toro Rosso,False,ULTRASOFT,United_States_Grand_Prix,17,18.0,0,,0.937809360450841,0.6864251994409606
2018,United_States_Grand_Prix,R,HAM,1.0,Mercedes,False,SUPERSOFT,United_States_Grand_Prix,8,14.0,0,,inf,0.40822698935998925
2018,United_States_Grand_Prix,R,HAM,2.0,Mercedes,False,SOFT,United_States_Grand_Prix,22,25.0,0,,0.4291666666666643,0.6766600399485934
2018,United_States_Grand_Prix,R,HAM,3.0,Mercedes,False,SOFT,United_States_Grand_Prix,17,18.0,0,,5.543469934891195,0.16597645175475292
2018,United_States_Grand_Prix,R,HAR,1.0,Toro Rosso,False,SUPERSOFT,United_States_Grand_Prix,17,26.0,0,,inf,0.5904566729608262
2018,United_States_Grand_Prix,R,HAR,2.0,Toro Rosso,False,SOFT,United_States_Grand_Prix,21,27.0,0,,0.04441113721677565,0.3396539781824269
2018,United_States_Grand_Prix,R,HUL,1.0,Renault,False,ULTRASOFT,United_States_Grand_Prix,18,25.0,0,,0.13738538954549023,0.4001117162185794
2018,United_States_Grand_Prix,R,HUL,2.0,Renault,False,SOFT,United_States_Grand_Prix,27,32.0,0,,inf,0.5285262025216864
2018,United_States_Grand_Prix,R,LEC,2.0,Sauber,False,SOFT,United_States_Grand_Prix,22,24.0,1,24.0,inf,0.2974003486805884
2018,United_States_Grand_Prix,R,MAG,1.0,Haas F1 Team,False,SUPERSOFT,United_States_Grand_Prix,22,29.0,0,,27.033618491133947,0.41522034616033104
2018,United_States_Grand_Prix,R,MAG,2.0,Haas F1 Team,False,SOFT,United_States_Grand_Prix,22,25.0,0,,0.2537010843941384,0.5381204522509718
2018,United_States_Grand_Prix,R,OCO,1.0,Racing Point,False,ULTRASOFT,United_States_Grand_Prix,18,24.0,0,,inf,0.6427206824789495
2018,United_States_Grand_Prix,R,OCO,2.0,Racing Point,False,SOFT,United_States_Grand_Prix,29,33.0,0,,inf,0.7024972801734943
2018,United_States_Grand_Prix,R,PER,1.0,Racing Point,False,ULTRASOFT,United_States_Grand_Prix,20,27.0,0,,inf,0.6318132603536151
2018,United_States_Grand_Prix,R,PER,2.0,Racing Point,False,SOFT,United_States_Grand_Prix,24,30.0,0,,inf,0.633895256571955
2018,United_States_Grand_Prix,R,RAI,1.0,Ferrari,False,ULTRASOFT,United_States_Grand_Prix,17,23.0,0,,4.029173967843958,0.6890374508522051
2018,United_States_Grand_Prix,R,RAI,2.0,Ferrari,False,SOFT,United_States_Grand_Prix,32,34.0,0,,-0.002229319777150718,0.5705559344184743
2018,United_States_Grand_Prix,R,RIC,1.0,Red Bull Racing,True,SUPERSOFT,United_States_Grand_Prix,7,11.0,0,,inf,0.7061440417329125
2018,United_States_Grand_Prix,R,SAI,1.0,Renault,False,SUPERSOFT,United_States_Grand_Prix,17,23.0,0,,0.6037420880573265,0.7194935897628154
2018,United_States_Grand_Prix,R,SAI,2.0,Renault,False,SOFT,United_States_Grand_Prix,28,27.0,1,27.0,inf,0.5541407977188179
2018,United_States_Grand_Prix,R,SIR,1.0,Williams,False,SUPERSOFT,United_States_Grand_Prix,6,9.0,0,,,
2018,United_States_Grand_Prix,R,SIR,2.0,Williams,False,SOFT,United_States_Grand_Prix,13,18.0,0,,-2.307730553410067,0.43070729653043643
2018,United_States_Grand_Prix,R,SIR,3.0,Williams,False,SUPERSOFT,United_States_Grand_Prix,19,25.0,0,,inf,0.4907471345098706
2018,United_States_Grand_Prix,R,STR,4.0,Williams,False,ULTRASOFT,United_States_Grand_Prix,13,15.0,0,,2.650644106901913,0.6376275735586486
2018,United_States_Grand_Prix,R,VAN,1.0,McLaren,False,SUPERSOFT,United_States_Grand_Prix,6,9.0,0,,,
2018,United_States_Grand_Prix,R,VAN,2.0,McLaren,False,SOFT,United_States_Grand_Prix,28,29.0,0,,-0.3944656963415627,0.7338082513893005
2018,United_States_Grand_Prix,R,VAN,3.0,McLaren,False,SOFT,United_States_Grand_Prix,13,14.0,0,,0.1333619620192704,0.7012192681905888
2018,United_States_Grand_Prix,R,VER,1.0,Red Bull Racing,True,SOFT,United_States_Grand_Prix,15,21.0,0,,inf,0.7030526539508059
2018,United_States_Grand_Prix,R,VER,2.0,Red Bull Racing,True,SUPERSOFT,United_States_Grand_Prix,28,33.0,0,,inf,0.5925519713547933
2018,United_States_Grand_Prix,R,VET,1.0,Ferrari,False,SUPERSOFT,United_States_Grand_Prix,18,28.0,0,,0.8967850083213227,0.7606451943428139
2018,United_States_Grand_Prix,R,VET,2.0,Ferrari,False,SOFT,United_States_Grand_Prix,28,24.0,1,24.0,46.95382352943357,0.3293126635585711
2019,Abu_Dhabi_Grand_Prix,R,ALB,1.0,Red Bull Racing,True,MEDIUM,Abu_Dhabi_Grand_Prix,11,15.0,0,,inf,0.35736656951777607
2019,Abu_Dhabi_Grand_Prix,R,ALB,2.0,Red Bull Racing,True,HARD,Abu_Dhabi_Grand_Prix,35,41.0,0,,inf,0.22685526812941875
2019,Abu_Dhabi_Grand_Prix,R,BOT,1.0,Mercedes,False,MEDIUM,Abu_Dhabi_Grand_Prix,22,31.0,0,,-2.5145510835913965,0.5858849761406234
2019,Abu_Dhabi_Grand_Prix,R,BOT,2.0,Mercedes,False,HARD,Abu_Dhabi_Grand_Prix,16,25.0,0,,0.09593174235084523,0.7694801891704133
2019,Abu_Dhabi_Grand_Prix,R,GAS,2.0,Toro Rosso,False,HARD,Abu_Dhabi_Grand_Prix,40,51.0,0,,-0.030188543854085682,0.16114475480302826
2019,Abu_Dhabi_Grand_Prix,R,GIO,1.0,Alfa Romeo Racing,False,SOFT,Abu_Dhabi_Grand_Prix,6,7.0,0,,,
2019,Abu_Dhabi_Grand_Prix,R,GIO,2.0,Alfa Romeo Racing,False,HARD,Abu_Dhabi_Grand_Prix,16,17.0,0,,-7.486421394013641,0.6865501187695465
2019,Abu_Dhabi_Grand_Prix,R,GIO,3.0,Alfa Romeo Racing,False,MEDIUM,Abu_Dhabi_Grand_Prix,26,27.0,0,,-0.022936020574162327,0.5052556350548283
2019,Abu_Dhabi_Grand_Prix,R,GRO,1.0,Haas F1 Team,False,MEDIUM,Abu_Dhabi_Grand_Prix,13,17.0,0,,inf,0.46276886033875037
2019,Abu_Dhabi_Grand_Prix,R,GRO,2.0,Haas F1 Team,False,HARD,Abu_Dhabi_Grand_Prix,27,36.0,0,,-18.808824033232366,0.12886055513694133
2019,Abu_Dhabi_Grand_Prix,R,HAM,1.0,Mercedes,False,MEDIUM,Abu_Dhabi_Grand_Prix,24,28.0,0,,inf,0.5730603570425247
2019,Abu_Dhabi_Grand_Prix,R,HAM,2.0,Mercedes,False,HARD,Abu_Dhabi_Grand_Prix,16,28.0,0,,inf,0.16700787838377754
2019,Abu_Dhabi_Grand_Prix,R,HUL,1.0,Renault,False,SOFT,Abu_Dhabi_Grand_Prix,16,20.0,0,,inf,0.5875915518439346
2019,Abu_Dhabi_Grand_Prix,R,HUL,2.0,Renault,False,MEDIUM,Abu_Dhabi_Grand_Prix,31,35.0,0,,inf,0.39907898972145384
2019,Abu_Dhabi_Grand_Prix,R,KUB,1.0,Williams,False,HARD,Abu_Dhabi_Grand_Prix,18,20.0,1,20.0,inf,0.6421036421873721
2019,Abu_Dhabi_Grand_Prix,R,KUB,2.0,Williams,False,MEDIUM,Abu_Dhabi_Grand_Prix,24,28.0,0,,23.36293703488022,0.25070216924318484
2019,Abu_Dhabi_Grand_Prix,R,KVY,1.0,Toro Rosso,False,HARD,Abu_Dhabi_Grand_Prix,27,39.0,0,,inf,0.5176928684459828
2019,Abu_Dhabi_Grand_Prix,R,KVY,2.0,Toro Rosso,False,MEDIUM,Abu_Dhabi_Grand_Prix,11,13.0,0,,-0.2447565977865196,0.6943689634687082
2019,Abu_Dhabi_Grand_Prix,R,LEC,1.0,Ferrari,False,MEDIUM,Abu_Dhabi_Grand_Prix,10,14.0,0,,0.10458715596333384,0.7485451295185538
2019,Abu_Dhabi_Grand_Prix,R,LEC,2.0,Ferrari,False,HARD,Abu_Dhabi_Grand_Prix,23,25.0,0,,-4.9834138010361375,0.326945794848108
2019,Abu_Dhabi_Grand_Prix,R,LEC,3.0,Ferrari,False,SOFT,Abu_Dhabi_Grand_Prix,15,16.0,0,,0.35590374930044,0.5427662889740728
2019,Abu_Dhabi_Grand_Prix,R,MAG,1.0,Haas F1 Team,False,MEDIUM,Abu_Dhabi_Grand_Prix,16,19.0,0,,-0.23595491749804104,0.795836022976359
2019,Abu_Dhabi_Grand_Prix,R,MAG,2.0,Haas F1 Team,False,HARD,Abu_Dhabi_Grand_Prix,32,34.0,0,,-1.5336601416913505,0.30184705240091037
2019,Abu_Dhabi_Grand_Prix,R,NOR,1.0,McLaren,False,SOFT,Abu_Dhabi_Grand_Prix,6,10.0,0,,,
2019,Abu_Dhabi_Grand_Prix,R,NOR,2.0,McLaren,False,HARD,Abu_Dhabi_Grand_Prix,36,42.0,1,42.0,inf,0.31825798972827507
2019,Abu_Dhabi_Grand_Prix,R,PER,1.0,Racing Point,False,MEDIUM,Abu_Dhabi_Grand_Prix,31,36.0,0,,-0.14310372306515326,0.4826395760012083
2019,Abu_Dhabi_Grand_Prix,R,PER,2.0,Racing Point,False,HARD,Abu_Dhabi_Grand_Prix,14,13.0,1,13.0,38.73262456770827,0.4031399172804488
2019,Abu_Dhabi_Grand_Prix,R,RAI,1.0,Alfa Romeo Racing,False,MEDIUM,Abu_Dhabi_Grand_Prix,16,21.0,0,,inf,0.31281174688202545
2019,Abu_Dhabi_Grand_Prix,R,RAI,2.0,Alfa Romeo Racing,False,HARD,Abu_Dhabi_Grand_Prix,29,31.0,0,,0.038574664588959355,0.23180771902159802
2019,Abu_Dhabi_Grand_Prix,R,RIC,1.0,Renault,False,SOFT,Abu_Dhabi_Grand_Prix,9,13.0,0,,inf,0.308924018368041
2019,Abu_Dhabi_Grand_Prix,R,RIC,2.0,Renault,False,HARD,Abu_Dhabi_Grand_Prix,24,30.0,0,,inf,0.678831116998106
2019,Abu_Dhabi_Grand_Prix,R,RIC,3.0,Renault,False,SOFT,Abu_Dhabi_Grand_Prix,10,14.0,0,,inf,0.5052313186030338
2019,Abu_Dhabi_Grand_Prix,R,RUS,1.0,Williams,False,HARD,Abu_Dhabi_Grand_Prix,23,31.0,0,,2.801588438728055,0.1980919801907874
2019,Abu_Dhabi_Grand_Prix,R,RUS,2.0,Williams,False,MEDIUM,Abu_Dhabi_Grand_Prix,16,21.0,0,,inf,0.3916838670936413
2019,Abu_Dhabi_Grand_Prix,R,SAI,1.0,McLaren,False,SOFT,Abu_Dhabi_Grand_Prix,10,14.0,0,,-11.861111111133495,0.08782165130612948
2019,Abu_Dhabi_Grand_Prix,R,SAI,2.0,McLaren,False,HARD,Abu_Dhabi_Grand_Prix,22,28.0,0,,-0.2990429802010977,0.17470699175378204
2019,Abu_Dhabi_Grand_Prix,R,SAI,3.0,McLaren,False,MEDIUM,Abu_Dhabi_Grand_Prix,10,12.0,0,,0.4412453183520383,0.5831051230440799
2019,Abu_Dhabi_Grand_Prix,R,STR,2.0,Racing Point,False,HARD,Abu_Dhabi_Grand_Prix,15,11.0,1,11.0,3.3963656695560775,0.5152837671424552
2019,Abu_Dhabi_Grand_Prix,R,STR,3.0,Racing Point,False,SOFT,Abu_Dhabi_Grand_Prix,19,16.0,1,16.0,3.057355708908295,0.3157564267901315
2019,Abu_Dhabi_Grand_Prix,R,VER,1.0,Red Bull Racing,True,MEDIUM,Abu_Dhabi_Grand_Prix,23,27.0,0,,inf,0.4358912171777147
2019,Abu_Dhabi_Grand_Prix,R,VER,2.0,Red Bull Racing,True,HARD,Abu_Dhabi_Grand_Prix,27,29.0,0,,-0.07132433744846615,0.3679579492251937
2019,Abu_Dhabi_Grand_Prix,R,VET,1.0,Ferrari,False,SOFT,Abu_Dhabi_Grand_Prix,10,14.0,0,,0.9352469959947436,0.3891763476142801
2019,Abu_Dhabi_Grand_Prix,R,VET,2.0,Ferrari,False,HARD,Abu_Dhabi_Grand_Prix,19,25.0,0,,inf,0.553404458374984
2019,Abu_Dhabi_Grand_Prix,R,VET,3.0,Ferrari,False,MEDIUM,Abu_Dhabi_Grand_Prix,12,16.0,0,,19.61673482227111,0.6184167738952606
2019,Australian_Grand_Prix,R,ALB,1.0,Toro Rosso,False,SOFT,Australian_Grand_Prix,11,13.0,0,,inf,0.20186995421346318
2019,Australian_Grand_Prix,R,ALB,2.0,Toro Rosso,False,MEDIUM,Australian_Grand_Prix,35,42.0,0,,inf,0.4433655370224137
2019,Australian_Grand_Prix,R,BOT,1.0,Mercedes,False,SOFT,Australian_Grand_Prix,20,25.0,0,,inf,0.3296265566077528
2019,Australian_Grand_Prix,R,BOT,2.0,Mercedes,False,MEDIUM,Australian_Grand_Prix,28,34.0,0,,inf,0.3013928541750468
2019,Australian_Grand_Prix,R,GAS,1.0,Red Bull Racing,True,MEDIUM,Australian_Grand_Prix,28,36.0,0,,inf,0.631060792657648
2019,Australian_Grand_Prix,R,GAS,2.0,Red Bull Racing,True,SOFT,Australian_Grand_Prix,16,19.0,0,,2.9234317414901,0.512206675143595
2019,Australian_Grand_Prix,R,GIO,1.0,Alfa Romeo Racing,False,MEDIUM,Australian_Grand_Prix,22,26.0,0,,84.48751522530748,0.2852316646920868
2019,Australian_Grand_Prix,R,GIO,2.0,Alfa Romeo Racing,False,SOFT,Australian_Grand_Prix,26,29.0,0,,inf,0.5826051871267071
2019,Australian_Grand_Prix,R,GRO,1.0,Haas F1 Team,False,SOFT,Australian_Grand_Prix,13,17.0,0,,inf,0.5470063353284476
2019,Australian_Grand_Prix,R,GRO,2.0,Haas F1 Team,False,MEDIUM,Australian_Grand_Prix,8,14.0,0,,-2.4859087159747095,0.7333728154330243
2019,Australian_Grand_Prix,R,HAM,1.0,Mercedes,False,SOFT,Australian_Grand_Prix,12,17.0,0,,inf,0.6631572550364802
2019,Australian_Grand_Prix,R,HAM,2.0,Mercedes,False,MEDIUM,Australian_Grand_Prix,34,42.0,0,,inf,0.29306208487144353
2019,Australian_Grand_Prix,R,HUL,1.0,Renault,False,SOFT,Australian_Grand_Prix,10,12.0,0,,3.7920792079205015,0.20977588216843027
2019,Australian_Grand_Prix,R,HUL,2.0,Renault,False,HARD,Australian_Grand_Prix,38,43.0,0,,inf,0.2864523201282562
2019,Australian_Grand_Prix,R,KUB,2.0,Williams,False,MEDIUM,Australian_Grand_Prix,21,26.0,0,,-0.35525377564918725,0.4397566876842773
2019,Australian_Grand_Prix,R,KUB,3.0,Williams,False,SOFT,Australian_Grand_Prix,10,15.0,0,,-0.05990890104803288,0.8267330607164176
2019,Australian_Grand_Prix,R,KUB,4.0,Williams,False,SOFT,Australian_Grand_Prix,7,12.0,0,,0.7279525763794802,0.012343445747512347
2019,Australian_Grand_Prix,R,KVY,1.0,Toro Rosso,False,MEDIUM,Australian_Grand_Prix,19,25.0,0,,inf,0.42758408340766385
2019,Australian_Grand_Prix,R,KVY,2.0,Toro Rosso,False,HARD,Australian_Grand_Prix,28,31.0,0,,0.9124468358541232,0.2615419657891973
2019,Australian_Grand_Prix,R,LEC,1.0,Ferrari,False,SOFT,Australian_Grand_Prix,24,30.0,0,,inf,0.38108227008883977
2019,Australian_Grand_Prix,R,LEC,2.0,Ferrari,False,HARD,Australian_Grand_Prix,28,23.0,1,23.0,inf,0.7542160397582438
2019,Australian_Grand_Prix,R,MAG,1.0,Haas F1 Team,False,SOFT,Australian_Grand_Prix,12,16.0,0,,inf,0.7339579659234032
2019,Australian_Grand_Prix,R,MAG,2.0,Haas F1 Team,False,MEDIUM,Australian_Grand_Prix,39,43.0,0,,inf,0.34461647528159994
2019,Australian_Grand_Prix,R,NOR,1.0,McLaren,False,SOFT,Australian_Grand_Prix,13,17.0,0,,inf,0.22616139284428513
2019,Australian_Grand_Prix,R,NOR,2.0,McLaren,False,HARD,Australian_Grand_Prix,33,41.0,0,,-3.7192686521758618,0.46881196765118904
2019,Australian_Grand_Prix,R,PER,1.0,Racing Point,False,SOFT,Australian_Grand_Prix,11,15.0,0,,inf,0.33980310396545843
2019,Australian_Grand_Prix,R,PER,2.0,Racing Point,False,HARD,Australian_Grand_Prix,36,43.0,0,,inf,0.6274985544797269
2019,Australian_Grand_Prix,R,RAI,1.0,Alfa Romeo Racing,False,SOFT,Australian_Grand_Prix,10,14.0,0,,inf,0.5263694161080639
2019,Australian_Grand_Prix,R,RAI,2.0,Alfa Romeo Racing,False,MEDIUM,Australian_Grand_Prix,40,44.0,0,,inf,0.4469128410633692
2019,Australian_Grand_Prix,R,RIC,2.0,Renault,False,HARD,Australian_Grand_Prix,25,27.0,0,,5.6464466287465855,0.2779158438345919
2019,Australian_Grand_Prix,R,RUS,1.0,Williams,False,MEDIUM,Australian_Grand_Prix,22,25.0,0,,inf,0.2259371870447244
2019,Australian_Grand_Prix,R,RUS,2.0,Williams,False,SOFT,Australian_Grand_Prix,13,15.0,0,,0.39622329996902633,0.601533539287178
2019,Australian_Grand_Prix,R,RUS,3.0,Williams,False,HARD,Australian_Grand_Prix,9,13.0,0,,-0.8058679706602148,0.1749763584604589
2019,Australian_Grand_Prix,R,SAI,1.0,McLaren,False,SOFT,Australian_Grand_Prix,7,9.0,0,,-0.4528138528138579,0.562897294673042
2019,Australian_Grand_Prix,R,STR,1.0,Racing Point,False,MEDIUM,Australian_Grand_Prix,20,26.0,0,,inf,0.6518843053456892
2019,Australian_Grand_Prix,R,STR,2.0,Racing Point,False,HARD,Australian_Grand_Prix,28,29.0,0,,0.2189071554004459,0.22155986802951785
2019,Australian_Grand_Prix,R,VER,1.0,Red Bull Racing,True,SOFT,Australian_Grand_Prix,22,27.0,0,,inf,0.6862316498058445
2019,Australian_Grand_Prix,R,VER,2.0,Red Bull Racing,True,MEDIUM,Australian_Grand_Prix,27,32.0,0,,inf,0.4521003678458797
2019,Australian_Grand_Prix,R,VET,1.0,Ferrari,False,SOFT,Australian_Grand_Prix,11,16.0,0,,inf,0.7111352080598259
2019,Australian_Grand_Prix,R,VET,2.0,Ferrari,False,MEDIUM,Australian_Grand_Prix,42,43.0,0,,inf,0.48458103030490934
2019,Austrian_Grand_Prix,R,ALB,1.0,Toro Rosso,False,MEDIUM,Austrian_Grand_Prix,25,34.0,0,,inf,0.5912980510876515
2019,Austrian_Grand_Prix,R,ALB,2.0,Toro Rosso,False,HARD,Austrian_Grand_Prix,30,34.0,0,,0.037789339571184064,0.3337654058569271
2019,Austrian_Grand_Prix,R,BOT,1.0,Mercedes,False,MEDIUM,Austrian_Grand_Prix,19,23.0,0,,0.6339186910471794,0.36806481176243216
2019,Austrian_Grand_Prix,R,BOT,2.0,Mercedes,False,HARD,Austrian_Grand_Prix,45,49.0,0,,inf,0.21450151818215676
2019,Austrian_Grand_Prix,R,GAS,1.0,Red Bull Racing,True,SOFT,Austrian_Grand_Prix,22,27.0,0,,inf,0.1130101472929544
2019,Austrian_Grand_Prix,R,GAS,2.0,Red Bull Racing,True,HARD,Austrian_Grand_Prix,40,44.0,0,,inf,0.47983690293744696
2019,Austrian_Grand_Prix,R,GIO,1.0,Alfa Romeo Racing,False,SOFT,Austrian_Grand_Prix,21,26.0,0,,-1.2469991546920127,0.31397083273194415
2019,Austrian_Grand_Prix,R,GIO,2.0,Alfa Romeo Racing,False,HARD,Austrian_Grand_Prix,40,45.0,0,,inf,0.13851874463625763
2019,Austrian_Grand_Prix,R,GRO,1.0,Haas F1 Team,False,MEDIUM,Austrian_Grand_Prix,23,33.0,0,,inf,0.4286579221120783
2019,Austrian_Grand_Prix,R,GRO,2.0,Haas F1 Team,False,HARD,Austrian_Grand_Prix,32,35.0,0,,0.0423793776611346,0.1492816774375919
2019,Austrian_Grand_Prix,R,HAM,1.0,Mercedes,False,MEDIUM,Austrian_Grand_Prix,27,33.0,0,,inf,0.665087405858324
2019,Austrian_Grand_Prix,R,HAM,2.0,Mercedes,False,HARD,Austrian_Grand_Prix,35,40.0,0,,inf,0.3532993227597577
2019,Austrian_Grand_Prix,R,HUL,1.0,Renault,False,MEDIUM,Austrian_Grand_Prix,20,25.0,0,,inf,0.3076255827566632
2019,Austrian_Grand_Prix,R,HUL,2.0,Renault,False,HARD,Austrian_Grand_Prix,39,43.0,0,,5.6079523876076625,0.11235427689501609
2019,Austrian_Grand_Prix,R,KUB,1.0,Williams,False,MEDIUM,Austrian_Grand_Prix,14,18.0,0,,inf,0.5773954726251955
2019,Austrian_Grand_Prix,R,KUB,2.0,Williams,False,HARD,Austrian_Grand_Prix,42,48.0,0,,0.11981547669969997,0.3441577110481889
2019,Austrian_Grand_Prix,R,KVY,1.0,Toro Rosso,False,MEDIUM,Austrian_Grand_Prix,23,31.0,0,,inf,0.5939037735434494
2019,Austrian_Grand_Prix,R,KVY,2.0,Toro Rosso,False,HARD,Austrian_Grand_Prix,35,37.0,0,,10.66944642690916,0.20045693368583392
2019,Austrian_Grand_Prix,R,LEC,1.0,Ferrari,False,SOFT,Austrian_Grand_Prix,20,24.0,0,,0.8257158220190466,0.5644909491604296
2019,Austrian_Grand_Prix,R,LEC,2.0,Ferrari,False,HARD,Austrian_Grand_Prix,43,48.0,0,,inf,0.4289399809394909
2019,Austrian_Grand_Prix,R,MAG,1.0,Haas F1 Team,False,SOFT,Austrian_Grand_Prix,9,13.0,0,,-1.36071032186464,0.1500028775655753
2019,Austrian_Grand_Prix,R,MAG,3.0,Haas F1 Team,False,HARD,Austrian_Grand_Prix,44,46.0,1,46.0,inf,0.4958269182940742
2019,Austrian_Grand_Prix,R,MAG,4.0,Haas F1 Team,False,SOFT,Austrian_Grand_Prix,4,11.0,0,,,
2019,Austrian_Grand_Prix,R,NOR,1.0,McLaren,False,SOFT,Austrian_Grand_Prix,21,27.0,0,,inf,0.28190471853638965
2019,Austrian_Grand_Prix,R,NOR,2.0,McLaren,False,MEDIUM,Austrian_Grand_Prix,38,44.0,0,,-0.232945453524894,0.27022393010874485
2019,Austrian_Grand_Prix,R,PER,1.0,Racing Point,False,MEDIUM,Austrian_Grand_Prix,23,27.0,0,,inf,0.316721855868658
2019,Austrian_Grand_Prix,R,PER,2.0,Racing Point,False,HARD,Austrian_Grand_Prix,38,41.0,0,,inf,0.0902688542138781
2019,Austrian_Grand_Prix,R,RAI,1.0,Alfa Romeo Racing,False,SOFT,Austrian_Grand_Prix,21,25.0,0,,0.9140290141775858,0.3056844092045649
2019,Austrian_Grand_Prix,R,RAI,2.0,Alfa Romeo Racing,False,HARD,Austrian_Grand_Prix,41,46.0,0,,4.131537012892024,0.2138881409074245
2019,Austrian_Grand_Prix,R,RIC,1.0,Renault,False,MEDIUM,Austrian_Grand_Prix,39,45.0,0,,inf,0.2706020388379971
2019,Austrian_Grand_Prix,R,RIC,2.0,Renault,False,SOFT,Austrian_Grand_Prix,16,23.0,0,,13.258698304512997,0.5456856159352999
2019,Austrian_Grand_Prix,R,RUS,1.0,Williams,False,MEDIUM,Austrian_Grand_Prix,22,26.0,0,,-1.5536841839183861,0.47516694529320136
2019,Austrian_Grand_Prix,R,RUS,2.0,Williams,False,HARD,Austrian_Grand_Prix,37,41.0,0,,inf,0.711017349222504
2019,Austrian_Grand_Prix,R,SAI,1.0,McLaren,False,MEDIUM,Austrian_Grand_Prix,32,33.0,1,33.0,inf,0.42623781786595755
2019,Austrian_Grand_Prix,R,SAI,2.0,McLaren,False,HARD,Austrian_Grand_Prix,24,28.0,0,,-28.285328980917214,0.6822364802739409
2019,Austrian_Grand_Prix,R,STR,1.0,Racing Point,False,MEDIUM,Austrian_Grand_Prix,19,24.0,0,,inf,0.45845596530510113
2019,Austrian_Grand_Prix,R,STR,2.0,Racing Point,False,HARD,Austrian_Grand_Prix,40,44.0,0,,0.2996010072389147,0.3569005299472149
2019,Austrian_Grand_Prix,R,VER,1.0,Red Bull Racing,True,MEDIUM,Austrian_Grand_Prix,25,33.0,0,,inf,0.5079607636433706
2019,Austrian_Grand_Prix,R,VER,2.0,Red Bull Racing,True,HARD,Austrian_Grand_Prix,34,39.0,0,,inf,0.46199188772170896
2019,Austrian_Grand_Prix,R,VET,1.0,Ferrari,False,SOFT,Austrian_Grand_Prix,17,23.0,0,,inf,0.12078333018990454
2019,Austrian_Grand_Prix,R,VET,2.0,Ferrari,False,HARD,Austrian_Grand_Prix,26,25.0,1,25.0,inf,0.3798059954567981
2019,Austrian_Grand_Prix,R,VET,3.0,Ferrari,False,SOFT,Austrian_Grand_Prix,18,20.0,0,,inf,0.3394430184249878
2019,Azerbaijan_Grand_Prix,R,ALB,1.0,Toro Rosso,False,SOFT,Azerbaijan_Grand_Prix,10,8.0,1,8.0,6.158766778522673,0.5070387559501739
2019,Azerbaijan_Grand_Prix,R,ALB,2.0,Toro Rosso,False,MEDIUM,Azerbaijan_Grand_Prix,28,37.0,0,,inf,0.20976128178669348
2019,Azerbaijan_Grand_Prix,R,BOT,1.0,Mercedes,False,SOFT,Azerbaijan_Grand_Prix,10,14.0,0,,6.301886792450719,0.9324879985872079
2019,Azerbaijan_Grand_Prix,R,BOT,2.0,Mercedes,False,MEDIUM,Azerbaijan_Grand_Prix,30,38.0,0,,inf,0.437220572561672
2019,Azerbaijan_Grand_Prix,R,GAS,1.0,Red Bull Racing,True,MEDIUM,Azerbaijan_Grand_Prix,28,38.0,0,,inf,0.45214721153136683
2019,Azerbaijan_Grand_Prix,R,GIO,1.0,Alfa Romeo Racing,False,SOFT,Azerbaijan_Grand_Prix,4,8.0,0,,,
2019,Azerbaijan_Grand_Prix,R,GIO,2.0,Alfa Romeo Racing,False,MEDIUM,Azerbaijan_Grand_Prix,31,42.0,0,,inf,0.23356398987025975
2019,Azerbaijan_Grand_Prix,R,GRO,1.0,Haas F1 Team,False,MEDIUM,Azerbaijan_Grand_Prix,25,33.0,0,,inf,0.4921750765642533
2019,Azerbaijan_Grand_Prix,R,HAM,1.0,Mercedes,False,SOFT,Azerbaijan_Grand_Prix,11,13.0,1,13.0,4.151520823584582,0.7503372053968935
2019,Azerbaijan_Grand_Prix,R,HAM,2.0,Mercedes,False,MEDIUM,Azerbaijan_Grand_Prix,31,37.0,0,,inf,0.43028413435696955
2019,Azerbaijan_Grand_Prix,R,HUL,1.0,Renault,False,SOFT,Azerbaijan_Grand_Prix,5,7.0,0,,,
2019,Azerbaijan_Grand_Prix,R,HUL,2.0,Renault,False,MEDIUM,Azerbaijan_Grand_Prix,21,25.0,0,,inf,0.35004219192325087
2019,Azerbaijan_Grand_Prix,R,HUL,3.0,Renault,False,SOFT,Azerbaijan_Grand_Prix,11,15.0,0,,0.38463351829689335,0.8759381955501967
2019,Azerbaijan_Grand_Prix,R,KUB,1.0,Williams,False,MEDIUM,Azerbaijan_Grand_Prix,10,6.0,1,6.0,inf,0.3097183757943569
2019,Azerbaijan_Grand_Prix,R,KUB,2.0,Williams,False,MEDIUM,Azerbaijan_Grand_Prix,7,22.0,0,,inf,0.9102771182800484
2019,Azerbaijan_Grand_Prix,R,KUB,3.0,Williams,False,MEDIUM,Azerbaijan_Grand_Prix,12,18.0,0,,1724.9331269454033,0.8319480423689624
2019,Azerbaijan_Grand_Prix,R,KUB,4.0,Williams,False,SOFT,Azerbaijan_Grand_Prix,5,6.0,0,,,
2019,Azerbaijan_Grand_Prix,R,KVY,2.0,Toro Rosso,False,MEDIUM,Azerbaijan_Grand_Prix,23,27.0,0,,inf,0.6932155397279245
2019,Azerbaijan_Grand_Prix,R,LEC,1.0,Ferrari,False,MEDIUM,Azerbaijan_Grand_Prix,28,30.0,1,30.0,inf,0.8701278373938649
2019,Azerbaijan_Grand_Prix,R,LEC,2.0,Ferrari,False,SOFT,Azerbaijan_Grand_Prix,6,12.0,0,,,
2019,Azerbaijan_Grand_Prix,R,MAG,1.0,Haas F1 Team,False,SOFT,Azerbaijan_Grand_Prix,5,9.0,0,,,
2019,Azerbaijan_Grand_Prix,R,MAG,2.0,Haas F1 Team,False,MEDIUM,Azerbaijan_Grand_Prix,28,31.0,0,,35.0786561858515,0.3740394285509974
2019,Azerbaijan_Grand_Prix,R,MAG,3.0,Haas F1 Team,False,SOFT,Azerbaijan_Grand_Prix,9,6.0,1,6.0,7.691542288556715,0.804824840455989
2019,Azerbaijan_Grand_Prix,R,NOR,1.0,McLaren,False,SOFT,Azerbaijan_Grand_Prix,7,10.0,1,10.0,inf,0.7504618344933437
2019,Azerbaijan_Grand_Prix,R,NOR,2.0,McLaren,False,MEDIUM,Azerbaijan_Grand_Prix,24,29.0,0,,inf,0.36986720812534307
2019,Azerbaijan_Grand_Prix,R,NOR,3.0,McLaren,False,SOFT,Azerbaijan_Grand_Prix,10,8.0,1,8.0,inf,0.5483143945797885
2019,Azerbaijan_Grand_Prix,R,PER,1.0,Racing Point,False,SOFT,Azerbaijan_Grand_Prix,8,12.0,0,,inf,0.9158806403101852
2019,Azerbaijan_Grand_Prix,R,PER,2.0,Racing Point,False,MEDIUM,Azerbaijan_Grand_Prix,32,40.0,0,,inf,0.46517413705439353
2019,Azerbaijan_Grand_Prix,R,RAI,2.0,Alfa Romeo Racing,False,MEDIUM,Azerbaijan_Grand_Prix,34,43.0,0,,inf,0.44097027613559
2019,Azerbaijan_Grand_Prix,R,RIC,1.0,Renault,False,SOFT,Azerbaijan_Grand_Prix,8,9.0,0,,1.0950819672130632,0.6253912543518025
2019,Azerbaijan_Grand_Prix,R,RIC,2.0,Renault,False,MEDIUM,Azerbaijan_Grand_Prix,16,20.0,0,,-0.7229511197899888,0.46417417434117375
2019,Azerbaijan_Grand_Prix,R,RUS,1.0,Williams,False,MEDIUM,Azerbaijan_Grand_Prix,19,24.0,0,,-1.0823944660901696,0.7832866440313597
2019,Azerbaijan_Grand_Prix,R,RUS,2.0,Williams,False,MEDIUM,Azerbaijan_Grand_Prix,8,12.0,0,,inf,0.6714742391860528
2019,Azerbaijan_Grand_Prix,R,RUS,3.0,Williams,False,SOFT,Azerbaijan_Grand_Prix,7,7.0,1,7.0,inf,0.7647540062389198
2019,Azerbaijan_Grand_Prix,R,SAI,1.0,McLaren,False,SOFT,Azerbaijan_Grand_Prix,9,11.0,0,,-0.3181347150260013,0.7059409543707201
2019,Azerbaijan_Grand_Prix,R,SAI,2.0,McLaren,False,MEDIUM,Azerbaijan_Grand_Prix,31,38.0,0,,inf,0.49415815971958477
2019,Azerbaijan_Grand_Prix,R,STR,1.0,Racing Point,False,SOFT,Azerbaijan_Grand_Prix,8,9.0,0,,1.942753623188316,0.7865577854619309
2019,Azerbaijan_Grand_Prix,R,STR,2.0,Racing Point,False,MEDIUM,Azerbaijan_Grand_Prix,32,40.0,0,,inf,0.25483522374165724
2019,Azerbaijan_Grand_Prix,R,VER,1.0,Red Bull Racing,True,SOFT,Azerbaijan_Grand_Prix,12,17.0,0,,inf,0.31981796156074066
2019,Azerbaijan_Grand_Prix,R,VER,2.0,Red Bull Racing,True,MEDIUM,Azerbaijan_Grand_Prix,30,36.0,0,,9.787579802671784,0.21756620842498892
2019,Azerbaijan_Grand_Prix,R,VET,1.0,Ferrari,False,SOFT,Azerbaijan_Grand_Prix,9,15.0,0,,inf,0.5375596948387407
2019,Azerbaijan_Grand_Prix,R,VET,2.0,Ferrari,False,MEDIUM,Azerbaijan_Grand_Prix,32,39.0,0,,inf,0.23462458243383713
2019,Bahrain_Grand_Prix,R,ALB,1.0,Toro Rosso,False,SOFT,Bahrain_Grand_Prix,7,11.0,0,,1.0868852459012308,0.025867512473686148
2019,Bahrain_Grand_Prix,R,ALB,2.0,Toro Rosso,False,SOFT,Bahrain_Grand_Prix,13,15.0,0,,0.3820021225545288,0.5373311373965748
2019,Bahrain_Grand_Prix,R,ALB,3.0,Toro Rosso,False,MEDIUM,Bahrain_Grand_Prix,27,28.0,0,,0.08975477573323061,0.3555270854186404
2019,Bahrain_Grand_Prix,R,BOT,1.0,Mercedes,False,SOFT,Bahrain_Grand_Prix,9,14.0,0,,inf,0.8127787984200756
2019,Bahrain_Grand_Prix,R,BOT,2.0,Mercedes,False,MEDIUM,Bahrain_Grand_Prix,23,24.0,0,,-0.253015808472089,0.2958664436961281
2019,Bahrain_Grand_Prix,R,BOT,3.0,Mercedes,False,SOFT,Bahrain_Grand_Prix,11,16.0,0,,0.2896599274927187,0.608064843779563
2019,Bahrain_Grand_Prix,R,GAS,1.0,Red Bull Racing,True,SOFT,Bahrain_Grand_Prix,7,11.0,0,,0.5894024802705176,0.31060292724056715
2019,Bahrain_Grand_Prix,R,GAS,2.0,Red Bull Racing,True,SOFT,Bahrain_Grand_Prix,27,29.0,0,,1.4874735605174543,0.5034869411514362
2019,Bahrain_Grand_Prix,R,GAS,3.0,Red Bull Racing,True,MEDIUM,Bahrain_Grand_Prix,13,14.0,0,,-3.291171749598911,0.3621531875397687
2019,Bahrain_Grand_Prix,R,GIO,1.0,Alfa Romeo Racing,False,SOFT,Bahrain_Grand_Prix,13,15.0,0,,3.7751290473957817,0.30259424005890034
2019,Bahrain_Grand_Prix,R,GIO,2.0,Alfa Romeo Racing,False,MEDIUM,Bahrain_Grand_Prix,22,23.0,0,,0.16236000969640277,0.4674580224813903
2019,Bahrain_Grand_Prix,R,GIO,3.0,Alfa Romeo Racing,False,SOFT,Bahrain_Grand_Prix,11,12.0,0,,-0.020786933927226556,0.8047448104949966
2019,Bahrain_Grand_Prix,R,GRO,2.0,Haas F1 Team,False,MEDIUM,Bahrain_Grand_Prix,13,14.0,0,,0.03019733534439024,0.6106221856079059
2019,Bahrain_Grand_Prix,R,HAM,1.0,Mercedes,False,SOFT,Bahrain_Grand_Prix,11,15.0,0,,inf,0.2538595084136375
2019,Bahrain_Grand_Prix,R,HAM,2.0,Mercedes,False,SOFT,Bahrain_Grand_Prix,19,20.0,0,,0.22693255816007535,0.6636664304019717
2019,Bahrain_Grand_Prix,R,HAM,3.0,Mercedes,False,MEDIUM,Bahrain_Grand_Prix,18,20.0,0,,0.4803298692858142,0.19928359660337697
2019,Bahrain_Grand_Prix,R,HUL,1.0,Renault,False,SOFT,Bahrain_Grand_Prix,7,11.0,0,,-1.479999999999841,0.14741368531351529
2019,Bahrain_Grand_Prix,R,HUL,2.0,Renault,False,SOFT,Bahrain_Grand_Prix,13,19.0,0,,0.33940056581524,0.5442270805600973
2019,Bahrain_Grand_Prix,R,HUL,3.0,Renault,False,MEDIUM,Bahrain_Grand_Prix,18,21.0,0,,4.214941871546823,0.44817456875098816
2019,Bahrain_Grand_Prix,R,KUB,1.0,Williams,False,MEDIUM,Bahrain_Grand_Prix,7,10.0,0,,inf,0.3241420977195953
2019,Bahrain_Grand_Prix,R,KUB,2.0,Williams,False,SOFT,Bahrain_Grand_Prix,13,15.0,0,,2.3077113453091016,0.4028457883608375
2019,Bahrain_Grand_Prix,R,KUB,3.0,Williams,False,MEDIUM,Bahrain_Grand_Prix,24,26.0,0,,9.450720179175837,0.4117927305676296
2019,Bahrain_Grand_Prix,R,KVY,1.0,Toro Rosso,False,SOFT,Bahrain_Grand_Prix,9,11.0,0,,inf,0.4817777819643656
2019,Bahrain_Grand_Prix,R,KVY,2.0,Toro Rosso,False,MEDIUM,Bahrain_Grand_Prix,21,25.0,0,,-3.3813184687269637,0.26870433385698855
2019,Bahrain_Grand_Prix,R,KVY,3.0,Toro Rosso,False,SOFT,Bahrain_Grand_Prix,14,15.0,0,,-0.045454545454536005,0.724672186062432
2019,Bahrain_Grand_Prix,R,LEC,1.0,Ferrari,False,SOFT,Bahrain_Grand_Prix,11,15.0,0,,0.37367149758462853,0.45441493631443175
2019,Bahrain_Grand_Prix,R,LEC,2.0,Ferrari,False,MEDIUM,Bahrain_Grand_Prix,21,22.0,0,,0.15673924797055333,0.6428163730416588
2019,Bahrain_Grand_Prix,R,LEC,3.0,Ferrari,False,MEDIUM,Bahrain_Grand_Prix,8,9.0,0,,0.823350253807096,0.4220921218743226
2019,Bahrain_Grand_Prix,R,MAG,1.0,Haas F1 Team,False,SOFT,Bahrain_Grand_Prix,7,12.0,0,,2.113797313797137,0.17510445514600176
2019,Bahrain_Grand_Prix,R,MAG,2.0,Haas F1 Team,False,MEDIUM,Bahrain_Grand_Prix,24,27.0,0,,0.34900251306707114,0.2882469410153075
2019,Bahrain_Grand_Prix,R,MAG,3.0,Haas F1 Team,False,SOFT,Bahrain_Grand_Prix,14,18.0,0,,-0.01438802503387451,0.34486719265528354
2019,Bahrain_Grand_Prix,R,NOR,1.0,McLaren,False,SOFT,Bahrain_Grand_Prix,8,12.0,0,,-0.011655011655007331,0.5918805125228866
2019,Bahrain_Grand_Prix,R,NOR,2.0,McLaren,False,MEDIUM,Bahrain_Grand_Prix,22,23.0,0,,1.2061336900009074,0.5360264458195154
2019,Bahrain_Grand_Prix,R,NOR,3.0,McLaren,False,SOFT,Bahrain_Grand_Prix,18,34.0,0,,0.5396430407501731,0.5190324738985405
2019,Bahrain_Grand_Prix,R,PER,1.0,Racing Point,False,SOFT,Bahrain_Grand_Prix,5,7.0,0,,,
2019,Bahrain_Grand_Prix,R,PER,2.0,Racing Point,False,MEDIUM,Bahrain_Grand_Prix,23,24.0,0,,0.15592047009581828,0.3378474833763352
2019,Bahrain_Grand_Prix,R,PER,3.0,Racing Point,False,MEDIUM,Bahrain_Grand_Prix,19,20.0,0,,1.5227062183965692,0.29593649441534925
2019,Bahrain_Grand_Prix,R,RAI,1.0,Alfa Romeo Racing,False,SOFT,Bahrain_Grand_Prix,7,11.0,0,,-0.22608695652173694,0.6017191720193666
2019,Bahrain_Grand_Prix,R,RAI,2.0,Alfa Romeo Racing,False,MEDIUM,Bahrain_Grand_Prix,22,23.0,0,,-0.2462631447848541,0.4872541670801439
2019,Bahrain_Grand_Prix,R,RAI,3.0,Alfa Romeo Racing,False,SOFT,Bahrain_Grand_Prix,19,23.0,0,,21.49325366230281,0.4091296658675547
2019,Bahrain_Grand_Prix,R,RIC,1.0,Renault,False,SOFT,Bahrain_Grand_Prix,21,15.0,1,15.0,inf,0.4814866266043638
2019,Bahrain_Grand_Prix,R,RIC,2.0,Renault,False,MEDIUM,Bahrain_Grand_Prix,26,29.0,0,,7.1758422644100746,0.30380202878776696
2019,Bahrain_Grand_Prix,R,RUS,1.0,Williams,False,SOFT,Bahrain_Grand_Prix,8,11.0,0,,inf,0.8123435343795821
2019,Bahrain_Grand_Prix,R,RUS,2.0,Williams,False,MEDIUM,Bahrain_Grand_Prix,12,13.0,0,,0.20612048854122414,0.8376186386648933
2019,Bahrain_Grand_Prix,R,RUS,3.0,Williams,False,MEDIUM,Bahrain_Grand_Prix,25,26.0,0,,3.9261879495340852,0.4152726007369841
2019,Bahrain_Grand_Prix,R,SAI,2.0,McLaren,False,MEDIUM,Bahrain_Grand_Prix,18,19.0,0,,0.4312108722616544,0.6899449506715167
2019,Bahrain_Grand_Prix,R,SAI,3.0,McLaren,False,HARD,Bahrain_Grand_Prix,14,16.0,0,,0.6080407969639503,0.5253934265940292
2019,Bahrain_Grand_Prix,R,SAI,4.0,McLaren,False,SOFT,Bahrain_Grand_Prix,11,15.0,0,,1.2255288888889773,0.5624916580371648
2019,Bahrain_Grand_Prix,R,STR,2.0,Racing Point,False,MEDIUM,Bahrain_Grand_Prix,20,21.0,0,,0.9694665963322283,0.42416270960151836
2019,Bahrain_Grand_Prix,R,STR,3.0,Racing Point,False,MEDIUM,Bahrain_Grand_Prix,29,30.0,0,,-3.073717052178956,0.15746881478724822
2019,Bahrain_Grand_Prix,R,VER,1.0,Red Bull Racing,True,SOFT,Bahrain_Grand_Prix,9,13.0,0,,inf,0.7952917718656252
2019,Bahrain_Grand_Prix,R,VER,2.0,Red Bull Racing,True,MEDIUM,Bahrain_Grand_Prix,18,20.0,0,,0.2820445988994932,0.4499644560957673
2019,Bahrain_Grand_Prix,R,VER,3.0,Red Bull Racing,True,MEDIUM,Bahrain_Grand_Prix,20,22.0,0,,0.9759606562191159,0.22287635363050426
2019,Bahrain_Grand_Prix,R,VET,1.0,Ferrari,False,SOFT,Bahrain_Grand_Prix,12,16.0,0,,0.0661518107135263,0.8661747704379505
2019,Bahrain_Grand_Prix,R,VET,2.0,Ferrari,False,MEDIUM,Bahrain_Grand_Prix,19,20.0,0,,-0.31006640867610813,0.546194340023951
2019,Bahrain_Grand_Prix,R,VET,4.0,Ferrari,False,SOFT,Bahrain_Grand_Prix,15,9.0,1,9.0,inf,0.25269578456387015
2019,Belgian_Grand_Prix,R,ALB,1.0,Red Bull Racing,True,MEDIUM,Belgian_Grand_Prix,16,22.0,0,,inf,0.6089653504692389
2019,Belgian_Grand_Prix,R,ALB,2.0,Red Bull Racing,True,SOFT,Belgian_Grand_Prix,17,20.0,0,,0.08451088501107208,0.8067514480781401
2019,Belgian_Grand_Prix,R,BOT,1.0,Mercedes,False,SOFT,Belgian_Grand_Prix,18,27.0,0,,inf,0.7311807397939146
2019,Belgian_Grand_Prix,R,BOT,2.0,Mercedes,False,MEDIUM,Belgian_Grand_Prix,19,20.0,0,,0.8973886941125647,0.6543273370834787
2019,Belgian_Grand_Prix,R,GAS,1.0,Toro Rosso,False,SOFT,Belgian_Grand_Prix,7,12.0,0,,inf,0.13344001732017177
2019,Belgian_Grand_Prix,R,GAS,2.0,Toro Rosso,False,MEDIUM,Belgian_Grand_Prix,27,30.0,0,,5.897265344071199,0.3205366041115744
2019,Belgian_Grand_Prix,R,GIO,1.0,Alfa Romeo Racing,False,MEDIUM,Belgian_Grand_Prix,22,28.0,0,,inf,0.4960299677911164
2019,Belgian_Grand_Prix,R,GIO,2.0,Alfa Romeo Racing,False,SOFT,Belgian_Grand_Prix,8,13.0,0,,-0.42710325980872765,0.9623959817199889
2019,Belgian_Grand_Prix,R,GRO,1.0,Haas F1 Team,False,SOFT,Belgian_Grand_Prix,10,15.0,0,,inf,0.8148093118683112
2019,Belgian_Grand_Prix,R,GRO,2.0,Haas F1 Team,False,MEDIUM,Belgian_Grand_Prix,25,26.0,0,,0.41473590923137593,0.13432212708269545
2019,Belgian_Grand_Prix,R,HAM,1.0,Mercedes,False,SOFT,Belgian_Grand_Prix,17,26.0,0,,inf,0.6421790373462487
2019,Belgian_Grand_Prix,R,HAM,2.0,Mercedes,False,MEDIUM,Belgian_Grand_Prix,20,21.0,0,,0.19101670969941406,0.522396816035442
2019,Belgian_Grand_Prix,R,HUL,1.0,Renault,False,SOFT,Belgian_Grand_Prix,6,13.0,0,,,
2019,Belgian_Grand_Prix,R,HUL,2.0,Renault,False,MEDIUM,Belgian_Grand_Prix,17,19.0,0,,0.14494253664578402,0.7488271438781773
2019,Belgian_Grand_Prix,R,HUL,3.0,Renault,False,SOFT,Belgian_Grand_Prix,11,14.0,0,,-2.5666666666665865,0.47682053473494634
2019,Belgian_Grand_Prix,R,KUB,1.0,Williams,False,MEDIUM,Belgian_Grand_Prix,24,30.0,0,,inf,0.29396767135109675
2019,Belgian_Grand_Prix,R,KUB,2.0,Williams,False,SOFT,Belgian_Grand_Prix,9,11.0,0,,-0.13111420314670935,0.871334102253735
2019,Belgian_Grand_Prix,R,KVY,1.0,Toro Rosso,False,MEDIUM,Belgian_Grand_Prix,18,23.0,0,,inf,0.5998307890504022
2019,Belgian_Grand_Prix,R,KVY,2.0,Toro Rosso,False,SOFT,Belgian_Grand_Prix,17,19.0,0,,0.13654747969465186,0.7774001265156922
2019,Belgian_Grand_Prix,R,LEC,1.0,Ferrari,False,SOFT,Belgian_Grand_Prix,16,23.0,0,,inf,0.48343706924057406
2019,Belgian_Grand_Prix,R,LEC,2.0,Ferrari,False,MEDIUM,Belgian_Grand_Prix,21,22.0,0,,0.21415684590349013,0.532828112800002
2019,Belgian_Grand_Prix,R,MAG,1.0,Haas F1 Team,False,SOFT,Belgian_Grand_Prix,20,27.0,0,,-27.919088507265073,0.4838734425102722
2019,Belgian_Grand_Prix,R,MAG,2.0,Haas F1 Team,False,MEDIUM,Belgian_Grand_Prix,15,14.0,1,14.0,inf,0.3541819714426036
2019,Belgian_Grand_Prix,R,NOR,1.0,McLaren,False,SOFT,Belgian_Grand_Prix,13,18.0,0,,inf,0.6964474033383935
2019,Belgian_Grand_Prix,R,NOR,2.0,McLaren,False,MEDIUM,Belgian_Grand_Prix,23,24.0,0,,31.17726809924592,0.4633836533335108
2019,Belgian_Grand_Prix,R,PER,1.0,Racing Point,False,SOFT,Belgian_Grand_Prix,9,17.0,0,,inf,0.8079818456172299
2019,Belgian_Grand_Prix,R,PER,2.0,Racing Point,False,MEDIUM,Belgian_Grand_Prix,25,28.0,0,,-0.05767855323434468,0.5223726754475367
2019,Belgian_Grand_Prix,R,RAI,3.0,Alfa Romeo Racing,False,MEDIUM,Belgian_Grand_Prix,25,29.0,0,,1.438420760497683,0.26575985477184905
2019,Belgian_Grand_Prix,R,RAI,4.0,Alfa Romeo Racing,False,SOFT,Belgian_Grand_Prix,10,16.0,0,,0.10256833419287897,0.6498356735396673
2019,Belgian_Grand_Prix,R,RIC,2.0,Renault,False,SOFT,Belgian_Grand_Prix,37,38.0,1,38.0,inf,0.7650591173370971
2019,Belgian_Grand_Prix,R,RUS,1.0,Williams,False,MEDIUM,Belgian_Grand_Prix,23,29.0,0,,inf,0.32674368327986303
2019,Belgian_Grand_Prix,R,RUS,2.0,Williams,False,SOFT,Belgian_Grand_Prix,11,12.0,0,,-4.897850562947681,0.5335991699369519
2019,Belgian_Grand_Prix,R,STR,1.0,Racing Point,False,SOFT,Belgian_Grand_Prix,8,13.0,0,,inf,0.8704864208334463
2019,Belgian_Grand_Prix,R,STR,2.0,Racing Point,False,MEDIUM,Belgian_Grand_Prix,12,15.0,0,,0.11073338426279442,0.7489372318604905
2019,Belgian_Grand_Prix,R,STR,3.0,Racing Point,False,SOFT,Belgian_Grand_Prix,12,13.0,0,,-1.813135402609105,0.43437906594418246
2019,Belgian_Grand_Prix,R,VET,1.0,Ferrari,False,SOFT,Belgian_Grand_Prix,10,17.0,0,,inf,0.8010425462337722
2019,Belgian_Grand_Prix,R,VET,2.0,Ferrari,False,MEDIUM,Belgian_Grand_Prix,16,17.0,0,,2.786625282167038,0.46067118743590585
2019,Belgian_Grand_Prix,R,VET,3.0,Ferrari,False,SOFT,Belgian_Grand_Prix,9,14.0,0,,inf,0.42953344004222205
2019,Brazilian_Grand_Prix,R,ALB,1.0,Red Bull Racing,True,SOFT,Brazilian_Grand_Prix,22,26.0,0,,25.628814643109106,0.33756367894157396
2019,Brazilian_Grand_Prix,R,ALB,2.0,Red Bull Racing,True,MEDIUM,Brazilian_Grand_Prix,24,19.0,1,19.0,10.281824811604114,0.6150856791743218
2019,Brazilian_Grand_Prix,R,ALB,3.0,Red Bull Racing,True,SOFT,Brazilian_Grand_Prix,7,18.0,0,,-0.06598117666571013,0.4894694285368936
2019,Brazilian_Grand_Prix,R,BOT,1.0,Mercedes,False,SOFT,Brazilian_Grand_Prix,24,28.0,0,,9.412047345599948,0.22945657636112393
2019,Brazilian_Grand_Prix,R,BOT,2.0,Mercedes,False,HARD,Brazilian_Grand_Prix,13,14.0,0,,1.37609038360478,0.24272456304652387
2019,Brazilian_Grand_Prix,R,BOT,3.0,Mercedes,False,MEDIUM,Brazilian_Grand_Prix,1,2.0,0,,,
2019,Brazilian_Grand_Prix,R,GAS,1.0,Toro Rosso,False,SOFT,Brazilian_Grand_Prix,20,24.0,0,,0.16695078986251372,0.4104083026618056
2019,Brazilian_Grand_Prix,R,GAS,2.0,Toro Rosso,False,MEDIUM,Brazilian_Grand_Prix,22,24.0,0,,0.896476994764634,0.45849966264726205
2019,Brazilian_Grand_Prix,R,GAS,3.0,Toro Rosso,False,SOFT,Brazilian_Grand_Prix,8,25.0,0,,3.910978847415614,0.6124303655972607
2019,Brazilian_Grand_Prix,R,GIO,1.0,Alfa Romeo Racing,False,SOFT,Brazilian_Grand_Prix,17,19.0,0,,inf,0.47091663087971636
2019,Brazilian_Grand_Prix,R,GIO,2.0,Alfa Romeo Racing,False,MEDIUM,Brazilian_Grand_Prix,23,25.0,0,,0.08673659765215841,0.39987813191318244
2019,Brazilian_Grand_Prix,R,GIO,3.0,Alfa Romeo Racing,False,SOFT,Brazilian_Grand_Prix,11,27.0,0,,9.134233389983466,0.6709020208272006
2019,Brazilian_Grand_Prix,R,GRO,1.0,Haas F1 Team,False,SOFT,Brazilian_Grand_Prix,24,28.0,0,,0.06381946769758731,0.5139166597822652
2019,Brazilian_Grand_Prix,R,GRO,2.0,Haas F1 Team,False,MEDIUM,Brazilian_Grand_Prix,30,38.0,0,,-0.2991159656976806,0.17881745999122478
2019,Brazilian_Grand_Prix,R,HAM,1.0,Mercedes,False,SOFT,Brazilian_Grand_Prix,18,22.0,0,,1.5146276595742942,0.34795603584763724
2019,Brazilian_Grand_Prix,R,HAM,2.0,Mercedes,False,SOFT,Brazilian_Grand_Prix,19,24.0,0,,inf,0.25521303697333486
2019,Brazilian_Grand_Prix,R,HAM,3.0,Mercedes,False,MEDIUM,Brazilian_Grand_Prix,15,22.0,0,,-0.35498483049729757,0.8062584307364737
2019,Brazilian_Grand_Prix,R,HUL,1.0,Renault,False,MEDIUM,Brazilian_Grand_Prix,23,26.0,0,,0.1919425361626659,0.49784804741361954
2019,Brazilian_Grand_Prix,R,HUL,2.0,Renault,False,HARD,Brazilian_Grand_Prix,12,16.0,0,,-8.936947171061359,0.3268560394336105
2019,Brazilian_Grand_Prix,R,HUL,3.0,Renault,False,SOFT,Brazilian_Grand_Prix,4,7.0,0,,,
2019,Brazilian_Grand_Prix,R,HUL,4.0,Renault,False,SOFT,Brazilian_Grand_Prix,4,15.0,0,,,
2019,Brazilian_Grand_Prix,R,KUB,1.0,Williams,False,MEDIUM,Brazilian_Grand_Prix,17,19.0,0,,0.3979720279720198,0.38011630202575897
2019,Brazilian_Grand_Prix,R,KUB,2.0,Williams,False,MEDIUM,Brazilian_Grand_Prix,13,15.0,0,,0.847637756281186,0.6936079907485313
2019,Brazilian_Grand_Prix,R,KUB,3.0,Williams,False,HARD,Brazilian_Grand_Prix,9,14.0,0,,-0.09296853650513229,0.8034567001552612
2019,Brazilian_Grand_Prix,R,KUB,4.0,Williams,False,SOFT,Brazilian_Grand_Prix,4,11.0,0,,,
2019,Brazilian_Grand_Prix,R,KVY,1.0,Toro Rosso,False,MEDIUM,Brazilian_Grand_Prix,19,22.0,0,,0.6051282051281005,0.2777861942434685
2019,Brazilian_Grand_Prix,R,KVY,2.0,Toro Rosso,False,SOFT,Brazilian_Grand_Prix,19,22.0,0,,-5.265675163549274,0.42607913523907903
2019,Brazilian_Grand_Prix,R,KVY,3.0,Toro Rosso,False,SOFT,Brazilian_Grand_Prix,9,24.0,0,,1.2782025316018835,0.6142820290607329
2019,Brazilian_Grand_Prix,R,LEC,1.0,Ferrari,False,MEDIUM,Brazilian_Grand_Prix,26,31.0,0,,inf,0.6790585562441611
2019,Brazilian_Grand_Prix,R,LEC,2.0,Ferrari,False,HARD,Brazilian_Grand_Prix,21,23.0,0,,-1.5647077293420186,0.5427138265118208
2019,Brazilian_Grand_Prix,R,LEC,3.0,Ferrari,False,SOFT,Brazilian_Grand_Prix,5,11.0,0,,,
2019,Brazilian_Grand_Prix,R,MAG,1.0,Haas F1 Team,False,SOFT,Brazilian_Grand_Prix,22,25.0,1,25.0,inf,0.42423049914945976
2019,Brazilian_Grand_Prix,R,MAG,2.0,Haas F1 Team,False,MEDIUM,Brazilian_Grand_Prix,24,25.0,0,,inf,0.12857325721906013
2019,Brazilian_Grand_Prix,R,MAG,3.0,Haas F1 Team,False,SOFT,Brazilian_Grand_Prix,5,20.0,0,,,
2019,Brazilian_Grand_Prix,R,NOR,1.0,McLaren,False,SOFT,Brazilian_Grand_Prix,24,26.0,0,,20.100587084136475,0.3214884876798353
2019,Brazilian_Grand_Prix,R,NOR,2.0,McLaren,False,HARD,Brazilian_Grand_Prix,23,25.0,0,,1.6914029428760913,0.2905129002424697
2019,Brazilian_Grand_Prix,R,NOR,3.0,McLaren,False,MEDIUM,Brazilian_Grand_Prix,5,17.0,0,,,
2019,Brazilian_Grand_Prix,R,PER,1.0,Racing Point,False,SOFT,Brazilian_Grand_Prix,12,16.0,0,,-0.003813967266531752,0.7665993825734757
2019,Brazilian_Grand_Prix,R,PER,2.0,Racing Point,False,MEDIUM,Brazilian_Grand_Prix,25,27.0,0,,0.16257352941177325,0.5144499825994417
2019,Brazilian_Grand_Prix,R,PER,3.0,Racing Point,False,SOFT,Brazilian_Grand_Prix,12,28.0,0,,3.3144855613736537,0.7374131761865637
2019,Brazilian_Grand_Prix,R,RAI,1.0,Alfa Romeo Racing,False,SOFT,Brazilian_Grand_Prix,19,8.0,1,8.0,inf,0.23962784802045675
2019,Brazilian_Grand_Prix,R,RAI,2.0,Alfa Romeo Racing,False,MEDIUM,Brazilian_Grand_Prix,22,25.0,0,,5.027724023013705,0.23149631159617995
2019,Brazilian_Grand_Prix,R,RAI,3.0,Alfa Romeo Racing,False,SOFT,Brazilian_Grand_Prix,9,26.0,0,,18.946596186148064,0.7866662968381755
2019,Brazilian_Grand_Prix,R,RIC,1.0,Renault,False,MEDIUM,Brazilian_Grand_Prix,4,7.0,0,,,
2019,Brazilian_Grand_Prix,R,RIC,2.0,Renault,False,SOFT,Brazilian_Grand_Prix,29,31.0,0,,-0.13188159535597643,0.6578433677599089
2019,Brazilian_Grand_Prix,R,RIC,3.0,Renault,False,SOFT,Brazilian_Grand_Prix,17,33.0,0,,1.9945885566411243,0.5788521752160866
2019,Brazilian_Grand_Prix,R,RUS,1.0,Williams,False,MEDIUM,Brazilian_Grand_Prix,20,22.0,0,,-16.140252138673613,0.29054881714254677
2019,Brazilian_Grand_Prix,R,RUS,2.0,Williams,False,MEDIUM,Brazilian_Grand_Prix,24,28.0,0,,-12.29586120904708,0.09673352880155421
2019,Brazilian_Grand_Prix,R,RUS,3.0,Williams,False,SOFT,Brazilian_Grand_Prix,4,11.0,0,,,
2019,Brazilian_Grand_Prix,R,SAI,1.0,McLaren,False,SOFT,Brazilian_Grand_Prix,23,28.0,0,,0.040440386680990134,0.30954287049418927
2019,Brazilian_Grand_Prix,R,SAI,2.0,McLaren,False,MEDIUM,Brazilian_Grand_Prix,28,41.0,0,,11.248796426097883,0.31890007133528736
2019,Brazilian_Grand_Prix,R,STR,1.0,Racing Point,False,SOFT,Brazilian_Grand_Prix,25,27.0,0,,-31.370801143838044,0.25239529208251027
2019,Brazilian_Grand_Prix,R,STR,2.0,Racing Point,False,MEDIUM,Brazilian_Grand_Prix,21,24.0,0,,inf,0.30475636062679107
2019,Brazilian_Grand_Prix,R,STR,3.0,Racing Point,False,SOFT,Brazilian_Grand_Prix,2,12.0,0,,,
2019,Brazilian_Grand_Prix,R,VER,1.0,Red Bull Racing,True,SOFT,Brazilian_Grand_Prix,19,23.0,0,,0.6185081120275785,0.5000513529717291
2019,Brazilian_Grand_Prix,R,VER,2.0,Red Bull Racing,True,SOFT,Brazilian_Grand_Prix,20,22.0,0,,0.16828212002475665,0.6114478020610046
2019,Brazilian_Grand_Prix,R,VER,3.0,Red Bull Racing,True,MEDIUM,Brazilian_Grand_Prix,8,9.0,0,,0.2520661157024725,0.1658326122489721
2019,Brazilian_Grand_Prix,R,VER,4.0,Red Bull Racing,True,SOFT,Brazilian_Grand_Prix,7,19.0,0,,inf,0.2757921099705738
2019,Brazilian_Grand_Prix,R,VET,1.0,Ferrari,False,SOFT,Brazilian_Grand_Prix,23,27.0,0,,9.796449300101797,0.3727999453195614
2019,Brazilian_Grand_Prix,R,VET,2.0,Ferrari,False,MEDIUM,Brazilian_Grand_Prix,21,23.0,0,,2.6772182840382377,0.38295512233671214
2019,Brazilian_Grand_Prix,R,VET,3.0,Ferrari,False,SOFT,Brazilian_Grand_Prix,8,18.0,0,,0.057173219978734,0.597198496804374
2019,British_Grand_Prix,R,ALB,1.0,Toro Rosso,False,SOFT,British_Grand_Prix,11,17.0,0,,inf,0.519434233783005
2019,British_Grand_Prix,R,ALB,2.0,Toro Rosso,False,MEDIUM,British_Grand_Prix,31,38.0,0,,-0.06442001209394191,0.6371212681466999
2019,British_Grand_Prix,R,BOT,1.0,Mercedes,False,MEDIUM,British_Grand_Prix,14,20.0,0,,inf,0.3326955186544534
2019,British_Grand_Prix,R,BOT,2.0,Mercedes,False,MEDIUM,British_Grand_Prix,21,28.0,0,,inf,0.3598290482344422
2019,British_Grand_Prix,R,BOT,3.0,Mercedes,False,SOFT,British_Grand_Prix,4,8.0,0,,,
2019,British_Grand_Prix,R,GAS,1.0,Red Bull Racing,True,MEDIUM,British_Grand_Prix,10,16.0,0,,inf,0.6015909368727347
2019,British_Grand_Prix,R,GAS,2.0,Red Bull Racing,True,HARD,British_Grand_Prix,29,39.0,0,,inf,0.4109590963947087
2019,British_Grand_Prix,R,GIO,1.0,Alfa Romeo Racing,False,MEDIUM,British_Grand_Prix,14,18.0,0,,inf,0.2908284240472325
2019,British_Grand_Prix,R,GRO,2.0,Haas F1 Team,False,HARD,British_Grand_Prix,5,7.0,0,,,
2019,British_Grand_Prix,R,HAM,1.0,Mercedes,False,MEDIUM,British_Grand_Prix,18,23.0,0,,inf,0.5587613182469681
2019,British_Grand_Prix,R,HAM,2.0,Mercedes,False,HARD,British_Grand_Prix,27,31.0,0,,inf,0.47429086249604746
2019,British_Grand_Prix,R,HUL,1.0,Renault,False,SOFT,British_Grand_Prix,11,15.0,0,,inf,0.3560236654258705
2019,British_Grand_Prix,R,HUL,2.0,Renault,False,HARD,British_Grand_Prix,27,39.0,0,,inf,0.44225534553444334
2019,British_Grand_Prix,R,KUB,1.0,Williams,False,MEDIUM,British_Grand_Prix,16,19.0,0,,inf,0.5925097999189195
2019,British_Grand_Prix,R,KUB,2.0,Williams,False,HARD,British_Grand_Prix,24,30.0,0,,inf,0.3012627665831752
2019,British_Grand_Prix,R,KVY,1.0,Toro Rosso,False,SOFT,British_Grand_Prix,7,11.0,0,,inf,0.02814661090111035
2019,British_Grand_Prix,R,KVY,2.0,Toro Rosso,False,MEDIUM,British_Grand_Prix,6,7.0,0,,,
2019,British_Grand_Prix,R,KVY,3.0,Toro Rosso,False,HARD,British_Grand_Prix,24,30.0,0,,inf,0.21074341577890213
2019,British_Grand_Prix,R,LEC,1.0,Ferrari,False,SOFT,British_Grand_Prix,11,12.0,1,12.0,inf,0.5604765817081786
2019,British_Grand_Prix,R,LEC,2.0,Ferrari,False,MEDIUM,British_Grand_Prix,5,9.0,0,,,
2019,British_Grand_Prix,R,LEC,3.0,Ferrari,False,HARD,British_Grand_Prix,26,30.0,0,,inf,0.40266886915854383
2019,British_Grand_Prix,R,NOR,1.0,McLaren,False,SOFT,British_Grand_Prix,11,15.0,0,,inf,0.3491645215627652
2019,British_Grand_Prix,R,NOR,2.0,McLaren,False,MEDIUM,British_Grand_Prix,14,21.0,0,,-0.2967870747674035,0.8460665084386854
2019,British_Grand_Prix,R,NOR,3.0,McLaren,False,HARD,British_Grand_Prix,13,16.0,0,,inf,0.3111831350671531
2019,British_Grand_Prix,R,PER,1.0,Racing Point,False,MEDIUM,British_Grand_Prix,13,17.0,0,,inf,0.41542455861506694
2019,British_Grand_Prix,R,PER,3.0,Racing Point,False,SOFT,British_Grand_Prix,16,21.0,0,,inf,0.6372355665048347
2019,British_Grand_Prix,R,RAI,1.0,Alfa Romeo Racing,False,MEDIUM,British_Grand_Prix,12,16.0,0,,inf,0.48443357534638515
2019,British_Grand_Prix,R,RAI,2.0,Alfa Romeo Racing,False,HARD,British_Grand_Prix,26,34.0,0,,inf,0.3273052374685878
2019,British_Grand_Prix,R,RIC,1.0,Renault,False,SOFT,British_Grand_Prix,10,14.0,0,,inf,0.3930479680246517
2019,British_Grand_Prix,R,RIC,2.0,Renault,False,MEDIUM,British_Grand_Prix,6,7.0,0,,,
2019,British_Grand_Prix,R,RIC,3.0,Renault,False,HARD,British_Grand_Prix,25,31.0,0,,-2.9284356725140968,0.33859055168772895
2019,British_Grand_Prix,R,RUS,1.0,Williams,False,MEDIUM,British_Grand_Prix,16,19.0,0,,inf,0.14755438524544504
2019,British_Grand_Prix,R,RUS,2.0,Williams,False,HARD,British_Grand_Prix,23,29.0,0,,inf,0.34114971665125404
2019,British_Grand_Prix,R,SAI,1.0,McLaren,False,MEDIUM,British_Grand_Prix,15,19.0,0,,-4.21460969205069,0.5128040497710888
2019,British_Grand_Prix,R,SAI,2.0,McLaren,False,HARD,British_Grand_Prix,26,31.0,0,,inf,0.37085529677792844
2019,British_Grand_Prix,R,STR,1.0,Racing Point,False,MEDIUM,British_Grand_Prix,9,12.0,0,,-3.0542168674706787,0.31540156801658886
2019,British_Grand_Prix,R,STR,2.0,Racing Point,False,HARD,British_Grand_Prix,16,25.0,0,,-0.40645955051112875,0.6588274520173574
2019,British_Grand_Prix,R,STR,3.0,Racing Point,False,SOFT,British_Grand_Prix,10,12.0,0,,inf,0.6998750630121587
2019,British_Grand_Prix,R,VER,1.0,Red Bull Racing,True,MEDIUM,British_Grand_Prix,11,17.0,0,,inf,0.3460715436725347
2019,British_Grand_Prix,R,VER,2.0,Red Bull Racing,True,MEDIUM,British_Grand_Prix,5,6.0,0,,,
2019,British_Grand_Prix,R,VER,3.0,Red Bull Racing,True,HARD,British_Grand_Prix,26,31.0,0,,inf,0.3138015354291785
2019,British_Grand_Prix,R,VET,1.0,Ferrari,False,SOFT,British_Grand_Prix,18,22.0,0,,inf,0.45556396331198845
2019,British_Grand_Prix,R,VET,2.0,Ferrari,False,HARD,British_Grand_Prix,12,16.0,0,,inf,0.3487818823443683
2019,British_Grand_Prix,R,VET,3.0,Ferrari,False,MEDIUM,British_Grand_Prix,8,12.0,0,,inf,0.29014362591251475
2019,Canadian_Grand_Prix,R,ALB,2.0,Toro Rosso,False,HARD,Canadian_Grand_Prix,47,58.0,0,,25.633934913159354,0.23981625263630663
2019,Canadian_Grand_Prix,R,BOT,1.0,Mercedes,False,MEDIUM,Canadian_Grand_Prix,27,32.0,0,,inf,0.4494469392864929
2019,Canadian_Grand_Prix,R,BOT,2.0,Mercedes,False,HARD,Canadian_Grand_Prix,28,36.0,0,,inf,0.5206949328652215
2019,Canadian_Grand_Prix,R,GAS,1.0,Red Bull Racing,True,SOFT,Canadian_Grand_Prix,5,9.0,0,,,
2019,Canadian_Grand_Prix,R,GAS,2.0,Red Bull Racing,True,HARD,Canadian_Grand_Prix,51,51.0,1,51.0,inf,0.4891959614716224
2019,Canadian_Grand_Prix,R,GIO,1.0,Alfa Romeo Racing,False,HARD,Canadian_Grand_Prix,21,32.0,0,,inf,0.6401395468357461
2019,Canadian_Grand_Prix,R,GIO,2.0,Alfa Romeo Racing,False,MEDIUM,Canadian_Grand_Prix,31,35.0,0,,-0.27857506754148836,0.4283112170804427
2019,Canadian_Grand_Prix,R,GRO,1.0,Haas F1 Team,False,MEDIUM,Canadian_Grand_Prix,29,33.0,0,,inf,0.4607298956336631
2019,Canadian_Grand_Prix,R,GRO,2.0,Haas F1 Team,False,HARD,Canadian_Grand_Prix,27,34.0,0,,15.561911148806537,0.30173602777696595
2019,Canadian_Grand_Prix,R,HAM,1.0,Mercedes,False,MEDIUM,Canadian_Grand_Prix,26,30.0,0,,inf,0.43039387897375864
2019,Canadian_Grand_Prix,R,HAM,2.0,Mercedes,False,HARD,Canadian_Grand_Prix,36,41.0,0,,inf,0.24428598711210395
2019,Canadian_Grand_Prix,R,HUL,1.0,Renault,False,SOFT,Canadian_Grand_Prix,13,18.0,0,,-0.2532592950265565,0.6216984217754964
2019,Canadian_Grand_Prix,R,HUL,2.0,Renault,False,HARD,Canadian_Grand_Prix,45,52.0,0,,inf,0.3564104414224091
2019,Canadian_Grand_Prix,R,KUB,1.0,Williams,False,MEDIUM,Canadian_Grand_Prix,3,7.0,0,,,
2019,Canadian_Grand_Prix,R,KUB,2.0,Williams,False,HARD,Canadian_Grand_Prix,20,28.0,0,,inf,0.3458446462488299
2019,Canadian_Grand_Prix,R,KUB,3.0,Williams,False,HARD,Canadian_Grand_Prix,20,28.0,0,,-1.296001329867529,0.37438804283929894
2019,Canadian_Grand_Prix,R,KVY,1.0,Toro Rosso,False,MEDIUM,Canadian_Grand_Prix,9,11.0,0,,inf,0.6899772899239782
2019,Canadian_Grand_Prix,R,KVY,2.0,Toro Rosso,False,HARD,Canadian_Grand_Prix,48,56.0,0,,inf,0.2621909943678444
2019,Canadian_Grand_Prix,R,LEC,1.0,Ferrari,False,MEDIUM,Canadian_Grand_Prix,31,37.0,0,,inf,0.31338422622916134
2019,Canadian_Grand_Prix,R,LEC,2.0,Ferrari,False,HARD,Canadian_Grand_Prix,29,36.0,0,,inf,0.14154731813957713
2019,Canadian_Grand_Prix,R,MAG,1.0,Haas F1 Team,False,HARD,Canadian_Grand_Prix,25,38.0,0,,-0.8197557782131097,0.26858548268311483
2019,Canadian_Grand_Prix,R,MAG,2.0,Haas F1 Team,False,MEDIUM,Canadian_Grand_Prix,26,28.0,0,,-0.08658630404241803,0.4169671121732274
2019,Canadian_Grand_Prix,R,NOR,1.0,McLaren,False,SOFT,Canadian_Grand_Prix,6,10.0,0,,,
2019,Canadian_Grand_Prix,R,PER,1.0,Racing Point,False,MEDIUM,Canadian_Grand_Prix,8,7.0,1,7.0,inf,0.8929344552426187
2019,Canadian_Grand_Prix,R,PER,2.0,Racing Point,False,HARD,Canadian_Grand_Prix,49,57.0,0,,inf,0.1538553780785127
2019,Canadian_Grand_Prix,R,RAI,2.0,Alfa Romeo Racing,False,HARD,Canadian_Grand_Prix,43,51.0,0,,2.4165571221810005,0.2138669851747434
2019,Canadian_Grand_Prix,R,RAI,3.0,Alfa Romeo Racing,False,SOFT,Canadian_Grand_Prix,9,10.0,0,,-0.02567629527737824,0.533272523616857
2019,Canadian_Grand_Prix,R,RIC,1.0,Renault,False,SOFT,Canadian_Grand_Prix,6,10.0,0,,,
2019,Canadian_Grand_Prix,R,RIC,2.0,Renault,False,HARD,Canadian_Grand_Prix,55,60.0,0,,inf,0.46293988012274595
2019,Canadian_Grand_Prix,R,RUS,1.0,Williams,False,MEDIUM,Canadian_Grand_Prix,7,8.0,0,,5.067924528298073,0.044266964946731185
2019,Canadian_Grand_Prix,R,RUS,2.0,Williams,False,HARD,Canadian_Grand_Prix,46,58.0,0,,inf,0.18518113882787504
2019,Canadian_Grand_Prix,R,SAI,2.0,McLaren,False,HARD,Canadian_Grand_Prix,54,64.0,0,,8.060700781600444,0.22568666920631253
2019,Canadian_Grand_Prix,R,STR,1.0,Racing Point,False,HARD,Canadian_Grand_Prix,32,44.0,0,,inf,0.6707487737040064
2019,Canadian_Grand_Prix,R,STR,2.0,Racing Point,False,MEDIUM,Canadian_Grand_Prix,21,23.0,0,,0.41407720314035706,0.482212246603668
2019,Canadian_Grand_Prix,R,VER,1.0,Red Bull Racing,True,HARD,Canadian_Grand_Prix,39,47.0,0,,inf,0.2587383730285507
2019,Canadian_Grand_Prix,R,VER,2.0,Red Bull Racing,True,MEDIUM,Canadian_Grand_Prix,20,26.0,0,,64.60222561641785,0.6070470713140291
2019,Canadian_Grand_Prix,R,VET,1.0,Ferrari,False,MEDIUM,Canadian_Grand_Prix,24,30.0,0,,inf,0.274026458790271
2019,Canadian_Grand_Prix,R,VET,2.0,Ferrari,False,HARD,Canadian_Grand_Prix,38,43.0,0,,inf,0.13310750555783218
2019,Chinese_Grand_Prix,R,ALB,1.0,Toro Rosso,False,SOFT,Chinese_Grand_Prix,16,18.0,0,,0.5320144116322665,0.49191924274284615
2019,Chinese_Grand_Prix,R,ALB,2.0,Toro Rosso,False,HARD,Chinese_Grand_Prix,34,35.0,0,,0.03131083053387023,0.25215496940988
2019,Chinese_Grand_Prix,R,BOT,1.0,Mercedes,False,MEDIUM,Chinese_Grand_Prix,18,15.0,1,15.0,inf,0.37928310508852847
2019,Chinese_Grand_Prix,R,BOT,2.0,Mercedes,False,HARD,Chinese_Grand_Prix,13,14.0,0,,1.1759999999995454,0.5818809016722889
2019,Chinese_Grand_Prix,R,BOT,3.0,Mercedes,False,MEDIUM,Chinese_Grand_Prix,14,19.0,0,,0.299896247003688,0.31996390513212775
2019,Chinese_Grand_Prix,R,GAS,1.0,Red Bull Racing,True,SOFT,Chinese_Grand_Prix,16,21.0,0,,13.330276981855326,0.3100635402488627
2019,Chinese_Grand_Prix,R,GAS,2.0,Red Bull Racing,True,HARD,Chinese_Grand_Prix,17,19.0,0,,-206.07878787858576,0.5350934863844957
2019,Chinese_Grand_Prix,R,GAS,3.0,Red Bull Racing,True,MEDIUM,Chinese_Grand_Prix,12,13.0,0,,0.7965257339746109,0.4398928720963775
2019,Chinese_Grand_Prix,R,GIO,2.0,Alfa Romeo Racing,False,MEDIUM,Chinese_Grand_Prix,21,22.0,0,,-1.798806047293015,0.542634033107672
2019,Chinese_Grand_Prix,R,GIO,3.0,Alfa Romeo Racing,False,MEDIUM,Chinese_Grand_Prix,22,24.0,0,,1.448484219699973,0.3622892330418714
2019,Chinese_Grand_Prix,R,GRO,1.0,Haas F1 Team,False,SOFT,Chinese_Grand_Prix,5,10.0,0,,,
2019,Chinese_Grand_Prix,R,GRO,2.0,Haas F1 Team,False,HARD,Chinese_Grand_Prix,23,26.0,0,,0.02496255995772723,0.25774780659984164
2019,Chinese_Grand_Prix,R,GRO,3.0,Haas F1 Team,False,MEDIUM,Chinese_Grand_Prix,17,19.0,0,,1.735809055242822,0.38607533652288134
2019,Chinese_Grand_Prix,R,HAM,1.0,Mercedes,False,MEDIUM,Chinese_Grand_Prix,19,24.0,0,,1.4064433859653775,0.47738931291444847
2019,Chinese_Grand_Prix,R,HAM,2.0,Mercedes,False,HARD,Chinese_Grand_Prix,12,13.0,0,,-0.7927489177488645,0.15113433409109442
2019,Chinese_Grand_Prix,R,HAM,3.0,Mercedes,False,MEDIUM,Chinese_Grand_Prix,18,22.0,0,,-7.825912232759126,0.6432327622894334
2019,Chinese_Grand_Prix,R,HUL,1.0,Renault,False,SOFT,Chinese_Grand_Prix,8,13.0,0,,inf,0.6161074138111049
2019,Chinese_Grand_Prix,R,KUB,1.0,Williams,False,MEDIUM,Chinese_Grand_Prix,22,25.0,0,,inf,0.2821460862827495
2019,Chinese_Grand_Prix,R,KUB,2.0,Williams,False,HARD,Chinese_Grand_Prix,24,27.0,0,,9.030238190276485,0.1330832058113659
2019,Chinese_Grand_Prix,R,KVY,2.0,Toro Rosso,False,MEDIUM,Chinese_Grand_Prix,16,24.0,0,,-4.485673454804586,0.49831260805501404
2019,Chinese_Grand_Prix,R,KVY,4.0,Toro Rosso,False,SOFT,Chinese_Grand_Prix,9,10.0,0,,0.1259079903147698,0.7854177344388011
2019,Chinese_Grand_Prix,R,LEC,1.0,Ferrari,False,MEDIUM,Chinese_Grand_Prix,19,24.0,0,,0.6368863169685111,0.33331744974203864
2019,Chinese_Grand_Prix,R,LEC,2.0,Ferrari,False,HARD,Chinese_Grand_Prix,18,9.0,1,9.0,inf,0.28663983256821873
2019,Chinese_Grand_Prix,R,LEC,3.0,Ferrari,False,MEDIUM,Chinese_Grand_Prix,11,13.0,0,,0.15868040005971157,0.5652798807000655
2019,Chinese_Grand_Prix,R,MAG,1.0,Haas F1 Team,False,SOFT,Chinese_Grand_Prix,6,11.0,0,,,
2019,Chinese_Grand_Prix,R,MAG,2.0,Haas F1 Team,False,HARD,Chinese_Grand_Prix,20,23.0,0,,1.884544948297853,0.582515860525869
2019,Chinese_Grand_Prix,R,MAG,3.0,Haas F1 Team,False,MEDIUM,Chinese_Grand_Prix,19,21.0,0,,0.08691004881287676,0.6618832278933301
2019,Chinese_Grand_Prix,R,NOR,2.0,McLaren,False,HARD,Chinese_Grand_Prix,14,15.0,0,,3.4801770782093815,0.4299550685206102
2019,Chinese_Grand_Prix,R,NOR,3.0,McLaren,False,MEDIUM,Chinese_Grand_Prix,15,17.0,0,,0.4295220452992874,0.2709593851241858
2019,Chinese_Grand_Prix,R,NOR,4.0,McLaren,False,SOFT,Chinese_Grand_Prix,13,15.0,0,,0.8180662530270795,0.2766324214700165
2019,Chinese_Grand_Prix,R,PER,1.0,Racing Point,False,MEDIUM,Chinese_Grand_Prix,17,19.0,0,,inf,0.4771459210089812
2019,Chinese_Grand_Prix,R,PER,2.0,Racing Point,False,HARD,Chinese_Grand_Prix,29,34.0,0,,inf,0.40850352732955764
2019,Chinese_Grand_Prix,R,RAI,1.0,Alfa Romeo Racing,False,MEDIUM,Chinese_Grand_Prix,21,18.0,1,18.0,19.303110929201665,0.29752574102834145
2019,Chinese_Grand_Prix,R,RAI,2.0,Alfa Romeo Racing,False,HARD,Chinese_Grand_Prix,28,29.0,0,,-2.2405760271068367,0.641501072568873
2019,Chinese_Grand_Prix,R,RIC,1.0,Renault,False,SOFT,Chinese_Grand_Prix,15,20.0,0,,inf,0.5819095279053464
2019,Chinese_Grand_Prix,R,RIC,2.0,Renault,False,HARD,Chinese_Grand_Prix,29,36.0,0,,inf,0.4567727090578024
2019,Chinese_Grand_Prix,R,RUS,1.0,Williams,False,MEDIUM,Chinese_Grand_Prix,17,21.0,0,,-14.829308252424482,0.607949798067747
2019,Chinese_Grand_Prix,R,RUS,2.0,Williams,False,HARD,Chinese_Grand_Prix,19,26.0,0,,0.9303039009036531,0.25180416598823824
2019,Chinese_Grand_Prix,R,SAI,2.0,McLaren,False,HARD,Chinese_Grand_Prix,33,34.0,0,,-50122.54545696098,0.48872344924116595
2019,Chinese_Grand_Prix,R,SAI,3.0,McLaren,False,SOFT,Chinese_Grand_Prix,16,18.0,0,,0.29708049387683594,0.3251233402694809
2019,Chinese_Grand_Prix,R,STR,1.0,Racing Point,False,MEDIUM,Chinese_Grand_Prix,15,19.0,0,,inf,0.5882868833688549
2019,Chinese_Grand_Prix,R,STR,2.0,Racing Point,False,HARD,Chinese_Grand_Prix,21,23.0,0,,15.959016393454773,0.4143455930558316
2019,Chinese_Grand_Prix,R,STR,3.0,Racing Point,False,SOFT,Chinese_Grand_Prix,8,10.0,0,,0.03961713366563365,0.8182367191621808
2019,Chinese_Grand_Prix,R,VER,1.0,Red Bull Racing,True,MEDIUM,Chinese_Grand_Prix,14,19.0,0,,-7.661538461538346,0.48687596013942097
2019,Chinese_Grand_Prix,R,VER,2.0,Red Bull Racing,True,HARD,Chinese_Grand_Prix,15,16.0,0,,0.7326162316476152,0.5277247154303277
2019,Chinese_Grand_Prix,R,VER,3.0,Red Bull Racing,True,MEDIUM,Chinese_Grand_Prix,20,21.0,0,,inf,0.6785420104360927
2019,Chinese_Grand_Prix,R,VET,1.0,Ferrari,False,MEDIUM,Chinese_Grand_Prix,15,20.0,0,,1.0145772594754,0.5130406953834304
2019,Chinese_Grand_Prix,R,VET,2.0,Ferrari,False,HARD,Chinese_Grand_Prix,15,16.0,0,,0.18757435558485164,0.6544945549323294
2019,Chinese_Grand_Prix,R,VET,3.0,Ferrari,False,MEDIUM,Chinese_Grand_Prix,16,20.0,0,,0.16062210541576383,0.5553777795966892
2019,French_Grand_Prix,R,ALB,1.0,Toro Rosso,False,MEDIUM,French_Grand_Prix,17,24.0,0,,inf,0.5153101875544859
2019,French_Grand_Prix,R,ALB,2.0,Toro Rosso,False,HARD,French_Grand_Prix,19,26.0,0,,inf,0.35797357895781917
2019,French_Grand_Prix,R,BOT,1.0,Mercedes,False,MEDIUM,French_Grand_Prix,20,21.0,1,21.0,inf,0.7346375601777808
2019,French_Grand_Prix,R,BOT,2.0,Mercedes,False,HARD,French_Grand_Prix,25,29.0,0,,inf,0.5542428919377321
2019,French_Grand_Prix,R,GAS,1.0,Red Bull Racing,True,SOFT,French_Grand_Prix,14,19.0,0,,-0.5880562951692637,0.5750478303985487
2019,French_Grand_Prix,R,GAS,2.0,Red Bull Racing,True,HARD,French_Grand_Prix,27,34.0,0,,-2.3542515133785216,0.325533122651718
2019,French_Grand_Prix,R,GIO,1.0,Alfa Romeo Racing,False,SOFT,French_Grand_Prix,5,9.0,0,,,
2019,French_Grand_Prix,R,GIO,2.0,Alfa Romeo Racing,False,HARD,French_Grand_Prix,22,26.0,0,,inf,0.25209335965005675
2019,French_Grand_Prix,R,GIO,3.0,Alfa Romeo Racing,False,MEDIUM,French_Grand_Prix,14,17.0,0,,inf,0.49180510079436757
2019,French_Grand_Prix,R,GRO,1.0,Haas F1 Team,False,HARD,French_Grand_Prix,23,30.0,0,,inf,0.6162476269510215
2019,French_Grand_Prix,R,GRO,2.0,Haas F1 Team,False,MEDIUM,French_Grand_Prix,9,13.0,0,,inf,0.054351390520112966
2019,French_Grand_Prix,R,HAM,1.0,Mercedes,False,MEDIUM,French_Grand_Prix,20,27.0,0,,inf,0.34969138976185304
2019,French_Grand_Prix,R,HAM,2.0,Mercedes,False,HARD,French_Grand_Prix,24,28.0,0,,0.39863594729503277,0.2097662949286356
2019,French_Grand_Prix,R,HUL,1.0,Renault,False,HARD,French_Grand_Prix,25,33.0,0,,inf,0.17116880904327655
2019,French_Grand_Prix,R,HUL,2.0,Renault,False,MEDIUM,French_Grand_Prix,14,21.0,0,,inf,0.24161206418295048
2019,French_Grand_Prix,R,KUB,1.0,Williams,False,MEDIUM,French_Grand_Prix,18,23.0,0,,inf,0.40662507139418474
2019,French_Grand_Prix,R,KUB,2.0,Williams,False,HARD,French_Grand_Prix,19,26.0,0,,inf,0.8281887184689731
2019,French_Grand_Prix,R,KVY,1.0,Toro Rosso,False,HARD,French_Grand_Prix,26,31.0,0,,inf,0.36426213539669106
2019,French_Grand_Prix,R,KVY,2.0,Toro Rosso,False,MEDIUM,French_Grand_Prix,15,19.0,0,,inf,0.1944736183438091
2019,French_Grand_Prix,R,LEC,1.0,Ferrari,False,MEDIUM,French_Grand_Prix,17,23.0,0,,inf,0.6670512309741364
2019,French_Grand_Prix,R,LEC,2.0,Ferrari,False,HARD,French_Grand_Prix,26,31.0,0,,-0.7974553333454689,0.1436143708500209
2019,French_Grand_Prix,R,MAG,1.0,Haas F1 Team,False,MEDIUM,French_Grand_Prix,13,12.0,1,12.0,inf,0.7884541048989936
2019,French_Grand_Prix,R,MAG,2.0,Haas F1 Team,False,HARD,French_Grand_Prix,27,35.0,0,,inf,0.247358926882815
2019,French_Grand_Prix,R,NOR,1.0,McLaren,False,MEDIUM,French_Grand_Prix,14,22.0,0,,inf,0.55806969365482
2019,French_Grand_Prix,R,NOR,2.0,McLaren,False,HARD,French_Grand_Prix,26,33.0,0,,inf,0.4242141884645829
2019,French_Grand_Prix,R,PER,1.0,Racing Point,False,MEDIUM,French_Grand_Prix,10,17.0,0,,inf,0.8694147436141205
2019,French_Grand_Prix,R,PER,2.0,Racing Point,False,HARD,French_Grand_Prix,27,33.0,0,,8.771278163244602,0.46939963295523457
2019,French_Grand_Prix,R,RAI,1.0,Alfa Romeo Racing,False,HARD,French_Grand_Prix,24,30.0,0,,inf,0.5179297126101762
2019,French_Grand_Prix,R,RAI,2.0,Alfa Romeo Racing,False,MEDIUM,French_Grand_Prix,15,21.0,0,,inf,0.30838275090261935
2019,French_Grand_Prix,R,RIC,1.0,Renault,False,MEDIUM,French_Grand_Prix,13,19.0,0,,-0.4561332886055944,0.7346883763279596
2019,French_Grand_Prix,R,RIC,2.0,Renault,False,HARD,French_Grand_Prix,27,35.0,0,,inf,0.2544726704869394
2019,French_Grand_Prix,R,RUS,1.0,Williams,False,MEDIUM,French_Grand_Prix,18,24.0,0,,inf,0.1780211521926672
2019,French_Grand_Prix,R,RUS,2.0,Williams,False,HARD,French_Grand_Prix,4,7.0,0,,,
2019,French_Grand_Prix,R,RUS,3.0,Williams,False,MEDIUM,French_Grand_Prix,9,17.0,0,,-5.014446505874878,0.49975630748108407
2019,French_Grand_Prix,R,SAI,1.0,McLaren,False,MEDIUM,French_Grand_Prix,16,23.0,0,,-0.5854605164950026,0.5281958390756203
2019,French_Grand_Prix,R,SAI,2.0,McLaren,False,HARD,French_Grand_Prix,23,33.0,0,,inf,0.3455216992913424
2019,French_Grand_Prix,R,STR,1.0,Racing Point,False,HARD,French_Grand_Prix,30,38.0,0,,inf,0.8171117655581277
2019,French_Grand_Prix,R,STR,2.0,Racing Point,False,MEDIUM,French_Grand_Prix,9,12.0,0,,inf,0.8775618073649144
2019,French_Grand_Prix,R,VER,1.0,Red Bull Racing,True,MEDIUM,French_Grand_Prix,18,24.0,0,,inf,0.7746211965513826
2019,French_Grand_Prix,R,VER,2.0,Red Bull Racing,True,HARD,French_Grand_Prix,27,24.0,1,24.0,inf,0.8116875056093461
2019,French_Grand_Prix,R,VET,1.0,Ferrari,False,MEDIUM,French_Grand_Prix,20,27.0,0,,inf,0.8127667226380347
2019,French_Grand_Prix,R,VET,2.0,Ferrari,False,HARD,French_Grand_Prix,21,24.0,0,,inf,0.4255906411068838
2019,German_Grand_Prix,R,ALB,2.0,Toro Rosso,False,INTERMEDIATE,German_Grand_Prix,18,24.0,0,,inf,0.41282701876244055
2019,German_Grand_Prix,R,ALB,4.0,Toro Rosso,False,INTERMEDIATE,German_Grand_Prix,7,12.0,0,,inf,0.5269334803602949
2019,German_Grand_Prix,R,ALB,5.0,Toro Rosso,False,SOFT,German_Grand_Prix,11,17.0,0,,inf,0.5501388613276246
2019,German_Grand_Prix,R,BOT,2.0,Mercedes,False,INTERMEDIATE,German_Grand_Prix,18,8.0,1,8.0,inf,0.49188052277709104
2019,German_Grand_Prix,R,BOT,4.0,Mercedes,False,INTERMEDIATE,German_Grand_Prix,6,10.0,0,,,
2019,German_Grand_Prix,R,BOT,5.0,Mercedes,False,SOFT,German_Grand_Prix,8,12.0,0,,-1.069603524229193,0.38091593954065495
2019,German_Grand_Prix,R,GAS,2.0,Red Bull Racing,True,INTERMEDIATE,German_Grand_Prix,16,22.0,0,,inf,0.8995905582397624
2019,German_Grand_Prix,R,GAS,4.0,Red Bull Racing,True,INTERMEDIATE,German_Grand_Prix,6,12.0,0,,,
2019,German_Grand_Prix,R,GAS,5.0,Red Bull Racing,True,SOFT,German_Grand_Prix,8,18.0,0,,0.6503658754239038,0.3911855958009522
2019,German_Grand_Prix,R,GIO,2.0,Alfa Romeo Racing,False,INTERMEDIATE,German_Grand_Prix,18,22.0,0,,inf,0.5921375430194555
2019,German_Grand_Prix,R,GIO,4.0,Alfa Romeo Racing,False,INTERMEDIATE,German_Grand_Prix,7,18.0,0,,inf,0.17344661760726263
2019,German_Grand_Prix,R,GIO,5.0,Alfa Romeo Racing,False,SOFT,German_Grand_Prix,11,16.0,0,,-5.273786407767153,0.6234002597349583
2019,German_Grand_Prix,R,GRO,2.0,Haas F1 Team,False,INTERMEDIATE,German_Grand_Prix,17,22.0,0,,25.54191657673709,0.4891950526561975
2019,German_Grand_Prix,R,GRO,4.0,Haas F1 Team,False,INTERMEDIATE,German_Grand_Prix,6,12.0,0,,,
2019,German_Grand_Prix,R,GRO,6.0,Haas F1 Team,False,SOFT,German_Grand_Prix,13,23.0,0,,inf,0.31934762044109816
2019,German_Grand_Prix,R,HAM,2.0,Mercedes,False,INTERMEDIATE,German_Grand_Prix,20,24.0,0,,inf,0.7080005778006281
2019,German_Grand_Prix,R,HAM,4.0,Mercedes,False,INTERMEDIATE,German_Grand_Prix,7,17.0,0,,inf,0.46187833826481556
2019,German_Grand_Prix,R,HUL,2.0,Renault,False,INTERMEDIATE,German_Grand_Prix,8,11.0,0,,inf,0.8814365288179291
2019,German_Grand_Prix,R,HUL,3.0,Renault,False,INTERMEDIATE,German_Grand_Prix,9,11.0,0,,-0.15025578150762367,0.6924988937128083
2019,German_Grand_Prix,R,HUL,4.0,Renault,False,INTERMEDIATE,German_Grand_Prix,6,10.0,0,,,
2019,German_Grand_Prix,R,KUB,2.0,Williams,False,INTERMEDIATE,German_Grand_Prix,12,15.0,0,,1.4595497175883307,0.48997552204953015
2019,German_Grand_Prix,R,KUB,4.0,Williams,False,INTERMEDIATE,German_Grand_Prix,6,8.0,0,,,
2019,German_Grand_Prix,R,KUB,5.0,Williams,False,SOFT,German_Grand_Prix,6,9.0,0,,,
2019,German_Grand_Prix,R,KVY,2.0,Toro Rosso,False,INTERMEDIATE,German_Grand_Prix,16,21.0,0,,inf,0.6888892847427177
2019,German_Grand_Prix,R,KVY,4.0,Toro Rosso,False,INTERMEDIATE,German_Grand_Prix,6,12.0,0,,,
2019,German_Grand_Prix,R,KVY,5.0,Toro Rosso,False,SOFT,German_Grand_Prix,10,18.0,0,,inf,0.5889381532502543
2019,German_Grand_Prix,R,LEC,2.0,Ferrari,False,INTERMEDIATE,German_Grand_Prix,8,11.0,0,,inf,0.6384839080874131
2019,German_Grand_Prix,R,LEC,3.0,Ferrari,False,INTERMEDIATE,German_Grand_Prix,9,11.0,0,,0.5656359393232281,0.44234374556334854
2019,German_Grand_Prix,R,MAG,2.0,Haas F1 Team,False,INTERMEDIATE,German_Grand_Prix,9,9.0,1,9.0,7.312196647486011,0.8966889195913696
2019,German_Grand_Prix,R,MAG,4.0,Haas F1 Team,False,INTERMEDIATE,German_Grand_Prix,6,11.0,0,,,
2019,German_Grand_Prix,R,MAG,6.0,Haas F1 Team,False,SOFT,German_Grand_Prix,9,14.0,0,,inf,0.552900213792676
2019,German_Grand_Prix,R,NOR,2.0,McLaren,False,INTERMEDIATE,German_Grand_Prix,15,18.0,0,,1.4231122498307736,0.9218053061891041
2019,German_Grand_Prix,R,RAI,2.0,Alfa Romeo Racing,False,INTERMEDIATE,German_Grand_Prix,16,15.0,1,15.0,inf,0.36075200517820943
2019,German_Grand_Prix,R,RAI,4.0,Alfa Romeo Racing,False,INTERMEDIATE,German_Grand_Prix,6,18.0,0,,,
2019,German_Grand_Prix,R,RAI,5.0,Alfa Romeo Racing,False,SOFT,German_Grand_Prix,11,19.0,0,,inf,0.3076279504818521
2019,German_Grand_Prix,R,RIC,2.0,Renault,False,INTERMEDIATE,German_Grand_Prix,6,10.0,0,,,
2019,German_Grand_Prix,R,RUS,2.0,Williams,False,INTERMEDIATE,German_Grand_Prix,13,16.0,0,,0.7186766766348527,0.5430379046163101
2019,German_Grand_Prix,R,RUS,3.0,Williams,False,INTERMEDIATE,German_Grand_Prix,6,15.0,0,,,
2019,German_Grand_Prix,R,RUS,5.0,Williams,False,SOFT,German_Grand_Prix,5,8.0,0,,,
2019,German_Grand_Prix,R,SAI,2.0,McLaren,False,INTERMEDIATE,German_Grand_Prix,17,23.0,0,,inf,0.7443491575554694
2019,German_Grand_Prix,R,SAI,3.0,McLaren,False,INTERMEDIATE,German_Grand_Prix,6,13.0,0,,,
2019,German_Grand_Prix,R,SAI,4.0,McLaren,False,SOFT,German_Grand_Prix,12,20.0,0,,inf,0.416571609213611
2019,German_Grand_Prix,R,STR,2.0,Racing Point,False,INTERMEDIATE,German_Grand_Prix,13,11.0,1,11.0,inf,0.6230389484134811
2019,German_Grand_Prix,R,STR,4.0,Racing Point,False,INTERMEDIATE,German_Grand_Prix,6,11.0,0,,,
2019,German_Grand_Prix,R,STR,6.0,Racing Point,False,SOFT,German_Grand_Prix,9,19.0,0,,inf,0.47805793176876904
2019,German_Grand_Prix,R,VER,2.0,Red Bull Racing,True,INTERMEDIATE,German_Grand_Prix,17,8.0,1,8.0,inf,0.5513909058569472
2019,German_Grand_Prix,R,VER,4.0,Red Bull Racing,True,INTERMEDIATE,German_Grand_Prix,7,11.0,0,,inf,0.3350751063581452
2019,German_Grand_Prix,R,VER,6.0,Red Bull Racing,True,SOFT,German_Grand_Prix,11,17.0,0,,inf,0.44255335851321764
2019,German_Grand_Prix,R,VET,2.0,Ferrari,False,INTERMEDIATE,German_Grand_Prix,14,20.0,0,,inf,0.4910866810975295
2019,German_Grand_Prix,R,VET,4.0,Ferrari,False,INTERMEDIATE,German_Grand_Prix,6,12.0,0,,,
2019,German_Grand_Prix,R,VET,6.0,Ferrari,False,SOFT,German_Grand_Prix,10,16.0,0,,inf,0.3003162440274884
2019,Hungarian_Grand_Prix,R,ALB,1.0,Toro Rosso,False,MEDIUM,Hungarian_Grand_Prix,20,27.0,0,,-0.7406722317080946,0.5697777916188866
2019,Hungarian_Grand_Prix,R,ALB,2.0,Toro Rosso,False,HARD,Hungarian_Grand_Prix,31,40.0,0,,inf,0.34583571907517335
2019,Hungarian_Grand_Prix,R,BOT,2.0,Mercedes,False,HARD,Hungarian_Grand_Prix,35,40.0,0,,-0.2825395200982426,0.5356436937989987
2019,Hungarian_Grand_Prix,R,BOT,3.0,Mercedes,False,MEDIUM,Hungarian_Grand_Prix,18,22.0,0,,1.7035649232370698,0.2610514819341938
2019,Hungarian_Grand_Prix,R,GAS,1.0,Red Bull Racing,True,MEDIUM,Hungarian_Grand_Prix,23,30.0,0,,inf,0.3978704441159243
2019,Hungarian_Grand_Prix,R,GAS,2.0,Red Bull Racing,True,HARD,Hungarian_Grand_Prix,37,40.0,0,,-1.1634246164057003,0.6943263499171851
2019,Hungarian_Grand_Prix,R,GIO,1.0,Alfa Romeo Racing,False,MEDIUM,Hungarian_Grand_Prix,11,14.0,0,,6.031845653184609,0.49234926803336926
2019,Hungarian_Grand_Prix,R,GIO,2.0,Alfa Romeo Racing,False,HARD,Hungarian_Grand_Prix,49,52.0,0,,4.302677079422012,0.12475170123377329
2019,Hungarian_Grand_Prix,R,GRO,1.0,Haas F1 Team,False,SOFT,Hungarian_Grand_Prix,17,21.0,0,,inf,0.33036238479909497
2019,Hungarian_Grand_Prix,R,GRO,2.0,Haas F1 Team,False,HARD,Hungarian_Grand_Prix,25,29.0,0,,-0.0779534040719302,0.2131854062742316
2019,Hungarian_Grand_Prix,R,HAM,1.0,Mercedes,False,MEDIUM,Hungarian_Grand_Prix,29,33.0,0,,inf,0.4119432892665068
2019,Hungarian_Grand_Prix,R,HAM,2.0,Mercedes,False,HARD,Hungarian_Grand_Prix,11,16.0,0,,-0.06137911901605291,0.6089671822591886
2019,Hungarian_Grand_Prix,R,HAM,3.0,Mercedes,False,MEDIUM,Hungarian_Grand_Prix,16,17.0,1,17.0,inf,0.7837346191408315
2019,Hungarian_Grand_Prix,R,HUL,1.0,Renault,False,MEDIUM,Hungarian_Grand_Prix,29,35.0,0,,inf,0.4717947260786586
2019,Hungarian_Grand_Prix,R,HUL,2.0,Renault,False,SOFT,Hungarian_Grand_Prix,31,32.0,0,,inf,0.3228207863224718
2019,Hungarian_Grand_Prix,R,KUB,1.0,Williams,False,MEDIUM,Hungarian_Grand_Prix,14,17.0,0,,inf,0.31574068928965726
2019,Hungarian_Grand_Prix,R,KUB,2.0,Williams,False,HARD,Hungarian_Grand_Prix,46,48.0,0,,-298.5352128807296,0.44124594731055955
2019,Hungarian_Grand_Prix,R,KVY,1.0,Toro Rosso,False,MEDIUM,Hungarian_Grand_Prix,15,20.0,0,,inf,0.36342535669862275
2019,Hungarian_Grand_Prix,R,KVY,2.0,Toro Rosso,False,HARD,Hungarian_Grand_Prix,43,39.0,1,39.0,inf,0.48163660685332677
2019,Hungarian_Grand_Prix,R,LEC,1.0,Ferrari,False,MEDIUM,Hungarian_Grand_Prix,25,26.0,1,26.0,35.012734584453625,0.6367853754651935
2019,Hungarian_Grand_Prix,R,LEC,2.0,Ferrari,False,HARD,Hungarian_Grand_Prix,36,42.0,0,,2.962468335238895,0.37752276614759345
2019,Hungarian_Grand_Prix,R,MAG,1.0,Haas F1 Team,False,MEDIUM,Hungarian_Grand_Prix,29,37.0,0,,inf,0.5389858606601214
2019,Hungarian_Grand_Prix,R,MAG,2.0,Haas F1 Team,False,SOFT,Hungarian_Grand_Prix,25,30.0,0,,inf,0.5596719403048237
2019,Hungarian_Grand_Prix,R,NOR,1.0,McLaren,False,SOFT,Hungarian_Grand_Prix,25,30.0,0,,inf,0.6607730080132176
2019,Hungarian_Grand_Prix,R,NOR,2.0,McLaren,False,HARD,Hungarian_Grand_Prix,36,40.0,0,,inf,0.1262729433020461
2019,Hungarian_Grand_Prix,R,PER,1.0,Racing Point,False,MEDIUM,Hungarian_Grand_Prix,14,17.0,0,,inf,0.4975361508564251
2019,Hungarian_Grand_Prix,R,PER,2.0,Racing Point,False,HARD,Hungarian_Grand_Prix,45,50.0,0,,inf,0.37504045448977286
2019,Hungarian_Grand_Prix,R,RAI,1.0,Alfa Romeo Racing,False,SOFT,Hungarian_Grand_Prix,26,31.0,0,,inf,0.5729527730806543
2019,Hungarian_Grand_Prix,R,RAI,2.0,Alfa Romeo Racing,False,MEDIUM,Hungarian_Grand_Prix,35,39.0,0,,inf,0.23214898490176653
2019,Hungarian_Grand_Prix,R,RIC,1.0,Renault,False,HARD,Hungarian_Grand_Prix,36,45.0,0,,inf,0.22680091837045893
2019,Hungarian_Grand_Prix,R,RIC,2.0,Renault,False,SOFT,Hungarian_Grand_Prix,21,22.0,0,,0.15039916253672886,0.40000291484309763
2019,Hungarian_Grand_Prix,R,RUS,1.0,Williams,False,MEDIUM,Hungarian_Grand_Prix,12,15.0,0,,-22.532701421806827,0.2911789469135198
2019,Hungarian_Grand_Prix,R,RUS,2.0,Williams,False,HARD,Hungarian_Grand_Prix,42,51.0,0,,inf,0.5189457992792698
2019,Hungarian_Grand_Prix,R,SAI,1.0,McLaren,False,SOFT,Hungarian_Grand_Prix,26,31.0,0,,inf,0.6099333958515126
2019,Hungarian_Grand_Prix,R,SAI,2.0,McLaren,False,HARD,Hungarian_Grand_Prix,35,39.0,0,,-1.1889438990579566,0.5489173247356323
2019,Hungarian_Grand_Prix,R,STR,1.0,Racing Point,False,MEDIUM,Hungarian_Grand_Prix,12,15.0,0,,-3.82210796915195,0.2747507397207164
2019,Hungarian_Grand_Prix,R,STR,2.0,Racing Point,False,HARD,Hungarian_Grand_Prix,31,33.0,0,,-0.30834197276601494,0.37443752856796453
2019,Hungarian_Grand_Prix,R,STR,3.0,Racing Point,False,SOFT,Hungarian_Grand_Prix,11,17.0,0,,-1.4784353059176458,0.5968025698197115
2019,Hungarian_Grand_Prix,R,VER,1.0,Red Bull Racing,True,MEDIUM,Hungarian_Grand_Prix,23,27.0,0,,inf,0.7553842594071937
2019,Hungarian_Grand_Prix,R,VER,2.0,Red Bull Racing,True,HARD,Hungarian_Grand_Prix,33,41.0,0,,inf,0.5426483259478124
2019,Hungarian_Grand_Prix,R,VET,1.0,Ferrari,False,MEDIUM,Hungarian_Grand_Prix,37,41.0,0,,-0.9491051017770904,0.46741143492828785
2019,Hungarian_Grand_Prix,R,VET,2.0,Ferrari,False,SOFT,Hungarian_Grand_Prix,28,30.0,0,,7.715924862406727,0.2156053262743475
2019,Italian_Grand_Prix,R,ALB,1.0,Red Bull Racing,True,SOFT,Italian_Grand_Prix,21,28.0,0,,inf,0.6813696939815412
2019,Italian_Grand_Prix,R,ALB,2.0,Red Bull Racing,True,MEDIUM,Italian_Grand_Prix,20,26.0,0,,inf,0.7549427393896111
2019,Italian_Grand_Prix,R,BOT,1.0,Mercedes,False,SOFT,Italian_Grand_Prix,24,29.0,0,,inf,0.2614976282701588
2019,Italian_Grand_Prix,R,BOT,2.0,Mercedes,False,MEDIUM,Italian_Grand_Prix,21,25.0,0,,-0.00014070210350808655,0.21200606829743254
2019,Italian_Grand_Prix,R,GAS,1.0,Toro Rosso,False,MEDIUM,Italian_Grand_Prix,20,27.0,0,,inf,0.31213700767268804
2019,Italian_Grand_Prix,R,GAS,2.0,Toro Rosso,False,SOFT,Italian_Grand_Prix,16,23.0,0,,inf,0.18969981134724864
2019,Italian_Grand_Prix,R,GIO,1.0,Alfa Romeo Racing,False,SOFT,Italian_Grand_Prix,16,20.0,0,,-6.108740184364828,0.581859666161016
2019,Italian_Grand_Prix,R,GIO,2.0,Alfa Romeo Racing,False,MEDIUM,Italian_Grand_Prix,23,30.0,0,,-0.2601870255452935,0.28256830337610733
2019,Italian_Grand_Prix,R,GRO,1.0,Haas F1 Team,False,SOFT,Italian_Grand_Prix,2,6.0,0,,,
2019,Italian_Grand_Prix,R,GRO,2.0,Haas F1 Team,False,MEDIUM,Italian_Grand_Prix,17,20.0,0,,17.594982977962747,0.46318155839644054
2019,Italian_Grand_Prix,R,GRO,3.0,Haas F1 Team,False,SOFT,Italian_Grand_Prix,15,22.0,0,,-0.17848864248075014,0.6628072467749745
2019,Italian_Grand_Prix,R,HAM,1.0,Mercedes,False,SOFT,Italian_Grand_Prix,17,21.0,0,,inf,0.365382558091813
2019,Italian_Grand_Prix,R,HAM,2.0,Mercedes,False,MEDIUM,Italian_Grand_Prix,23,29.0,0,,inf,0.3076986812505158
2019,Italian_Grand_Prix,R,HUL,1.0,Renault,False,SOFT,Italian_Grand_Prix,25,30.0,0,,inf,0.5864212688116034
2019,Italian_Grand_Prix,R,HUL,2.0,Renault,False,MEDIUM,Italian_Grand_Prix,18,23.0,0,,inf,0.5555372092974425
2019,Italian_Grand_Prix,R,KUB,1.0,Williams,False,MEDIUM,Italian_Grand_Prix,19,27.0,0,,inf,0.22387767551255855
2019,Italian_Grand_Prix,R,KUB,2.0,Williams,False,SOFT,Italian_Grand_Prix,11,14.0,0,,-4.123324323399278,0.36926440710827124
2019,Italian_Grand_Prix,R,KUB,3.0,Williams,False,MEDIUM,Italian_Grand_Prix,5,6.0,0,,,
2019,Italian_Grand_Prix,R,KVY,1.0,Toro Rosso,False,MEDIUM,Italian_Grand_Prix,22,27.0,0,,0.4358732652533047,0.6029513603157854
2019,Italian_Grand_Prix,R,LEC,1.0,Ferrari,False,SOFT,Italian_Grand_Prix,18,22.0,0,,inf,0.4127541004502692
2019,Italian_Grand_Prix,R,LEC,2.0,Ferrari,False,HARD,Italian_Grand_Prix,25,32.0,0,,-0.9041761713299744,0.3457632389832869
2019,Italian_Grand_Prix,R,MAG,1.0,Haas F1 Team,False,SOFT,Italian_Grand_Prix,14,19.0,0,,-1.8818370818371373,0.7601867495610428
2019,Italian_Grand_Prix,R,MAG,2.0,Haas F1 Team,False,MEDIUM,Italian_Grand_Prix,9,13.0,0,,0.020050904977379488,0.5662923711750891
2019,Italian_Grand_Prix,R,MAG,3.0,Haas F1 Team,False,SOFT,Italian_Grand_Prix,7,8.0,1,8.0,inf,0.2653702997319809
2019,Italian_Grand_Prix,R,NOR,1.0,McLaren,False,MEDIUM,Italian_Grand_Prix,15,22.0,0,,inf,0.7685767989740893
2019,Italian_Grand_Prix,R,NOR,2.0,McLaren,False,HARD,Italian_Grand_Prix,21,25.0,1,25.0,inf,0.23576363078509796
2019,Italian_Grand_Prix,R,PER,1.0,Racing Point,False,MEDIUM,Italian_Grand_Prix,22,27.0,0,,inf,0.4770054641929704
2019,Italian_Grand_Prix,R,PER,2.0,Racing Point,False,SOFT,Italian_Grand_Prix,21,24.0,0,,inf,0.40130111048843403
2019,Italian_Grand_Prix,R,RAI,1.0,Alfa Romeo Racing,False,MEDIUM,Italian_Grand_Prix,10,18.0,0,,-3.779822335025389,0.2690848009505774
2019,Italian_Grand_Prix,R,RAI,2.0,Alfa Romeo Racing,False,MEDIUM,Italian_Grand_Prix,5,25.0,0,,,
2019,Italian_Grand_Prix,R,RAI,3.0,Alfa Romeo Racing,False,SOFT,Italian_Grand_Prix,19,25.0,0,,inf,0.35697043351203966
2019,Italian_Grand_Prix,R,RIC,1.0,Renault,False,SOFT,Italian_Grand_Prix,26,31.0,0,,inf,0.2765080431685657
2019,Italian_Grand_Prix,R,RIC,2.0,Renault,False,MEDIUM,Italian_Grand_Prix,15,22.0,0,,inf,0.35764221515721656
2019,Italian_Grand_Prix,R,RUS,1.0,Williams,False,MEDIUM,Italian_Grand_Prix,14,22.0,0,,inf,0.26871715828856685
2019,Italian_Grand_Prix,R,RUS,2.0,Williams,False,HARD,Italian_Grand_Prix,22,28.0,0,,inf,0.5227021861253044
2019,Italian_Grand_Prix,R,SAI,1.0,McLaren,False,SOFT,Italian_Grand_Prix,23,29.0,0,,0.037058877031286776,0.5002400923176761
2019,Italian_Grand_Prix,R,STR,1.0,Racing Point,False,SOFT,Italian_Grand_Prix,12,10.0,1,10.0,inf,0.2923592099146419
2019,Italian_Grand_Prix,R,STR,2.0,Racing Point,False,SOFT,Italian_Grand_Prix,5,24.0,0,,,
2019,Italian_Grand_Prix,R,STR,3.0,Racing Point,False,MEDIUM,Italian_Grand_Prix,24,29.0,0,,inf,0.5206699166387728
2019,Italian_Grand_Prix,R,VER,2.0,Red Bull Racing,True,SOFT,Italian_Grand_Prix,22,25.0,0,,-0.12609319328108898,0.2877289658256928
2019,Italian_Grand_Prix,R,VER,3.0,Red Bull Racing,True,MEDIUM,Italian_Grand_Prix,19,26.0,0,,inf,0.5964289890031381
2019,Italian_Grand_Prix,R,VET,3.0,Ferrari,False,HARD,Italian_Grand_Prix,25,34.0,0,,8.423970818368284,0.2850341705664938
2019,Italian_Grand_Prix,R,VET,4.0,Ferrari,False,MEDIUM,Italian_Grand_Prix,7,10.0,0,,inf,0.1829096551751902
2019,Japanese_Grand_Prix,R,ALB,1.0,Red Bull Racing,True,SOFT,Japanese_Grand_Prix,13,17.0,0,,inf,0.9400606058784631
2019,Japanese_Grand_Prix,R,ALB,2.0,Red Bull Racing,True,MEDIUM,Japanese_Grand_Prix,17,18.0,0,,-0.03307596578848842,0.4302889780163761
2019,Japanese_Grand_Prix,R,ALB,3.0,Red Bull Racing,True,SOFT,Japanese_Grand_Prix,17,21.0,0,,-0.02954520726798834,0.5900796694035549
2019,Japanese_Grand_Prix,R,BOT,1.0,Mercedes,False,SOFT,Japanese_Grand_Prix,15,19.0,0,,inf,0.4993445124546154
2019,Japanese_Grand_Prix,R,BOT,2.0,Mercedes,False,MEDIUM,Japanese_Grand_Prix,17,18.0,0,,0.28428612194421826,0.45439302490912503
2019,Japanese_Grand_Prix,R,BOT,3.0,Mercedes,False,SOFT,Japanese_Grand_Prix,15,19.0,0,,5.4332200097139705,0.38061480534848974
2019,Japanese_Grand_Prix,R,GAS,1.0,Toro Rosso,False,SOFT,Japanese_Grand_Prix,16,20.0,0,,inf,0.8891827110501495
2019,Japanese_Grand_Prix,R,GAS,2.0,Toro Rosso,False,MEDIUM,Japanese_Grand_Prix,32,28.0,1,28.0,inf,0.6621594745248842
2019,Japanese_Grand_Prix,R,GIO,1.0,Alfa Romeo Racing,False,MEDIUM,Japanese_Grand_Prix,15,17.0,0,,0.29712918660288956,0.4299094475041531
2019,Japanese_Grand_Prix,R,GIO,2.0,Alfa Romeo Racing,False,HARD,Japanese_Grand_Prix,27,30.0,0,,4.54396931322919,0.26176398077260815
2019,Japanese_Grand_Prix,R,GRO,1.0,Haas F1 Team,False,SOFT,Japanese_Grand_Prix,14,18.0,0,,0.5614277262867835,0.5449079364357856
2019,Japanese_Grand_Prix,R,GRO,2.0,Haas F1 Team,False,HARD,Japanese_Grand_Prix,32,35.0,0,,0.5540346527493034,0.2154290716652704
2019,Japanese_Grand_Prix,R,HAM,1.0,Mercedes,False,SOFT,Japanese_Grand_Prix,19,23.0,0,,inf,0.5057802810040825
2019,Japanese_Grand_Prix,R,HAM,2.0,Mercedes,False,MEDIUM,Japanese_Grand_Prix,19,20.0,0,,2.213683483068347,0.3054557586924382
2019,Japanese_Grand_Prix,R,HAM,3.0,Mercedes,False,SOFT,Japanese_Grand_Prix,9,18.0,0,,-1.0229545454545628,0.6509938028743131
2019,Japanese_Grand_Prix,R,HUL,1.0,Renault,False,SOFT,Japanese_Grand_Prix,16,18.0,0,,inf,0.662698239826296
2019,Japanese_Grand_Prix,R,HUL,2.0,Renault,False,MEDIUM,Japanese_Grand_Prix,27,32.0,0,,95.2791681882652,0.4652976022310997
2019,Japanese_Grand_Prix,R,KUB,1.0,Williams,False,MEDIUM,Japanese_Grand_Prix,19,21.0,0,,6.464272062035579,0.4099977808071067
2019,Japanese_Grand_Prix,R,KUB,2.0,Williams,False,HARD,Japanese_Grand_Prix,7,10.0,0,,0.01258432061675251,0.9070837071557079
2019,Japanese_Grand_Prix,R,KUB,3.0,Williams,False,MEDIUM,Japanese_Grand_Prix,14,17.0,0,,1.1625770853618795,0.43919561827755776
2019,Japanese_Grand_Prix,R,KVY,1.0,Toro Rosso,False,SOFT,Japanese_Grand_Prix,20,26.0,0,,inf,0.6279197087520311
2019,Japanese_Grand_Prix,R,KVY,2.0,Toro Rosso,False,MEDIUM,Japanese_Grand_Prix,16,24.0,0,,-0.5132332215580536,0.6229017411336725
2019,Japanese_Grand_Prix,R,LEC,2.0,Ferrari,False,MEDIUM,Japanese_Grand_Prix,14,21.0,0,,0.24087330245758048,0.737838690326023
2019,Japanese_Grand_Prix,R,LEC,3.0,Ferrari,False,SOFT,Japanese_Grand_Prix,13,20.0,0,,inf,0.7402915304375199
2019,Japanese_Grand_Prix,R,MAG,1.0,Haas F1 Team,False,MEDIUM,Japanese_Grand_Prix,14,16.0,0,,0.2686605398828218,0.2816580220190448
2019,Japanese_Grand_Prix,R,MAG,2.0,Haas F1 Team,False,HARD,Japanese_Grand_Prix,28,29.0,0,,0.35455390334571113,0.25022994163686746
2019,Japanese_Grand_Prix,R,NOR,2.0,McLaren,False,MEDIUM,Japanese_Grand_Prix,17,20.0,0,,0.34582361366890885,0.5963697227755644
2019,Japanese_Grand_Prix,R,NOR,3.0,McLaren,False,HARD,Japanese_Grand_Prix,23,27.0,0,,-0.01894029703123235,0.2557093383009085
2019,Japanese_Grand_Prix,R,PER,1.0,Racing Point,False,SOFT,Japanese_Grand_Prix,15,18.0,0,,-83.71389645766556,0.3776393350630393
2019,Japanese_Grand_Prix,R,PER,2.0,Racing Point,False,MEDIUM,Japanese_Grand_Prix,19,21.0,0,,0.07162486614738801,0.18584819568670902
2019,Japanese_Grand_Prix,R,PER,3.0,Racing Point,False,SOFT,Japanese_Grand_Prix,5,8.0,0,,,
2019,Japanese_Grand_Prix,R,RAI,1.0,Alfa Romeo Racing,False,MEDIUM,Japanese_Grand_Prix,12,14.0,0,,inf,0.8678964627358317
2019,Japanese_Grand_Prix,R,RAI,2.0,Alfa Romeo Racing,False,HARD,Japanese_Grand_Prix,19,20.0,0,,5.039027133115691,0.35167799285728
2019,Japanese_Grand_Prix,R,RAI,3.0,Alfa Romeo Racing,False,SOFT,Japanese_Grand_Prix,13,15.0,0,,-6.567998654249234,0.339148585036015
2019,Japanese_Grand_Prix,R,RIC,1.0,Renault,False,MEDIUM,Japanese_Grand_Prix,24,28.0,0,,2.3236186468828484,0.20727392097413944
2019,Japanese_Grand_Prix,R,RIC,2.0,Renault,False,SOFT,Japanese_Grand_Prix,20,22.0,0,,1.0712952986623872,0.5439643319887342
2019,Japanese_Grand_Prix,R,RUS,1.0,Williams,False,MEDIUM,Japanese_Grand_Prix,22,24.0,0,,inf,0.44268838088822754
2019,Japanese_Grand_Prix,R,RUS,2.0,Williams,False,HARD,Japanese_Grand_Prix,24,25.0,0,,-2.021310054387233,0.33017528131049917
2019,Japanese_Grand_Prix,R,SAI,1.0,McLaren,False,SOFT,Japanese_Grand_Prix,24,28.0,0,,inf,0.3025491865152425
2019,Japanese_Grand_Prix,R,SAI,2.0,McLaren,False,MEDIUM,Japanese_Grand_Prix,22,26.0,0,,inf,0.6183270700040006
2019,Japanese_Grand_Prix,R,STR,1.0,Racing Point,False,SOFT,Japanese_Grand_Prix,15,17.0,0,,inf,0.7687425728309675
2019,Japanese_Grand_Prix,R,STR,2.0,Racing Point,False,MEDIUM,Japanese_Grand_Prix,27,26.0,1,26.0,inf,0.6012876170399133
2019,Japanese_Grand_Prix,R,VER,1.0,Red Bull Racing,True,SOFT,Japanese_Grand_Prix,12,16.0,0,,inf,0.27288538985375316
2019,Japanese_Grand_Prix,R,VET,1.0,Ferrari,False,SOFT,Japanese_Grand_Prix,14,18.0,0,,1.8255434782608209,0.2954459469186824
2019,Japanese_Grand_Prix,R,VET,2.0,Ferrari,False,SOFT,Japanese_Grand_Prix,12,14.0,0,,0.554447878244138,0.2267735147579342
2019,Japanese_Grand_Prix,R,VET,3.0,Ferrari,False,MEDIUM,Japanese_Grand_Prix,20,21.0,0,,-35.34525005019959,0.32330379345154747
2019,Mexican_Grand_Prix,R,ALB,1.0,Red Bull Racing,True,MEDIUM,Mexican_Grand_Prix,10,16.0,0,,-0.5035899975241418,0.40803874274211727
2019,Mexican_Grand_Prix,R,ALB,2.0,Red Bull Racing,True,MEDIUM,Mexican_Grand_Prix,26,29.0,0,,-1.7454706533776392,0.37181344533285565
2019,Mexican_Grand_Prix,R,ALB,3.0,Red Bull Racing,True,HARD,Mexican_Grand_Prix,25,26.0,0,,3.3874362003015825,0.31140551553374507
2019,Mexican_Grand_Prix,R,BOT,1.0,Mercedes,False,MEDIUM,Mexican_Grand_Prix,31,38.0,0,,-0.04332114245906494,0.46266462500308425
2019,Mexican_Grand_Prix,R,BOT,2.0,Mercedes,False,HARD,Mexican_Grand_Prix,31,34.0,0,,-1.1915101448465866,0.6084380797124115
2019,Mexican_Grand_Prix,R,GAS,1.0,Toro Rosso,False,SOFT,Mexican_Grand_Prix,4,11.0,0,,,
2019,Mexican_Grand_Prix,R,GAS,2.0,Toro Rosso,False,HARD,Mexican_Grand_Prix,31,39.0,0,,-0.9512203356371176,0.4591394345206851
2019,Mexican_Grand_Prix,R,GAS,3.0,Toro Rosso,False,MEDIUM,Mexican_Grand_Prix,16,20.0,0,,-0.5766664910154273,0.762179222807318
2019,Mexican_Grand_Prix,R,GIO,1.0,Alfa Romeo Racing,False,MEDIUM,Mexican_Grand_Prix,14,20.0,0,,inf,0.42186293732051494
2019,Mexican_Grand_Prix,R,GIO,2.0,Alfa Romeo Racing,False,HARD,Mexican_Grand_Prix,42,48.0,0,,-0.2311131923167369,0.2884013081128044
2019,Mexican_Grand_Prix,R,GRO,1.0,Haas F1 Team,False,MEDIUM,Mexican_Grand_Prix,30,36.0,0,,-51.06962864721017,0.1495502522709857
2019,Mexican_Grand_Prix,R,GRO,2.0,Haas F1 Team,False,HARD,Mexican_Grand_Prix,28,31.0,0,,-0.9945360047634302,0.3336897306019332
2019,Mexican_Grand_Prix,R,HAM,1.0,Mercedes,False,MEDIUM,Mexican_Grand_Prix,19,25.0,0,,0.06205952441321016,0.4505874727329654
2019,Mexican_Grand_Prix,R,HAM,2.0,Mercedes,False,HARD,Mexican_Grand_Prix,42,47.0,0,,-0.2931411381736814,0.5279970222151457
2019,Mexican_Grand_Prix,R,HUL,1.0,Renault,False,MEDIUM,Mexican_Grand_Prix,13,17.0,0,,0.3458944332176048,0.5911763989192063
2019,Mexican_Grand_Prix,R,HUL,2.0,Renault,False,HARD,Mexican_Grand_Prix,45,51.0,0,,inf,0.5459923891924005
2019,Mexican_Grand_Prix,R,KUB,1.0,Williams,False,MEDIUM,Mexican_Grand_Prix,17,20.0,0,,inf,0.6995886816627347
2019,Mexican_Grand_Prix,R,KUB,2.0,Williams,False,HARD,Mexican_Grand_Prix,34,38.0,0,,inf,0.36188712185938465
2019,Mexican_Grand_Prix,R,KUB,3.0,Williams,False,MEDIUM,Mexican_Grand_Prix,7,8.0,0,,2.4220264317176365,0.19515112428466003
2019,Mexican_Grand_Prix,R,KVY,1.0,Toro Rosso,False,SOFT,Mexican_Grand_Prix,6,12.0,0,,,
2019,Mexican_Grand_Prix,R,KVY,2.0,Toro Rosso,False,HARD,Mexican_Grand_Prix,31,33.0,0,,-0.02969745222932661,0.2728573863616304
2019,Mexican_Grand_Prix,R,KVY,3.0,Toro Rosso,False,MEDIUM,Mexican_Grand_Prix,22,25.0,0,,-0.41088563118929317,0.7319717197422716
2019,Mexican_Grand_Prix,R,LEC,1.0,Ferrari,False,MEDIUM,Mexican_Grand_Prix,11,17.0,0,,-0.5284497185455713,0.7984399288486631
2019,Mexican_Grand_Prix,R,LEC,2.0,Ferrari,False,MEDIUM,Mexican_Grand_Prix,26,27.0,0,,0.8107630213338372,0.442378011303472
2019,Mexican_Grand_Prix,R,LEC,3.0,Ferrari,False,HARD,Mexican_Grand_Prix,26,27.0,0,,inf,0.28837826716234116
2019,Mexican_Grand_Prix,R,MAG,1.0,Haas F1 Team,False,MEDIUM,Mexican_Grand_Prix,23,27.0,0,,inf,0.42759736622668426
2019,Mexican_Grand_Prix,R,MAG,2.0,Haas F1 Team,False,HARD,Mexican_Grand_Prix,37,40.0,0,,inf,0.18014987158161552
2019,Mexican_Grand_Prix,R,NOR,1.0,McLaren,False,SOFT,Mexican_Grand_Prix,8,14.0,0,,0.0786296900489497,0.6006410697230374
2019,Mexican_Grand_Prix,R,NOR,2.0,McLaren,False,HARD,Mexican_Grand_Prix,32,35.0,0,,-0.9106325909028511,0.30637902564005043
2019,Mexican_Grand_Prix,R,PER,1.0,Racing Point,False,MEDIUM,Mexican_Grand_Prix,14,19.0,0,,inf,0.5398608841264473
2019,Mexican_Grand_Prix,R,PER,2.0,Racing Point,False,HARD,Mexican_Grand_Prix,46,50.0,0,,-0.5400297156193533,0.423370965230447
2019,Mexican_Grand_Prix,R,RAI,1.0,Alfa Romeo Racing,False,MEDIUM,Mexican_Grand_Prix,10,14.0,0,,-0.13694267515922343,0.5725509821230705
2019,Mexican_Grand_Prix,R,RAI,2.0,Alfa Romeo Racing,False,HARD,Mexican_Grand_Prix,31,36.0,0,,0.22960080480492043,0.2691796557910382
2019,Mexican_Grand_Prix,R,RIC,1.0,Renault,False,HARD,Mexican_Grand_Prix,41,49.0,0,,inf,0.17130543435429066
2019,Mexican_Grand_Prix,R,RIC,2.0,Renault,False,MEDIUM,Mexican_Grand_Prix,19,20.0,0,,-2.616703848298828,0.4072153119481792
2019,Mexican_Grand_Prix,R,RUS,1.0,Williams,False,MEDIUM,Mexican_Grand_Prix,17,21.0,0,,-12.594512299771292,0.5575081588581489
2019,Mexican_Grand_Prix,R,RUS,2.0,Williams,False,HARD,Mexican_Grand_Prix,40,46.0,0,,-26.08877363100309,0.2607362461777753
2019,Mexican_Grand_Prix,R,SAI,1.0,McLaren,False,SOFT,Mexican_Grand_Prix,11,17.0,0,,-0.3014451975955831,0.5915421772582633
2019,Mexican_Grand_Prix,R,SAI,2.0,McLaren,False,HARD,Mexican_Grand_Prix,16,13.0,1,13.0,21.26971536222832,0.6013747728801365
2019,Mexican_Grand_Prix,R,SAI,3.0,McLaren,False,MEDIUM,Mexican_Grand_Prix,29,34.0,0,,-0.2878572944095438,0.3079949969172492
2019,Mexican_Grand_Prix,R,STR,1.0,Racing Point,False,MEDIUM,Mexican_Grand_Prix,30,36.0,0,,inf,0.5037536452338066
2019,Mexican_Grand_Prix,R,STR,2.0,Racing Point,False,HARD,Mexican_Grand_Prix,31,32.0,0,,-13.284415856833625,0.6193956959691747
2019,Mexican_Grand_Prix,R,VER,2.0,Red Bull Racing,True,HARD,Mexican_Grand_Prix,63,65.0,0,,-0.09882404613344833,0.3659592226864778
2019,Mexican_Grand_Prix,R,VET,1.0,Ferrari,False,MEDIUM,Mexican_Grand_Prix,33,36.0,1,36.0,inf,0.6545426239251001
2019,Mexican_Grand_Prix,R,VET,2.0,Ferrari,False,HARD,Mexican_Grand_Prix,30,33.0,0,,-1.185851530249637,0.5614129415466026
2019,Monaco_Grand_Prix,R,ALB,1.0,Toro Rosso,False,SOFT,Monaco_Grand_Prix,32,44.0,0,,-0.46354685193331885,0.5842668837181056
2019,Monaco_Grand_Prix,R,ALB,2.0,Toro Rosso,False,MEDIUM,Monaco_Grand_Prix,34,37.0,0,,-0.053114796746064515,0.6897056591378429
2019,Monaco_Grand_Prix,R,BOT,1.0,Mercedes,False,SOFT,Monaco_Grand_Prix,9,15.0,0,,inf,0.518667307651615
2019,Monaco_Grand_Prix,R,BOT,3.0,Mercedes,False,HARD,Monaco_Grand_Prix,55,65.0,0,,inf,0.14704310350802036
2019,Monaco_Grand_Prix,R,GAS,1.0,Red Bull Racing,True,SOFT,Monaco_Grand_Prix,19,30.0,0,,-0.5577765566618658,0.9092928185008224
2019,Monaco_Grand_Prix,R,GAS,2.0,Red Bull Racing,True,MEDIUM,Monaco_Grand_Prix,32,34.0,0,,-5.503231051665598,0.41697555992564034
2019,Monaco_Grand_Prix,R,GAS,3.0,Red Bull Racing,True,SOFT,Monaco_Grand_Prix,11,15.0,1,15.0,inf,0.6959201724364708
2019,Monaco_Grand_Prix,R,GIO,1.0,Alfa Romeo Racing,False,SOFT,Monaco_Grand_Prix,29,43.0,0,,0.7874904586837101,0.8410544010706363
2019,Monaco_Grand_Prix,R,GIO,2.0,Alfa Romeo Racing,False,MEDIUM,Monaco_Grand_Prix,25,31.0,0,,15.912423431901779,0.3896527898090045
2019,Monaco_Grand_Prix,R,GRO,1.0,Haas F1 Team,False,SOFT,Monaco_Grand_Prix,34,49.0,0,,inf,0.4925555248651293
2019,Monaco_Grand_Prix,R,GRO,2.0,Haas F1 Team,False,MEDIUM,Monaco_Grand_Prix,25,27.0,0,,0.02792960531852932,0.5052162441744592
2019,Monaco_Grand_Prix,R,HAM,1.0,Mercedes,False,SOFT,Monaco_Grand_Prix,9,15.0,0,,inf,0.3483527335176701
2019,Monaco_Grand_Prix,R,HAM,2.0,Mercedes,False,MEDIUM,Monaco_Grand_Prix,60,66.0,0,,inf,0.5165324190864291
2019,Monaco_Grand_Prix,R,HUL,1.0,Renault,False,MEDIUM,Monaco_Grand_Prix,6,8.0,0,,,
2019,Monaco_Grand_Prix,R,HUL,2.0,Renault,False,HARD,Monaco_Grand_Prix,60,67.0,0,,-0.08539452732232293,0.1754207953797322
2019,Monaco_Grand_Prix,R,KUB,1.0,Williams,False,MEDIUM,Monaco_Grand_Prix,10,20.0,0,,5.8912623565504445,0.9384726629299864
2019,Monaco_Grand_Prix,R,KUB,2.0,Williams,False,HARD,Monaco_Grand_Prix,53,55.0,0,,0.265583505919564,0.30312351333266085
2019,Monaco_Grand_Prix,R,KVY,1.0,Toro Rosso,False,SOFT,Monaco_Grand_Prix,22,36.0,0,,-0.6866197359536801,0.6980557631518514
2019,Monaco_Grand_Prix,R,KVY,2.0,Toro Rosso,False,MEDIUM,Monaco_Grand_Prix,44,45.0,0,,0.27987082618587616,0.55319647359797
2019,Monaco_Grand_Prix,R,LEC,1.0,Ferrari,False,MEDIUM,Monaco_Grand_Prix,5,7.0,0,,,
2019,Monaco_Grand_Prix,R,MAG,1.0,Haas F1 Team,False,SOFT,Monaco_Grand_Prix,8,14.0,0,,inf,0.4730996378951032
2019,Monaco_Grand_Prix,R,MAG,2.0,Haas F1 Team,False,MEDIUM,Monaco_Grand_Prix,55,65.0,0,,inf,0.29037564677731853
2019,Monaco_Grand_Prix,R,NOR,1.0,McLaren,False,MEDIUM,Monaco_Grand_Prix,37,46.0,0,,-0.8102558874874869,0.5482498198445965
2019,Monaco_Grand_Prix,R,NOR,2.0,McLaren,False,SOFT,Monaco_Grand_Prix,28,30.0,0,,-0.020584985379539022,0.29737524319602565
2019,Monaco_Grand_Prix,R,PER,1.0,Racing Point,False,MEDIUM,Monaco_Grand_Prix,6,8.0,0,,,
2019,Monaco_Grand_Prix,R,PER,2.0,Racing Point,False,HARD,Monaco_Grand_Prix,57,65.0,0,,-0.4283052901750781,0.18993953206318429
2019,Monaco_Grand_Prix,R,RAI,1.0,Alfa Romeo Racing,False,SOFT,Monaco_Grand_Prix,36,45.0,0,,inf,0.5347589014087664
2019,Monaco_Grand_Prix,R,RAI,2.0,Alfa Romeo Racing,False,MEDIUM,Monaco_Grand_Prix,27,30.0,0,,-0.17944270324641293,0.4569978545004001
2019,Monaco_Grand_Prix,R,RIC,1.0,Renault,False,SOFT,Monaco_Grand_Prix,8,14.0,0,,inf,0.6528875755787481
2019,Monaco_Grand_Prix,R,RIC,2.0,Renault,False,MEDIUM,Monaco_Grand_Prix,53,66.0,0,,-0.26117028050095775,0.5048203200366932
2019,Monaco_Grand_Prix,R,RUS,1.0,Williams,False,MEDIUM,Monaco_Grand_Prix,7,9.0,0,,inf,0.6509363311818519
2019,Monaco_Grand_Prix,R,RUS,2.0,Williams,False,HARD,Monaco_Grand_Prix,60,66.0,0,,-1.2090602379526547,0.3245584097853527
2019,Monaco_Grand_Prix,R,SAI,1.0,McLaren,False,SOFT,Monaco_Grand_Prix,22,34.0,0,,-0.562472483894309,0.8685324935765437
2019,Monaco_Grand_Prix,R,SAI,2.0,McLaren,False,MEDIUM,Monaco_Grand_Prix,45,47.0,0,,0.2534304926278655,0.5984671001444026
2019,Monaco_Grand_Prix,R,STR,1.0,Racing Point,False,MEDIUM,Monaco_Grand_Prix,29,38.0,0,,-0.38123217920309016,0.723254146875716
2019,Monaco_Grand_Prix,R,STR,2.0,Racing Point,False,HARD,Monaco_Grand_Prix,28,36.0,0,,-0.07750152389804964,0.35111997121700333
2019,Monaco_Grand_Prix,R,VER,1.0,Red Bull Racing,True,SOFT,Monaco_Grand_Prix,9,13.0,0,,inf,0.6584717052137294
2019,Monaco_Grand_Prix,R,VER,2.0,Red Bull Racing,True,HARD,Monaco_Grand_Prix,61,66.0,0,,inf,0.4746370257370918
2019,Monaco_Grand_Prix,R,VET,1.0,Ferrari,False,SOFT,Monaco_Grand_Prix,9,13.0,0,,inf,0.6248478706379557
2019,Monaco_Grand_Prix,R,VET,2.0,Ferrari,False,HARD,Monaco_Grand_Prix,60,66.0,0,,inf,0.2798245446599118
2019,Russian_Grand_Prix,R,ALB,1.0,Red Bull Racing,True,MEDIUM,Russian_Grand_Prix,19,26.0,0,,inf,0.32971332323318153
2019,Russian_Grand_Prix,R,ALB,2.0,Red Bull Racing,True,SOFT,Russian_Grand_Prix,16,23.0,0,,inf,0.30671048690979974
2019,Russian_Grand_Prix,R,BOT,1.0,Mercedes,False,MEDIUM,Russian_Grand_Prix,23,30.0,0,,inf,0.7272198916382614
2019,Russian_Grand_Prix,R,BOT,2.0,Mercedes,False,SOFT,Russian_Grand_Prix,20,27.0,0,,inf,0.6037297819985634
2019,Russian_Grand_Prix,R,GAS,1.0,Toro Rosso,False,MEDIUM,Russian_Grand_Prix,19,22.0,1,22.0,inf,0.5075858709119567
2019,Russian_Grand_Prix,R,GAS,2.0,Toro Rosso,False,SOFT,Russian_Grand_Prix,19,26.0,0,,-0.1749913065469615,0.6729829599389304
2019,Russian_Grand_Prix,R,GIO,2.0,Alfa Romeo Racing,False,HARD,Russian_Grand_Prix,19,24.0,0,,inf,0.523894901676649
2019,Russian_Grand_Prix,R,GIO,3.0,Alfa Romeo Racing,False,MEDIUM,Russian_Grand_Prix,19,25.0,0,,-2.678571428571151,0.1585112675781115
2019,Russian_Grand_Prix,R,HAM,1.0,Mercedes,False,MEDIUM,Russian_Grand_Prix,24,30.0,0,,inf,0.5000995216171763
2019,Russian_Grand_Prix,R,HAM,2.0,Mercedes,False,SOFT,Russian_Grand_Prix,20,27.0,0,,inf,0.2146491223100786
2019,Russian_Grand_Prix,R,HUL,1.0,Renault,False,SOFT,Russian_Grand_Prix,11,18.0,0,,inf,0.4917036835070473
2019,Russian_Grand_Prix,R,HUL,2.0,Renault,False,MEDIUM,Russian_Grand_Prix,9,10.0,0,,0.5260347129506461,0.6816143039845574
2019,Russian_Grand_Prix,R,HUL,3.0,Renault,False,SOFT,Russian_Grand_Prix,19,26.0,0,,inf,0.5524920429379298
2019,Russian_Grand_Prix,R,KUB,3.0,Williams,False,MEDIUM,Russian_Grand_Prix,20,24.0,0,,inf,0.19430229688333558
2019,Russian_Grand_Prix,R,KVY,1.0,Toro Rosso,False,HARD,Russian_Grand_Prix,20,26.0,0,,inf,0.32995994365908843
2019,Russian_Grand_Prix,R,KVY,3.0,Toro Rosso,False,SOFT,Russian_Grand_Prix,17,22.0,0,,inf,0.5177073241540329
2019,Russian_Grand_Prix,R,LEC,1.0,Ferrari,False,SOFT,Russian_Grand_Prix,18,24.0,0,,inf,0.5965474061492293
2019,Russian_Grand_Prix,R,LEC,3.0,Ferrari,False,SOFT,Russian_Grand_Prix,19,23.0,0,,inf,0.3472771382236237
2019,Russian_Grand_Prix,R,MAG,1.0,Haas F1 Team,False,SOFT,Russian_Grand_Prix,20,26.0,0,,inf,0.5030658244167489
2019,Russian_Grand_Prix,R,MAG,2.0,Haas F1 Team,False,MEDIUM,Russian_Grand_Prix,20,25.0,0,,inf,0.6064345746555785
2019,Russian_Grand_Prix,R,NOR,1.0,McLaren,False,SOFT,Russian_Grand_Prix,15,22.0,0,,inf,0.3903654631505753
2019,Russian_Grand_Prix,R,NOR,2.0,McLaren,False,MEDIUM,Russian_Grand_Prix,21,32.0,0,,-0.7667511614070991,0.47627156725393044
2019,Russian_Grand_Prix,R,PER,1.0,Racing Point,False,SOFT,Russian_Grand_Prix,16,22.0,0,,inf,0.5576417814424789
2019,Russian_Grand_Prix,R,PER,2.0,Racing Point,False,MEDIUM,Russian_Grand_Prix,20,29.0,0,,inf,0.5847376569755101
2019,Russian_Grand_Prix,R,RAI,1.0,Alfa Romeo Racing,False,MEDIUM,Russian_Grand_Prix,5,8.0,0,,,
2019,Russian_Grand_Prix,R,RAI,2.0,Alfa Romeo Racing,False,MEDIUM,Russian_Grand_Prix,16,26.0,0,,-0.11282575739857745,0.6907422004627496
2019,Russian_Grand_Prix,R,RAI,3.0,Alfa Romeo Racing,False,SOFT,Russian_Grand_Prix,18,25.0,0,,inf,0.18416315681424994
2019,Russian_Grand_Prix,R,RIC,2.0,Renault,False,MEDIUM,Russian_Grand_Prix,18,22.0,0,,inf,0.14939916163236358
2019,Russian_Grand_Prix,R,RUS,1.0,Williams,False,MEDIUM,Russian_Grand_Prix,22,26.0,0,,inf,0.6318466268710863
2019,Russian_Grand_Prix,R,SAI,1.0,McLaren,False,SOFT,Russian_Grand_Prix,17,23.0,0,,inf,0.3910248856578752
2019,Russian_Grand_Prix,R,SAI,2.0,McLaren,False,MEDIUM,Russian_Grand_Prix,22,31.0,0,,inf,0.5532265201149466
2019,Russian_Grand_Prix,R,STR,1.0,Racing Point,False,MEDIUM,Russian_Grand_Prix,20,26.0,0,,inf,0.4387582536235496
2019,Russian_Grand_Prix,R,STR,2.0,Racing Point,False,SOFT,Russian_Grand_Prix,19,25.0,0,,-0.7965303698676194,0.5118596509573035
2019,Russian_Grand_Prix,R,VER,1.0,Red Bull Racing,True,SOFT,Russian_Grand_Prix,22,30.0,0,,inf,0.6999526257787573
2019,Russian_Grand_Prix,R,VER,2.0,Red Bull Racing,True,MEDIUM,Russian_Grand_Prix,20,24.0,0,,inf,0.6332666587754657
2019,Russian_Grand_Prix,R,VET,1.0,Ferrari,False,SOFT,Russian_Grand_Prix,22,28.0,0,,inf,0.8236931647982433
2019,Singapore_Grand_Prix,R,ALB,1.0,Red Bull Racing,True,SOFT,Singapore_Grand_Prix,18,22.0,0,,18.57600317838518,0.2958249155735872
2019,Singapore_Grand_Prix,R,ALB,2.0,Red Bull Racing,True,HARD,Singapore_Grand_Prix,20,40.0,0,,-2.501344178004787,0.6080148580548093
2019,Singapore_Grand_Prix,R,BOT,1.0,Mercedes,False,SOFT,Singapore_Grand_Prix,19,24.0,0,,-179.03422756711677,0.33482355793034846
2019,Singapore_Grand_Prix,R,BOT,2.0,Mercedes,False,HARD,Singapore_Grand_Prix,14,38.0,0,,-2.9713864645534414,0.3458360601816967
2019,Singapore_Grand_Prix,R,GAS,1.0,Toro Rosso,False,HARD,Singapore_Grand_Prix,24,31.0,0,,22.56540007892496,0.4890256842153891
2019,Singapore_Grand_Prix,R,GAS,2.0,Toro Rosso,False,MEDIUM,Singapore_Grand_Prix,13,28.0,0,,-0.5770350110611397,0.8897219670410585
2019,Singapore_Grand_Prix,R,GIO,1.0,Alfa Romeo Racing,False,MEDIUM,Singapore_Grand_Prix,29,30.0,1,30.0,inf,0.7478265494413181
2019,Singapore_Grand_Prix,R,GIO,3.0,Alfa Romeo Racing,False,SOFT,Singapore_Grand_Prix,12,24.0,0,,-0.8871812161765104,0.5278276369215474
2019,Singapore_Grand_Prix,R,GRO,1.0,Haas F1 Team,False,MEDIUM,Singapore_Grand_Prix,18,22.0,0,,1.7346984507205998,0.35191321736846515
2019,Singapore_Grand_Prix,R,GRO,2.0,Haas F1 Team,False,HARD,Singapore_Grand_Prix,9,11.0,0,,1.3105196451205485,0.6539963429322796
2019,Singapore_Grand_Prix,R,GRO,3.0,Haas F1 Team,False,SOFT,Singapore_Grand_Prix,13,25.0,0,,1.5756060361642186,0.8592955038390868
2019,Singapore_Grand_Prix,R,HAM,1.0,Mercedes,False,SOFT,Singapore_Grand_Prix,24,28.0,0,,inf,0.48677626154144515
2019,Singapore_Grand_Prix,R,HAM,2.0,Mercedes,False,HARD,Singapore_Grand_Prix,15,34.0,0,,-0.831945717209003,0.4800491872377075
2019,Singapore_Grand_Prix,R,HUL,2.0,Renault,False,HARD,Singapore_Grand_Prix,29,34.0,0,,0.32270327861333087,0.40882751570192466
2019,Singapore_Grand_Prix,R,HUL,3.0,Renault,False,MEDIUM,Singapore_Grand_Prix,10,24.0,0,,-1.1116313454904112,0.7441574078834233
2019,Singapore_Grand_Prix,R,KUB,1.0,Williams,False,MEDIUM,Singapore_Grand_Prix,15,20.0,0,,inf,0.16417989184664242
2019,Singapore_Grand_Prix,R,KUB,2.0,Williams,False,HARD,Singapore_Grand_Prix,14,22.0,0,,1.449764159749058,0.716560874578896
2019,Singapore_Grand_Prix,R,KUB,3.0,Williams,False,MEDIUM,Singapore_Grand_Prix,5,16.0,0,,,
2019,Singapore_Grand_Prix,R,KVY,1.0,Toro Rosso,False,MEDIUM,Singapore_Grand_Prix,5,9.0,0,,,
2019,Singapore_Grand_Prix,R,KVY,2.0,Toro Rosso,False,HARD,Singapore_Grand_Prix,19,23.0,0,,0.7387565458796741,0.25581765701313613
2019,Singapore_Grand_Prix,R,KVY,3.0,Toro Rosso,False,SOFT,Singapore_Grand_Prix,9,24.0,0,,-0.10403512439890446,0.7536891520991096
2019,Singapore_Grand_Prix,R,LEC,1.0,Ferrari,False,SOFT,Singapore_Grand_Prix,18,22.0,0,,43.417133781753506,0.5236755489865972
2019,Singapore_Grand_Prix,R,LEC,2.0,Ferrari,False,HARD,Singapore_Grand_Prix,17,40.0,0,,inf,0.5479324026844054
2019,Singapore_Grand_Prix,R,MAG,1.0,Haas F1 Team,False,MEDIUM,Singapore_Grand_Prix,14,17.0,0,,inf,0.5473680462274253
2019,Singapore_Grand_Prix,R,MAG,2.0,Haas F1 Team,False,HARD,Singapore_Grand_Prix,22,37.0,0,,-1.7383688132976785,0.3112389689684728
2019,Singapore_Grand_Prix,R,NOR,1.0,McLaren,False,SOFT,Singapore_Grand_Prix,18,22.0,0,,4.648347542115914,0.3806947345413145
2019,Singapore_Grand_Prix,R,NOR,2.0,McLaren,False,HARD,Singapore_Grand_Prix,21,40.0,0,,-0.8254300576212341,0.719391566573913
2019,Singapore_Grand_Prix,R,PER,1.0,Racing Point,False,MEDIUM,Singapore_Grand_Prix,6,12.0,0,,,
2019,Singapore_Grand_Prix,R,PER,2.0,Racing Point,False,HARD,Singapore_Grand_Prix,19,21.0,1,21.0,4.660815702367639,0.406629809126997
2019,Singapore_Grand_Prix,R,RAI,1.0,Alfa Romeo Racing,False,MEDIUM,Singapore_Grand_Prix,10,14.0,0,,inf,0.21394158344058045
2019,Singapore_Grand_Prix,R,RAI,2.0,Alfa Romeo Racing,False,HARD,Singapore_Grand_Prix,21,34.0,0,,1.972441644299779,0.29795510396109165
2019,Singapore_Grand_Prix,R,RIC,1.0,Renault,False,MEDIUM,Singapore_Grand_Prix,26,30.0,1,30.0,inf,0.5020010643492798
2019,Singapore_Grand_Prix,R,RIC,2.0,Renault,False,HARD,Singapore_Grand_Prix,10,26.0,0,,inf,0.581937461185248
2019,Singapore_Grand_Prix,R,RUS,2.0,Williams,False,HARD,Singapore_Grand_Prix,32,33.0,0,,-0.15624751514763208,0.6329556636559962
2019,Singapore_Grand_Prix,R,SAI,2.0,McLaren,False,HARD,Singapore_Grand_Prix,23,33.0,0,,1.8468119407169332,0.3091266045207964
2019,Singapore_Grand_Prix,R,SAI,3.0,McLaren,False,MEDIUM,Singapore_Grand_Prix,11,25.0,0,,13.19261786565843,0.6554107287028149
2019,Singapore_Grand_Prix,R,STR,1.0,Racing Point,False,MEDIUM,Singapore_Grand_Prix,23,27.0,1,27.0,inf,0.6753733028704458
2019,Singapore_Grand_Prix,R,STR,4.0,Racing Point,False,SOFT,Singapore_Grand_Prix,6,16.0,0,,,
2019,Singapore_Grand_Prix,R,VER,1.0,Red Bull Racing,True,SOFT,Singapore_Grand_Prix,17,21.0,0,,-0.15056452028670284,0.3427365895148602
2019,Singapore_Grand_Prix,R,VER,2.0,Red Bull Racing,True,HARD,Singapore_Grand_Prix,21,41.0,0,,-0.15693674436412441,0.562377792903118
2019,Singapore_Grand_Prix,R,VET,1.0,Ferrari,False,SOFT,Singapore_Grand_Prix,17,21.0,0,,-1.702135618065627,0.6250087614747539
2019,Singapore_Grand_Prix,R,VET,2.0,Ferrari,False,HARD,Singapore_Grand_Prix,20,41.0,0,,inf,0.4223388762657019
2019,Spanish_Grand_Prix,R,ALB,1.0,Toro Rosso,False,SOFT,Spanish_Grand_Prix,21,24.0,0,,inf,0.3904878814083271
2019,Spanish_Grand_Prix,R,ALB,2.0,Toro Rosso,False,MEDIUM,Spanish_Grand_Prix,17,19.0,0,,0.05377259943751206,0.7974244300252123
2019,Spanish_Grand_Prix,R,ALB,3.0,Toro Rosso,False,MEDIUM,Spanish_Grand_Prix,12,20.0,0,,inf,0.5227798660032662
2019,Spanish_Grand_Prix,R,BOT,1.0,Mercedes,False,SOFT,Spanish_Grand_Prix,23,22.0,1,22.0,inf,0.7006645652840034
2019,Spanish_Grand_Prix,R,BOT,2.0,Mercedes,False,MEDIUM,Spanish_Grand_Prix,16,18.0,0,,-0.12141097133965009,0.440611787258484
2019,Spanish_Grand_Prix,R,BOT,3.0,Mercedes,False,SOFT,Spanish_Grand_Prix,13,23.0,0,,inf,0.699720911369431
2019,Spanish_Grand_Prix,R,GAS,1.0,Red Bull Racing,True,SOFT,Spanish_Grand_Prix,19,12.0,1,12.0,inf,0.5410496868189137
2019,Spanish_Grand_Prix,R,GAS,2.0,Red Bull Racing,True,MEDIUM,Spanish_Grand_Prix,20,23.0,0,,inf,0.34087143616543636
2019,Spanish_Grand_Prix,R,GAS,3.0,Red Bull Racing,True,SOFT,Spanish_Grand_Prix,12,22.0,0,,inf,0.8119817919918315
2019,Spanish_Grand_Prix,R,GIO,2.0,Alfa Romeo Racing,False,HARD,Spanish_Grand_Prix,33,34.0,0,,0.6056317536735824,0.27699017723208397
2019,Spanish_Grand_Prix,R,GIO,3.0,Alfa Romeo Racing,False,SOFT,Spanish_Grand_Prix,13,24.0,0,,inf,0.5972072068829608
2019,Spanish_Grand_Prix,R,GRO,1.0,Haas F1 Team,False,SOFT,Spanish_Grand_Prix,24,28.0,0,,inf,0.6977010895274399
2019,Spanish_Grand_Prix,R,GRO,2.0,Haas F1 Team,False,MEDIUM,Spanish_Grand_Prix,16,18.0,0,,-0.8048823118154628,0.3744553297020323
2019,Spanish_Grand_Prix,R,GRO,3.0,Haas F1 Team,False,SOFT,Spanish_Grand_Prix,12,22.0,0,,inf,0.6413753663610565
2019,Spanish_Grand_Prix,R,HAM,1.0,Mercedes,False,SOFT,Spanish_Grand_Prix,24,29.0,0,,inf,0.48496760592672417
2019,Spanish_Grand_Prix,R,HAM,2.0,Mercedes,False,MEDIUM,Spanish_Grand_Prix,15,18.0,0,,-0.051621948887900095,0.347557368706179
2019,Spanish_Grand_Prix,R,HAM,3.0,Mercedes,False,SOFT,Spanish_Grand_Prix,13,22.0,0,,-0.05819097490485812,0.20383746818043388
2019,Spanish_Grand_Prix,R,HUL,1.0,Renault,False,MEDIUM,Spanish_Grand_Prix,28,34.0,0,,inf,0.28773763009860365
2019,Spanish_Grand_Prix,R,HUL,2.0,Renault,False,SOFT,Spanish_Grand_Prix,16,30.0,0,,-0.47041685171287595,0.8980603630310727
2019,Spanish_Grand_Prix,R,KUB,1.0,Williams,False,MEDIUM,Spanish_Grand_Prix,26,30.0,0,,inf,0.19353740447007078
2019,Spanish_Grand_Prix,R,KUB,2.0,Williams,False,SOFT,Spanish_Grand_Prix,7,12.0,0,,1.400000000000006,0.34040298309159883
2019,Spanish_Grand_Prix,R,KUB,3.0,Williams,False,MEDIUM,Spanish_Grand_Prix,12,20.0,0,,inf,0.5738908381042613
2019,Spanish_Grand_Prix,R,KVY,1.0,Toro Rosso,False,SOFT,Spanish_Grand_Prix,18,23.0,0,,inf,0.4810827335794584
2019,Spanish_Grand_Prix,R,KVY,2.0,Toro Rosso,False,MEDIUM,Spanish_Grand_Prix,21,23.0,0,,-0.4259391567732447,0.6731365521785428
2019,Spanish_Grand_Prix,R,KVY,3.0,Toro Rosso,False,MEDIUM,Spanish_Grand_Prix,12,20.0,0,,inf,0.46488241011593184
2019,Spanish_Grand_Prix,R,LEC,1.0,Ferrari,False,SOFT,Spanish_Grand_Prix,22,23.0,1,23.0,inf,0.7470871251824914
2019,Spanish_Grand_Prix,R,LEC,2.0,Ferrari,False,HARD,Spanish_Grand_Prix,18,20.0,0,,0.34898257941733163,0.24365118485895745
2019,Spanish_Grand_Prix,R,LEC,3.0,Ferrari,False,MEDIUM,Spanish_Grand_Prix,12,19.0,0,,inf,0.7466627906392429
2019,Spanish_Grand_Prix,R,MAG,1.0,Haas F1 Team,False,SOFT,Spanish_Grand_Prix,20,25.0,0,,inf,0.5109669435813617
2019,Spanish_Grand_Prix,R,MAG,2.0,Haas F1 Team,False,MEDIUM,Spanish_Grand_Prix,19,21.0,0,,-0.1216478510596119,0.40445350035445543
2019,Spanish_Grand_Prix,R,MAG,3.0,Haas F1 Team,False,SOFT,Spanish_Grand_Prix,12,23.0,0,,-0.3529267092965808,0.6692407004259957
2019,Spanish_Grand_Prix,R,NOR,1.0,McLaren,False,SOFT,Spanish_Grand_Prix,20,25.0,0,,-0.10958495073155865,0.7272564594220654
2019,Spanish_Grand_Prix,R,NOR,2.0,McLaren,False,MEDIUM,Spanish_Grand_Prix,17,18.0,0,,0.3712275197737737,0.27756315059516545
2019,Spanish_Grand_Prix,R,PER,1.0,Racing Point,False,SOFT,Spanish_Grand_Prix,19,23.0,0,,inf,0.5372625956590461
2019,Spanish_Grand_Prix,R,PER,2.0,Racing Point,False,MEDIUM,Spanish_Grand_Prix,19,20.0,0,,0.5694078670888019,0.11834448210115009
2019,Spanish_Grand_Prix,R,PER,3.0,Racing Point,False,SOFT,Spanish_Grand_Prix,12,23.0,0,,0.03686960016072694,0.30941124393952263
2019,Spanish_Grand_Prix,R,RAI,1.0,Alfa Romeo Racing,False,MEDIUM,Spanish_Grand_Prix,23,27.0,0,,inf,0.5774470341808496
2019,Spanish_Grand_Prix,R,RAI,2.0,Alfa Romeo Racing,False,HARD,Spanish_Grand_Prix,12,16.0,0,,inf,0.5509043345820602
2019,Spanish_Grand_Prix,R,RAI,3.0,Alfa Romeo Racing,False,SOFT,Spanish_Grand_Prix,12,20.0,0,,inf,0.8750625357207658
2019,Spanish_Grand_Prix,R,RIC,1.0,Renault,False,SOFT,Spanish_Grand_Prix,21,26.0,0,,inf,0.37808286544319614
2019,Spanish_Grand_Prix,R,RIC,2.0,Renault,False,HARD,Spanish_Grand_Prix,18,20.0,0,,inf,0.45532689263435816
2019,Spanish_Grand_Prix,R,RIC,3.0,Renault,False,MEDIUM,Spanish_Grand_Prix,12,20.0,0,,inf,0.7930596137629372
2019,Spanish_Grand_Prix,R,RUS,1.0,Williams,False,MEDIUM,Spanish_Grand_Prix,28,31.0,0,,-14.751481667502487,0.28734859369887633
2019,Spanish_Grand_Prix,R,RUS,2.0,Williams,False,SOFT,Spanish_Grand_Prix,7,11.0,0,,-3.9481171548112037,0.8056419291838813
2019,Spanish_Grand_Prix,R,RUS,3.0,Williams,False,MEDIUM,Spanish_Grand_Prix,12,20.0,0,,inf,0.27651176326719473
2019,Spanish_Grand_Prix,R,SAI,1.0,McLaren,False,SOFT,Spanish_Grand_Prix,20,19.0,1,19.0,inf,0.6136946307495584
2019,Spanish_Grand_Prix,R,SAI,2.0,McLaren,False,MEDIUM,Spanish_Grand_Prix,19,20.0,0,,-973.4193548347109,0.5412089966909416
2019,Spanish_Grand_Prix,R,SAI,3.0,McLaren,False,SOFT,Spanish_Grand_Prix,12,22.0,0,,0.35069868403205545,0.5793773242151091
2019,Spanish_Grand_Prix,R,STR,1.0,Racing Point,False,MEDIUM,Spanish_Grand_Prix,18,21.0,0,,-1.178125516215914,0.5504479559373665
2019,Spanish_Grand_Prix,R,STR,2.0,Racing Point,False,SOFT,Spanish_Grand_Prix,21,22.0,0,,inf,0.2211445548560418
2019,Spanish_Grand_Prix,R,VER,1.0,Red Bull Racing,True,SOFT,Spanish_Grand_Prix,18,22.0,0,,inf,0.8753312843235678
2019,Spanish_Grand_Prix,R,VER,2.0,Red Bull Racing,True,SOFT,Spanish_Grand_Prix,20,22.0,0,,0.23803353359252066,0.5870617978621213
2019,Spanish_Grand_Prix,R,VER,3.0,Red Bull Racing,True,MEDIUM,Spanish_Grand_Prix,14,22.0,0,,0.03307038536156078,0.8457321131042658
2019,Spanish_Grand_Prix,R,VET,1.0,Ferrari,False,SOFT,Spanish_Grand_Prix,17,21.0,0,,inf,0.5658467009623044
2019,Spanish_Grand_Prix,R,VET,2.0,Ferrari,False,MEDIUM,Spanish_Grand_Prix,17,20.0,0,,-0.19388703941625035,0.3409947066998868
2019,Spanish_Grand_Prix,R,VET,3.0,Ferrari,False,MEDIUM,Spanish_Grand_Prix,17,25.0,0,,-0.1856145654994709,0.8481438329978797
2019,United_States_Grand_Prix,R,ALB,2.0,Red Bull Racing,True,MEDIUM,United_States_Grand_Prix,13,18.0,0,,0.7901011400880427,0.8908461620682859
2019,United_States_Grand_Prix,R,ALB,3.0,Red Bull Racing,True,MEDIUM,United_States_Grand_Prix,16,19.0,0,,-2.1595992101220634,0.10898926953312127
2019,United_States_Grand_Prix,R,ALB,4.0,Red Bull Racing,True,SOFT,United_States_Grand_Prix,14,18.0,0,,-3.0096357512414302,0.5362343244286579
2019,United_States_Grand_Prix,R,BOT,1.0,Mercedes,False,MEDIUM,United_States_Grand_Prix,12,16.0,0,,inf,0.5664510055382049
2019,United_States_Grand_Prix,R,BOT,2.0,Mercedes,False,HARD,United_States_Grand_Prix,19,20.0,0,,1.4988853192733864,0.44492800948070826
2019,United_States_Grand_Prix,R,BOT,3.0,Mercedes,False,MEDIUM,United_States_Grand_Prix,15,20.0,0,,2.114115648244387,0.18717202485019868
2019,United_States_Grand_Prix,R,GAS,1.0,Toro Rosso,False,SOFT,United_States_Grand_Prix,16,21.0,0,,inf,0.6098944882301949
2019,United_States_Grand_Prix,R,GAS,2.0,Toro Rosso,False,HARD,United_States_Grand_Prix,31,29.0,1,29.0,323.62944907794764,0.7876829538150486
2019,United_States_Grand_Prix,R,GIO,1.0,Alfa Romeo Racing,False,MEDIUM,United_States_Grand_Prix,14,16.0,0,,-7.5824904377396996,0.7249470973577128
2019,United_States_Grand_Prix,R,GIO,2.0,Alfa Romeo Racing,False,HARD,United_States_Grand_Prix,18,21.0,0,,5.261963495979048,0.38168584101357794
2019,United_States_Grand_Prix,R,GIO,3.0,Alfa Romeo Racing,False,SOFT,United_States_Grand_Prix,14,15.0,0,,0.21500313873194798,0.5416972827045233
2019,United_States_Grand_Prix,R,GRO,1.0,Haas F1 Team,False,MEDIUM,United_States_Grand_Prix,20,23.0,0,,-10.186218431992312,0.3635991262432748
2019,United_States_Grand_Prix,R,GRO,2.0,Haas F1 Team,False,HARD,United_States_Grand_Prix,28,31.0,0,,-0.017492929934559122,0.16193383970744588
2019,United_States_Grand_Prix,R,HAM,1.0,Mercedes,False,MEDIUM,United_States_Grand_Prix,22,26.0,0,,2.7230048193836422,0.6412352730733853
2019,United_States_Grand_Prix,R,HAM,2.0,Mercedes,False,HARD,United_States_Grand_Prix,30,26.0,1,26.0,inf,0.5726672705478794
2019,United_States_Grand_Prix,R,HUL,1.0,Renault,False,HARD,United_States_Grand_Prix,23,22.0,1,22.0,inf,0.683163405830161
2019,United_States_Grand_Prix,R,HUL,2.0,Renault,False,MEDIUM,United_States_Grand_Prix,8,11.0,0,,inf,0.4535588055346209
2019,United_States_Grand_Prix,R,HUL,3.0,Renault,False,SOFT,United_States_Grand_Prix,11,15.0,0,,3.124533209714517,0.45265632773658854
2019,United_States_Grand_Prix,R,KUB,1.0,Williams,False,MEDIUM,United_States_Grand_Prix,8,6.0,1,6.0,inf,0.864381373944864
2019,United_States_Grand_Prix,R,KUB,2.0,Williams,False,HARD,United_States_Grand_Prix,13,19.0,0,,0.47435864527628746,0.24017568638794742
2019,United_States_Grand_Prix,R,KVY,1.0,Toro Rosso,False,HARD,United_States_Grand_Prix,18,20.0,0,,inf,0.31117279848089663
2019,United_States_Grand_Prix,R,KVY,2.0,Toro Rosso,False,MEDIUM,United_States_Grand_Prix,14,17.0,0,,0.23870105727896204,0.375860345663636
2019,United_States_Grand_Prix,R,KVY,3.0,Toro Rosso,False,SOFT,United_States_Grand_Prix,12,15.0,0,,0.682181923335722,0.6379632196503218
2019,United_States_Grand_Prix,R,LEC,1.0,Ferrari,False,MEDIUM,United_States_Grand_Prix,18,22.0,0,,-17.016943930989946,0.43908763157186986
2019,United_States_Grand_Prix,R,LEC,2.0,Ferrari,False,HARD,United_States_Grand_Prix,18,15.0,1,15.0,3.042328042326974,0.7086104940317849
2019,United_States_Grand_Prix,R,LEC,3.0,Ferrari,False,SOFT,United_States_Grand_Prix,5,12.0,0,,,
2019,United_States_Grand_Prix,R,MAG,1.0,Haas F1 Team,False,MEDIUM,United_States_Grand_Prix,14,17.0,0,,-1.305618428215429,0.48985549635449616
2019,United_States_Grand_Prix,R,MAG,2.0,Haas F1 Team,False,HARD,United_States_Grand_Prix,19,22.0,0,,3.8161934566143594,0.34025842173174037
2019,United_States_Grand_Prix,R,MAG,3.0,Haas F1 Team,False,SOFT,United_States_Grand_Prix,10,12.0,0,,-0.6630743051615989,0.1351143832583233
2019,United_States_Grand_Prix,R,NOR,1.0,McLaren,False,SOFT,United_States_Grand_Prix,17,21.0,0,,inf,0.5423942292738401
2019,United_States_Grand_Prix,R,NOR,2.0,McLaren,False,HARD,United_States_Grand_Prix,19,22.0,0,,-2.563683360011158,0.3660476831202334
2019,United_States_Grand_Prix,R,NOR,3.0,McLaren,False,MEDIUM,United_States_Grand_Prix,10,13.0,0,,1.1492709393014864,0.7525514529352179
2019,United_States_Grand_Prix,R,PER,1.0,Racing Point,False,MEDIUM,United_States_Grand_Prix,17,19.0,1,19.0,inf,0.5962796389468387
2019,United_States_Grand_Prix,R,PER,2.0,Racing Point,False,HARD,United_States_Grand_Prix,27,30.0,0,,-20.382943869793287,0.6578311657821664
2019,United_States_Grand_Prix,R,RAI,1.0,Alfa Romeo Racing,False,SOFT,United_States_Grand_Prix,14,17.0,0,,0.25053995680344715,0.5092624093614752
2019,United_States_Grand_Prix,R,RAI,2.0,Alfa Romeo Racing,False,HARD,United_States_Grand_Prix,18,21.0,0,,-0.13156535522825144,0.4495598244408232
2019,United_States_Grand_Prix,R,RAI,3.0,Alfa Romeo Racing,False,SOFT,United_States_Grand_Prix,10,14.0,0,,0.7068359827594299,0.4617966783104986
2019,United_States_Grand_Prix,R,RIC,1.0,Renault,False,SOFT,United_States_Grand_Prix,19,10.0,1,10.0,inf,0.4149194044371703
2019,United_States_Grand_Prix,R,RIC,2.0,Renault,False,HARD,United_States_Grand_Prix,31,34.0,0,,inf,0.3039509343088689
2019,United_States_Grand_Prix,R,RUS,1.0,Williams,False,MEDIUM,United_States_Grand_Prix,19,18.0,1,18.0,inf,0.4854880613869541
2019,United_States_Grand_Prix,R,RUS,2.0,Williams,False,HARD,United_States_Grand_Prix,20,22.0,0,,3.0258694330407905,0.4962091765675777
2019,United_States_Grand_Prix,R,RUS,3.0,Williams,False,SOFT,United_States_Grand_Prix,2,7.0,0,,,
2019,United_States_Grand_Prix,R,SAI,1.0,McLaren,False,SOFT,United_States_Grand_Prix,15,9.0,1,9.0,inf,0.33679106272066633
2019,United_States_Grand_Prix,R,SAI,2.0,McLaren,False,HARD,United_States_Grand_Prix,34,33.0,1,33.0,inf,0.49744536716963095
2019,United_States_Grand_Prix,R,STR,1.0,Racing Point,False,MEDIUM,United_States_Grand_Prix,6,8.0,0,,,
2019,United_States_Grand_Prix,R,STR,2.0,Racing Point,False,HARD,United_States_Grand_Prix,17,19.0,0,,-0.3427453341360839,0.3202304786793632
2019,United_States_Grand_Prix,R,STR,3.0,Racing Point,False,SOFT,United_States_Grand_Prix,23,25.0,0,,1.3316566476589626,0.5142429463989661
2019,United_States_Grand_Prix,R,VER,1.0,Red Bull Racing,True,MEDIUM,United_States_Grand_Prix,11,10.0,1,10.0,inf,0.5565920497172607
2019,United_States_Grand_Prix,R,VER,2.0,Red Bull Racing,True,HARD,United_States_Grand_Prix,19,21.0,0,,5.366430123098675,0.2697011635150745
2019,United_States_Grand_Prix,R,VER,3.0,Red Bull Racing,True,MEDIUM,United_States_Grand_Prix,20,21.0,0,,8.286414346782829,0.33299961244264464
2019,United_States_Grand_Prix,R,VET,1.0,Ferrari,False,MEDIUM,United_States_Grand_Prix,5,10.0,0,,,
2020,70th_Anniversary_Grand_Prix,R,ALB,2.0,Red Bull Racing,True,HARD,70th_Anniversary_Grand_Prix,17,23.0,0,,-0.3085178176540083,0.750924854247002
2020,70th_Anniversary_Grand_Prix,R,ALB,3.0,Red Bull Racing,True,HARD,70th_Anniversary_Grand_Prix,17,21.0,0,,inf,0.5166668057361493
2020,70th_Anniversary_Grand_Prix,R,BOT,1.0,Mercedes,False,MEDIUM,70th_Anniversary_Grand_Prix,11,15.0,0,,0.3414927768860081,0.6733142505486498
2020,70th_Anniversary_Grand_Prix,R,BOT,2.0,Mercedes,False,HARD,70th_Anniversary_Grand_Prix,17,18.0,0,,-6.031658055425219,0.7074951938044903
2020,70th_Anniversary_Grand_Prix,R,BOT,3.0,Mercedes,False,HARD,70th_Anniversary_Grand_Prix,17,16.0,1,16.0,inf,0.8470383316466783
2020,70th_Anniversary_Grand_Prix,R,GAS,1.0,AlphaTauri,False,MEDIUM,70th_Anniversary_Grand_Prix,5,9.0,0,,,
2020,70th_Anniversary_Grand_Prix,R,GAS,2.0,AlphaTauri,False,HARD,70th_Anniversary_Grand_Prix,14,10.0,1,10.0,inf,0.23485681625608637
2020,70th_Anniversary_Grand_Prix,R,GAS,3.0,AlphaTauri,False,HARD,70th_Anniversary_Grand_Prix,24,28.0,0,,-0.6200439888380884,0.4493657144845909
2020,70th_Anniversary_Grand_Prix,R,GIO,1.0,Alfa Romeo Racing,False,MEDIUM,70th_Anniversary_Grand_Prix,5,6.0,0,,,
2020,70th_Anniversary_Grand_Prix,R,GIO,2.0,Alfa Romeo Racing,False,HARD,70th_Anniversary_Grand_Prix,24,25.0,0,,-0.045668698421692674,0.39221499198000553
2020,70th_Anniversary_Grand_Prix,R,GIO,3.0,Alfa Romeo Racing,False,MEDIUM,70th_Anniversary_Grand_Prix,15,17.0,0,,-18.27919645898733,0.4909488781576241
2020,70th_Anniversary_Grand_Prix,R,GRO,1.0,Haas F1 Team,False,MEDIUM,70th_Anniversary_Grand_Prix,12,19.0,0,,inf,0.8011445694754286
2020,70th_Anniversary_Grand_Prix,R,GRO,2.0,Haas F1 Team,False,HARD,70th_Anniversary_Grand_Prix,18,21.0,0,,inf,0.5549661001358231
2020,70th_Anniversary_Grand_Prix,R,GRO,3.0,Haas F1 Team,False,HARD,70th_Anniversary_Grand_Prix,9,12.0,0,,-0.09013921113683293,0.19107989947700305
2020,70th_Anniversary_Grand_Prix,R,HAM,1.0,Mercedes,False,MEDIUM,70th_Anniversary_Grand_Prix,12,16.0,0,,0.21797931583133606,0.7776239173137482
2020,70th_Anniversary_Grand_Prix,R,HAM,2.0,Mercedes,False,HARD,70th_Anniversary_Grand_Prix,25,26.0,0,,-0.2774055670446563,0.6459740387862097
2020,70th_Anniversary_Grand_Prix,R,HAM,3.0,Mercedes,False,HARD,70th_Anniversary_Grand_Prix,9,10.0,0,,0.4572537423766302,0.76922542055113
2020,70th_Anniversary_Grand_Prix,R,HUL,1.0,Racing Point,False,MEDIUM,70th_Anniversary_Grand_Prix,13,17.0,0,,-2.1037999727112866,0.631119186567456
2020,70th_Anniversary_Grand_Prix,R,HUL,2.0,Racing Point,False,HARD,70th_Anniversary_Grand_Prix,12,14.0,0,,-1.0004037586258105,0.7538519323878552
2020,70th_Anniversary_Grand_Prix,R,HUL,3.0,Racing Point,False,HARD,70th_Anniversary_Grand_Prix,12,13.0,0,,1.1460869565218066,0.26353463539829186
2020,70th_Anniversary_Grand_Prix,R,HUL,4.0,Racing Point,False,SOFT,70th_Anniversary_Grand_Prix,6,9.0,0,,,
2020,70th_Anniversary_Grand_Prix,R,KVY,1.0,AlphaTauri,False,HARD,70th_Anniversary_Grand_Prix,15,18.0,0,,-1.743277524099582,0.5020846089171402
2020,70th_Anniversary_Grand_Prix,R,KVY,2.0,AlphaTauri,False,HARD,70th_Anniversary_Grand_Prix,14,15.0,0,,-1.4810721317343054,0.7395814679319191
2020,70th_Anniversary_Grand_Prix,R,KVY,3.0,AlphaTauri,False,MEDIUM,70th_Anniversary_Grand_Prix,15,16.0,0,,7.82553606236078,0.4355840257456686
2020,70th_Anniversary_Grand_Prix,R,LAT,1.0,Williams,False,MEDIUM,70th_Anniversary_Grand_Prix,4,8.0,0,,,
2020,70th_Anniversary_Grand_Prix,R,LAT,2.0,Williams,False,HARD,70th_Anniversary_Grand_Prix,15,16.0,0,,0.8053993250843157,0.6903433678855683
2020,70th_Anniversary_Grand_Prix,R,LAT,3.0,Williams,False,HARD,70th_Anniversary_Grand_Prix,18,19.0,0,,0.18080374963675988,0.45544549491089487
2020,70th_Anniversary_Grand_Prix,R,LEC,1.0,Ferrari,False,MEDIUM,70th_Anniversary_Grand_Prix,15,20.0,0,,inf,0.31623707777989
2020,70th_Anniversary_Grand_Prix,R,LEC,2.0,Ferrari,False,HARD,70th_Anniversary_Grand_Prix,31,30.0,1,30.0,inf,0.7399335252375356
2020,70th_Anniversary_Grand_Prix,R,MAG,1.0,Haas F1 Team,False,MEDIUM,70th_Anniversary_Grand_Prix,5,8.0,0,,,
2020,70th_Anniversary_Grand_Prix,R,MAG,2.0,Haas F1 Team,False,HARD,70th_Anniversary_Grand_Prix,9,8.0,1,8.0,2.59251101321589,0.6364485845281795
2020,70th_Anniversary_Grand_Prix,R,MAG,3.0,Haas F1 Team,False,HARD,70th_Anniversary_Grand_Prix,18,22.0,0,,-0.1676995207702633,0.7758163308466459
2020,70th_Anniversary_Grand_Prix,R,NOR,1.0,McLaren,False,MEDIUM,70th_Anniversary_Grand_Prix,10,14.0,0,,inf,0.3380436818794209
2020,70th_Anniversary_Grand_Prix,R,NOR,2.0,McLaren,False,HARD,70th_Anniversary_Grand_Prix,15,16.0,0,,-0.9880567654910031,0.4870184952899441
2020,70th_Anniversary_Grand_Prix,R,NOR,3.0,McLaren,False,HARD,70th_Anniversary_Grand_Prix,19,22.0,0,,inf,0.48928306601026134
2020,70th_Anniversary_Grand_Prix,R,OCO,1.0,Renault,False,MEDIUM,70th_Anniversary_Grand_Prix,16,21.0,0,,inf,0.7371559881642311
2020,70th_Anniversary_Grand_Prix,R,OCO,2.0,Renault,False,HARD,70th_Anniversary_Grand_Prix,25,29.0,0,,-0.2520426529185132,0.5244482574503907
2020,70th_Anniversary_Grand_Prix,R,RAI,1.0,Alfa Romeo Racing,False,HARD,70th_Anniversary_Grand_Prix,21,25.0,0,,0.0449436408340638,0.36144516410156
2020,70th_Anniversary_Grand_Prix,R,RAI,2.0,Alfa Romeo Racing,False,MEDIUM,70th_Anniversary_Grand_Prix,22,24.0,0,,-8.726011560692923,0.32679771603485896
2020,70th_Anniversary_Grand_Prix,R,RIC,1.0,Renault,False,MEDIUM,70th_Anniversary_Grand_Prix,12,16.0,0,,inf,0.33091154342176854
2020,70th_Anniversary_Grand_Prix,R,RIC,2.0,Renault,False,MEDIUM,70th_Anniversary_Grand_Prix,10,14.0,0,,inf,0.6047393235627665
2020,70th_Anniversary_Grand_Prix,R,RIC,3.0,Renault,False,HARD,70th_Anniversary_Grand_Prix,6,8.0,0,,,
2020,70th_Anniversary_Grand_Prix,R,RIC,4.0,Renault,False,MEDIUM,70th_Anniversary_Grand_Prix,14,14.0,1,14.0,inf,0.28363281545109353
2020,70th_Anniversary_Grand_Prix,R,RUS,1.0,Williams,False,MEDIUM,70th_Anniversary_Grand_Prix,4,7.0,0,,,
2020,70th_Anniversary_Grand_Prix,R,RUS,2.0,Williams,False,HARD,70th_Anniversary_Grand_Prix,14,15.0,0,,0.33684210526312347,0.30402069880251076
2020,70th_Anniversary_Grand_Prix,R,RUS,3.0,Williams,False,HARD,70th_Anniversary_Grand_Prix,13,14.0,0,,0.26792737778651143,0.3080912654260047
2020,70th_Anniversary_Grand_Prix,R,RUS,4.0,Williams,False,MEDIUM,70th_Anniversary_Grand_Prix,10,16.0,0,,inf,0.26886541290609145
2020,70th_Anniversary_Grand_Prix,R,SAI,1.0,McLaren,False,HARD,70th_Anniversary_Grand_Prix,18,21.0,0,,inf,0.6322943460176372
2020,70th_Anniversary_Grand_Prix,R,SAI,2.0,McLaren,False,MEDIUM,70th_Anniversary_Grand_Prix,10,14.0,0,,inf,0.12724456474696016
2020,70th_Anniversary_Grand_Prix,R,SAI,3.0,McLaren,False,HARD,70th_Anniversary_Grand_Prix,16,17.0,0,,-0.4653807730730729,0.5650311107204492
2020,70th_Anniversary_Grand_Prix,R,STR,1.0,Racing Point,False,MEDIUM,70th_Anniversary_Grand_Prix,16,20.0,0,,-5.948717948720612,0.5756715422633398
2020,70th_Anniversary_Grand_Prix,R,STR,2.0,Racing Point,False,HARD,70th_Anniversary_Grand_Prix,9,12.0,0,,inf,0.28147754362615274
2020,70th_Anniversary_Grand_Prix,R,STR,3.0,Racing Point,False,HARD,70th_Anniversary_Grand_Prix,19,20.0,0,,3.9409498901375093,0.6153224454926518
2020,70th_Anniversary_Grand_Prix,R,VER,1.0,Red Bull Racing,True,HARD,70th_Anniversary_Grand_Prix,24,28.0,0,,-1.311840102146018,0.9050180635942502
2020,70th_Anniversary_Grand_Prix,R,VER,3.0,Red Bull Racing,True,HARD,70th_Anniversary_Grand_Prix,16,19.0,0,,inf,0.6889956854231525
2020,70th_Anniversary_Grand_Prix,R,VET,1.0,Ferrari,False,HARD,70th_Anniversary_Grand_Prix,17,22.0,0,,inf,0.435509789839342
2020,70th_Anniversary_Grand_Prix,R,VET,2.0,Ferrari,False,HARD,70th_Anniversary_Grand_Prix,9,6.0,1,6.0,inf,0.38292260125625377
2020,70th_Anniversary_Grand_Prix,R,VET,3.0,Ferrari,False,MEDIUM,70th_Anniversary_Grand_Prix,17,21.0,0,,-0.18653771296822935,0.6389673854398458
2020,Abu_Dhabi_Grand_Prix,R,ALB,1.0,Red Bull Racing,True,SOFT,Abu_Dhabi_Grand_Prix,8,12.0,0,,inf,0.8435914327472852
2020,Abu_Dhabi_Grand_Prix,R,ALB,2.0,Red Bull Racing,True,HARD,Abu_Dhabi_Grand_Prix,38,44.0,0,,inf,0.4206444257038391
2020,Abu_Dhabi_Grand_Prix,R,BOT,1.0,Mercedes,False,MEDIUM,Abu_Dhabi_Grand_Prix,8,12.0,0,,0.7170731707317711,0.3795156997964752
2020,Abu_Dhabi_Grand_Prix,R,BOT,2.0,Mercedes,False,HARD,Abu_Dhabi_Grand_Prix,41,32.0,1,32.0,inf,0.28882672992438735
2020,Abu_Dhabi_Grand_Prix,R,FIT,1.0,Haas F1 Team,False,MEDIUM,Abu_Dhabi_Grand_Prix,5,8.0,0,,,
2020,Abu_Dhabi_Grand_Prix,R,FIT,2.0,Haas F1 Team,False,HARD,Abu_Dhabi_Grand_Prix,17,23.0,0,,inf,0.39838823674155066
2020,Abu_Dhabi_Grand_Prix,R,FIT,3.0,Haas F1 Team,False,MEDIUM,Abu_Dhabi_Grand_Prix,8,12.0,0,,0.707469170403606,0.4173015963855407
2020,Abu_Dhabi_Grand_Prix,R,GAS,1.0,AlphaTauri,False,SOFT,Abu_Dhabi_Grand_Prix,8,12.0,0,,inf,0.35596151164525486
2020,Abu_Dhabi_Grand_Prix,R,GAS,2.0,AlphaTauri,False,HARD,Abu_Dhabi_Grand_Prix,35,44.0,0,,-0.8698198124209293,0.2550802568217299
2020,Abu_Dhabi_Grand_Prix,R,GIO,1.0,Alfa Romeo Racing,False,MEDIUM,Abu_Dhabi_Grand_Prix,20,26.0,0,,-0.546299981587709,0.39997914100741
2020,Abu_Dhabi_Grand_Prix,R,GIO,2.0,Alfa Romeo Racing,False,HARD,Abu_Dhabi_Grand_Prix,21,26.0,0,,-3.601963134977472,0.4275406308403257
2020,Abu_Dhabi_Grand_Prix,R,HAM,1.0,Mercedes,False,MEDIUM,Abu_Dhabi_Grand_Prix,8,12.0,0,,inf,0.6949161412269333
2020,Abu_Dhabi_Grand_Prix,R,HAM,2.0,Mercedes,False,HARD,Abu_Dhabi_Grand_Prix,41,31.0,1,31.0,inf,0.5917041608237298
2020,Abu_Dhabi_Grand_Prix,R,KVY,1.0,AlphaTauri,False,SOFT,Abu_Dhabi_Grand_Prix,8,9.0,1,9.0,inf,0.7786776827142576
2020,Abu_Dhabi_Grand_Prix,R,KVY,2.0,AlphaTauri,False,HARD,Abu_Dhabi_Grand_Prix,34,43.0,0,,-0.5404870184015726,0.302692018014095
2020,Abu_Dhabi_Grand_Prix,R,LAT,1.0,Williams,False,MEDIUM,Abu_Dhabi_Grand_Prix,6,8.0,0,,,
2020,Abu_Dhabi_Grand_Prix,R,LAT,2.0,Williams,False,HARD,Abu_Dhabi_Grand_Prix,15,23.0,0,,inf,0.6960853768921553
2020,Abu_Dhabi_Grand_Prix,R,LAT,3.0,Williams,False,MEDIUM,Abu_Dhabi_Grand_Prix,16,18.0,0,,0.0737775235916512,0.4661401968926937
2020,Abu_Dhabi_Grand_Prix,R,LEC,1.0,Ferrari,False,MEDIUM,Abu_Dhabi_Grand_Prix,16,24.0,0,,2.6149568222131525,0.5162884971399765
2020,Abu_Dhabi_Grand_Prix,R,LEC,2.0,Ferrari,False,HARD,Abu_Dhabi_Grand_Prix,28,31.0,0,,21.863372366710166,0.3125503443105498
2020,Abu_Dhabi_Grand_Prix,R,MAG,1.0,Haas F1 Team,False,HARD,Abu_Dhabi_Grand_Prix,20,27.0,1,27.0,inf,0.6101713770114852
2020,Abu_Dhabi_Grand_Prix,R,MAG,2.0,Haas F1 Team,False,MEDIUM,Abu_Dhabi_Grand_Prix,9,8.0,1,8.0,2.050509506374311,0.7871616692833759
2020,Abu_Dhabi_Grand_Prix,R,MAG,3.0,Haas F1 Team,False,MEDIUM,Abu_Dhabi_Grand_Prix,5,6.0,0,,,
2020,Abu_Dhabi_Grand_Prix,R,NOR,1.0,McLaren,False,SOFT,Abu_Dhabi_Grand_Prix,8,12.0,0,,inf,0.869280494686535
2020,Abu_Dhabi_Grand_Prix,R,NOR,2.0,McLaren,False,HARD,Abu_Dhabi_Grand_Prix,38,44.0,0,,inf,0.49265353238441173
2020,Abu_Dhabi_Grand_Prix,R,OCO,1.0,Renault,False,MEDIUM,Abu_Dhabi_Grand_Prix,7,9.0,0,,inf,0.4522343762567432
2020,Abu_Dhabi_Grand_Prix,R,OCO,2.0,Renault,False,HARD,Abu_Dhabi_Grand_Prix,35,44.0,0,,0.6714260601236091,0.44184041444191585
2020,Abu_Dhabi_Grand_Prix,R,PER,1.0,Racing Point,False,HARD,Abu_Dhabi_Grand_Prix,3,8.0,0,,,
2020,Abu_Dhabi_Grand_Prix,R,RAI,1.0,Alfa Romeo Racing,False,MEDIUM,Abu_Dhabi_Grand_Prix,7,6.0,1,6.0,5.646031746032616,0.4122233917560212
2020,Abu_Dhabi_Grand_Prix,R,RAI,2.0,Alfa Romeo Racing,False,HARD,Abu_Dhabi_Grand_Prix,31,43.0,0,,inf,0.13856126222384182
2020,Abu_Dhabi_Grand_Prix,R,RIC,1.0,Renault,False,HARD,Abu_Dhabi_Grand_Prix,25,38.0,0,,inf,0.5779560990929531
2020,Abu_Dhabi_Grand_Prix,R,RIC,2.0,Renault,False,MEDIUM,Abu_Dhabi_Grand_Prix,11,15.0,0,,-0.07160438014867028,0.25773351819746787
2020,Abu_Dhabi_Grand_Prix,R,RUS,1.0,Williams,False,MEDIUM,Abu_Dhabi_Grand_Prix,6,8.0,0,,,
2020,Abu_Dhabi_Grand_Prix,R,RUS,2.0,Williams,False,HARD,Abu_Dhabi_Grand_Prix,35,43.0,0,,inf,0.24600877574693175
2020,Abu_Dhabi_Grand_Prix,R,SAI,1.0,McLaren,False,MEDIUM,Abu_Dhabi_Grand_Prix,8,12.0,0,,inf,0.5384280183232758
2020,Abu_Dhabi_Grand_Prix,R,SAI,2.0,McLaren,False,HARD,Abu_Dhabi_Grand_Prix,36,44.0,0,,inf,0.4876730837211013
2020,Abu_Dhabi_Grand_Prix,R,STR,1.0,Racing Point,False,SOFT,Abu_Dhabi_Grand_Prix,8,12.0,0,,inf,0.748221616924313
2020,Abu_Dhabi_Grand_Prix,R,STR,2.0,Racing Point,False,HARD,Abu_Dhabi_Grand_Prix,36,44.0,0,,0.4385113275510176,0.4627234475834798
2020,Abu_Dhabi_Grand_Prix,R,VER,1.0,Red Bull Racing,True,MEDIUM,Abu_Dhabi_Grand_Prix,8,12.0,0,,-0.5544303797465415,0.7592078494508575
2020,Abu_Dhabi_Grand_Prix,R,VER,2.0,Red Bull Racing,True,HARD,Abu_Dhabi_Grand_Prix,41,44.0,0,,-13.102904905453752,0.21737281707507444
2020,Abu_Dhabi_Grand_Prix,R,VET,1.0,Ferrari,False,HARD,Abu_Dhabi_Grand_Prix,24,34.0,0,,inf,0.3311840294842801
2020,Abu_Dhabi_Grand_Prix,R,VET,2.0,Ferrari,False,MEDIUM,Abu_Dhabi_Grand_Prix,13,13.0,1,13.0,2.669276413383984,0.26562440177840485
2020,Austrian_Grand_Prix,R,ALB,1.0,Red Bull Racing,True,SOFT,Austrian_Grand_Prix,19,23.0,0,,inf,0.48167873419213575
2020,Austrian_Grand_Prix,R,ALB,2.0,Red Bull Racing,True,HARD,Austrian_Grand_Prix,15,21.0,0,,-2.1396725192343453,0.8611308039921426
2020,Austrian_Grand_Prix,R,BOT,1.0,Mercedes,False,SOFT,Austrian_Grand_Prix,20,24.0,0,,inf,0.6585079167978586
2020,Austrian_Grand_Prix,R,BOT,2.0,Mercedes,False,HARD,Austrian_Grand_Prix,16,22.0,0,,inf,0.42744828961503056
2020,Austrian_Grand_Prix,R,BOT,3.0,Mercedes,False,HARD,Austrian_Grand_Prix,7,43.0,0,,inf,0.03369057593693013
2020,Austrian_Grand_Prix,R,GAS,1.0,AlphaTauri,False,MEDIUM,Austrian_Grand_Prix,16,20.0,0,,-0.29182097132579005,0.22215806019053325
2020,Austrian_Grand_Prix,R,GAS,2.0,AlphaTauri,False,HARD,Austrian_Grand_Prix,15,21.0,0,,inf,0.4497550031198988
2020,Austrian_Grand_Prix,R,GAS,3.0,AlphaTauri,False,HARD,Austrian_Grand_Prix,6,42.0,0,,,
2020,Austrian_Grand_Prix,R,GIO,1.0,Alfa Romeo Racing,False,MEDIUM,Austrian_Grand_Prix,15,19.0,0,,inf,0.24513952507984466
2020,Austrian_Grand_Prix,R,GIO,2.0,Alfa Romeo Racing,False,HARD,Austrian_Grand_Prix,15,22.0,0,,inf,0.22522216910428033
2020,Austrian_Grand_Prix,R,GIO,3.0,Alfa Romeo Racing,False,SOFT,Austrian_Grand_Prix,5,14.0,0,,,
2020,Austrian_Grand_Prix,R,GRO,1.0,Haas F1 Team,False,MEDIUM,Austrian_Grand_Prix,13,13.0,1,13.0,inf,0.8177204379750452
2020,Austrian_Grand_Prix,R,GRO,2.0,Haas F1 Team,False,HARD,Austrian_Grand_Prix,13,24.0,0,,inf,0.6453180599351919
2020,Austrian_Grand_Prix,R,HAM,1.0,Mercedes,False,SOFT,Austrian_Grand_Prix,17,23.0,0,,0.24366258741254665,0.7134206325363744
2020,Austrian_Grand_Prix,R,HAM,2.0,Mercedes,False,HARD,Austrian_Grand_Prix,15,21.0,0,,inf,0.45885691297655046
2020,Austrian_Grand_Prix,R,HAM,3.0,Mercedes,False,HARD,Austrian_Grand_Prix,6,42.0,0,,,
2020,Austrian_Grand_Prix,R,KVY,1.0,AlphaTauri,False,MEDIUM,Austrian_Grand_Prix,15,20.0,0,,inf,0.22521033035901178
2020,Austrian_Grand_Prix,R,KVY,2.0,AlphaTauri,False,HARD,Austrian_Grand_Prix,14,21.0,0,,inf,0.1723575524100497
2020,Austrian_Grand_Prix,R,LAT,1.0,Williams,False,MEDIUM,Austrian_Grand_Prix,16,19.0,0,,60.862487428772845,0.3213729540069799
2020,Austrian_Grand_Prix,R,LAT,2.0,Williams,False,HARD,Austrian_Grand_Prix,15,23.0,0,,inf,0.9707807404575981
2020,Austrian_Grand_Prix,R,LAT,4.0,Williams,False,SOFT,Austrian_Grand_Prix,6,17.0,0,,,
2020,Austrian_Grand_Prix,R,LEC,1.0,Ferrari,False,SOFT,Austrian_Grand_Prix,18,23.0,0,,-0.05490515873906308,0.6182505362374884
2020,Austrian_Grand_Prix,R,LEC,2.0,Ferrari,False,HARD,Austrian_Grand_Prix,15,21.0,0,,inf,0.2577696515296115
2020,Austrian_Grand_Prix,R,LEC,4.0,Ferrari,False,MEDIUM,Austrian_Grand_Prix,6,17.0,0,,,
2020,Austrian_Grand_Prix,R,MAG,1.0,Haas F1 Team,False,MEDIUM,Austrian_Grand_Prix,13,19.0,0,,inf,0.32350290000147436
2020,Austrian_Grand_Prix,R,NOR,1.0,McLaren,False,SOFT,Austrian_Grand_Prix,18,23.0,0,,inf,0.14956488888251623
2020,Austrian_Grand_Prix,R,NOR,2.0,McLaren,False,HARD,Austrian_Grand_Prix,15,21.0,0,,inf,0.7396175126446154
2020,Austrian_Grand_Prix,R,NOR,4.0,McLaren,False,MEDIUM,Austrian_Grand_Prix,6,17.0,0,,,
2020,Austrian_Grand_Prix,R,OCO,1.0,Renault,False,MEDIUM,Austrian_Grand_Prix,14,19.0,0,,inf,0.6033026881055066
2020,Austrian_Grand_Prix,R,OCO,2.0,Renault,False,HARD,Austrian_Grand_Prix,15,21.0,0,,inf,0.2100646000215763
2020,Austrian_Grand_Prix,R,OCO,3.0,Renault,False,HARD,Austrian_Grand_Prix,6,42.0,0,,,
2020,Austrian_Grand_Prix,R,PER,1.0,Racing Point,False,SOFT,Austrian_Grand_Prix,18,23.0,0,,-6.447770979023908,0.6048831675528237
2020,Austrian_Grand_Prix,R,PER,2.0,Racing Point,False,MEDIUM,Austrian_Grand_Prix,15,21.0,0,,inf,0.4315344125886533
2020,Austrian_Grand_Prix,R,PER,3.0,Racing Point,False,MEDIUM,Austrian_Grand_Prix,6,42.0,0,,,
2020,Austrian_Grand_Prix,R,RAI,1.0,Alfa Romeo Racing,False,MEDIUM,Austrian_Grand_Prix,10,18.0,0,,inf,0.8235766137295617
2020,Austrian_Grand_Prix,R,RAI,2.0,Alfa Romeo Racing,False,HARD,Austrian_Grand_Prix,18,26.0,0,,inf,0.3642830649903562
2020,Austrian_Grand_Prix,R,RIC,1.0,Renault,False,SOFT,Austrian_Grand_Prix,9,14.0,0,,inf,0.5757057368076144
2020,Austrian_Grand_Prix,R,RUS,1.0,Williams,False,MEDIUM,Austrian_Grand_Prix,14,19.0,0,,-0.40765730114761833,0.6077000869855262
2020,Austrian_Grand_Prix,R,RUS,2.0,Williams,False,HARD,Austrian_Grand_Prix,17,24.0,0,,inf,0.7741763560184058
2020,Austrian_Grand_Prix,R,SAI,1.0,McLaren,False,SOFT,Austrian_Grand_Prix,18,23.0,0,,-0.3421863240110059,0.5185032014815383
2020,Austrian_Grand_Prix,R,SAI,2.0,McLaren,False,HARD,Austrian_Grand_Prix,15,21.0,0,,inf,0.18665815330763155
2020,Austrian_Grand_Prix,R,SAI,4.0,McLaren,False,MEDIUM,Austrian_Grand_Prix,6,16.0,0,,,
2020,Austrian_Grand_Prix,R,STR,1.0,Racing Point,False,SOFT,Austrian_Grand_Prix,10,15.0,0,,3.704450625869432,0.28403179380837407
2020,Austrian_Grand_Prix,R,VER,1.0,Red Bull Racing,True,MEDIUM,Austrian_Grand_Prix,8,14.0,0,,inf,0.5939232251518156
2020,Austrian_Grand_Prix,R,VET,1.0,Ferrari,False,MEDIUM,Austrian_Grand_Prix,18,20.0,0,,5.172480846743404,0.4669572484379098
2020,Austrian_Grand_Prix,R,VET,2.0,Ferrari,False,HARD,Austrian_Grand_Prix,15,21.0,0,,-9.284192825111578,0.5841314647499275
2020,Austrian_Grand_Prix,R,VET,4.0,Ferrari,False,SOFT,Austrian_Grand_Prix,5,17.0,0,,,
2020,Bahrain_Grand_Prix,R,ALB,2.0,Red Bull Racing,True,MEDIUM,Bahrain_Grand_Prix,10,18.0,0,,inf,0.2143570029283976
2020,Bahrain_Grand_Prix,R,ALB,3.0,Red Bull Racing,True,MEDIUM,Bahrain_Grand_Prix,13,18.0,0,,inf,0.5411349350638296
2020,Bahrain_Grand_Prix,R,ALB,4.0,Red Bull Racing,True,HARD,Bahrain_Grand_Prix,18,19.0,0,,5.540045766590555,0.3620224958226467
2020,Bahrain_Grand_Prix,R,BOT,3.0,Mercedes,False,HARD,Bahrain_Grand_Prix,13,20.0,0,,13.523809523816125,0.4320104826206387
2020,Bahrain_Grand_Prix,R,BOT,4.0,Mercedes,False,MEDIUM,Bahrain_Grand_Prix,11,14.0,0,,0.7474404217313619,0.29846492221260595
2020,Bahrain_Grand_Prix,R,BOT,5.0,Mercedes,False,MEDIUM,Bahrain_Grand_Prix,14,26.0,1,26.0,inf,0.4605287521310779
2020,Bahrain_Grand_Prix,R,GAS,2.0,AlphaTauri,False,HARD,Bahrain_Grand_Prix,16,23.0,0,,inf,0.54669555617934
2020,Bahrain_Grand_Prix,R,GAS,3.0,AlphaTauri,False,HARD,Bahrain_Grand_Prix,26,28.0,0,,34.11915648036347,0.17259859584856818
2020,Bahrain_Grand_Prix,R,GIO,2.0,Alfa Romeo Racing,False,MEDIUM,Bahrain_Grand_Prix,11,18.0,0,,inf,0.7499395846108812
2020,Bahrain_Grand_Prix,R,GIO,3.0,Alfa Romeo Racing,False,HARD,Bahrain_Grand_Prix,29,32.0,0,,0.19907848145062534,0.43015752998392814
2020,Bahrain_Grand_Prix,R,HAM,2.0,Mercedes,False,MEDIUM,Bahrain_Grand_Prix,10,21.0,0,,0.17682581619173363,0.6119164565745729
2020,Bahrain_Grand_Prix,R,HAM,3.0,Mercedes,False,MEDIUM,Bahrain_Grand_Prix,13,17.0,0,,inf,0.46087437849221047
2020,Bahrain_Grand_Prix,R,HAM,4.0,Mercedes,False,HARD,Bahrain_Grand_Prix,18,19.0,0,,0.3597938449690373,0.27466229884457466
2020,Bahrain_Grand_Prix,R,KVY,2.0,AlphaTauri,False,SOFT,Bahrain_Grand_Prix,8,18.0,0,,inf,0.9836555048153002
2020,Bahrain_Grand_Prix,R,KVY,3.0,AlphaTauri,False,HARD,Bahrain_Grand_Prix,12,15.0,0,,-0.10858143607706615,0.6818668912531677
2020,Bahrain_Grand_Prix,R,KVY,4.0,AlphaTauri,False,HARD,Bahrain_Grand_Prix,16,19.0,0,,-0.16115089271524743,0.5814499402421214
2020,Bahrain_Grand_Prix,R,LAT,2.0,Williams,False,MEDIUM,Bahrain_Grand_Prix,12,19.0,0,,inf,0.5806472894915613
2020,Bahrain_Grand_Prix,R,LAT,3.0,Williams,False,MEDIUM,Bahrain_Grand_Prix,14,15.0,0,,1.4675716440420012,0.3004520381675062
2020,Bahrain_Grand_Prix,R,LAT,4.0,Williams,False,HARD,Bahrain_Grand_Prix,11,16.0,0,,1.2081484896819858,0.2921327680694542
2020,Bahrain_Grand_Prix,R,LEC,2.0,Ferrari,False,MEDIUM,Bahrain_Grand_Prix,14,23.0,0,,0.17575169738118002,0.44811028657519236
2020,Bahrain_Grand_Prix,R,LEC,3.0,Ferrari,False,HARD,Bahrain_Grand_Prix,15,16.0,0,,0.3360927152316372,0.4247557280691208
2020,Bahrain_Grand_Prix,R,LEC,4.0,Ferrari,False,HARD,Bahrain_Grand_Prix,12,11.0,1,11.0,5.025241054210006,0.3214793326413156
2020,Bahrain_Grand_Prix,R,MAG,3.0,Haas F1 Team,False,HARD,Bahrain_Grand_Prix,17,23.0,0,,inf,0.3770593322356663
2020,Bahrain_Grand_Prix,R,MAG,4.0,Haas F1 Team,False,HARD,Bahrain_Grand_Prix,22,27.0,0,,2.5396044089059195,0.4011364754922167
2020,Bahrain_Grand_Prix,R,NOR,2.0,McLaren,False,MEDIUM,Bahrain_Grand_Prix,9,20.0,0,,inf,0.9031722258299747
2020,Bahrain_Grand_Prix,R,NOR,3.0,McLaren,False,MEDIUM,Bahrain_Grand_Prix,18,20.0,0,,inf,0.7255387131148233
2020,Bahrain_Grand_Prix,R,NOR,4.0,McLaren,False,HARD,Bahrain_Grand_Prix,14,15.0,0,,0.5551163812032517,0.24632745790914928
2020,Bahrain_Grand_Prix,R,OCO,2.0,Renault,False,MEDIUM,Bahrain_Grand_Prix,8,19.0,0,,inf,0.731553808483299
2020,Bahrain_Grand_Prix,R,OCO,3.0,Renault,False,MEDIUM,Bahrain_Grand_Prix,15,36.0,0,,inf,0.45105281707432815
2020,Bahrain_Grand_Prix,R,OCO,4.0,Renault,False,HARD,Bahrain_Grand_Prix,18,19.0,0,,0.5366306549628657,0.26320768915394754
2020,Bahrain_Grand_Prix,R,PER,2.0,Racing Point,False,MEDIUM,Bahrain_Grand_Prix,11,16.0,1,16.0,3.398550724634378,0.34395986897870173
2020,Bahrain_Grand_Prix,R,PER,3.0,Racing Point,False,HARD,Bahrain_Grand_Prix,13,15.0,0,,inf,0.6237349086698533
2020,Bahrain_Grand_Prix,R,PER,4.0,Racing Point,False,HARD,Bahrain_Grand_Prix,15,11.0,1,11.0,3.4932033854842586,0.4920478497886816
2020,Bahrain_Grand_Prix,R,RAI,2.0,Alfa Romeo Racing,False,MEDIUM,Bahrain_Grand_Prix,8,15.0,0,,inf,0.539677733549143
2020,Bahrain_Grand_Prix,R,RAI,3.0,Alfa Romeo Racing,False,HARD,Bahrain_Grand_Prix,16,22.0,0,,0.7747279043477471,0.5306174751453742
2020,Bahrain_Grand_Prix,R,RAI,4.0,Alfa Romeo Racing,False,MEDIUM,Bahrain_Grand_Prix,11,13.0,0,,1.772173324306129,0.15424879758503832
2020,Bahrain_Grand_Prix,R,RIC,2.0,Renault,False,MEDIUM,Bahrain_Grand_Prix,7,18.0,0,,inf,0.542812707932027
2020,Bahrain_Grand_Prix,R,RIC,3.0,Renault,False,HARD,Bahrain_Grand_Prix,15,19.0,0,,1.8085327783558651,0.5838022874385387
2020,Bahrain_Grand_Prix,R,RIC,4.0,Renault,False,HARD,Bahrain_Grand_Prix,14,17.0,0,,2.4204913517684146,0.5506776955755
2020,Bahrain_Grand_Prix,R,RUS,2.0,Williams,False,MEDIUM,Bahrain_Grand_Prix,11,18.0,0,,inf,0.5988637183957193
2020,Bahrain_Grand_Prix,R,RUS,3.0,Williams,False,HARD,Bahrain_Grand_Prix,16,18.0,0,,15.51782971073328,0.36225415598725924
2020,Bahrain_Grand_Prix,R,RUS,4.0,Williams,False,MEDIUM,Bahrain_Grand_Prix,12,14.0,0,,inf,0.3582979397224482
2020,Bahrain_Grand_Prix,R,SAI,2.0,McLaren,False,SOFT,Bahrain_Grand_Prix,12,19.0,0,,inf,0.7356563019135665
2020,Bahrain_Grand_Prix,R,SAI,3.0,McLaren,False,MEDIUM,Bahrain_Grand_Prix,15,14.0,1,14.0,329.909090908867,0.5037599658697993
2020,Bahrain_Grand_Prix,R,SAI,4.0,McLaren,False,HARD,Bahrain_Grand_Prix,11,14.0,0,,inf,0.40058041227567853
2020,Bahrain_Grand_Prix,R,VER,2.0,Red Bull Racing,True,MEDIUM,Bahrain_Grand_Prix,11,19.0,0,,0.8579373104145813,0.16579985403237482
2020,Bahrain_Grand_Prix,R,VER,3.0,Red Bull Racing,True,HARD,Bahrain_Grand_Prix,12,13.0,0,,0.6861471861471539,0.12852321478963308
2020,Bahrain_Grand_Prix,R,VER,4.0,Red Bull Racing,True,HARD,Bahrain_Grand_Prix,10,11.0,0,,1.4921807124239725,0.8188704361834728
2020,Bahrain_Grand_Prix,R,VER,5.0,Red Bull Racing,True,MEDIUM,Bahrain_Grand_Prix,6,11.0,0,,,
2020,Bahrain_Grand_Prix,R,VET,2.0,Ferrari,False,HARD,Bahrain_Grand_Prix,10,18.0,0,,inf,0.793538476800406
2020,Bahrain_Grand_Prix,R,VET,3.0,Ferrari,False,MEDIUM,Bahrain_Grand_Prix,17,21.0,0,,0.21201139011130446,0.9075723130668021
2020,Bahrain_Grand_Prix,R,VET,4.0,Ferrari,False,HARD,Bahrain_Grand_Prix,9,13.0,0,,0.13417113287748333,0.8462913634678491
2020,Belgian_Grand_Prix,R,ALB,1.0,Red Bull Racing,True,SOFT,Belgian_Grand_Prix,8,12.0,0,,inf,0.34527708834867815
2020,Belgian_Grand_Prix,R,ALB,2.0,Red Bull Racing,True,SOFT,Belgian_Grand_Prix,28,35.0,0,,inf,0.7195002385955047
2020,Belgian_Grand_Prix,R,BOT,1.0,Mercedes,False,MEDIUM,Belgian_Grand_Prix,9,13.0,0,,inf,0.34450607612528467
2020,Belgian_Grand_Prix,R,BOT,2.0,Mercedes,False,HARD,Belgian_Grand_Prix,29,32.0,0,,inf,0.7071296981688345
2020,Belgian_Grand_Prix,R,GAS,1.0,AlphaTauri,False,HARD,Belgian_Grand_Prix,17,25.0,0,,9.024518357504464,0.5167574244881801
2020,Belgian_Grand_Prix,R,GAS,2.0,AlphaTauri,False,MEDIUM,Belgian_Grand_Prix,16,17.0,0,,-0.06843982318667284,0.6253049539871611
2020,Belgian_Grand_Prix,R,GIO,1.0,Alfa Romeo Racing,False,MEDIUM,Belgian_Grand_Prix,7,9.0,0,,inf,0.737429105312737
2020,Belgian_Grand_Prix,R,GRO,1.0,Haas F1 Team,False,MEDIUM,Belgian_Grand_Prix,6,9.0,0,,,
2020,Belgian_Grand_Prix,R,GRO,2.0,Haas F1 Team,False,HARD,Belgian_Grand_Prix,28,14.0,1,14.0,inf,0.4886941660986765
2020,Belgian_Grand_Prix,R,HAM,1.0,Mercedes,False,MEDIUM,Belgian_Grand_Prix,9,13.0,0,,inf,0.4002410232948542
2020,Belgian_Grand_Prix,R,HAM,2.0,Mercedes,False,HARD,Belgian_Grand_Prix,29,32.0,0,,inf,0.5119854389248684
2020,Belgian_Grand_Prix,R,KVY,1.0,AlphaTauri,False,MEDIUM,Belgian_Grand_Prix,7,9.0,0,,-2.978735632183731,0.7226128851698834
2020,Belgian_Grand_Prix,R,KVY,2.0,AlphaTauri,False,HARD,Belgian_Grand_Prix,27,32.0,0,,inf,0.5161745855321347
2020,Belgian_Grand_Prix,R,LAT,1.0,Williams,False,MEDIUM,Belgian_Grand_Prix,7,9.0,0,,inf,0.07721167433253723
2020,Belgian_Grand_Prix,R,LAT,2.0,Williams,False,HARD,Belgian_Grand_Prix,14,19.0,0,,inf,0.2857893125486872
2020,Belgian_Grand_Prix,R,LAT,3.0,Williams,False,MEDIUM,Belgian_Grand_Prix,12,13.0,0,,0.3126224311714097,0.2081125487885357
2020,Belgian_Grand_Prix,R,LEC,1.0,Ferrari,False,SOFT,Belgian_Grand_Prix,6,9.0,0,,,
2020,Belgian_Grand_Prix,R,LEC,2.0,Ferrari,False,HARD,Belgian_Grand_Prix,8,13.0,0,,inf,0.6359695081746713
2020,Belgian_Grand_Prix,R,LEC,3.0,Ferrari,False,MEDIUM,Belgian_Grand_Prix,18,19.0,0,,0.29108636831446216,0.469977979151917
2020,Belgian_Grand_Prix,R,MAG,1.0,Haas F1 Team,False,MEDIUM,Belgian_Grand_Prix,7,9.0,0,,-1.5928947368420499,0.8358615435857326
2020,Belgian_Grand_Prix,R,MAG,2.0,Haas F1 Team,False,HARD,Belgian_Grand_Prix,19,24.0,0,,inf,0.44769121720629973
2020,Belgian_Grand_Prix,R,MAG,3.0,Haas F1 Team,False,SOFT,Belgian_Grand_Prix,7,8.0,0,,-0.15122676579927072,0.7712240311958747
2020,Belgian_Grand_Prix,R,NOR,1.0,McLaren,False,SOFT,Belgian_Grand_Prix,7,12.0,0,,-1.2367088607594372,0.8942879158391668
2020,Belgian_Grand_Prix,R,NOR,2.0,McLaren,False,SOFT,Belgian_Grand_Prix,27,32.0,1,32.0,inf,0.6979255039993902
2020,Belgian_Grand_Prix,R,OCO,1.0,Renault,False,SOFT,Belgian_Grand_Prix,8,12.0,0,,inf,0.4342472067341284
2020,Belgian_Grand_Prix,R,OCO,2.0,Renault,False,HARD,Belgian_Grand_Prix,26,32.0,0,,1.557998779499625,0.7940998641307341
2020,Belgian_Grand_Prix,R,PER,1.0,Racing Point,False,SOFT,Belgian_Grand_Prix,10,20.0,0,,inf,0.15084758278188204
2020,Belgian_Grand_Prix,R,PER,2.0,Racing Point,False,HARD,Belgian_Grand_Prix,23,25.0,0,,0.06946963718407144,0.21041498948418735
2020,Belgian_Grand_Prix,R,RAI,1.0,Alfa Romeo Racing,False,MEDIUM,Belgian_Grand_Prix,7,9.0,0,,inf,0.6951962599169241
2020,Belgian_Grand_Prix,R,RAI,2.0,Alfa Romeo Racing,False,SOFT,Belgian_Grand_Prix,28,22.0,1,22.0,inf,0.602234644525634
2020,Belgian_Grand_Prix,R,RIC,1.0,Renault,False,SOFT,Belgian_Grand_Prix,9,13.0,0,,-8.936170212780084,0.3125732787600665
2020,Belgian_Grand_Prix,R,RIC,2.0,Renault,False,HARD,Belgian_Grand_Prix,27,32.0,0,,-0.1669972708839366,0.46985743903285043
2020,Belgian_Grand_Prix,R,RUS,1.0,Williams,False,MEDIUM,Belgian_Grand_Prix,6,9.0,0,,,
2020,Belgian_Grand_Prix,R,STR,1.0,Racing Point,False,SOFT,Belgian_Grand_Prix,8,12.0,0,,inf,0.3153072856087391
2020,Belgian_Grand_Prix,R,STR,2.0,Racing Point,False,HARD,Belgian_Grand_Prix,26,32.0,0,,inf,0.5776589952103425
2020,Belgian_Grand_Prix,R,VER,1.0,Red Bull Racing,True,MEDIUM,Belgian_Grand_Prix,9,13.0,0,,inf,0.34841118018685374
2020,Belgian_Grand_Prix,R,VER,2.0,Red Bull Racing,True,SOFT,Belgian_Grand_Prix,29,35.0,0,,inf,0.7507794252278516
2020,Belgian_Grand_Prix,R,VET,1.0,Ferrari,False,MEDIUM,Belgian_Grand_Prix,7,9.0,0,,-1.8984732824425943,0.6943146335847308
2020,Belgian_Grand_Prix,R,VET,2.0,Ferrari,False,HARD,Belgian_Grand_Prix,27,32.0,0,,inf,0.4255589663446033
2020,British_Grand_Prix,R,ALB,2.0,Red Bull Racing,True,HARD,British_Grand_Prix,14,23.0,0,,-0.34489321209557117,0.7549523125801397
2020,British_Grand_Prix,R,ALB,3.0,Red Bull Racing,True,MEDIUM,British_Grand_Prix,20,24.0,0,,inf,0.25381742399535606
2020,British_Grand_Prix,R,BOT,1.0,Mercedes,False,MEDIUM,British_Grand_Prix,7,15.0,0,,-1.1223300970871342,0.06680567662191993
2020,British_Grand_Prix,R,BOT,2.0,Mercedes,False,HARD,British_Grand_Prix,31,31.0,1,31.0,inf,0.7203569171432574
2020,British_Grand_Prix,R,GAS,1.0,AlphaTauri,False,MEDIUM,British_Grand_Prix,5,11.0,0,,,
2020,British_Grand_Prix,R,GAS,2.0,AlphaTauri,False,HARD,British_Grand_Prix,30,39.0,0,,inf,0.31712016450170166
2020,British_Grand_Prix,R,GIO,1.0,Alfa Romeo Racing,False,MEDIUM,British_Grand_Prix,6,11.0,0,,,
2020,British_Grand_Prix,R,GIO,2.0,Alfa Romeo Racing,False,HARD,British_Grand_Prix,31,39.0,0,,inf,0.2027988424100176
2020,British_Grand_Prix,R,GRO,1.0,Haas F1 Team,False,MEDIUM,British_Grand_Prix,21,35.0,0,,-2.945202043644094,0.5776626419156711
2020,British_Grand_Prix,R,GRO,2.0,Haas F1 Team,False,HARD,British_Grand_Prix,13,15.0,0,,inf,0.5248868997102021
2020,British_Grand_Prix,R,HAM,1.0,Mercedes,False,MEDIUM,British_Grand_Prix,7,15.0,0,,-0.20682926829264944,0.4394034079562178
2020,British_Grand_Prix,R,HAM,2.0,Mercedes,False,HARD,British_Grand_Prix,33,35.0,1,35.0,inf,0.882101543685009
2020,British_Grand_Prix,R,KVY,1.0,AlphaTauri,False,MEDIUM,British_Grand_Prix,5,11.0,0,,,
2020,British_Grand_Prix,R,LAT,1.0,Williams,False,MEDIUM,British_Grand_Prix,5,11.0,0,,,
2020,British_Grand_Prix,R,LAT,2.0,Williams,False,HARD,British_Grand_Prix,30,39.0,0,,inf,0.38735988405629623
2020,British_Grand_Prix,R,LEC,1.0,Ferrari,False,MEDIUM,British_Grand_Prix,6,14.0,0,,,
2020,British_Grand_Prix,R,LEC,2.0,Ferrari,False,HARD,British_Grand_Prix,31,38.0,0,,inf,0.3397245215105497
2020,British_Grand_Prix,R,NOR,1.0,McLaren,False,SOFT,British_Grand_Prix,6,14.0,0,,,
2020,British_Grand_Prix,R,NOR,2.0,McLaren,False,HARD,British_Grand_Prix,31,39.0,0,,inf,0.683914741989265
2020,British_Grand_Prix,R,OCO,1.0,Renault,False,SOFT,British_Grand_Prix,6,14.0,0,,,
2020,British_Grand_Prix,R,OCO,2.0,Renault,False,HARD,British_Grand_Prix,30,39.0,0,,-1.285774647887273,0.23691640176070586
2020,British_Grand_Prix,R,RAI,1.0,Alfa Romeo Racing,False,MEDIUM,British_Grand_Prix,6,11.0,0,,,
2020,British_Grand_Prix,R,RAI,2.0,Alfa Romeo Racing,False,HARD,British_Grand_Prix,26,34.0,0,,-0.12614744560599986,0.16107261656164656
2020,British_Grand_Prix,R,RIC,1.0,Renault,False,SOFT,British_Grand_Prix,6,14.0,0,,,
2020,British_Grand_Prix,R,RIC,2.0,Renault,False,HARD,British_Grand_Prix,30,39.0,0,,inf,0.4284346823255623
2020,British_Grand_Prix,R,RUS,1.0,Williams,False,MEDIUM,British_Grand_Prix,6,11.0,0,,,
2020,British_Grand_Prix,R,RUS,2.0,Williams,False,HARD,British_Grand_Prix,31,39.0,0,,inf,0.5283157014718091
2020,British_Grand_Prix,R,SAI,1.0,McLaren,False,SOFT,British_Grand_Prix,6,14.0,0,,,
2020,British_Grand_Prix,R,SAI,2.0,McLaren,False,HARD,British_Grand_Prix,29,37.0,0,,inf,0.36885795833974994
2020,British_Grand_Prix,R,STR,1.0,Racing Point,False,MEDIUM,British_Grand_Prix,6,14.0,0,,,
2020,British_Grand_Prix,R,STR,2.0,Racing Point,False,HARD,British_Grand_Prix,31,33.0,1,33.0,inf,0.5630753351717266
2020,British_Grand_Prix,R,VER,1.0,Red Bull Racing,True,MEDIUM,British_Grand_Prix,6,14.0,0,,,
2020,British_Grand_Prix,R,VER,2.0,Red Bull Racing,True,HARD,British_Grand_Prix,30,36.0,0,,inf,0.2990354364802155
2020,British_Grand_Prix,R,VET,1.0,Ferrari,False,SOFT,British_Grand_Prix,6,14.0,0,,,
2020,British_Grand_Prix,R,VET,2.0,Ferrari,False,HARD,British_Grand_Prix,31,36.0,1,36.0,inf,0.4521369589673086
2020,Eifel_Grand_Prix,R,ALB,1.0,Red Bull Racing,True,SOFT,Eifel_Grand_Prix,5,9.0,0,,,
2020,Eifel_Grand_Prix,R,ALB,2.0,Red Bull Racing,True,MEDIUM,Eifel_Grand_Prix,11,15.0,0,,1.2308417508417395,0.23346809888579467
2020,Eifel_Grand_Prix,R,BOT,1.0,Mercedes,False,SOFT,Eifel_Grand_Prix,11,15.0,0,,inf,0.5167261975293063
2020,Eifel_Grand_Prix,R,GAS,1.0,AlphaTauri,False,MEDIUM,Eifel_Grand_Prix,24,26.0,1,26.0,inf,0.4813573925477028
2020,Eifel_Grand_Prix,R,GAS,2.0,AlphaTauri,False,HARD,Eifel_Grand_Prix,10,13.0,0,,-0.3834420612943785,0.7671039654235702
2020,Eifel_Grand_Prix,R,GAS,3.0,AlphaTauri,False,SOFT,Eifel_Grand_Prix,9,15.0,0,,inf,0.6425857147221811
2020,Eifel_Grand_Prix,R,GIO,1.0,Alfa Romeo Racing,False,SOFT,Eifel_Grand_Prix,12,11.0,1,11.0,inf,0.7271044601292125
2020,Eifel_Grand_Prix,R,GIO,2.0,Alfa Romeo Racing,False,MEDIUM,Eifel_Grand_Prix,18,20.0,0,,-13.392138939670565,0.4114619251662792
2020,Eifel_Grand_Prix,R,GIO,3.0,Alfa Romeo Racing,False,MEDIUM,Eifel_Grand_Prix,16,23.0,0,,-0.418044930788421,0.8709943458181297
2020,Eifel_Grand_Prix,R,GRO,1.0,Haas F1 Team,False,MEDIUM,Eifel_Grand_Prix,22,27.0,0,,inf,0.3576790282272922
2020,Eifel_Grand_Prix,R,GRO,2.0,Haas F1 Team,False,HARD,Eifel_Grand_Prix,23,31.0,0,,-0.6675450330207552,0.7992287203192422
2020,Eifel_Grand_Prix,R,HAM,1.0,Mercedes,False,SOFT,Eifel_Grand_Prix,14,18.0,0,,inf,0.33801627590954764
2020,Eifel_Grand_Prix,R,HAM,2.0,Mercedes,False,MEDIUM,Eifel_Grand_Prix,26,28.0,0,,-0.5084492517817718,0.6137262930045537
2020,Eifel_Grand_Prix,R,HAM,3.0,Mercedes,False,SOFT,Eifel_Grand_Prix,9,17.0,0,,inf,0.5370465445626735
2020,Eifel_Grand_Prix,R,HUL,1.0,Racing Point,False,SOFT,Eifel_Grand_Prix,20,28.0,0,,-0.32396392651065437,0.2818085889044067
2020,Eifel_Grand_Prix,R,HUL,2.0,Racing Point,False,MEDIUM,Eifel_Grand_Prix,12,14.0,0,,-0.9561464569121689,0.6016291987801936
2020,Eifel_Grand_Prix,R,HUL,3.0,Racing Point,False,SOFT,Eifel_Grand_Prix,9,15.0,0,,inf,0.5688509320617173
2020,Eifel_Grand_Prix,R,KVY,1.0,AlphaTauri,False,MEDIUM,Eifel_Grand_Prix,12,15.0,0,,-12.616666666661999,0.2386652345424562
2020,Eifel_Grand_Prix,R,KVY,2.0,AlphaTauri,False,HARD,Eifel_Grand_Prix,22,25.0,0,,inf,0.4792489793260644
2020,Eifel_Grand_Prix,R,KVY,3.0,AlphaTauri,False,SOFT,Eifel_Grand_Prix,9,15.0,0,,inf,0.2614705817633738
2020,Eifel_Grand_Prix,R,LAT,1.0,Williams,False,SOFT,Eifel_Grand_Prix,10,13.0,0,,inf,0.5518348469263531
2020,Eifel_Grand_Prix,R,LAT,2.0,Williams,False,MEDIUM,Eifel_Grand_Prix,15,18.0,0,,inf,0.5303854290425913
2020,Eifel_Grand_Prix,R,LAT,3.0,Williams,False,MEDIUM,Eifel_Grand_Prix,19,26.0,0,,-2.7157995874190806,0.4674040389631058
2020,Eifel_Grand_Prix,R,LEC,1.0,Ferrari,False,SOFT,Eifel_Grand_Prix,8,12.0,0,,inf,0.5353393083747852
2020,Eifel_Grand_Prix,R,LEC,2.0,Ferrari,False,MEDIUM,Eifel_Grand_Prix,19,24.0,0,,0.11424124864668993,0.4435392948866191
2020,Eifel_Grand_Prix,R,LEC,3.0,Ferrari,False,MEDIUM,Eifel_Grand_Prix,17,29.0,0,,0.24536670248132816,0.6120272521952478
2020,Eifel_Grand_Prix,R,MAG,1.0,Haas F1 Team,False,SOFT,Eifel_Grand_Prix,10,9.0,1,9.0,inf,0.25887449128298984
2020,Eifel_Grand_Prix,R,MAG,2.0,Haas F1 Team,False,MEDIUM,Eifel_Grand_Prix,16,19.0,0,,inf,0.46229763306366245
2020,Eifel_Grand_Prix,R,MAG,3.0,Haas F1 Team,False,MEDIUM,Eifel_Grand_Prix,18,25.0,0,,0.19782225936534417,0.3959525881056605
2020,Eifel_Grand_Prix,R,NOR,1.0,McLaren,False,SOFT,Eifel_Grand_Prix,23,31.0,0,,inf,0.29136202391354193
2020,Eifel_Grand_Prix,R,NOR,2.0,McLaren,False,MEDIUM,Eifel_Grand_Prix,9,13.0,0,,inf,0.07156585927885507
2020,Eifel_Grand_Prix,R,OCO,1.0,Renault,False,SOFT,Eifel_Grand_Prix,18,24.0,0,,inf,0.6110601086249298
2020,Eifel_Grand_Prix,R,PER,1.0,Racing Point,False,SOFT,Eifel_Grand_Prix,23,30.0,0,,inf,0.18269859669055233
2020,Eifel_Grand_Prix,R,PER,2.0,Racing Point,False,MEDIUM,Eifel_Grand_Prix,10,15.0,0,,inf,0.578468702867855
2020,Eifel_Grand_Prix,R,PER,3.0,Racing Point,False,SOFT,Eifel_Grand_Prix,9,17.0,0,,inf,0.31412338196534256
2020,Eifel_Grand_Prix,R,RAI,1.0,Alfa Romeo Racing,False,SOFT,Eifel_Grand_Prix,6,9.0,0,,,
2020,Eifel_Grand_Prix,R,RAI,2.0,Alfa Romeo Racing,False,MEDIUM,Eifel_Grand_Prix,27,33.0,0,,-7.564929497240493,0.4662730401189821
2020,Eifel_Grand_Prix,R,RAI,3.0,Alfa Romeo Racing,False,SOFT,Eifel_Grand_Prix,7,15.0,0,,inf,0.15100155176305902
2020,Eifel_Grand_Prix,R,RIC,1.0,Renault,False,SOFT,Eifel_Grand_Prix,13,18.0,0,,inf,0.6402095290791987
2020,Eifel_Grand_Prix,R,RIC,2.0,Renault,False,MEDIUM,Eifel_Grand_Prix,23,27.0,0,,inf,0.21749675901610702
2020,Eifel_Grand_Prix,R,RIC,3.0,Renault,False,SOFT,Eifel_Grand_Prix,9,18.0,0,,inf,0.7599724399705541
2020,Eifel_Grand_Prix,R,RUS,1.0,Williams,False,SOFT,Eifel_Grand_Prix,7,10.0,0,,inf,0.9060563980782396
2020,Eifel_Grand_Prix,R,SAI,1.0,McLaren,False,SOFT,Eifel_Grand_Prix,23,30.0,0,,-0.409821164949688,0.28816844248745366
2020,Eifel_Grand_Prix,R,SAI,2.0,McLaren,False,MEDIUM,Eifel_Grand_Prix,14,15.0,0,,-0.22200376832960417,0.472779455689094
2020,Eifel_Grand_Prix,R,SAI,3.0,McLaren,False,SOFT,Eifel_Grand_Prix,9,18.0,0,,inf,0.8266646599940242
2020,Eifel_Grand_Prix,R,VER,1.0,Red Bull Racing,True,SOFT,Eifel_Grand_Prix,14,18.0,0,,inf,0.26324828208812
2020,Eifel_Grand_Prix,R,VER,2.0,Red Bull Racing,True,MEDIUM,Eifel_Grand_Prix,26,28.0,0,,-0.3180486427335675,0.5123063810212328
2020,Eifel_Grand_Prix,R,VER,3.0,Red Bull Racing,True,SOFT,Eifel_Grand_Prix,9,17.0,0,,2.8557919621749335,0.41325528560930275
2020,Eifel_Grand_Prix,R,VET,1.0,Ferrari,False,MEDIUM,Eifel_Grand_Prix,7,10.0,0,,-0.8381909547737635,0.2612698841093087
2020,Eifel_Grand_Prix,R,VET,2.0,Ferrari,False,HARD,Eifel_Grand_Prix,25,29.0,0,,15.585337792157778,0.35783879885370024
2020,Eifel_Grand_Prix,R,VET,3.0,Ferrari,False,SOFT,Eifel_Grand_Prix,9,18.0,0,,0.03763618864286969,0.20777157743470923
2020,Emilia_Romagna_Grand_Prix,R,ALB,1.0,Red Bull Racing,True,SOFT,Emilia_Romagna_Grand_Prix,12,16.0,0,,inf,0.8287346702325448
2020,Emilia_Romagna_Grand_Prix,R,ALB,2.0,Red Bull Racing,True,HARD,Emilia_Romagna_Grand_Prix,27,36.0,0,,-1.5144633398295875,0.36014145849604423
2020,Emilia_Romagna_Grand_Prix,R,BOT,1.0,Mercedes,False,MEDIUM,Emilia_Romagna_Grand_Prix,16,21.0,0,,inf,0.21803605840498383
2020,Emilia_Romagna_Grand_Prix,R,BOT,2.0,Mercedes,False,HARD,Emilia_Romagna_Grand_Prix,29,31.0,0,,-14.394509912231515,0.34877961858378287
2020,Emilia_Romagna_Grand_Prix,R,BOT,3.0,Mercedes,False,SOFT,Emilia_Romagna_Grand_Prix,5,14.0,0,,,
2020,Emilia_Romagna_Grand_Prix,R,GAS,1.0,AlphaTauri,False,SOFT,Emilia_Romagna_Grand_Prix,6,10.0,0,,,
2020,Emilia_Romagna_Grand_Prix,R,GIO,1.0,Alfa Romeo Racing,False,SOFT,Emilia_Romagna_Grand_Prix,7,9.0,0,,inf,0.9321259492319283
2020,Emilia_Romagna_Grand_Prix,R,GIO,2.0,Alfa Romeo Racing,False,MEDIUM,Emilia_Romagna_Grand_Prix,36,52.0,0,,inf,0.4650964533557464
2020,Emilia_Romagna_Grand_Prix,R,GRO,1.0,Haas F1 Team,False,MEDIUM,Emilia_Romagna_Grand_Prix,5,8.0,0,,,
2020,Emilia_Romagna_Grand_Prix,R,GRO,2.0,Haas F1 Team,False,HARD,Emilia_Romagna_Grand_Prix,32,40.0,0,,-0.15136600402488076,0.15598860094549602
2020,Emilia_Romagna_Grand_Prix,R,GRO,3.0,Haas F1 Team,False,SOFT,Emilia_Romagna_Grand_Prix,4,12.0,0,,,
2020,Emilia_Romagna_Grand_Prix,R,HAM,1.0,Mercedes,False,MEDIUM,Emilia_Romagna_Grand_Prix,23,32.0,0,,inf,0.385942533604756
2020,Emilia_Romagna_Grand_Prix,R,HAM,2.0,Mercedes,False,HARD,Emilia_Romagna_Grand_Prix,17,20.0,0,,-1.094244341688879,0.35594935080597007
2020,Emilia_Romagna_Grand_Prix,R,HAM,3.0,Mercedes,False,SOFT,Emilia_Romagna_Grand_Prix,5,13.0,0,,,
2020,Emilia_Romagna_Grand_Prix,R,KVY,1.0,AlphaTauri,False,SOFT,Emilia_Romagna_Grand_Prix,12,18.0,0,,inf,0.8038548088573397
2020,Emilia_Romagna_Grand_Prix,R,KVY,2.0,AlphaTauri,False,HARD,Emilia_Romagna_Grand_Prix,27,36.0,0,,inf,0.6735351564570521
2020,Emilia_Romagna_Grand_Prix,R,KVY,3.0,AlphaTauri,False,SOFT,Emilia_Romagna_Grand_Prix,5,14.0,0,,,
2020,Emilia_Romagna_Grand_Prix,R,LAT,1.0,Williams,False,MEDIUM,Emilia_Romagna_Grand_Prix,24,33.0,0,,inf,0.37796651660621733
2020,Emilia_Romagna_Grand_Prix,R,LAT,2.0,Williams,False,HARD,Emilia_Romagna_Grand_Prix,18,28.0,0,,-77.64165519570689,0.7078034113002343
2020,Emilia_Romagna_Grand_Prix,R,LEC,1.0,Ferrari,False,SOFT,Emilia_Romagna_Grand_Prix,11,16.0,0,,inf,0.9250847637412639
2020,Emilia_Romagna_Grand_Prix,R,LEC,2.0,Ferrari,False,HARD,Emilia_Romagna_Grand_Prix,34,49.0,0,,inf,0.6616341313524002
2020,Emilia_Romagna_Grand_Prix,R,MAG,1.0,Haas F1 Team,False,MEDIUM,Emilia_Romagna_Grand_Prix,23,26.0,0,,inf,0.3901709276605499
2020,Emilia_Romagna_Grand_Prix,R,MAG,2.0,Haas F1 Team,False,HARD,Emilia_Romagna_Grand_Prix,15,19.0,0,,-0.15321107363689293,0.4953507624966528
2020,Emilia_Romagna_Grand_Prix,R,NOR,1.0,McLaren,False,SOFT,Emilia_Romagna_Grand_Prix,11,15.0,0,,inf,0.4145168966932439
2020,Emilia_Romagna_Grand_Prix,R,NOR,2.0,McLaren,False,MEDIUM,Emilia_Romagna_Grand_Prix,28,37.0,0,,-0.7443283143117112,0.5921512088028505
2020,Emilia_Romagna_Grand_Prix,R,NOR,3.0,McLaren,False,SOFT,Emilia_Romagna_Grand_Prix,4,12.0,0,,,
2020,Emilia_Romagna_Grand_Prix,R,OCO,1.0,Renault,False,MEDIUM,Emilia_Romagna_Grand_Prix,8,12.0,0,,inf,0.40178483884791066
2020,Emilia_Romagna_Grand_Prix,R,OCO,2.0,Renault,False,HARD,Emilia_Romagna_Grand_Prix,12,14.0,0,,0.3089912280701802,0.942875281370483
2020,Emilia_Romagna_Grand_Prix,R,PER,1.0,Racing Point,False,MEDIUM,Emilia_Romagna_Grand_Prix,18,26.0,0,,-1.2886605135651708,0.4080261903999735
2020,Emilia_Romagna_Grand_Prix,R,PER,2.0,Racing Point,False,HARD,Emilia_Romagna_Grand_Prix,20,23.0,0,,inf,0.5314066485239181
2020,Emilia_Romagna_Grand_Prix,R,PER,3.0,Racing Point,False,SOFT,Emilia_Romagna_Grand_Prix,4,11.0,0,,,
2020,Emilia_Romagna_Grand_Prix,R,RAI,1.0,Alfa Romeo Racing,False,MEDIUM,Emilia_Romagna_Grand_Prix,36,47.0,0,,inf,0.4823997293687997
2020,Emilia_Romagna_Grand_Prix,R,RAI,2.0,Alfa Romeo Racing,False,SOFT,Emilia_Romagna_Grand_Prix,4,14.0,0,,,
2020,Emilia_Romagna_Grand_Prix,R,RIC,1.0,Renault,False,SOFT,Emilia_Romagna_Grand_Prix,12,16.0,0,,inf,0.862690965202886
2020,Emilia_Romagna_Grand_Prix,R,RIC,2.0,Renault,False,HARD,Emilia_Romagna_Grand_Prix,30,48.0,0,,inf,0.5317013336920443
2020,Emilia_Romagna_Grand_Prix,R,RUS,1.0,Williams,False,MEDIUM,Emilia_Romagna_Grand_Prix,7,10.0,0,,inf,0.9392216999912646
2020,Emilia_Romagna_Grand_Prix,R,RUS,2.0,Williams,False,HARD,Emilia_Romagna_Grand_Prix,30,38.0,0,,inf,0.5960426877765085
2020,Emilia_Romagna_Grand_Prix,R,SAI,1.0,McLaren,False,SOFT,Emilia_Romagna_Grand_Prix,14,19.0,0,,inf,0.7570272953460206
2020,Emilia_Romagna_Grand_Prix,R,SAI,2.0,McLaren,False,MEDIUM,Emilia_Romagna_Grand_Prix,23,33.0,0,,-2.1293662591252565,0.5771987820385935
2020,Emilia_Romagna_Grand_Prix,R,SAI,3.0,McLaren,False,SOFT,Emilia_Romagna_Grand_Prix,4,13.0,0,,,
2020,Emilia_Romagna_Grand_Prix,R,STR,2.0,Racing Point,False,HARD,Emilia_Romagna_Grand_Prix,23,27.0,0,,inf,0.477470263717972
2020,Emilia_Romagna_Grand_Prix,R,STR,3.0,Racing Point,False,MEDIUM,Emilia_Romagna_Grand_Prix,19,21.0,0,,inf,0.5491256678976805
2020,Emilia_Romagna_Grand_Prix,R,STR,4.0,Racing Point,False,SOFT,Emilia_Romagna_Grand_Prix,4,10.0,0,,,
2020,Emilia_Romagna_Grand_Prix,R,VER,1.0,Red Bull Racing,True,MEDIUM,Emilia_Romagna_Grand_Prix,15,20.0,0,,inf,0.2602850822215859
2020,Emilia_Romagna_Grand_Prix,R,VER,2.0,Red Bull Racing,True,HARD,Emilia_Romagna_Grand_Prix,27,32.0,0,,-0.24092286359932283,0.5664326970864628
2020,Emilia_Romagna_Grand_Prix,R,VET,1.0,Ferrari,False,MEDIUM,Emilia_Romagna_Grand_Prix,27,38.0,0,,inf,0.612971606798437
2020,Emilia_Romagna_Grand_Prix,R,VET,2.0,Ferrari,False,HARD,Emilia_Romagna_Grand_Prix,5,10.0,0,,,
2020,Emilia_Romagna_Grand_Prix,R,VET,3.0,Ferrari,False,SOFT,Emilia_Romagna_Grand_Prix,4,11.0,0,,,
2020,Hungarian_Grand_Prix,R,ALB,2.0,Red Bull Racing,True,MEDIUM,Hungarian_Grand_Prix,25,30.0,0,,0.026180800746115125,0.5914500920028819
2020,Hungarian_Grand_Prix,R,ALB,3.0,Red Bull Racing,True,HARD,Hungarian_Grand_Prix,30,35.0,0,,-5.850063938618998,0.5367502243403439
2020,Hungarian_Grand_Prix,R,BOT,2.0,Mercedes,False,MEDIUM,Hungarian_Grand_Prix,23,30.0,0,,2.793106082793053,0.363550572853569
2020,Hungarian_Grand_Prix,R,BOT,3.0,Mercedes,False,MEDIUM,Hungarian_Grand_Prix,13,18.0,0,,inf,0.6162497601253724
2020,Hungarian_Grand_Prix,R,BOT,4.0,Mercedes,False,HARD,Hungarian_Grand_Prix,18,20.0,0,,0.2766746278604782,0.7137946240887193
2020,Hungarian_Grand_Prix,R,GAS,2.0,AlphaTauri,False,SOFT,Hungarian_Grand_Prix,7,8.0,1,8.0,inf,0.9807626586967273
2020,Hungarian_Grand_Prix,R,GIO,2.0,Alfa Romeo Racing,False,SOFT,Hungarian_Grand_Prix,13,15.0,0,,inf,0.7559624154102287
2020,Hungarian_Grand_Prix,R,GIO,3.0,Alfa Romeo Racing,False,MEDIUM,Hungarian_Grand_Prix,18,19.0,0,,-2.7084021863480285,0.539675037776998
2020,Hungarian_Grand_Prix,R,GIO,4.0,Alfa Romeo Racing,False,HARD,Hungarian_Grand_Prix,26,28.0,0,,-0.5532986096014593,0.3906358847900861
2020,Hungarian_Grand_Prix,R,GRO,1.0,Haas F1 Team,False,MEDIUM,Hungarian_Grand_Prix,26,29.0,1,29.0,inf,0.5176332963660399
2020,Hungarian_Grand_Prix,R,HAM,2.0,Mercedes,False,MEDIUM,Hungarian_Grand_Prix,29,33.0,0,,inf,0.24774227967926546
2020,Hungarian_Grand_Prix,R,HAM,3.0,Mercedes,False,MEDIUM,Hungarian_Grand_Prix,26,31.0,0,,inf,0.4159012630426964
2020,Hungarian_Grand_Prix,R,KVY,2.0,AlphaTauri,False,SOFT,Hungarian_Grand_Prix,11,11.0,1,11.0,inf,0.9298810967817538
2020,Hungarian_Grand_Prix,R,KVY,3.0,AlphaTauri,False,HARD,Hungarian_Grand_Prix,44,50.0,0,,0.18846638263669135,0.22040334437333273
2020,Hungarian_Grand_Prix,R,LAT,3.0,Williams,False,MEDIUM,Hungarian_Grand_Prix,20,26.0,0,,inf,0.2747731215714448
2020,Hungarian_Grand_Prix,R,LAT,4.0,Williams,False,MEDIUM,Hungarian_Grand_Prix,5,10.0,0,,,
2020,Hungarian_Grand_Prix,R,LAT,5.0,Williams,False,SOFT,Hungarian_Grand_Prix,10,15.0,0,,-4.154318074563184,0.6399141784297546
2020,Hungarian_Grand_Prix,R,LAT,6.0,Williams,False,HARD,Hungarian_Grand_Prix,6,12.0,0,,,
2020,Hungarian_Grand_Prix,R,LEC,2.0,Ferrari,False,SOFT,Hungarian_Grand_Prix,13,17.0,1,17.0,inf,0.6776126018209968
2020,Hungarian_Grand_Prix,R,LEC,3.0,Ferrari,False,HARD,Hungarian_Grand_Prix,42,48.0,0,,inf,0.24764742429699027
2020,Hungarian_Grand_Prix,R,MAG,1.0,Haas F1 Team,False,MEDIUM,Hungarian_Grand_Prix,27,34.0,0,,inf,0.4531762124542107
2020,Hungarian_Grand_Prix,R,NOR,2.0,McLaren,False,MEDIUM,Hungarian_Grand_Prix,19,30.0,0,,0.4547196575666532,0.32668554963999025
2020,Hungarian_Grand_Prix,R,NOR,3.0,McLaren,False,HARD,Hungarian_Grand_Prix,30,33.0,0,,-4.354300864420931,0.3646524131954232
2020,Hungarian_Grand_Prix,R,OCO,2.0,Renault,False,MEDIUM,Hungarian_Grand_Prix,17,26.0,0,,inf,0.22243221941561672
2020,Hungarian_Grand_Prix,R,OCO,3.0,Renault,False,HARD,Hungarian_Grand_Prix,31,37.0,0,,inf,0.38090919740226087
2020,Hungarian_Grand_Prix,R,PER,2.0,Racing Point,False,MEDIUM,Hungarian_Grand_Prix,27,36.0,0,,0.4907058745259779,0.7437735915578864
2020,Hungarian_Grand_Prix,R,PER,3.0,Racing Point,False,HARD,Hungarian_Grand_Prix,30,33.0,0,,14.49614302942736,0.28522404342621505
2020,Hungarian_Grand_Prix,R,RAI,2.0,Alfa Romeo Racing,False,MEDIUM,Hungarian_Grand_Prix,22,29.0,0,,0.24681852085605957,0.3877524041074061
2020,Hungarian_Grand_Prix,R,RAI,3.0,Alfa Romeo Racing,False,HARD,Hungarian_Grand_Prix,29,35.0,0,,-0.14926946212014003,0.43697307686754805
2020,Hungarian_Grand_Prix,R,RIC,2.0,Renault,False,MEDIUM,Hungarian_Grand_Prix,33,41.0,0,,-0.304066148846726,0.7183987070082782
2020,Hungarian_Grand_Prix,R,RIC,3.0,Renault,False,MEDIUM,Hungarian_Grand_Prix,24,25.0,0,,-4.514094589257393,0.06702414597768859
2020,Hungarian_Grand_Prix,R,RUS,2.0,Williams,False,SOFT,Hungarian_Grand_Prix,11,14.0,0,,inf,0.4647349332482344
2020,Hungarian_Grand_Prix,R,RUS,3.0,Williams,False,MEDIUM,Hungarian_Grand_Prix,26,30.0,0,,-0.0806110262229286,0.6767469087970982
2020,Hungarian_Grand_Prix,R,RUS,4.0,Williams,False,MEDIUM,Hungarian_Grand_Prix,16,22.0,0,,-0.2559997303167349,0.6674671069173109
2020,Hungarian_Grand_Prix,R,SAI,2.0,McLaren,False,MEDIUM,Hungarian_Grand_Prix,30,36.0,0,,-0.21557317055605593,0.5922084740940489
2020,Hungarian_Grand_Prix,R,SAI,3.0,McLaren,False,HARD,Hungarian_Grand_Prix,22,28.0,0,,-5.723803755299542,0.5274654185425587
2020,Hungarian_Grand_Prix,R,STR,2.0,Racing Point,False,MEDIUM,Hungarian_Grand_Prix,27,34.0,0,,inf,0.6919574667314201
2020,Hungarian_Grand_Prix,R,STR,3.0,Racing Point,False,MEDIUM,Hungarian_Grand_Prix,15,21.0,0,,0.49589167159665626,0.4523986996797595
2020,Hungarian_Grand_Prix,R,STR,4.0,Racing Point,False,HARD,Hungarian_Grand_Prix,12,17.0,0,,inf,0.39238236547736793
2020,Hungarian_Grand_Prix,R,VER,2.0,Red Bull Racing,True,MEDIUM,Hungarian_Grand_Prix,27,31.0,0,,inf,0.6403288240297538
2020,Hungarian_Grand_Prix,R,VER,3.0,Red Bull Racing,True,HARD,Hungarian_Grand_Prix,30,33.0,0,,-0.4307931857339088,0.2804891400713744
2020,Hungarian_Grand_Prix,R,VET,2.0,Ferrari,False,MEDIUM,Hungarian_Grand_Prix,19,25.0,0,,0.6131505198920909,0.8013888738081935
2020,Hungarian_Grand_Prix,R,VET,3.0,Ferrari,False,HARD,Hungarian_Grand_Prix,35,35.0,1,35.0,2448.7831850678554,0.24196114693908363
2020,Italian_Grand_Prix,R,ALB,1.0,Red Bull Racing,True,SOFT,Italian_Grand_Prix,16,22.0,0,,-0.7414253440130986,0.36485287225843926
2020,Italian_Grand_Prix,R,ALB,3.0,Red Bull Racing,True,HARD,Italian_Grand_Prix,22,26.0,0,,29.315610397852023,0.2578436417925797
2020,Italian_Grand_Prix,R,BOT,1.0,Mercedes,False,SOFT,Italian_Grand_Prix,18,22.0,0,,inf,0.20733819222372007
2020,Italian_Grand_Prix,R,BOT,3.0,Mercedes,False,MEDIUM,Italian_Grand_Prix,23,30.0,0,,-0.19470332202523624,0.34173339395951585
2020,Italian_Grand_Prix,R,GAS,1.0,AlphaTauri,False,SOFT,Italian_Grand_Prix,16,21.0,0,,inf,0.38279874843304307
2020,Italian_Grand_Prix,R,GAS,3.0,AlphaTauri,False,MEDIUM,Italian_Grand_Prix,24,26.0,0,,1.478070500927646,0.45300154887972854
2020,Italian_Grand_Prix,R,GIO,1.0,Alfa Romeo Racing,False,MEDIUM,Italian_Grand_Prix,15,19.0,0,,0.2896086369770505,0.08176837179532238
2020,Italian_Grand_Prix,R,GIO,4.0,Alfa Romeo Racing,False,SOFT,Italian_Grand_Prix,21,26.0,0,,18.846217105260205,0.4617588323148273
2020,Italian_Grand_Prix,R,GRO,1.0,Haas F1 Team,False,MEDIUM,Italian_Grand_Prix,16,19.0,0,,inf,0.4611406934851747
2020,Italian_Grand_Prix,R,GRO,3.0,Haas F1 Team,False,HARD,Italian_Grand_Prix,23,27.0,1,27.0,inf,0.3068963418409229
2020,Italian_Grand_Prix,R,HAM,1.0,Mercedes,False,SOFT,Italian_Grand_Prix,18,22.0,0,,-0.375754351548673,0.2361669709567563
2020,Italian_Grand_Prix,R,HAM,4.0,Mercedes,False,HARD,Italian_Grand_Prix,21,26.0,0,,-2.1120063582805066,0.4808461290111131
2020,Italian_Grand_Prix,R,KVY,1.0,AlphaTauri,False,HARD,Italian_Grand_Prix,17,19.0,0,,inf,0.28807440962553116
2020,Italian_Grand_Prix,R,KVY,3.0,AlphaTauri,False,MEDIUM,Italian_Grand_Prix,23,30.0,0,,2.828700816985801,0.38669064144684295
2020,Italian_Grand_Prix,R,LAT,1.0,Williams,False,MEDIUM,Italian_Grand_Prix,10,15.0,0,,inf,0.7927540472985728
2020,Italian_Grand_Prix,R,LAT,3.0,Williams,False,MEDIUM,Italian_Grand_Prix,22,26.0,0,,inf,0.3415376528563381
2020,Italian_Grand_Prix,R,LEC,1.0,Ferrari,False,SOFT,Italian_Grand_Prix,13,16.0,0,,1.811366806136653,0.6417254781110107
2020,Italian_Grand_Prix,R,MAG,2.0,Haas F1 Team,False,HARD,Italian_Grand_Prix,13,16.0,0,,1.5599999999997627,0.6481526616875745
2020,Italian_Grand_Prix,R,NOR,1.0,McLaren,False,SOFT,Italian_Grand_Prix,18,22.0,0,,-0.3151644306677843,0.4060504242872811
2020,Italian_Grand_Prix,R,NOR,3.0,McLaren,False,MEDIUM,Italian_Grand_Prix,23,30.0,0,,-0.3346479379067128,0.2837732715693216
2020,Italian_Grand_Prix,R,OCO,1.0,Renault,False,SOFT,Italian_Grand_Prix,16,19.0,0,,0.3490948128629022,0.5394687611696718
2020,Italian_Grand_Prix,R,OCO,3.0,Renault,False,SOFT,Italian_Grand_Prix,23,29.0,0,,inf,0.5587367239323865
2020,Italian_Grand_Prix,R,PER,1.0,Racing Point,False,SOFT,Italian_Grand_Prix,18,22.0,0,,inf,0.25723671621273647
2020,Italian_Grand_Prix,R,PER,3.0,Racing Point,False,MEDIUM,Italian_Grand_Prix,23,30.0,0,,-0.23742800731539343,0.3984643291415839
2020,Italian_Grand_Prix,R,RAI,1.0,Alfa Romeo Racing,False,MEDIUM,Italian_Grand_Prix,14,17.0,0,,1.5309565727694632,0.25739195177768087
2020,Italian_Grand_Prix,R,RAI,3.0,Alfa Romeo Racing,False,SOFT,Italian_Grand_Prix,22,26.0,0,,3.7438082801891883,0.2570722998583813
2020,Italian_Grand_Prix,R,RIC,1.0,Renault,False,SOFT,Italian_Grand_Prix,18,22.0,0,,inf,0.3300372246342036
2020,Italian_Grand_Prix,R,RIC,3.0,Renault,False,MEDIUM,Italian_Grand_Prix,23,30.0,0,,-0.09627727856227154,0.3050042236068519
2020,Italian_Grand_Prix,R,RUS,1.0,Williams,False,MEDIUM,Italian_Grand_Prix,14,19.0,0,,inf,0.5666422918910798
2020,Italian_Grand_Prix,R,RUS,3.0,Williams,False,MEDIUM,Italian_Grand_Prix,21,26.0,0,,38.35053456638793,0.22637663142168787
2020,Italian_Grand_Prix,R,SAI,1.0,McLaren,False,SOFT,Italian_Grand_Prix,18,22.0,0,,0.5698587127160853,0.19749019162385015
2020,Italian_Grand_Prix,R,SAI,3.0,McLaren,False,MEDIUM,Italian_Grand_Prix,24,30.0,0,,inf,0.6671037313415698
2020,Italian_Grand_Prix,R,STR,1.0,Racing Point,False,SOFT,Italian_Grand_Prix,17,22.0,0,,-0.3209035485852208,0.27483056289864033
2020,Italian_Grand_Prix,R,STR,2.0,Racing Point,False,MEDIUM,Italian_Grand_Prix,22,26.0,0,,0.24914838816883414,0.6793269982292105
2020,Italian_Grand_Prix,R,VER,1.0,Red Bull Racing,True,SOFT,Italian_Grand_Prix,17,22.0,0,,0.4519932112920908,0.2731167116684402
2020,Portuguese_Grand_Prix,R,ALB,1.0,Red Bull Racing,True,SOFT,Portuguese_Grand_Prix,15,23.0,0,,inf,0.6242810582591253
2020,Portuguese_Grand_Prix,R,ALB,2.0,Red Bull Racing,True,MEDIUM,Portuguese_Grand_Prix,24,31.0,0,,-0.0004710794183931411,0.5714842848526321
2020,Portuguese_Grand_Prix,R,ALB,3.0,Red Bull Racing,True,SOFT,Portuguese_Grand_Prix,14,20.0,0,,inf,0.5575586841224704
2020,Portuguese_Grand_Prix,R,BOT,1.0,Mercedes,False,MEDIUM,Portuguese_Grand_Prix,35,43.0,0,,1.6161282071111198,0.2869136072736299
2020,Portuguese_Grand_Prix,R,BOT,2.0,Mercedes,False,HARD,Portuguese_Grand_Prix,20,24.0,0,,3.703341225993223,0.18052756220459185
2020,Portuguese_Grand_Prix,R,GAS,1.0,AlphaTauri,False,SOFT,Portuguese_Grand_Prix,23,31.0,0,,0.1584197852732932,0.5137622013584298
2020,Portuguese_Grand_Prix,R,GAS,2.0,AlphaTauri,False,MEDIUM,Portuguese_Grand_Prix,29,36.0,0,,inf,0.12280316393300314
2020,Portuguese_Grand_Prix,R,GIO,1.0,Alfa Romeo Racing,False,MEDIUM,Portuguese_Grand_Prix,23,27.0,0,,-0.15620814310197348,0.3691512753599795
2020,Portuguese_Grand_Prix,R,GIO,2.0,Alfa Romeo Racing,False,HARD,Portuguese_Grand_Prix,33,36.0,0,,inf,0.18136282360324135
2020,Portuguese_Grand_Prix,R,GRO,1.0,Haas F1 Team,False,MEDIUM,Portuguese_Grand_Prix,21,25.0,0,,-0.34162773984908734,0.2410078951838303
2020,Portuguese_Grand_Prix,R,GRO,2.0,Haas F1 Team,False,HARD,Portuguese_Grand_Prix,34,38.0,0,,-0.4952998013020882,0.0907363821780477
2020,Portuguese_Grand_Prix,R,HAM,1.0,Mercedes,False,MEDIUM,Portuguese_Grand_Prix,34,44.0,0,,inf,0.16328064148736643
2020,Portuguese_Grand_Prix,R,HAM,2.0,Mercedes,False,HARD,Portuguese_Grand_Prix,20,25.0,0,,inf,0.32085284844782763
2020,Portuguese_Grand_Prix,R,KVY,1.0,AlphaTauri,False,MEDIUM,Portuguese_Grand_Prix,18,24.0,0,,-0.5982740270216871,0.7082240184594113
2020,Portuguese_Grand_Prix,R,KVY,2.0,AlphaTauri,False,HARD,Portuguese_Grand_Prix,25,30.0,0,,inf,0.17703811461679314
2020,Portuguese_Grand_Prix,R,KVY,3.0,AlphaTauri,False,SOFT,Portuguese_Grand_Prix,3,8.0,0,,,
2020,Portuguese_Grand_Prix,R,LAT,1.0,Williams,False,MEDIUM,Portuguese_Grand_Prix,17,23.0,0,,inf,0.3589740597436722
2020,Portuguese_Grand_Prix,R,LAT,2.0,Williams,False,HARD,Portuguese_Grand_Prix,31,39.0,0,,-0.06518269885528052,0.4371974640639185
2020,Portuguese_Grand_Prix,R,LEC,1.0,Ferrari,False,MEDIUM,Portuguese_Grand_Prix,30,38.0,0,,inf,0.35040874852906356
2020,Portuguese_Grand_Prix,R,LEC,2.0,Ferrari,False,HARD,Portuguese_Grand_Prix,29,31.0,0,,-23.48087710352243,0.2271746959248743
2020,Portuguese_Grand_Prix,R,MAG,1.0,Haas F1 Team,False,HARD,Portuguese_Grand_Prix,25,30.0,0,,inf,0.354796468074087
2020,Portuguese_Grand_Prix,R,MAG,2.0,Haas F1 Team,False,MEDIUM,Portuguese_Grand_Prix,25,33.0,0,,-11.773504273499535,0.21083629870960274
2020,Portuguese_Grand_Prix,R,NOR,1.0,McLaren,False,SOFT,Portuguese_Grand_Prix,15,21.0,0,,inf,0.2847122330595942
2020,Portuguese_Grand_Prix,R,NOR,2.0,McLaren,False,HARD,Portuguese_Grand_Prix,21,24.0,0,,-0.10194066288741489,0.21498025263382597
2020,Portuguese_Grand_Prix,R,NOR,3.0,McLaren,False,MEDIUM,Portuguese_Grand_Prix,17,21.0,0,,-2.951873286627784,0.28400527783391827
2020,Portuguese_Grand_Prix,R,OCO,1.0,Renault,False,MEDIUM,Portuguese_Grand_Prix,41,52.0,0,,-0.304599547585483,0.15694324416063452
2020,Portuguese_Grand_Prix,R,OCO,2.0,Renault,False,SOFT,Portuguese_Grand_Prix,9,11.0,0,,inf,0.747812214268433
2020,Portuguese_Grand_Prix,R,PER,2.0,Racing Point,False,MEDIUM,Portuguese_Grand_Prix,38,43.0,0,,-0.32057747787999524,0.5207761169044288
2020,Portuguese_Grand_Prix,R,PER,3.0,Racing Point,False,SOFT,Portuguese_Grand_Prix,18,22.0,0,,2.840563358661501,0.3334099916086876
2020,Portuguese_Grand_Prix,R,RAI,1.0,Alfa Romeo Racing,False,SOFT,Portuguese_Grand_Prix,6,10.0,0,,,
2020,Portuguese_Grand_Prix,R,RAI,2.0,Alfa Romeo Racing,False,MEDIUM,Portuguese_Grand_Prix,45,53.0,0,,-0.2873632872923554,0.2202806733714506
2020,Portuguese_Grand_Prix,R,RIC,1.0,Renault,False,SOFT,Portuguese_Grand_Prix,11,15.0,1,15.0,inf,0.2032720066794947
2020,Portuguese_Grand_Prix,R,RIC,2.0,Renault,False,MEDIUM,Portuguese_Grand_Prix,43,50.0,0,,inf,0.2685250703601605
2020,Portuguese_Grand_Prix,R,RUS,1.0,Williams,False,MEDIUM,Portuguese_Grand_Prix,30,35.0,0,,-0.36734145381595196,0.4614008503384055
2020,Portuguese_Grand_Prix,R,RUS,2.0,Williams,False,HARD,Portuguese_Grand_Prix,22,28.0,0,,-0.4138639767269738,0.2817299871825433
2020,Portuguese_Grand_Prix,R,SAI,1.0,McLaren,False,SOFT,Portuguese_Grand_Prix,23,30.0,0,,inf,0.3093072518066671
2020,Portuguese_Grand_Prix,R,SAI,2.0,McLaren,False,MEDIUM,Portuguese_Grand_Prix,31,38.0,0,,-0.18532263667121895,0.19637754886904796
2020,Portuguese_Grand_Prix,R,STR,1.0,Racing Point,False,MEDIUM,Portuguese_Grand_Prix,13,17.0,0,,0.38856156034131933,0.588842833791969
2020,Portuguese_Grand_Prix,R,STR,2.0,Racing Point,False,HARD,Portuguese_Grand_Prix,12,15.0,0,,-5.2172457519655575,0.412958774160824
2020,Portuguese_Grand_Prix,R,STR,3.0,Racing Point,False,SOFT,Portuguese_Grand_Prix,13,16.0,0,,inf,0.41227367817338123
2020,Portuguese_Grand_Prix,R,VER,1.0,Red Bull Racing,True,SOFT,Portuguese_Grand_Prix,17,26.0,0,,inf,0.3924914025060044
2020,Portuguese_Grand_Prix,R,VER,2.0,Red Bull Racing,True,MEDIUM,Portuguese_Grand_Prix,36,42.0,0,,inf,0.20235739163622718
2020,Portuguese_Grand_Prix,R,VET,1.0,Ferrari,False,MEDIUM,Portuguese_Grand_Prix,22,30.0,0,,-0.1247550045145266,0.41043200134660995
2020,Portuguese_Grand_Prix,R,VET,2.0,Ferrari,False,HARD,Portuguese_Grand_Prix,32,37.0,0,,inf,0.2363212104772995
2020,Russian_Grand_Prix,R,ALB,2.0,Red Bull Racing,True,HARD,Russian_Grand_Prix,16,25.0,0,,inf,0.7429610905496502
2020,Russian_Grand_Prix,R,ALB,3.0,Red Bull Racing,True,MEDIUM,Russian_Grand_Prix,23,25.0,0,,-10.419785071613946,0.5178707189831334
2020,Russian_Grand_Prix,R,BOT,1.0,Mercedes,False,MEDIUM,Russian_Grand_Prix,20,28.0,0,,-3.928605477445857,0.6370042677650165
2020,Russian_Grand_Prix,R,BOT,2.0,Mercedes,False,HARD,Russian_Grand_Prix,22,26.0,0,,-46.85215612886149,0.30123469373650996
2020,Russian_Grand_Prix,R,GAS,1.0,AlphaTauri,False,SOFT,Russian_Grand_Prix,12,20.0,0,,inf,0.5627306036499168
2020,Russian_Grand_Prix,R,GAS,2.0,AlphaTauri,False,HARD,Russian_Grand_Prix,18,23.0,0,,inf,0.5586813858940037
2020,Russian_Grand_Prix,R,GAS,3.0,AlphaTauri,False,MEDIUM,Russian_Grand_Prix,6,10.0,0,,,
2020,Russian_Grand_Prix,R,GIO,1.0,Alfa Romeo Racing,False,MEDIUM,Russian_Grand_Prix,10,15.0,0,,inf,0.6867424109249547
2020,Russian_Grand_Prix,R,GIO,2.0,Alfa Romeo Racing,False,HARD,Russian_Grand_Prix,31,35.0,0,,12.132179930796939,0.3044132591206833
2020,Russian_Grand_Prix,R,GRO,1.0,Haas F1 Team,False,MEDIUM,Russian_Grand_Prix,11,16.0,0,,-0.4053084648493322,0.5115028018560852
2020,Russian_Grand_Prix,R,GRO,2.0,Haas F1 Team,False,HARD,Russian_Grand_Prix,23,21.0,1,21.0,209.33807829187015,0.9120707251598995
2020,Russian_Grand_Prix,R,GRO,3.0,Haas F1 Team,False,MEDIUM,Russian_Grand_Prix,7,9.0,0,,-0.5438988984715143,0.6413898129996624
2020,Russian_Grand_Prix,R,HAM,1.0,Mercedes,False,SOFT,Russian_Grand_Prix,10,18.0,0,,-2.7273656940278017,0.7183443834628574
2020,Russian_Grand_Prix,R,HAM,2.0,Mercedes,False,HARD,Russian_Grand_Prix,30,36.0,0,,inf,0.33615107576764064
2020,Russian_Grand_Prix,R,KVY,1.0,AlphaTauri,False,HARD,Russian_Grand_Prix,22,29.0,0,,inf,0.40957190793114795
2020,Russian_Grand_Prix,R,KVY,2.0,AlphaTauri,False,MEDIUM,Russian_Grand_Prix,19,22.0,0,,-0.1046058661779719,0.18334893337407784
2020,Russian_Grand_Prix,R,LAT,1.0,Williams,False,MEDIUM,Russian_Grand_Prix,11,16.0,0,,inf,0.3602395276923817
2020,Russian_Grand_Prix,R,LAT,2.0,Williams,False,HARD,Russian_Grand_Prix,31,34.0,0,,9.22312976980462,0.21560206362318232
2020,Russian_Grand_Prix,R,LEC,1.0,Ferrari,False,MEDIUM,Russian_Grand_Prix,22,27.0,0,,inf,0.48484029331616774
2020,Russian_Grand_Prix,R,LEC,2.0,Ferrari,False,HARD,Russian_Grand_Prix,21,24.0,0,,6.154296296298401,0.4084346161358795
2020,Russian_Grand_Prix,R,MAG,1.0,Haas F1 Team,False,MEDIUM,Russian_Grand_Prix,13,18.0,0,,inf,0.43534642503411164
2020,Russian_Grand_Prix,R,MAG,2.0,Haas F1 Team,False,HARD,Russian_Grand_Prix,30,32.0,0,,inf,0.6205636515652786
2020,Russian_Grand_Prix,R,NOR,2.0,McLaren,False,HARD,Russian_Grand_Prix,34,42.0,1,42.0,inf,0.4116061283756761
2020,Russian_Grand_Prix,R,OCO,1.0,Renault,False,SOFT,Russian_Grand_Prix,12,20.0,0,,inf,0.6284151574679386
2020,Russian_Grand_Prix,R,OCO,2.0,Renault,False,HARD,Russian_Grand_Prix,26,34.0,0,,-0.1419666271282222,0.46110679204528704
2020,Russian_Grand_Prix,R,PER,1.0,Racing Point,False,SOFT,Russian_Grand_Prix,14,22.0,0,,4.0790772409042955,0.6933253296073517
2020,Russian_Grand_Prix,R,PER,2.0,Racing Point,False,HARD,Russian_Grand_Prix,26,32.0,0,,-0.23975219064854608,0.3125386036906505
2020,Russian_Grand_Prix,R,RAI,1.0,Alfa Romeo Racing,False,HARD,Russian_Grand_Prix,26,34.0,0,,inf,0.41590870249354045
2020,Russian_Grand_Prix,R,RAI,2.0,Alfa Romeo Racing,False,MEDIUM,Russian_Grand_Prix,14,16.0,0,,2.1862478718840435,0.16081323441605028
2020,Russian_Grand_Prix,R,RIC,1.0,Renault,False,SOFT,Russian_Grand_Prix,9,17.0,0,,inf,0.7261252208023445
2020,Russian_Grand_Prix,R,RIC,2.0,Renault,False,HARD,Russian_Grand_Prix,30,37.0,0,,-0.276366262738758,0.583747638467311
2020,Russian_Grand_Prix,R,RUS,2.0,Williams,False,HARD,Russian_Grand_Prix,8,12.0,0,,inf,0.30017507268688004
2020,Russian_Grand_Prix,R,RUS,3.0,Williams,False,MEDIUM,Russian_Grand_Prix,33,37.0,0,,35.85133838287737,0.17884933748806447
2020,Russian_Grand_Prix,R,VER,1.0,Red Bull Racing,True,MEDIUM,Russian_Grand_Prix,19,27.0,0,,inf,0.5719344288183086
2020,Russian_Grand_Prix,R,VER,2.0,Red Bull Racing,True,HARD,Russian_Grand_Prix,23,27.0,0,,inf,0.18150886546612943
2020,Russian_Grand_Prix,R,VET,1.0,Ferrari,False,MEDIUM,Russian_Grand_Prix,24,26.0,1,26.0,inf,0.47970682496995365
2020,Russian_Grand_Prix,R,VET,2.0,Ferrari,False,HARD,Russian_Grand_Prix,19,21.0,0,,1.3957257601835718,0.4577243044008625
2020,Sakhir_Grand_Prix,R,AIT,1.0,Williams,False,MEDIUM,Sakhir_Grand_Prix,20,30.0,0,,inf,0.4714910397102264
2020,Sakhir_Grand_Prix,R,AIT,2.0,Williams,False,HARD,Sakhir_Grand_Prix,18,22.0,0,,-9.515715077001198,0.4612868251391607
2020,Sakhir_Grand_Prix,R,AIT,4.0,Williams,False,SOFT,Sakhir_Grand_Prix,16,27.0,0,,-1.945028512940586,0.6595305362378948
2020,Sakhir_Grand_Prix,R,ALB,1.0,Red Bull Racing,True,MEDIUM,Sakhir_Grand_Prix,37,46.0,0,,-0.14968722791507352,0.18781317051329804
2020,Sakhir_Grand_Prix,R,ALB,2.0,Red Bull Racing,True,HARD,Sakhir_Grand_Prix,8,13.0,0,,0.7511586452762966,0.3875395425369028
2020,Sakhir_Grand_Prix,R,ALB,3.0,Red Bull Racing,True,SOFT,Sakhir_Grand_Prix,16,24.0,0,,0.19078527641396387,0.3119138370644801
2020,Sakhir_Grand_Prix,R,BOT,1.0,Mercedes,False,MEDIUM,Sakhir_Grand_Prix,42,52.0,0,,inf,0.3743834874015159
2020,Sakhir_Grand_Prix,R,BOT,2.0,Mercedes,False,HARD,Sakhir_Grand_Prix,8,11.0,0,,inf,0.2992397444103915
2020,Sakhir_Grand_Prix,R,BOT,3.0,Mercedes,False,HARD,Sakhir_Grand_Prix,18,37.0,0,,inf,0.41936574294850654
2020,Sakhir_Grand_Prix,R,FIT,1.0,Haas F1 Team,False,SOFT,Sakhir_Grand_Prix,20,30.0,0,,20.971162001695838,0.26449248727582136
2020,Sakhir_Grand_Prix,R,FIT,2.0,Haas F1 Team,False,MEDIUM,Sakhir_Grand_Prix,15,21.0,0,,5.708845214986041,0.3539078575576061
2020,Sakhir_Grand_Prix,R,FIT,4.0,Haas F1 Team,False,SOFT,Sakhir_Grand_Prix,17,26.0,0,,-127.73926829271385,0.49389078656689317
2020,Sakhir_Grand_Prix,R,GAS,1.0,AlphaTauri,False,SOFT,Sakhir_Grand_Prix,20,30.0,0,,inf,0.6188070876700423
2020,Sakhir_Grand_Prix,R,GAS,2.0,AlphaTauri,False,MEDIUM,Sakhir_Grand_Prix,21,28.0,0,,1.7505629296043337,0.41190316091092527
2020,Sakhir_Grand_Prix,R,GAS,3.0,AlphaTauri,False,HARD,Sakhir_Grand_Prix,24,35.0,0,,1.6772891976174502,0.5360981886014827
2020,Sakhir_Grand_Prix,R,GIO,1.0,Alfa Romeo Racing,False,MEDIUM,Sakhir_Grand_Prix,16,25.0,0,,inf,0.3132161541588532
2020,Sakhir_Grand_Prix,R,GIO,2.0,Alfa Romeo Racing,False,HARD,Sakhir_Grand_Prix,26,27.0,0,,-12.92808988764016,0.1568082003137023
2020,Sakhir_Grand_Prix,R,GIO,3.0,Alfa Romeo Racing,False,MEDIUM,Sakhir_Grand_Prix,21,32.0,0,,0.22057544638475882,0.7065540585075964
2020,Sakhir_Grand_Prix,R,KVY,1.0,AlphaTauri,False,SOFT,Sakhir_Grand_Prix,19,29.0,0,,inf,0.3515490153465992
2020,Sakhir_Grand_Prix,R,KVY,2.0,AlphaTauri,False,MEDIUM,Sakhir_Grand_Prix,24,27.0,0,,0.6739483670093239,0.5504414521010491
2020,Sakhir_Grand_Prix,R,KVY,3.0,AlphaTauri,False,HARD,Sakhir_Grand_Prix,22,33.0,0,,-0.1902725052369655,0.5086878775207307
2020,Sakhir_Grand_Prix,R,LAT,1.0,Williams,False,SOFT,Sakhir_Grand_Prix,17,26.0,0,,inf,0.2990066077434412
2020,Sakhir_Grand_Prix,R,LAT,2.0,Williams,False,MEDIUM,Sakhir_Grand_Prix,22,25.0,0,,19.04137403158339,0.4598051690070328
2020,Sakhir_Grand_Prix,R,MAG,1.0,Haas F1 Team,False,SOFT,Sakhir_Grand_Prix,17,25.0,0,,0.11633008380598964,0.43212489552216515
2020,Sakhir_Grand_Prix,R,MAG,2.0,Haas F1 Team,False,MEDIUM,Sakhir_Grand_Prix,25,27.0,0,,-4.5404128997437425,0.5660692750652909
2020,Sakhir_Grand_Prix,R,MAG,3.0,Haas F1 Team,False,SOFT,Sakhir_Grand_Prix,20,35.0,0,,0.044473214285708836,0.5517991099235828
2020,Sakhir_Grand_Prix,R,NOR,1.0,McLaren,False,SOFT,Sakhir_Grand_Prix,12,19.0,0,,5.426506024096699,0.47695500207786967
2020,Sakhir_Grand_Prix,R,NOR,2.0,McLaren,False,MEDIUM,Sakhir_Grand_Prix,29,33.0,0,,0.9788951594134919,0.19308731694482156
2020,Sakhir_Grand_Prix,R,NOR,3.0,McLaren,False,MEDIUM,Sakhir_Grand_Prix,19,32.0,0,,-0.2650000437278956,0.6810574676222607
2020,Sakhir_Grand_Prix,R,OCO,1.0,Renault,False,MEDIUM,Sakhir_Grand_Prix,33,40.0,0,,inf,0.2930382129060538
2020,Sakhir_Grand_Prix,R,OCO,2.0,Renault,False,HARD,Sakhir_Grand_Prix,34,45.0,0,,-0.10671498364356295,0.2620789898557724
2020,Sakhir_Grand_Prix,R,PER,2.0,Racing Point,False,MEDIUM,Sakhir_Grand_Prix,37,45.0,0,,-0.19324333422077586,0.3206152389925036
2020,Sakhir_Grand_Prix,R,PER,3.0,Racing Point,False,HARD,Sakhir_Grand_Prix,28,39.0,0,,1.8488705423689797,0.5483901773318637
2020,Sakhir_Grand_Prix,R,RAI,1.0,Alfa Romeo Racing,False,MEDIUM,Sakhir_Grand_Prix,15,22.0,0,,inf,0.37536107832988924
2020,Sakhir_Grand_Prix,R,RAI,2.0,Alfa Romeo Racing,False,HARD,Sakhir_Grand_Prix,27,30.0,0,,-0.06771583410615281,0.3174577060856628
2020,Sakhir_Grand_Prix,R,RAI,4.0,Alfa Romeo Racing,False,SOFT,Sakhir_Grand_Prix,16,24.0,0,,inf,0.2938448766923815
2020,Sakhir_Grand_Prix,R,RIC,1.0,Renault,False,SOFT,Sakhir_Grand_Prix,21,31.0,0,,inf,0.32048724642532234
2020,Sakhir_Grand_Prix,R,RIC,2.0,Renault,False,MEDIUM,Sakhir_Grand_Prix,22,25.0,0,,-7.295504238465107,0.34964532936616893
2020,Sakhir_Grand_Prix,R,RIC,3.0,Renault,False,HARD,Sakhir_Grand_Prix,22,31.0,0,,-0.18666920517763702,0.8325909413257973
2020,Sakhir_Grand_Prix,R,RUS,1.0,Mercedes,False,MEDIUM,Sakhir_Grand_Prix,38,48.0,0,,inf,0.2766520009187076
2020,Sakhir_Grand_Prix,R,RUS,2.0,Mercedes,False,HARD,Sakhir_Grand_Prix,13,16.0,0,,-0.014583784564297663,0.5489322251974139
2020,Sakhir_Grand_Prix,R,RUS,4.0,Mercedes,False,MEDIUM,Sakhir_Grand_Prix,8,20.0,0,,inf,0.7791219360412437
2020,Sakhir_Grand_Prix,R,RUS,5.0,Mercedes,False,SOFT,Sakhir_Grand_Prix,1,5.0,0,,,
2020,Sakhir_Grand_Prix,R,SAI,1.0,McLaren,False,SOFT,Sakhir_Grand_Prix,21,30.0,0,,inf,0.45016243015422486
2020,Sakhir_Grand_Prix,R,SAI,2.0,McLaren,False,MEDIUM,Sakhir_Grand_Prix,23,26.0,0,,0.14444444444444118,0.34406063629697714
2020,Sakhir_Grand_Prix,R,SAI,3.0,McLaren,False,MEDIUM,Sakhir_Grand_Prix,21,31.0,0,,-0.19062780509095598,0.7608535373066446
2020,Sakhir_Grand_Prix,R,STR,1.0,Racing Point,False,SOFT,Sakhir_Grand_Prix,34,44.0,0,,-0.9856910017327253,0.37399777996865513
2020,Sakhir_Grand_Prix,R,STR,2.0,Racing Point,False,MEDIUM,Sakhir_Grand_Prix,34,44.0,0,,-0.10727198125345731,0.36510017996907357
2020,Sakhir_Grand_Prix,R,VET,1.0,Ferrari,False,MEDIUM,Sakhir_Grand_Prix,22,32.0,0,,inf,0.3682910756021706
2020,Sakhir_Grand_Prix,R,VET,2.0,Ferrari,False,HARD,Sakhir_Grand_Prix,21,22.0,0,,-0.1905370843989688,0.49330999148442606
2020,Sakhir_Grand_Prix,R,VET,4.0,Ferrari,False,SOFT,Sakhir_Grand_Prix,16,26.0,0,,0.39156575132180294,0.5613814531965373
2020,Spanish_Grand_Prix,R,ALB,1.0,Red Bull Racing,True,SOFT,Spanish_Grand_Prix,15,14.0,1,14.0,inf,0.7107915646012217
2020,Spanish_Grand_Prix,R,ALB,2.0,Red Bull Racing,True,HARD,Spanish_Grand_Prix,15,21.0,0,,-1.0016329863237308,0.43848210937042476
2020,Spanish_Grand_Prix,R,ALB,3.0,Red Bull Racing,True,MEDIUM,Spanish_Grand_Prix,22,25.0,0,,0.4153167954829469,0.19989565663009465
2020,Spanish_Grand_Prix,R,BOT,1.0,Mercedes,False,SOFT,Spanish_Grand_Prix,20,25.0,0,,inf,0.6041085976471937
2020,Spanish_Grand_Prix,R,BOT,2.0,Mercedes,False,MEDIUM,Spanish_Grand_Prix,21,24.0,0,,6.4996397007529305,0.47149382799967005
2020,Spanish_Grand_Prix,R,BOT,3.0,Mercedes,False,SOFT,Spanish_Grand_Prix,12,18.0,0,,-50.173678756469585,0.38292506172409546
2020,Spanish_Grand_Prix,R,GAS,1.0,AlphaTauri,False,SOFT,Spanish_Grand_Prix,19,23.0,0,,inf,0.5939677110786028
2020,Spanish_Grand_Prix,R,GAS,2.0,AlphaTauri,False,MEDIUM,Spanish_Grand_Prix,13,20.0,0,,-0.16041004046647098,0.5763186633094706
2020,Spanish_Grand_Prix,R,GAS,3.0,AlphaTauri,False,MEDIUM,Spanish_Grand_Prix,20,22.0,0,,inf,0.16239148417874985
2020,Spanish_Grand_Prix,R,GIO,1.0,Alfa Romeo Racing,False,MEDIUM,Spanish_Grand_Prix,17,20.0,0,,inf,0.7147666716689952
2020,Spanish_Grand_Prix,R,GIO,2.0,Alfa Romeo Racing,False,MEDIUM,Spanish_Grand_Prix,21,23.0,0,,-4.031463622533915,0.3115500950767078
2020,Spanish_Grand_Prix,R,GIO,3.0,Alfa Romeo Racing,False,SOFT,Spanish_Grand_Prix,18,19.0,0,,1.7351933301538986,0.7519764190050441
2020,Spanish_Grand_Prix,R,GRO,1.0,Haas F1 Team,False,MEDIUM,Spanish_Grand_Prix,28,32.0,0,,inf,0.3689627900201239
2020,Spanish_Grand_Prix,R,GRO,2.0,Haas F1 Team,False,SOFT,Spanish_Grand_Prix,28,32.0,0,,0.6050200125379709,0.13955577143467274
2020,Spanish_Grand_Prix,R,HAM,1.0,Mercedes,False,SOFT,Spanish_Grand_Prix,19,25.0,0,,inf,0.8132486684586939
2020,Spanish_Grand_Prix,R,HAM,2.0,Mercedes,False,MEDIUM,Spanish_Grand_Prix,20,23.0,1,23.0,inf,0.3860542615962297
2020,Spanish_Grand_Prix,R,HAM,3.0,Mercedes,False,MEDIUM,Spanish_Grand_Prix,13,15.0,0,,-0.37285165626500283,0.5302630037691517
2020,Spanish_Grand_Prix,R,KVY,1.0,AlphaTauri,False,SOFT,Spanish_Grand_Prix,17,20.0,0,,inf,0.6593644991453106
2020,Spanish_Grand_Prix,R,KVY,2.0,AlphaTauri,False,MEDIUM,Spanish_Grand_Prix,21,23.0,0,,1.5046234873660163,0.5755236182578357
2020,Spanish_Grand_Prix,R,KVY,3.0,AlphaTauri,False,MEDIUM,Spanish_Grand_Prix,18,19.0,0,,0.4928166734115796,0.41522525267001287
2020,Spanish_Grand_Prix,R,LAT,1.0,Williams,False,MEDIUM,Spanish_Grand_Prix,23,27.0,0,,inf,0.8254354359252177
2020,Spanish_Grand_Prix,R,LAT,2.0,Williams,False,MEDIUM,Spanish_Grand_Prix,17,20.0,0,,0.001133727127927724,0.44202673680263327
2020,Spanish_Grand_Prix,R,LAT,3.0,Williams,False,SOFT,Spanish_Grand_Prix,12,14.0,0,,inf,0.6970063501380854
2020,Spanish_Grand_Prix,R,LEC,1.0,Ferrari,False,SOFT,Spanish_Grand_Prix,26,31.0,0,,28.6857349746495,0.1638169655682532
2020,Spanish_Grand_Prix,R,LEC,2.0,Ferrari,False,MEDIUM,Spanish_Grand_Prix,1,6.0,0,,,
2020,Spanish_Grand_Prix,R,MAG,1.0,Haas F1 Team,False,SOFT,Spanish_Grand_Prix,25,30.0,0,,inf,0.27182167494449055
2020,Spanish_Grand_Prix,R,MAG,2.0,Haas F1 Team,False,MEDIUM,Spanish_Grand_Prix,34,37.0,0,,-0.11245786951588821,0.22143531371919725
2020,Spanish_Grand_Prix,R,NOR,1.0,McLaren,False,SOFT,Spanish_Grand_Prix,18,23.0,0,,-0.9425914744595142,0.3956020459014865
2020,Spanish_Grand_Prix,R,NOR,2.0,McLaren,False,SOFT,Spanish_Grand_Prix,17,25.0,0,,0.0650306420579936,0.7166100180624808
2020,Spanish_Grand_Prix,R,NOR,3.0,McLaren,False,MEDIUM,Spanish_Grand_Prix,17,20.0,0,,inf,0.10586398982720172
2020,Spanish_Grand_Prix,R,OCO,1.0,Renault,False,MEDIUM,Spanish_Grand_Prix,30,33.0,0,,inf,0.22105374372330686
2020,Spanish_Grand_Prix,R,OCO,2.0,Renault,False,SOFT,Spanish_Grand_Prix,22,30.0,0,,-0.24841018208171312,0.5270360651629159
2020,Spanish_Grand_Prix,R,PER,1.0,Racing Point,False,SOFT,Spanish_Grand_Prix,27,31.0,0,,1.5831944701597802,0.5437288903071043
2020,Spanish_Grand_Prix,R,PER,2.0,Racing Point,False,MEDIUM,Spanish_Grand_Prix,30,35.0,0,,-0.7555413715345254,0.47628308691443777
2020,Spanish_Grand_Prix,R,RAI,1.0,Alfa Romeo Racing,False,MEDIUM,Spanish_Grand_Prix,16,19.0,0,,7.336336336332233,0.2852122984853874
2020,Spanish_Grand_Prix,R,RAI,2.0,Alfa Romeo Racing,False,MEDIUM,Spanish_Grand_Prix,21,26.0,0,,-7.734920928756255,0.18911070637959404
2020,Spanish_Grand_Prix,R,RAI,3.0,Alfa Romeo Racing,False,SOFT,Spanish_Grand_Prix,18,20.0,0,,0.5084765439715704,0.7243946496296806
2020,Spanish_Grand_Prix,R,RIC,1.0,Renault,False,MEDIUM,Spanish_Grand_Prix,29,34.0,0,,inf,0.2786273580239783
2020,Spanish_Grand_Prix,R,RIC,2.0,Renault,False,SOFT,Spanish_Grand_Prix,22,17.0,1,17.0,inf,0.30085791080569513
2020,Spanish_Grand_Prix,R,RUS,1.0,Williams,False,SOFT,Spanish_Grand_Prix,15,18.0,0,,16.833233353324566,0.4578346578131842
2020,Spanish_Grand_Prix,R,RUS,2.0,Williams,False,MEDIUM,Spanish_Grand_Prix,13,15.0,0,,-0.0460768613627516,0.7969666007553354
2020,Spanish_Grand_Prix,R,RUS,3.0,Williams,False,MEDIUM,Spanish_Grand_Prix,23,29.0,0,,0.193633043435368,0.4836018391505465
2020,Spanish_Grand_Prix,R,SAI,1.0,McLaren,False,SOFT,Spanish_Grand_Prix,20,24.0,0,,inf,0.6523124218116967
2020,Spanish_Grand_Prix,R,SAI,2.0,McLaren,False,SOFT,Spanish_Grand_Prix,14,21.0,0,,inf,0.7806226715668136
2020,Spanish_Grand_Prix,R,SAI,3.0,McLaren,False,MEDIUM,Spanish_Grand_Prix,18,23.0,0,,inf,0.1873536812546297
2020,Spanish_Grand_Prix,R,STR,1.0,Racing Point,False,SOFT,Spanish_Grand_Prix,25,29.0,0,,0.22053678539034957,0.5570503070514333
2020,Spanish_Grand_Prix,R,STR,2.0,Racing Point,False,MEDIUM,Spanish_Grand_Prix,13,14.0,0,,inf,0.3397394668903755
2020,Spanish_Grand_Prix,R,STR,3.0,Racing Point,False,SOFT,Spanish_Grand_Prix,21,25.0,0,,3.7472937188856554,0.40789505791717445
2020,Spanish_Grand_Prix,R,VER,1.0,Red Bull Racing,True,SOFT,Spanish_Grand_Prix,19,23.0,0,,inf,0.8849753356078224
2020,Spanish_Grand_Prix,R,VER,2.0,Red Bull Racing,True,MEDIUM,Spanish_Grand_Prix,18,19.0,0,,inf,0.3562369954994242
2020,Spanish_Grand_Prix,R,VER,3.0,Red Bull Racing,True,MEDIUM,Spanish_Grand_Prix,21,24.0,0,,inf,0.418371008990939
2020,Spanish_Grand_Prix,R,VET,1.0,Ferrari,False,MEDIUM,Spanish_Grand_Prix,26,18.0,1,18.0,inf,0.5805777641753449
2020,Spanish_Grand_Prix,R,VET,2.0,Ferrari,False,SOFT,Spanish_Grand_Prix,33,38.0,0,,inf,0.25524950539900465
2020,Styrian_Grand_Prix,R,ALB,1.0,Red Bull Racing,True,SOFT,Styrian_Grand_Prix,27,34.0,0,,inf,0.5853067326623432
2020,Styrian_Grand_Prix,R,ALB,2.0,Red Bull Racing,True,MEDIUM,Styrian_Grand_Prix,30,35.0,0,,-0.46827738095135646,0.36683415679900777
2020,Styrian_Grand_Prix,R,BOT,1.0,Mercedes,False,SOFT,Styrian_Grand_Prix,28,33.0,0,,inf,0.49957856840569337
2020,Styrian_Grand_Prix,R,BOT,2.0,Mercedes,False,MEDIUM,Styrian_Grand_Prix,34,36.0,0,,0.1772344394266564,0.3896825039626442
2020,Styrian_Grand_Prix,R,GAS,1.0,AlphaTauri,False,SOFT,Styrian_Grand_Prix,18,23.0,0,,inf,0.5770209510865925
2020,Styrian_Grand_Prix,R,GAS,2.0,AlphaTauri,False,HARD,Styrian_Grand_Prix,16,24.0,0,,6.5771398169359765,0.13934130548309817
2020,Styrian_Grand_Prix,R,GAS,3.0,AlphaTauri,False,SOFT,Styrian_Grand_Prix,15,20.0,0,,-0.18195470473127157,0.3186410859682263
2020,Styrian_Grand_Prix,R,GIO,1.0,Alfa Romeo Racing,False,MEDIUM,Styrian_Grand_Prix,31,38.0,0,,inf,0.6325736967495167
2020,Styrian_Grand_Prix,R,GIO,2.0,Alfa Romeo Racing,False,SOFT,Styrian_Grand_Prix,28,27.0,1,27.0,inf,0.4293574371574621
2020,Styrian_Grand_Prix,R,GRO,1.0,Haas F1 Team,False,SOFT,Styrian_Grand_Prix,29,36.0,0,,0.16517003457878815,0.1924587825149526
2020,Styrian_Grand_Prix,R,GRO,2.0,Haas F1 Team,False,MEDIUM,Styrian_Grand_Prix,29,32.0,0,,0.12808325910115842,0.3450381432758893
2020,Styrian_Grand_Prix,R,HAM,1.0,Mercedes,False,SOFT,Styrian_Grand_Prix,23,26.0,0,,inf,0.2009991816449749
2020,Styrian_Grand_Prix,R,HAM,2.0,Mercedes,False,MEDIUM,Styrian_Grand_Prix,37,43.0,0,,150.2503773337439,0.2846758851615724
2020,Styrian_Grand_Prix,R,KVY,1.0,AlphaTauri,False,MEDIUM,Styrian_Grand_Prix,29,35.0,0,,inf,0.3472856128406107
2020,Styrian_Grand_Prix,R,KVY,2.0,AlphaTauri,False,HARD,Styrian_Grand_Prix,27,33.0,0,,-0.1878575225943502,0.32559122571993765
2020,Styrian_Grand_Prix,R,LAT,1.0,Williams,False,MEDIUM,Styrian_Grand_Prix,24,31.0,0,,-0.05995060152515691,0.3358981234153147
2020,Styrian_Grand_Prix,R,LAT,2.0,Williams,False,SOFT,Styrian_Grand_Prix,32,36.0,0,,inf,0.3457845769428895
2020,Styrian_Grand_Prix,R,MAG,1.0,Haas F1 Team,False,SOFT,Styrian_Grand_Prix,21,30.0,0,,-0.44548771889710603,0.2520249156602444
2020,Styrian_Grand_Prix,R,MAG,2.0,Haas F1 Team,False,MEDIUM,Styrian_Grand_Prix,33,38.0,0,,0.017405633737437417,0.4778873650561618
2020,Styrian_Grand_Prix,R,NOR,1.0,McLaren,False,SOFT,Styrian_Grand_Prix,30,38.0,0,,inf,0.2607061239373492
2020,Styrian_Grand_Prix,R,NOR,2.0,McLaren,False,MEDIUM,Styrian_Grand_Prix,25,31.0,0,,inf,0.48306121530104273
2020,Styrian_Grand_Prix,R,OCO,1.0,Renault,False,SOFT,Styrian_Grand_Prix,19,24.0,0,,inf,0.3318624259342328
2020,Styrian_Grand_Prix,R,PER,1.0,Racing Point,False,SOFT,Styrian_Grand_Prix,28,37.0,0,,inf,0.227151952030561
2020,Styrian_Grand_Prix,R,PER,2.0,Racing Point,False,MEDIUM,Styrian_Grand_Prix,27,29.0,1,29.0,inf,0.8403000398336725
2020,Styrian_Grand_Prix,R,RAI,1.0,Alfa Romeo Racing,False,MEDIUM,Styrian_Grand_Prix,35,43.0,0,,inf,0.24610608111572774
2020,Styrian_Grand_Prix,R,RAI,2.0,Alfa Romeo Racing,False,SOFT,Styrian_Grand_Prix,22,25.0,0,,inf,0.47234142751835145
2020,Styrian_Grand_Prix,R,RIC,1.0,Renault,False,MEDIUM,Styrian_Grand_Prix,28,36.0,0,,inf,0.1377782613550018
2020,Styrian_Grand_Prix,R,RIC,2.0,Renault,False,SOFT,Styrian_Grand_Prix,30,33.0,0,,inf,0.5601683788544524
2020,Styrian_Grand_Prix,R,RUS,1.0,Williams,False,SOFT,Styrian_Grand_Prix,28,33.0,0,,inf,0.647627739990298
2020,Styrian_Grand_Prix,R,RUS,2.0,Williams,False,MEDIUM,Styrian_Grand_Prix,32,34.0,0,,2.877594924087098,0.20887408726675555
2020,Styrian_Grand_Prix,R,SAI,1.0,McLaren,False,SOFT,Styrian_Grand_Prix,23,31.0,0,,inf,0.5761644634252501
2020,Styrian_Grand_Prix,R,SAI,2.0,McLaren,False,MEDIUM,Styrian_Grand_Prix,28,33.0,0,,inf,0.3959544303776091
2020,Styrian_Grand_Prix,R,STR,1.0,Racing Point,False,SOFT,Styrian_Grand_Prix,26,32.0,0,,inf,0.1974380318059596
2020,Styrian_Grand_Prix,R,STR,2.0,Racing Point,False,MEDIUM,Styrian_Grand_Prix,34,37.0,0,,-6.6964726264764245,0.46536039365555854
2020,Styrian_Grand_Prix,R,VER,1.0,Red Bull Racing,True,SOFT,Styrian_Grand_Prix,20,23.0,0,,inf,0.6509307337273176
2020,Styrian_Grand_Prix,R,VER,2.0,Red Bull Racing,True,MEDIUM,Styrian_Grand_Prix,40,40.0,1,40.0,88.69208646586985,0.7226351644639921
2020,Turkish_Grand_Prix,R,ALB,1.0,Red Bull Racing,True,WET,Turkish_Grand_Prix,8,11.0,0,,inf,0.22226840031274783
2020,Turkish_Grand_Prix,R,ALB,2.0,Red Bull Racing,True,INTERMEDIATE,Turkish_Grand_Prix,17,21.0,0,,-3.4297342795839945,0.6237950714767625
2020,Turkish_Grand_Prix,R,ALB,3.0,Red Bull Racing,True,INTERMEDIATE,Turkish_Grand_Prix,16,23.0,0,,inf,0.42846323581686857
2020,Turkish_Grand_Prix,R,BOT,1.0,Mercedes,False,WET,Turkish_Grand_Prix,4,6.0,0,,,
2020,Turkish_Grand_Prix,R,BOT,2.0,Mercedes,False,INTERMEDIATE,Turkish_Grand_Prix,28,41.0,0,,inf,0.17209951152491113
2020,Turkish_Grand_Prix,R,BOT,3.0,Mercedes,False,INTERMEDIATE,Turkish_Grand_Prix,7,10.0,0,,-0.4778327071386,0.38220371806157377
2020,Turkish_Grand_Prix,R,GAS,1.0,AlphaTauri,False,WET,Turkish_Grand_Prix,7,13.0,0,,inf,0.04850910098414644
2020,Turkish_Grand_Prix,R,GAS,2.0,AlphaTauri,False,INTERMEDIATE,Turkish_Grand_Prix,16,22.0,0,,inf,0.33280011562644574
2020,Turkish_Grand_Prix,R,GAS,3.0,AlphaTauri,False,INTERMEDIATE,Turkish_Grand_Prix,17,23.0,0,,0.48410734773500297,0.47290028852413557
2020,Turkish_Grand_Prix,R,GIO,1.0,Alfa Romeo Racing,False,WET,Turkish_Grand_Prix,6,18.0,0,,,
2020,Turkish_Grand_Prix,R,GRO,1.0,Haas F1 Team,False,WET,Turkish_Grand_Prix,4,8.0,0,,,
2020,Turkish_Grand_Prix,R,GRO,2.0,Haas F1 Team,False,INTERMEDIATE,Turkish_Grand_Prix,20,27.0,0,,inf,0.4059991153748484
2020,Turkish_Grand_Prix,R,GRO,3.0,Haas F1 Team,False,INTERMEDIATE,Turkish_Grand_Prix,9,8.0,1,8.0,13.473844676509191,0.7761686029837931
2020,Turkish_Grand_Prix,R,HAM,1.0,Mercedes,False,WET,Turkish_Grand_Prix,5,7.0,0,,,
2020,Turkish_Grand_Prix,R,HAM,2.0,Mercedes,False,INTERMEDIATE,Turkish_Grand_Prix,40,52.0,0,,inf,0.17138739834077193
2020,Turkish_Grand_Prix,R,KVY,1.0,AlphaTauri,False,WET,Turkish_Grand_Prix,5,8.0,0,,,
2020,Turkish_Grand_Prix,R,KVY,2.0,AlphaTauri,False,INTERMEDIATE,Turkish_Grand_Prix,39,44.0,1,44.0,inf,0.37130328812551233
2020,Turkish_Grand_Prix,R,LAT,1.0,Williams,False,INTERMEDIATE,Turkish_Grand_Prix,2,7.0,0,,,
2020,Turkish_Grand_Prix,R,LAT,2.0,Williams,False,INTERMEDIATE,Turkish_Grand_Prix,19,28.0,0,,2.516403891311635,0.4424388528060895
2020,Turkish_Grand_Prix,R,LEC,2.0,Ferrari,False,INTERMEDIATE,Turkish_Grand_Prix,14,17.0,1,17.0,inf,0.628277101112648
2020,Turkish_Grand_Prix,R,LEC,3.0,Ferrari,False,INTERMEDIATE,Turkish_Grand_Prix,26,27.0,0,,0.06238808862440721,0.3802050881142584
2020,Turkish_Grand_Prix,R,MAG,1.0,Haas F1 Team,False,WET,Turkish_Grand_Prix,5,9.0,0,,,
2020,Turkish_Grand_Prix,R,MAG,2.0,Haas F1 Team,False,INTERMEDIATE,Turkish_Grand_Prix,17,25.0,0,,inf,0.584367506526737
2020,Turkish_Grand_Prix,R,MAG,3.0,Haas F1 Team,False,INTERMEDIATE,Turkish_Grand_Prix,15,21.0,0,,inf,0.5038837525587593
2020,Turkish_Grand_Prix,R,NOR,1.0,McLaren,False,WET,Turkish_Grand_Prix,6,9.0,0,,,
2020,Turkish_Grand_Prix,R,NOR,2.0,McLaren,False,INTERMEDIATE,Turkish_Grand_Prix,17,26.0,0,,inf,0.36964242671299186
2020,Turkish_Grand_Prix,R,NOR,3.0,McLaren,False,INTERMEDIATE,Turkish_Grand_Prix,13,18.0,1,18.0,inf,0.741954040609062
2020,Turkish_Grand_Prix,R,OCO,2.0,Renault,False,WET,Turkish_Grand_Prix,7,18.0,0,,inf,0.5437467280402349
2020,Turkish_Grand_Prix,R,OCO,3.0,Renault,False,INTERMEDIATE,Turkish_Grand_Prix,39,46.0,0,,-0.8126237331579697,0.7119584296016763
2020,Turkish_Grand_Prix,R,PER,1.0,Racing Point,False,WET,Turkish_Grand_Prix,8,10.0,0,,inf,0.7277034962147593
2020,Turkish_Grand_Prix,R,PER,2.0,Racing Point,False,INTERMEDIATE,Turkish_Grand_Prix,39,47.0,0,,inf,0.46988427771567515
2020,Turkish_Grand_Prix,R,RAI,1.0,Alfa Romeo Racing,False,WET,Turkish_Grand_Prix,6,16.0,0,,,
2020,Turkish_Grand_Prix,R,RAI,2.0,Alfa Romeo Racing,False,INTERMEDIATE,Turkish_Grand_Prix,13,21.0,0,,inf,0.6910878888980589
2020,Turkish_Grand_Prix,R,RAI,3.0,Alfa Romeo Racing,False,INTERMEDIATE,Turkish_Grand_Prix,18,17.0,1,17.0,inf,0.6462488771005773
2020,Turkish_Grand_Prix,R,RAI,4.0,Alfa Romeo Racing,False,INTERMEDIATE,Turkish_Grand_Prix,4,6.0,0,,,
2020,Turkish_Grand_Prix,R,RIC,1.0,Renault,False,WET,Turkish_Grand_Prix,8,20.0,0,,inf,0.8675810685665042
2020,Turkish_Grand_Prix,R,RIC,2.0,Renault,False,INTERMEDIATE,Turkish_Grand_Prix,15,21.0,0,,inf,0.9152523548297143
2020,Turkish_Grand_Prix,R,RIC,3.0,Renault,False,INTERMEDIATE,Turkish_Grand_Prix,18,25.0,0,,2.21552660152076,0.1743044973227027
2020,Turkish_Grand_Prix,R,RUS,1.0,Williams,False,INTERMEDIATE,Turkish_Grand_Prix,19,31.0,0,,-0.3995875379387205,0.6285268675946258
2020,Turkish_Grand_Prix,R,RUS,2.0,Williams,False,INTERMEDIATE,Turkish_Grand_Prix,6,9.0,0,,,
2020,Turkish_Grand_Prix,R,RUS,3.0,Williams,False,INTERMEDIATE,Turkish_Grand_Prix,7,11.0,1,11.0,inf,0.5924016832683773
2020,Turkish_Grand_Prix,R,SAI,1.0,McLaren,False,WET,Turkish_Grand_Prix,8,15.0,0,,inf,0.7308874303216533
2020,Turkish_Grand_Prix,R,SAI,2.0,McLaren,False,INTERMEDIATE,Turkish_Grand_Prix,16,22.0,0,,inf,0.5701597006337228
2020,Turkish_Grand_Prix,R,SAI,3.0,McLaren,False,INTERMEDIATE,Turkish_Grand_Prix,16,24.0,0,,inf,0.38747209379083775
2020,Turkish_Grand_Prix,R,STR,1.0,Racing Point,False,WET,Turkish_Grand_Prix,7,10.0,0,,inf,0.5510820863499419
2020,Turkish_Grand_Prix,R,STR,2.0,Racing Point,False,INTERMEDIATE,Turkish_Grand_Prix,20,26.0,0,,inf,0.4505578720506695
2020,Turkish_Grand_Prix,R,STR,3.0,Racing Point,False,INTERMEDIATE,Turkish_Grand_Prix,14,21.0,0,,inf,0.5698441146957378
2020,Turkish_Grand_Prix,R,VER,1.0,Red Bull Racing,True,WET,Turkish_Grand_Prix,9,24.0,0,,inf,0.29832449292595087
2020,Turkish_Grand_Prix,R,VER,3.0,Red Bull Racing,True,INTERMEDIATE,Turkish_Grand_Prix,23,32.0,0,,0.6038307253203189,0.4436934760664241
2020,Turkish_Grand_Prix,R,VER,4.0,Red Bull Racing,True,INTERMEDIATE,Turkish_Grand_Prix,10,14.0,0,,1.486089402938449,0.6444588422227466
2020,Turkish_Grand_Prix,R,VET,1.0,Ferrari,False,WET,Turkish_Grand_Prix,6,9.0,0,,,
2020,Turkish_Grand_Prix,R,VET,2.0,Ferrari,False,INTERMEDIATE,Turkish_Grand_Prix,16,24.0,0,,inf,0.9519296708613367
2020,Turkish_Grand_Prix,R,VET,3.0,Ferrari,False,INTERMEDIATE,Turkish_Grand_Prix,18,24.0,0,,inf,0.36630310705278496
2020,Tuscan_Grand_Prix,R,ALB,3.0,Red Bull Racing,True,SOFT,Tuscan_Grand_Prix,21,25.0,0,,inf,0.4806085652443718
2020,Tuscan_Grand_Prix,R,ALB,4.0,Red Bull Racing,True,MEDIUM,Tuscan_Grand_Prix,8,10.0,0,,1.421304347826178,0.33572290298029345
2020,Tuscan_Grand_Prix,R,ALB,6.0,Red Bull Racing,True,SOFT,Tuscan_Grand_Prix,11,18.0,0,,inf,0.5629034308714816
2020,Tuscan_Grand_Prix,R,BOT,3.0,Mercedes,False,MEDIUM,Tuscan_Grand_Prix,20,19.0,1,19.0,12.222290310224727,0.5227337286767424
2020,Tuscan_Grand_Prix,R,BOT,4.0,Mercedes,False,HARD,Tuscan_Grand_Prix,10,11.0,0,,-1.7891156462567492,0.5505499838546875
2020,Tuscan_Grand_Prix,R,BOT,6.0,Mercedes,False,SOFT,Tuscan_Grand_Prix,10,15.0,0,,-0.21143048688511518,0.42114137854382494
2020,Tuscan_Grand_Prix,R,GRO,3.0,Haas F1 Team,False,SOFT,Tuscan_Grand_Prix,16,19.0,0,,2.8885086968919707,0.2112380647312294
2020,Tuscan_Grand_Prix,R,GRO,4.0,Haas F1 Team,False,HARD,Tuscan_Grand_Prix,12,14.0,0,,-6.153120393120659,0.2863641955839569
2020,Tuscan_Grand_Prix,R,GRO,6.0,Haas F1 Team,False,SOFT,Tuscan_Grand_Prix,11,17.0,0,,-0.4821962489806767,0.9276932665335572
2020,Tuscan_Grand_Prix,R,HAM,3.0,Mercedes,False,MEDIUM,Tuscan_Grand_Prix,21,23.0,0,,-0.01333769809292646,0.37618934701061996
2020,Tuscan_Grand_Prix,R,HAM,4.0,Mercedes,False,HARD,Tuscan_Grand_Prix,9,10.0,0,,0.40851412198116516,0.6271396590971517
2020,Tuscan_Grand_Prix,R,HAM,6.0,Mercedes,False,SOFT,Tuscan_Grand_Prix,9,16.0,0,,-5.08967591045766,0.7078005064565754
2020,Tuscan_Grand_Prix,R,KVY,3.0,AlphaTauri,False,SOFT,Tuscan_Grand_Prix,17,20.0,0,,0.29447856890430335,0.40143140567260466
2020,Tuscan_Grand_Prix,R,KVY,4.0,AlphaTauri,False,MEDIUM,Tuscan_Grand_Prix,12,21.0,0,,inf,0.7644867278203136
2020,Tuscan_Grand_Prix,R,KVY,6.0,AlphaTauri,False,SOFT,Tuscan_Grand_Prix,11,17.0,0,,inf,0.5148758867568922
2020,Tuscan_Grand_Prix,R,LEC,3.0,Ferrari,False,SOFT,Tuscan_Grand_Prix,10,12.0,1,12.0,3.222372453578537,0.6585321412749853
2020,Tuscan_Grand_Prix,R,LEC,4.0,Ferrari,False,HARD,Tuscan_Grand_Prix,12,15.0,0,,-16.918194771742026,0.5180613795680082
2020,Tuscan_Grand_Prix,R,LEC,6.0,Ferrari,False,SOFT,Tuscan_Grand_Prix,11,24.0,0,,inf,0.6787098785597364
2020,Tuscan_Grand_Prix,R,NOR,3.0,McLaren,False,SOFT,Tuscan_Grand_Prix,18,23.0,0,,-17.909007199061975,0.33525317828780216
2020,Tuscan_Grand_Prix,R,NOR,4.0,McLaren,False,MEDIUM,Tuscan_Grand_Prix,10,13.0,0,,-0.0015394088670044378,0.49662801044034693
2020,Tuscan_Grand_Prix,R,NOR,6.0,McLaren,False,SOFT,Tuscan_Grand_Prix,10,16.0,0,,0.20895522388077636,0.2773210841852896
2020,Tuscan_Grand_Prix,R,PER,3.0,Racing Point,False,SOFT,Tuscan_Grand_Prix,17,22.0,0,,0.8235234657039897,0.23521403259470405
2020,Tuscan_Grand_Prix,R,PER,4.0,Racing Point,False,MEDIUM,Tuscan_Grand_Prix,10,14.0,0,,-0.26221383166850853,0.7367039776236771
2020,Tuscan_Grand_Prix,R,PER,6.0,Racing Point,False,SOFT,Tuscan_Grand_Prix,11,16.0,0,,inf,0.7108952909735125
2020,Tuscan_Grand_Prix,R,RAI,4.0,Alfa Romeo Racing,False,MEDIUM,Tuscan_Grand_Prix,16,25.0,0,,0.8370516104285849,0.3874582172942363
2020,Tuscan_Grand_Prix,R,RAI,5.0,Alfa Romeo Racing,False,HARD,Tuscan_Grand_Prix,11,14.0,0,,inf,0.8558220247299074
2020,Tuscan_Grand_Prix,R,RAI,7.0,Alfa Romeo Racing,False,SOFT,Tuscan_Grand_Prix,10,16.0,0,,inf,0.384727459454903
2020,Tuscan_Grand_Prix,R,RIC,3.0,Renault,False,SOFT,Tuscan_Grand_Prix,16,20.0,0,,3.053606621995225,0.31379853479364567
2020,Tuscan_Grand_Prix,R,RIC,4.0,Renault,False,MEDIUM,Tuscan_Grand_Prix,10,15.0,0,,inf,0.504961948054648
2020,Tuscan_Grand_Prix,R,RIC,6.0,Renault,False,SOFT,Tuscan_Grand_Prix,11,16.0,0,,inf,0.6217658057029188
2020,Tuscan_Grand_Prix,R,RUS,3.0,Williams,False,MEDIUM,Tuscan_Grand_Prix,18,20.0,0,,38.3014849691898,0.4094332037132695
2020,Tuscan_Grand_Prix,R,RUS,4.0,Williams,False,HARD,Tuscan_Grand_Prix,12,13.0,0,,0.35121025154247404,0.5190914908638579
2020,Tuscan_Grand_Prix,R,RUS,6.0,Williams,False,SOFT,Tuscan_Grand_Prix,9,15.0,0,,inf,0.2183311602118662
2020,Tuscan_Grand_Prix,R,STR,3.0,Racing Point,False,SOFT,Tuscan_Grand_Prix,19,23.0,0,,1.214127325088082,0.6173973635876738
2020,Tuscan_Grand_Prix,R,STR,4.0,Racing Point,False,MEDIUM,Tuscan_Grand_Prix,8,12.0,0,,inf,0.3924833154887912
2020,Tuscan_Grand_Prix,R,VET,4.0,Ferrari,False,SOFT,Tuscan_Grand_Prix,17,22.0,0,,inf,0.8867598784884082
2020,Tuscan_Grand_Prix,R,VET,5.0,Ferrari,False,HARD,Tuscan_Grand_Prix,13,14.0,0,,inf,0.3640217864554691
2020,Tuscan_Grand_Prix,R,VET,7.0,Ferrari,False,SOFT,Tuscan_Grand_Prix,10,16.0,0,,inf,0.5620983976783026
2021,Abu_Dhabi_Grand_Prix,R,ALO,1.0,Alpine,False,HARD,Abu_Dhabi_Grand_Prix,26,35.0,0,,inf,0.517484830450751
2021,Abu_Dhabi_Grand_Prix,R,ALO,2.0,Alpine,False,MEDIUM,Abu_Dhabi_Grand_Prix,12,15.0,0,,inf,0.34786308966891205
2021,Abu_Dhabi_Grand_Prix,R,BOT,1.0,Mercedes,False,MEDIUM,Abu_Dhabi_Grand_Prix,27,34.0,0,,inf,0.33718741746070113
2021,Abu_Dhabi_Grand_Prix,R,BOT,2.0,Mercedes,False,HARD,Abu_Dhabi_Grand_Prix,15,22.0,0,,-519.9700000007099,0.651530774054987
2021,Abu_Dhabi_Grand_Prix,R,GAS,1.0,AlphaTauri,False,HARD,Abu_Dhabi_Grand_Prix,25,34.0,0,,inf,0.5059375058583043
2021,Abu_Dhabi_Grand_Prix,R,GAS,2.0,AlphaTauri,False,MEDIUM,Abu_Dhabi_Grand_Prix,13,18.0,0,,inf,0.5742287687511062
2021,Abu_Dhabi_Grand_Prix,R,GIO,1.0,Alfa Romeo Racing,False,MEDIUM,Abu_Dhabi_Grand_Prix,13,16.0,0,,inf,0.5449985430298983
2021,Abu_Dhabi_Grand_Prix,R,GIO,2.0,Alfa Romeo Racing,False,HARD,Abu_Dhabi_Grand_Prix,14,16.0,0,,-0.21279488977594682,0.5508654774377522
2021,Abu_Dhabi_Grand_Prix,R,HAM,1.0,Mercedes,False,MEDIUM,Abu_Dhabi_Grand_Prix,12,16.0,0,,inf,0.2865414098098012
2021,Abu_Dhabi_Grand_Prix,R,HAM,2.0,Mercedes,False,HARD,Abu_Dhabi_Grand_Prix,28,39.0,0,,inf,0.4216116348382917
2021,Abu_Dhabi_Grand_Prix,R,LAT,1.0,Williams,False,MEDIUM,Abu_Dhabi_Grand_Prix,23,27.0,0,,inf,0.23183897689213656
2021,Abu_Dhabi_Grand_Prix,R,LAT,2.0,Williams,False,HARD,Abu_Dhabi_Grand_Prix,18,22.0,0,,-10.33423832211633,0.508122254658883
2021,Abu_Dhabi_Grand_Prix,R,LEC,1.0,Ferrari,False,SOFT,Abu_Dhabi_Grand_Prix,13,17.0,0,,inf,0.7563834296390689
2021,Abu_Dhabi_Grand_Prix,R,LEC,2.0,Ferrari,False,HARD,Abu_Dhabi_Grand_Prix,17,19.0,0,,inf,0.33029861320703346
2021,Abu_Dhabi_Grand_Prix,R,LEC,3.0,Ferrari,False,MEDIUM,Abu_Dhabi_Grand_Prix,14,21.0,0,,0.9151815181517698,0.3061896731887139
2021,Abu_Dhabi_Grand_Prix,R,MSC,1.0,Haas F1 Team,False,SOFT,Abu_Dhabi_Grand_Prix,6,9.0,0,,,
2021,Abu_Dhabi_Grand_Prix,R,MSC,2.0,Haas F1 Team,False,HARD,Abu_Dhabi_Grand_Prix,34,41.0,0,,2.084499292532422,0.3167519473261049
2021,Abu_Dhabi_Grand_Prix,R,NOR,1.0,McLaren,False,SOFT,Abu_Dhabi_Grand_Prix,15,19.0,0,,inf,0.7246089536558238
2021,Abu_Dhabi_Grand_Prix,R,NOR,2.0,McLaren,False,HARD,Abu_Dhabi_Grand_Prix,21,30.0,0,,inf,0.6311505014262352
2021,Abu_Dhabi_Grand_Prix,R,OCO,1.0,Alpine,False,SOFT,Abu_Dhabi_Grand_Prix,12,17.0,0,,inf,0.7185928737361632
2021,Abu_Dhabi_Grand_Prix,R,OCO,2.0,Alpine,False,HARD,Abu_Dhabi_Grand_Prix,29,37.0,0,,inf,0.24061567778397422
2021,Abu_Dhabi_Grand_Prix,R,PER,1.0,Red Bull Racing,True,SOFT,Abu_Dhabi_Grand_Prix,19,20.0,1,20.0,74.71420176298416,0.8235795273553679
2021,Abu_Dhabi_Grand_Prix,R,PER,2.0,Red Bull Racing,True,HARD,Abu_Dhabi_Grand_Prix,11,14.0,0,,-11.745622119819695,0.5271226475786516
2021,Abu_Dhabi_Grand_Prix,R,PER,3.0,Red Bull Racing,True,HARD,Abu_Dhabi_Grand_Prix,15,16.0,0,,-0.47893569844790207,0.5026493552880921
2021,Abu_Dhabi_Grand_Prix,R,RAI,1.0,Alfa Romeo Racing,False,MEDIUM,Abu_Dhabi_Grand_Prix,15,20.0,0,,inf,0.6686247703946806
2021,Abu_Dhabi_Grand_Prix,R,RIC,1.0,McLaren,False,SOFT,Abu_Dhabi_Grand_Prix,15,20.0,0,,inf,0.6491997108885306
2021,Abu_Dhabi_Grand_Prix,R,RIC,2.0,McLaren,False,HARD,Abu_Dhabi_Grand_Prix,27,33.0,0,,inf,0.29039561978812267
2021,Abu_Dhabi_Grand_Prix,R,RUS,1.0,Williams,False,MEDIUM,Abu_Dhabi_Grand_Prix,20,25.0,0,,inf,0.33458378272510625
2021,Abu_Dhabi_Grand_Prix,R,SAI,1.0,Ferrari,False,SOFT,Abu_Dhabi_Grand_Prix,17,21.0,0,,inf,0.3052411078652654
2021,Abu_Dhabi_Grand_Prix,R,SAI,2.0,Ferrari,False,HARD,Abu_Dhabi_Grand_Prix,21,33.0,0,,inf,0.6671430472191566
2021,Abu_Dhabi_Grand_Prix,R,STR,1.0,Aston Martin,False,MEDIUM,Abu_Dhabi_Grand_Prix,15,20.0,0,,inf,0.3148484904658347
2021,Abu_Dhabi_Grand_Prix,R,STR,2.0,Aston Martin,False,HARD,Abu_Dhabi_Grand_Prix,20,30.0,0,,-0.1676157545956134,0.4419484595986052
2021,Abu_Dhabi_Grand_Prix,R,TSU,1.0,AlphaTauri,False,MEDIUM,Abu_Dhabi_Grand_Prix,20,26.0,0,,inf,0.2879701984034682
2021,Abu_Dhabi_Grand_Prix,R,TSU,2.0,AlphaTauri,False,HARD,Abu_Dhabi_Grand_Prix,17,28.0,0,,inf,0.7094972707909337
2021,Abu_Dhabi_Grand_Prix,R,VER,1.0,Red Bull Racing,True,SOFT,Abu_Dhabi_Grand_Prix,11,15.0,0,,inf,0.7848115867658715
2021,Abu_Dhabi_Grand_Prix,R,VER,2.0,Red Bull Racing,True,HARD,Abu_Dhabi_Grand_Prix,18,22.0,0,,inf,0.20744153650676275
2021,Abu_Dhabi_Grand_Prix,R,VER,3.0,Red Bull Racing,True,HARD,Abu_Dhabi_Grand_Prix,15,16.0,0,,3.2459238017204073,0.5166871909084588
2021,Abu_Dhabi_Grand_Prix,R,VET,1.0,Aston Martin,False,MEDIUM,Abu_Dhabi_Grand_Prix,18,22.0,0,,inf,0.1542253676416616
2021,Abu_Dhabi_Grand_Prix,R,VET,2.0,Aston Martin,False,HARD,Abu_Dhabi_Grand_Prix,20,28.0,0,,inf,0.18492205167655523
2021,Austrian_Grand_Prix,R,ALO,1.0,Alpine,False,MEDIUM,Austrian_Grand_Prix,25,31.0,0,,-0.22892458418773828,0.351239718998157
2021,Austrian_Grand_Prix,R,ALO,2.0,Alpine,False,HARD,Austrian_Grand_Prix,34,37.0,0,,inf,0.3717602424529131
2021,Austrian_Grand_Prix,R,BOT,1.0,Mercedes,False,MEDIUM,Austrian_Grand_Prix,25,32.0,0,,inf,0.4266468398129437
2021,Austrian_Grand_Prix,R,BOT,2.0,Mercedes,False,HARD,Austrian_Grand_Prix,38,40.0,0,,0.12592525074672697,0.5162981194350001
2021,Austrian_Grand_Prix,R,GAS,1.0,AlphaTauri,False,SOFT,Austrian_Grand_Prix,8,15.0,0,,inf,0.7427518865439471
2021,Austrian_Grand_Prix,R,GAS,2.0,AlphaTauri,False,HARD,Austrian_Grand_Prix,27,31.0,0,,-0.12339734120398249,0.3620665347589122
2021,Austrian_Grand_Prix,R,GAS,3.0,AlphaTauri,False,HARD,Austrian_Grand_Prix,22,25.0,0,,inf,0.31613586295153673
2021,Austrian_Grand_Prix,R,GIO,2.0,Alfa Romeo Racing,False,HARD,Austrian_Grand_Prix,22,27.0,0,,inf,0.25466533129316765
2021,Austrian_Grand_Prix,R,GIO,3.0,Alfa Romeo Racing,False,HARD,Austrian_Grand_Prix,36,40.0,0,,-0.4101717401177682,0.5066831073211878
2021,Austrian_Grand_Prix,R,HAM,1.0,Mercedes,False,MEDIUM,Austrian_Grand_Prix,26,33.0,0,,inf,0.4014242766215348
2021,Austrian_Grand_Prix,R,HAM,2.0,Mercedes,False,HARD,Austrian_Grand_Prix,20,21.0,0,,22.924103118800584,0.45340160699866683
2021,Austrian_Grand_Prix,R,HAM,3.0,Mercedes,False,HARD,Austrian_Grand_Prix,15,17.0,0,,0.7352356247297791,0.5721124857617961
2021,Austrian_Grand_Prix,R,LAT,1.0,Williams,False,MEDIUM,Austrian_Grand_Prix,26,32.0,0,,inf,0.2844076037379883
2021,Austrian_Grand_Prix,R,LAT,2.0,Williams,False,HARD,Austrian_Grand_Prix,28,36.0,0,,-0.5084675143007082,0.48100591450032104
2021,Austrian_Grand_Prix,R,LEC,1.0,Ferrari,False,MEDIUM,Austrian_Grand_Prix,27,36.0,0,,inf,0.5119144208645108
2021,Austrian_Grand_Prix,R,LEC,2.0,Ferrari,False,HARD,Austrian_Grand_Prix,34,36.0,0,,0.07732257585949337,0.3767950655518149
2021,Austrian_Grand_Prix,R,MAZ,1.0,Haas F1 Team,False,MEDIUM,Austrian_Grand_Prix,20,26.0,0,,inf,0.5576366086869664
2021,Austrian_Grand_Prix,R,MAZ,2.0,Haas F1 Team,False,HARD,Austrian_Grand_Prix,14,17.0,0,,-0.026266467657614707,0.431259228416391
2021,Austrian_Grand_Prix,R,MAZ,3.0,Haas F1 Team,False,HARD,Austrian_Grand_Prix,18,23.0,0,,0.7309167803514995,0.19824730349728983
2021,Austrian_Grand_Prix,R,MSC,1.0,Haas F1 Team,False,MEDIUM,Austrian_Grand_Prix,27,33.0,0,,inf,0.45217265544090535
2021,Austrian_Grand_Prix,R,MSC,2.0,Haas F1 Team,False,HARD,Austrian_Grand_Prix,32,34.0,0,,inf,0.31515377170839026
2021,Austrian_Grand_Prix,R,NOR,1.0,McLaren,False,MEDIUM,Austrian_Grand_Prix,25,32.0,0,,inf,0.46910420309191675
2021,Austrian_Grand_Prix,R,NOR,2.0,McLaren,False,HARD,Austrian_Grand_Prix,37,40.0,0,,inf,0.29367606476579544
2021,Austrian_Grand_Prix,R,PER,1.0,Red Bull Racing,True,MEDIUM,Austrian_Grand_Prix,26,34.0,0,,-0.4780478645317756,0.6162338195543305
2021,Austrian_Grand_Prix,R,PER,2.0,Red Bull Racing,True,HARD,Austrian_Grand_Prix,31,38.0,0,,inf,0.4848794724379089
2021,Austrian_Grand_Prix,R,RAI,1.0,Alfa Romeo Racing,False,HARD,Austrian_Grand_Prix,30,36.0,0,,-0.8389413616686304,0.39726805242385577
2021,Austrian_Grand_Prix,R,RAI,2.0,Alfa Romeo Racing,False,MEDIUM,Austrian_Grand_Prix,26,32.0,0,,inf,0.49474441251950385
2021,Austrian_Grand_Prix,R,RIC,1.0,McLaren,False,MEDIUM,Austrian_Grand_Prix,22,28.0,0,,-0.47833137736048353,0.7635067085259456
2021,Austrian_Grand_Prix,R,RIC,2.0,McLaren,False,HARD,Austrian_Grand_Prix,38,41.0,0,,inf,0.25310475791373643
2021,Austrian_Grand_Prix,R,RUS,1.0,Williams,False,MEDIUM,Austrian_Grand_Prix,24,32.0,0,,inf,0.3901836057143374
2021,Austrian_Grand_Prix,R,RUS,2.0,Williams,False,HARD,Austrian_Grand_Prix,37,39.0,0,,1.3436120789778374,0.4199273640929055
2021,Austrian_Grand_Prix,R,SAI,1.0,Ferrari,False,HARD,Austrian_Grand_Prix,39,47.0,0,,inf,0.561935744251128
2021,Austrian_Grand_Prix,R,SAI,2.0,Ferrari,False,MEDIUM,Austrian_Grand_Prix,19,25.0,0,,-11.875630252100756,0.2740592398992983
2021,Austrian_Grand_Prix,R,STR,1.0,Aston Martin,False,SOFT,Austrian_Grand_Prix,9,16.0,0,,inf,0.5808612687910361
2021,Austrian_Grand_Prix,R,STR,2.0,Aston Martin,False,HARD,Austrian_Grand_Prix,26,31.0,0,,1.9579082543487483,0.2255893524564096
2021,Austrian_Grand_Prix,R,STR,3.0,Aston Martin,False,HARD,Austrian_Grand_Prix,21,23.0,0,,3.2252132463622445,0.211395359956701
2021,Austrian_Grand_Prix,R,TSU,1.0,AlphaTauri,False,SOFT,Austrian_Grand_Prix,7,14.0,0,,inf,0.9063515027288026
2021,Austrian_Grand_Prix,R,TSU,2.0,AlphaTauri,False,HARD,Austrian_Grand_Prix,32,38.0,0,,-0.40678576429870994,0.3974917361987213
2021,Austrian_Grand_Prix,R,TSU,3.0,AlphaTauri,False,HARD,Austrian_Grand_Prix,16,18.0,0,,-42.93067125646458,0.3096565478588154
2021,Austrian_Grand_Prix,R,VER,1.0,Red Bull Racing,True,MEDIUM,Austrian_Grand_Prix,28,34.0,0,,inf,0.6475534496765882
2021,Austrian_Grand_Prix,R,VER,2.0,Red Bull Racing,True,HARD,Austrian_Grand_Prix,22,27.0,0,,-1.2591769015299186,0.638670786395337
2021,Austrian_Grand_Prix,R,VER,3.0,Red Bull Racing,True,HARD,Austrian_Grand_Prix,3,10.0,0,,,
2021,Austrian_Grand_Prix,R,VET,1.0,Aston Martin,False,SOFT,Austrian_Grand_Prix,12,19.0,0,,inf,0.4015884849580776
2021,Austrian_Grand_Prix,R,VET,2.0,Aston Martin,False,HARD,Austrian_Grand_Prix,29,31.0,0,,-0.31849946165315907,0.6576386290167097
2021,Austrian_Grand_Prix,R,VET,3.0,Aston Martin,False,HARD,Austrian_Grand_Prix,19,20.0,0,,13.974881748489258,0.6161522172113452
2021,Azerbaijan_Grand_Prix,R,ALO,1.0,Alpine,False,SOFT,Azerbaijan_Grand_Prix,5,9.0,0,,,
2021,Azerbaijan_Grand_Prix,R,ALO,2.0,Alpine,False,HARD,Azerbaijan_Grand_Prix,18,22.0,0,,inf,0.19799853958297312
2021,Azerbaijan_Grand_Prix,R,ALO,3.0,Alpine,False,SOFT,Azerbaijan_Grand_Prix,9,14.0,0,,inf,0.6979604905324526
2021,Azerbaijan_Grand_Prix,R,BOT,1.0,Mercedes,False,SOFT,Azerbaijan_Grand_Prix,9,14.0,0,,inf,0.744282099747123
2021,Azerbaijan_Grand_Prix,R,BOT,2.0,Mercedes,False,HARD,Azerbaijan_Grand_Prix,26,35.0,0,,3.0777461226730733,0.3634325237067967
2021,Azerbaijan_Grand_Prix,R,GAS,1.0,AlphaTauri,False,SOFT,Azerbaijan_Grand_Prix,9,15.0,0,,inf,0.5832464836784201
2021,Azerbaijan_Grand_Prix,R,GAS,2.0,AlphaTauri,False,HARD,Azerbaijan_Grand_Prix,24,35.0,0,,-0.6513107150026699,0.5330990804612026
2021,Azerbaijan_Grand_Prix,R,GIO,2.0,Alfa Romeo Racing,False,HARD,Azerbaijan_Grand_Prix,23,27.0,0,,inf,0.4820732747694497
2021,Azerbaijan_Grand_Prix,R,GIO,3.0,Alfa Romeo Racing,False,HARD,Azerbaijan_Grand_Prix,8,12.0,0,,inf,0.7020612508147095
2021,Azerbaijan_Grand_Prix,R,HAM,1.0,Mercedes,False,SOFT,Azerbaijan_Grand_Prix,9,14.0,0,,inf,0.8281406340719782
2021,Azerbaijan_Grand_Prix,R,HAM,2.0,Mercedes,False,HARD,Azerbaijan_Grand_Prix,26,35.0,0,,-1.1636060946586677,0.47304794297058633
2021,Azerbaijan_Grand_Prix,R,LAT,1.0,Williams,False,MEDIUM,Azerbaijan_Grand_Prix,5,8.0,0,,,
2021,Azerbaijan_Grand_Prix,R,LAT,2.0,Williams,False,HARD,Azerbaijan_Grand_Prix,26,37.0,0,,70.74899608602308,0.40670426741919047
2021,Azerbaijan_Grand_Prix,R,LEC,1.0,Ferrari,False,SOFT,Azerbaijan_Grand_Prix,7,11.0,0,,inf,0.971190717136061
2021,Azerbaijan_Grand_Prix,R,LEC,2.0,Ferrari,False,HARD,Azerbaijan_Grand_Prix,27,37.0,0,,inf,0.444467667659799
2021,Azerbaijan_Grand_Prix,R,MAZ,1.0,Haas F1 Team,False,SOFT,Azerbaijan_Grand_Prix,6,8.0,0,,,
2021,Azerbaijan_Grand_Prix,R,MAZ,2.0,Haas F1 Team,False,HARD,Azerbaijan_Grand_Prix,16,20.0,0,,inf,0.8620337847602962
2021,Azerbaijan_Grand_Prix,R,MAZ,3.0,Haas F1 Team,False,SOFT,Azerbaijan_Grand_Prix,7,11.0,0,,inf,0.8634902932905221
2021,Azerbaijan_Grand_Prix,R,MSC,1.0,Haas F1 Team,False,SOFT,Azerbaijan_Grand_Prix,5,7.0,0,,,
2021,Azerbaijan_Grand_Prix,R,MSC,2.0,Haas F1 Team,False,HARD,Azerbaijan_Grand_Prix,19,21.0,0,,1.0968817048000814,0.4132235397184674
2021,Azerbaijan_Grand_Prix,R,MSC,3.0,Haas F1 Team,False,SOFT,Azerbaijan_Grand_Prix,8,11.0,0,,1.4754863813230215,0.5142507123604508
2021,Azerbaijan_Grand_Prix,R,NOR,1.0,McLaren,False,SOFT,Azerbaijan_Grand_Prix,4,9.0,0,,,
2021,Azerbaijan_Grand_Prix,R,NOR,2.0,McLaren,False,HARD,Azerbaijan_Grand_Prix,28,39.0,0,,-0.23580669169394272,0.37193857763153815
2021,Azerbaijan_Grand_Prix,R,PER,1.0,Red Bull Racing,True,SOFT,Azerbaijan_Grand_Prix,11,15.0,0,,inf,0.7936604199447548
2021,Azerbaijan_Grand_Prix,R,PER,2.0,Red Bull Racing,True,HARD,Azerbaijan_Grand_Prix,24,33.0,0,,-1.3497872244602838,0.5852512873521114
2021,Azerbaijan_Grand_Prix,R,RAI,1.0,Alfa Romeo Racing,False,MEDIUM,Azerbaijan_Grand_Prix,8,12.0,0,,inf,0.5785880545186033
2021,Azerbaijan_Grand_Prix,R,RAI,2.0,Alfa Romeo Racing,False,HARD,Azerbaijan_Grand_Prix,21,33.0,0,,2.4215644942951022,0.501526360135485
2021,Azerbaijan_Grand_Prix,R,RIC,1.0,McLaren,False,SOFT,Azerbaijan_Grand_Prix,7,10.0,0,,inf,0.27442076815966787
2021,Azerbaijan_Grand_Prix,R,RIC,2.0,McLaren,False,HARD,Azerbaijan_Grand_Prix,26,35.0,0,,inf,0.44572367904387133
2021,Azerbaijan_Grand_Prix,R,RUS,2.0,Williams,False,HARD,Azerbaijan_Grand_Prix,22,28.0,0,,-1.410784492857974,0.4866492301664308
2021,Azerbaijan_Grand_Prix,R,RUS,3.0,Williams,False,HARD,Azerbaijan_Grand_Prix,8,12.0,0,,inf,0.6929707681690965
2021,Azerbaijan_Grand_Prix,R,SAI,1.0,Ferrari,False,SOFT,Azerbaijan_Grand_Prix,8,12.0,0,,inf,0.7318319666173716
2021,Azerbaijan_Grand_Prix,R,SAI,2.0,Ferrari,False,HARD,Azerbaijan_Grand_Prix,25,36.0,0,,inf,0.33162222063891666
2021,Azerbaijan_Grand_Prix,R,STR,1.0,Aston Martin,False,HARD,Azerbaijan_Grand_Prix,23,29.0,0,,inf,0.8308823614150699
2021,Azerbaijan_Grand_Prix,R,TSU,1.0,AlphaTauri,False,SOFT,Azerbaijan_Grand_Prix,7,14.0,0,,inf,0.37417840624770193
2021,Azerbaijan_Grand_Prix,R,TSU,2.0,AlphaTauri,False,HARD,Azerbaijan_Grand_Prix,27,37.0,0,,inf,0.4702023305920354
2021,Azerbaijan_Grand_Prix,R,VER,1.0,Red Bull Racing,True,SOFT,Azerbaijan_Grand_Prix,9,12.0,0,,inf,0.7004718438230252
2021,Azerbaijan_Grand_Prix,R,VER,2.0,Red Bull Racing,True,HARD,Azerbaijan_Grand_Prix,25,33.0,0,,inf,0.5191134402802968
2021,Azerbaijan_Grand_Prix,R,VET,1.0,Aston Martin,False,SOFT,Azerbaijan_Grand_Prix,14,17.0,0,,-3.6572116513982906,0.6767742881262979
2021,Azerbaijan_Grand_Prix,R,VET,2.0,Aston Martin,False,HARD,Azerbaijan_Grand_Prix,18,28.0,0,,-1.128458354513304,0.5387677890282158
2021,Bahrain_Grand_Prix,R,ALO,1.0,Alpine,False,SOFT,Bahrain_Grand_Prix,5,13.0,0,,,
2021,Bahrain_Grand_Prix,R,ALO,2.0,Alpine,False,MEDIUM,Bahrain_Grand_Prix,16,17.0,0,,-2.742649487941774,0.5330128810808924
2021,Bahrain_Grand_Prix,R,BOT,1.0,Mercedes,False,MEDIUM,Bahrain_Grand_Prix,10,18.0,0,,inf,0.6104232672418253
2021,Bahrain_Grand_Prix,R,BOT,2.0,Mercedes,False,HARD,Bahrain_Grand_Prix,12,13.0,0,,2.7093945720251864,0.29197234192725197
2021,Bahrain_Grand_Prix,R,BOT,3.0,Mercedes,False,HARD,Bahrain_Grand_Prix,21,23.0,0,,2.671753493539156,0.331193008553714
2021,Bahrain_Grand_Prix,R,GAS,2.0,AlphaTauri,False,HARD,Bahrain_Grand_Prix,13,14.0,0,,2.308530934859762,0.45789567915290813
2021,Bahrain_Grand_Prix,R,GAS,3.0,AlphaTauri,False,MEDIUM,Bahrain_Grand_Prix,18,22.0,0,,inf,0.6610414251612107
2021,Bahrain_Grand_Prix,R,GAS,4.0,AlphaTauri,False,HARD,Bahrain_Grand_Prix,11,12.0,0,,1.3117901135819041,0.5061751959878562
2021,Bahrain_Grand_Prix,R,GIO,1.0,Alfa Romeo Racing,False,MEDIUM,Bahrain_Grand_Prix,6,11.0,0,,,
2021,Bahrain_Grand_Prix,R,GIO,2.0,Alfa Romeo Racing,False,HARD,Bahrain_Grand_Prix,15,17.0,0,,-0.08911580413086348,0.35300862215612205
2021,Bahrain_Grand_Prix,R,GIO,3.0,Alfa Romeo Racing,False,MEDIUM,Bahrain_Grand_Prix,22,24.0,0,,inf,0.246347029767833
2021,Bahrain_Grand_Prix,R,HAM,1.0,Mercedes,False,MEDIUM,Bahrain_Grand_Prix,7,15.0,0,,inf,0.4868066886340382
2021,Bahrain_Grand_Prix,R,HAM,2.0,Mercedes,False,HARD,Bahrain_Grand_Prix,12,14.0,0,,0.9661479300607084,0.6382270917331415
2021,Bahrain_Grand_Prix,R,HAM,3.0,Mercedes,False,HARD,Bahrain_Grand_Prix,25,27.0,0,,inf,0.45493497651164416
2021,Bahrain_Grand_Prix,R,LAT,1.0,Williams,False,SOFT,Bahrain_Grand_Prix,8,13.0,0,,inf,0.44688486322258986
2021,Bahrain_Grand_Prix,R,LAT,2.0,Williams,False,MEDIUM,Bahrain_Grand_Prix,16,17.0,0,,0.5101668287926123,0.15780855188409887
2021,Bahrain_Grand_Prix,R,LAT,3.0,Williams,False,MEDIUM,Bahrain_Grand_Prix,16,17.0,0,,-0.6511444356746702,0.4178905324340956
2021,Bahrain_Grand_Prix,R,LEC,1.0,Ferrari,False,SOFT,Bahrain_Grand_Prix,6,14.0,0,,,
2021,Bahrain_Grand_Prix,R,LEC,2.0,Ferrari,False,MEDIUM,Bahrain_Grand_Prix,18,19.0,0,,0.09522697597285339,0.5924706594799696
2021,Bahrain_Grand_Prix,R,LEC,3.0,Ferrari,False,HARD,Bahrain_Grand_Prix,22,23.0,0,,-13.653868194844845,0.6036509961135668
2021,Bahrain_Grand_Prix,R,MSC,1.0,Haas F1 Team,False,MEDIUM,Bahrain_Grand_Prix,8,13.0,0,,2.1380543633762423,0.4084899551968578
2021,Bahrain_Grand_Prix,R,MSC,2.0,Haas F1 Team,False,MEDIUM,Bahrain_Grand_Prix,17,18.0,0,,0.7251530413253343,0.2869639868556717
2021,Bahrain_Grand_Prix,R,MSC,3.0,Haas F1 Team,False,HARD,Bahrain_Grand_Prix,18,21.0,0,,-6.846281832835302,0.2989834036240304
2021,Bahrain_Grand_Prix,R,NOR,1.0,McLaren,False,SOFT,Bahrain_Grand_Prix,6,14.0,0,,,
2021,Bahrain_Grand_Prix,R,NOR,2.0,McLaren,False,MEDIUM,Bahrain_Grand_Prix,19,20.0,0,,0.0436367174469082,0.6544175637585319
2021,Bahrain_Grand_Prix,R,NOR,3.0,McLaren,False,HARD,Bahrain_Grand_Prix,21,22.0,0,,6.811725176687841,0.5570164125176965
2021,Bahrain_Grand_Prix,R,OCO,1.0,Alpine,False,SOFT,Bahrain_Grand_Prix,7,12.0,0,,0.06965699208451007,0.07468836836511977
2021,Bahrain_Grand_Prix,R,OCO,2.0,Alpine,False,MEDIUM,Bahrain_Grand_Prix,16,17.0,0,,0.019024508614422057,0.574377044932951
2021,Bahrain_Grand_Prix,R,OCO,3.0,Alpine,False,HARD,Bahrain_Grand_Prix,21,23.0,0,,0.4778879334425852,0.31599009300746816
2021,Bahrain_Grand_Prix,R,PER,2.0,Red Bull Racing,True,MEDIUM,Bahrain_Grand_Prix,13,19.0,0,,inf,0.3533280989310236
2021,Bahrain_Grand_Prix,R,PER,3.0,Red Bull Racing,True,HARD,Bahrain_Grand_Prix,17,18.0,0,,0.5091212771956887,0.24364730889409855
2021,Bahrain_Grand_Prix,R,PER,4.0,Red Bull Racing,True,MEDIUM,Bahrain_Grand_Prix,16,22.0,0,,-28.250969131371445,0.3354147911920924
2021,Bahrain_Grand_Prix,R,RAI,1.0,Alfa Romeo Racing,False,MEDIUM,Bahrain_Grand_Prix,7,12.0,0,,-0.18043478260870366,0.15313296173374824
2021,Bahrain_Grand_Prix,R,RAI,2.0,Alfa Romeo Racing,False,HARD,Bahrain_Grand_Prix,13,15.0,0,,-0.6888793307216441,0.7483060499239654
2021,Bahrain_Grand_Prix,R,RAI,3.0,Alfa Romeo Racing,False,MEDIUM,Bahrain_Grand_Prix,22,26.0,0,,23.64843749999287,0.3542605725916109
2021,Bahrain_Grand_Prix,R,RIC,1.0,McLaren,False,SOFT,Bahrain_Grand_Prix,7,15.0,0,,3.882352941178171,0.020044965092893097
2021,Bahrain_Grand_Prix,R,RIC,2.0,McLaren,False,MEDIUM,Bahrain_Grand_Prix,17,18.0,0,,0.06093219132097992,0.5668590191888274
2021,Bahrain_Grand_Prix,R,RIC,3.0,McLaren,False,HARD,Bahrain_Grand_Prix,21,23.0,0,,inf,0.164901215393752
2021,Bahrain_Grand_Prix,R,RUS,1.0,Williams,False,SOFT,Bahrain_Grand_Prix,7,12.0,0,,inf,0.9870328652076238
2021,Bahrain_Grand_Prix,R,RUS,2.0,Williams,False,MEDIUM,Bahrain_Grand_Prix,21,22.0,0,,0.25413777460953096,0.3925770640171341
2021,Bahrain_Grand_Prix,R,RUS,3.0,Williams,False,MEDIUM,Bahrain_Grand_Prix,17,18.0,0,,0.00443098940414864,0.5069870630145125
2021,Bahrain_Grand_Prix,R,SAI,1.0,Ferrari,False,SOFT,Bahrain_Grand_Prix,9,17.0,0,,-0.163804491413455,0.8496273532805908
2021,Bahrain_Grand_Prix,R,SAI,2.0,Ferrari,False,MEDIUM,Bahrain_Grand_Prix,19,21.0,0,,1.8641330362300172,0.31374504089684957
2021,Bahrain_Grand_Prix,R,SAI,3.0,Ferrari,False,HARD,Bahrain_Grand_Prix,17,18.0,0,,0.6047909053999196,0.5493905766921331
2021,Bahrain_Grand_Prix,R,STR,1.0,Aston Martin,False,SOFT,Bahrain_Grand_Prix,6,14.0,0,,,
2021,Bahrain_Grand_Prix,R,STR,2.0,Aston Martin,False,MEDIUM,Bahrain_Grand_Prix,13,15.0,0,,0.37017374517374046,0.2987566828092669
2021,Bahrain_Grand_Prix,R,STR,3.0,Aston Martin,False,HARD,Bahrain_Grand_Prix,25,27.0,0,,1.650010535723285,0.18900174596421504
2021,Bahrain_Grand_Prix,R,TSU,1.0,AlphaTauri,False,MEDIUM,Bahrain_Grand_Prix,9,17.0,0,,inf,0.5289678391385527
2021,Bahrain_Grand_Prix,R,TSU,2.0,AlphaTauri,False,HARD,Bahrain_Grand_Prix,15,17.0,0,,0.23003981179875638,0.47622356426546614
2021,Bahrain_Grand_Prix,R,TSU,3.0,AlphaTauri,False,HARD,Bahrain_Grand_Prix,19,18.0,1,18.0,inf,0.6674841200070467
2021,Bahrain_Grand_Prix,R,VER,1.0,Red Bull Racing,True,MEDIUM,Bahrain_Grand_Prix,11,15.0,1,15.0,2.9722533632287576,0.39305166115457285
2021,Bahrain_Grand_Prix,R,VER,2.0,Red Bull Racing,True,MEDIUM,Bahrain_Grand_Prix,20,21.0,0,,0.44339651576489314,0.4072383312517575
2021,Bahrain_Grand_Prix,R,VER,3.0,Red Bull Racing,True,HARD,Bahrain_Grand_Prix,15,16.0,0,,-2.6067995983358725,0.3888394188393872
2021,Bahrain_Grand_Prix,R,VET,1.0,Aston Martin,False,MEDIUM,Bahrain_Grand_Prix,18,23.0,0,,0.23056421812678282,0.4270352916938205
2021,Bahrain_Grand_Prix,R,VET,2.0,Aston Martin,False,HARD,Bahrain_Grand_Prix,28,30.0,0,,-11.315792035986954,0.29109742750360956
2021,British_Grand_Prix,R,ALO,2.0,Alpine,False,MEDIUM,British_Grand_Prix,17,22.0,0,,inf,0.649618554890711
2021,British_Grand_Prix,R,ALO,3.0,Alpine,False,HARD,British_Grand_Prix,22,27.0,0,,inf,0.642668228774548
2021,British_Grand_Prix,R,BOT,2.0,Mercedes,False,MEDIUM,British_Grand_Prix,16,19.0,0,,inf,0.7045763178760512
2021,British_Grand_Prix,R,BOT,3.0,Mercedes,False,HARD,British_Grand_Prix,27,29.0,0,,inf,0.2818758945965422
2021,British_Grand_Prix,R,GAS,2.0,AlphaTauri,False,MEDIUM,British_Grand_Prix,21,27.0,0,,inf,0.7324639973336848
2021,British_Grand_Prix,R,GAS,3.0,AlphaTauri,False,HARD,British_Grand_Prix,16,17.0,0,,-0.3178366697680083,0.7119236480554859
2021,British_Grand_Prix,R,GIO,2.0,Alfa Romeo Racing,False,MEDIUM,British_Grand_Prix,14,20.0,0,,inf,0.3974897514137886
2021,British_Grand_Prix,R,GIO,3.0,Alfa Romeo Racing,False,HARD,British_Grand_Prix,25,27.0,0,,inf,0.2662378399956736
2021,British_Grand_Prix,R,HAM,2.0,Mercedes,False,MEDIUM,British_Grand_Prix,21,24.0,0,,-2.110958733325269,0.2651368457623027
2021,British_Grand_Prix,R,HAM,3.0,Mercedes,False,HARD,British_Grand_Prix,18,20.0,1,20.0,inf,0.9024443303240707
2021,British_Grand_Prix,R,LAT,2.0,Williams,False,MEDIUM,British_Grand_Prix,12,16.0,0,,inf,0.5356369166387036
2021,British_Grand_Prix,R,LAT,3.0,Williams,False,HARD,British_Grand_Prix,29,31.0,0,,inf,0.38924434050615625
2021,British_Grand_Prix,R,LEC,2.0,Ferrari,False,MEDIUM,British_Grand_Prix,24,26.0,0,,-3.3179126572911115,0.5420879091385208
2021,British_Grand_Prix,R,LEC,3.0,Ferrari,False,HARD,British_Grand_Prix,19,22.0,0,,inf,0.7371851405306797
2021,British_Grand_Prix,R,MAZ,2.0,Haas F1 Team,False,MEDIUM,British_Grand_Prix,17,25.0,0,,inf,0.30483291954109837
2021,British_Grand_Prix,R,MAZ,3.0,Haas F1 Team,False,HARD,British_Grand_Prix,19,25.0,0,,-0.5225492523142685,0.3764045230818901
2021,British_Grand_Prix,R,MSC,2.0,Haas F1 Team,False,MEDIUM,British_Grand_Prix,17,22.0,0,,inf,0.38994531387839215
2021,British_Grand_Prix,R,MSC,3.0,Haas F1 Team,False,HARD,British_Grand_Prix,19,26.0,0,,-0.3677059209381504,0.3712656090578929
2021,British_Grand_Prix,R,NOR,2.0,McLaren,False,MEDIUM,British_Grand_Prix,16,20.0,0,,inf,0.5653196430833639
2021,British_Grand_Prix,R,NOR,3.0,McLaren,False,HARD,British_Grand_Prix,27,30.0,0,,0.06552503945839692,0.3837896541202496
2021,British_Grand_Prix,R,OCO,2.0,Alpine,False,MEDIUM,British_Grand_Prix,13,16.0,0,,inf,0.3438106173020542
2021,British_Grand_Prix,R,OCO,3.0,Alpine,False,HARD,British_Grand_Prix,29,32.0,0,,inf,0.4074464405100053
2021,British_Grand_Prix,R,PER,2.0,Red Bull Racing,True,HARD,British_Grand_Prix,12,17.0,0,,inf,0.5605917729348223
2021,British_Grand_Prix,R,PER,3.0,Red Bull Racing,True,MEDIUM,British_Grand_Prix,17,19.0,0,,-0.3916939890710157,0.6235721103273254
2021,British_Grand_Prix,R,PER,4.0,Red Bull Racing,True,MEDIUM,British_Grand_Prix,7,9.0,0,,-1.1189998299030381,0.7572057330024086
2021,British_Grand_Prix,R,RAI,2.0,Alfa Romeo Racing,False,MEDIUM,British_Grand_Prix,12,15.0,0,,inf,0.4223030323168315
2021,British_Grand_Prix,R,RAI,3.0,Alfa Romeo Racing,False,HARD,British_Grand_Prix,25,32.0,0,,inf,0.5438488145436551
2021,British_Grand_Prix,R,RIC,2.0,McLaren,False,MEDIUM,British_Grand_Prix,15,19.0,0,,inf,0.55888640554923
2021,British_Grand_Prix,R,RIC,3.0,McLaren,False,HARD,British_Grand_Prix,27,31.0,0,,-0.3133632432435713,0.3989399818936592
2021,British_Grand_Prix,R,RUS,2.0,Williams,False,MEDIUM,British_Grand_Prix,11,15.0,0,,inf,0.43430754322740295
2021,British_Grand_Prix,R,RUS,3.0,Williams,False,HARD,British_Grand_Prix,27,32.0,0,,inf,0.3251154373688663
2021,British_Grand_Prix,R,SAI,2.0,Ferrari,False,MEDIUM,British_Grand_Prix,19,25.0,0,,inf,0.478489269559197
2021,British_Grand_Prix,R,SAI,3.0,Ferrari,False,HARD,British_Grand_Prix,22,23.0,0,,-0.1942771675441609,0.7339129326480865
2021,British_Grand_Prix,R,STR,2.0,Aston Martin,False,MEDIUM,British_Grand_Prix,17,22.0,0,,inf,0.5254442689792604
2021,British_Grand_Prix,R,STR,3.0,Aston Martin,False,HARD,British_Grand_Prix,26,30.0,0,,-0.4489999603420894,0.4455406955184992
2021,British_Grand_Prix,R,TSU,2.0,AlphaTauri,False,MEDIUM,British_Grand_Prix,21,29.0,0,,inf,0.43931482832172986
2021,British_Grand_Prix,R,TSU,3.0,AlphaTauri,False,HARD,British_Grand_Prix,12,21.0,0,,-0.908895342583634,0.7361289100475477
2021,British_Grand_Prix,R,VET,2.0,Aston Martin,False,MEDIUM,British_Grand_Prix,13,20.0,0,,inf,0.3299701618526315
2021,British_Grand_Prix,R,VET,3.0,Aston Martin,False,HARD,British_Grand_Prix,20,23.0,0,,2.9410279263218038,0.2099503748542163
2021,British_Grand_Prix,S,ALO,1.0,Alpine,False,SOFT,British_Grand_Prix,13,16.0,0,,-5.268500273673012,0.7081136076052155
2021,British_Grand_Prix,S,BOT,1.0,Mercedes,False,SOFT,British_Grand_Prix,15,19.0,0,,inf,0.35502672104288163
2021,British_Grand_Prix,S,GAS,1.0,AlphaTauri,False,MEDIUM,British_Grand_Prix,13,16.0,0,,inf,0.5831972637362517
2021,British_Grand_Prix,S,GIO,1.0,Alfa Romeo Racing,False,MEDIUM,British_Grand_Prix,13,16.0,0,,inf,0.29605181951485415
2021,British_Grand_Prix,S,HAM,1.0,Mercedes,False,MEDIUM,British_Grand_Prix,15,16.0,0,,inf,0.21956079148318633
2021,British_Grand_Prix,S,LAT,1.0,Williams,False,MEDIUM,British_Grand_Prix,12,16.0,0,,inf,0.4721701019082141
2021,British_Grand_Prix,S,LEC,1.0,Ferrari,False,MEDIUM,British_Grand_Prix,13,16.0,0,,inf,0.3979410925126094
2021,British_Grand_Prix,S,MAZ,1.0,Haas F1 Team,False,MEDIUM,British_Grand_Prix,15,5.0,1,5.0,inf,0.42179009497425946
2021,British_Grand_Prix,S,MSC,1.0,Haas F1 Team,False,MEDIUM,British_Grand_Prix,11,16.0,0,,-0.4849485652409251,0.7946720898230145
2021,British_Grand_Prix,S,NOR,1.0,McLaren,False,MEDIUM,British_Grand_Prix,11,16.0,0,,inf,0.5864984154671966
2021,British_Grand_Prix,S,OCO,1.0,Alpine,False,SOFT,British_Grand_Prix,13,16.0,0,,inf,0.6469562914231237
2021,British_Grand_Prix,S,PER,1.0,Red Bull Racing,True,MEDIUM,British_Grand_Prix,11,15.0,0,,inf,0.6040813699343477
2021,British_Grand_Prix,S,RAI,1.0,Alfa Romeo Racing,False,SOFT,British_Grand_Prix,13,16.0,0,,0.3491569390402069,0.5095120280850197
2021,British_Grand_Prix,S,RIC,1.0,McLaren,False,MEDIUM,British_Grand_Prix,10,16.0,0,,inf,0.5216368819070784
2021,British_Grand_Prix,S,RUS,1.0,Williams,False,MEDIUM,British_Grand_Prix,14,16.0,0,,inf,0.4235882108055429
2021,British_Grand_Prix,S,SAI,1.0,Ferrari,False,MEDIUM,British_Grand_Prix,13,16.0,0,,-0.024025745018509632,0.3818330621163843
2021,British_Grand_Prix,S,STR,1.0,Aston Martin,False,MEDIUM,British_Grand_Prix,14,19.0,0,,inf,0.2952052745818268
2021,British_Grand_Prix,S,TSU,1.0,AlphaTauri,False,MEDIUM,British_Grand_Prix,13,16.0,0,,inf,0.35491314024159937
2021,British_Grand_Prix,S,VER,1.0,Red Bull Racing,True,MEDIUM,British_Grand_Prix,15,16.0,0,,inf,0.7484498022585259
2021,British_Grand_Prix,S,VET,1.0,Aston Martin,False,MEDIUM,British_Grand_Prix,15,19.0,0,,inf,0.4690038656739593
2021,Dutch_Grand_Prix,R,ALO,1.0,Alpine,False,SOFT,Dutch_Grand_Prix,25,35.0,0,,inf,0.7061044534581313
2021,Dutch_Grand_Prix,R,ALO,2.0,Alpine,False,MEDIUM,Dutch_Grand_Prix,28,37.0,0,,4.183982284833758,0.6838760588943408
2021,Dutch_Grand_Prix,R,BOT,1.0,Mercedes,False,SOFT,Dutch_Grand_Prix,29,34.0,0,,23.203922193878228,0.3780788613316585
2021,Dutch_Grand_Prix,R,BOT,2.0,Mercedes,False,MEDIUM,Dutch_Grand_Prix,32,35.0,0,,inf,0.24904273836408988
2021,Dutch_Grand_Prix,R,GAS,1.0,AlphaTauri,False,SOFT,Dutch_Grand_Prix,22,26.0,0,,inf,0.4126365234446077
2021,Dutch_Grand_Prix,R,GAS,2.0,AlphaTauri,False,MEDIUM,Dutch_Grand_Prix,43,46.0,0,,inf,0.7103166906676982
2021,Dutch_Grand_Prix,R,GIO,1.0,Alfa Romeo Racing,False,SOFT,Dutch_Grand_Prix,24,29.0,0,,-0.7309007155894448,0.5820628202515136
2021,Dutch_Grand_Prix,R,GIO,3.0,Alfa Romeo Racing,False,HARD,Dutch_Grand_Prix,30,36.0,0,,-0.027797310253262767,0.6148866111514657
2021,Dutch_Grand_Prix,R,HAM,1.0,Mercedes,False,SOFT,Dutch_Grand_Prix,18,23.0,0,,1.8195187165775812,0.3548704004734163
2021,Dutch_Grand_Prix,R,HAM,2.0,Mercedes,False,MEDIUM,Dutch_Grand_Prix,16,18.0,0,,-0.20239550797300462,0.5347218198049821
2021,Dutch_Grand_Prix,R,HAM,3.0,Mercedes,False,MEDIUM,Dutch_Grand_Prix,29,35.0,0,,0.16215780376241795,0.1728327263549401
2021,Dutch_Grand_Prix,R,KUB,1.0,Alfa Romeo Racing,False,MEDIUM,Dutch_Grand_Prix,34,39.0,0,,inf,0.49031658436398057
2021,Dutch_Grand_Prix,R,KUB,2.0,Alfa Romeo Racing,False,HARD,Dutch_Grand_Prix,26,29.0,0,,1.8934733404177133,0.5261892799037501
2021,Dutch_Grand_Prix,R,LAT,1.0,Williams,False,MEDIUM,Dutch_Grand_Prix,18,22.0,0,,0.052020841486529266,0.5374514364477398
2021,Dutch_Grand_Prix,R,LAT,2.0,Williams,False,HARD,Dutch_Grand_Prix,42,46.0,0,,-18.660773161572692,0.341540751874073
2021,Dutch_Grand_Prix,R,LEC,1.0,Ferrari,False,SOFT,Dutch_Grand_Prix,31,32.0,1,32.0,inf,0.7298109766204166
2021,Dutch_Grand_Prix,R,LEC,2.0,Ferrari,False,HARD,Dutch_Grand_Prix,34,36.0,0,,inf,0.6108384098370591
2021,Dutch_Grand_Prix,R,MAZ,1.0,Haas F1 Team,False,MEDIUM,Dutch_Grand_Prix,28,32.0,0,,5.726923913381384,0.20360285815369797
2021,Dutch_Grand_Prix,R,MAZ,2.0,Haas F1 Team,False,HARD,Dutch_Grand_Prix,4,6.0,0,,,
2021,Dutch_Grand_Prix,R,MSC,2.0,Haas F1 Team,False,HARD,Dutch_Grand_Prix,16,25.0,0,,-8.068497922225905,0.5840457650880178
2021,Dutch_Grand_Prix,R,MSC,3.0,Haas F1 Team,False,MEDIUM,Dutch_Grand_Prix,33,38.0,0,,-10.86666516944854,0.1886763614084663
2021,Dutch_Grand_Prix,R,NOR,1.0,McLaren,False,MEDIUM,Dutch_Grand_Prix,32,41.0,0,,inf,0.6402822469521883
2021,Dutch_Grand_Prix,R,NOR,2.0,McLaren,False,HARD,Dutch_Grand_Prix,26,28.0,0,,-7.944860692160336,0.6478286258265918
2021,Dutch_Grand_Prix,R,OCO,1.0,Alpine,False,SOFT,Dutch_Grand_Prix,27,33.0,0,,-0.7045278934527511,0.5955060384646781
2021,Dutch_Grand_Prix,R,OCO,2.0,Alpine,False,MEDIUM,Dutch_Grand_Prix,33,39.0,0,,inf,0.5255554704858441
2021,Dutch_Grand_Prix,R,PER,1.0,Red Bull Racing,True,HARD,Dutch_Grand_Prix,1,2.0,0,,,
2021,Dutch_Grand_Prix,R,PER,2.0,Red Bull Racing,True,MEDIUM,Dutch_Grand_Prix,35,38.0,0,,3.1503425252776927,0.21926538593541173
2021,Dutch_Grand_Prix,R,PER,3.0,Red Bull Racing,True,SOFT,Dutch_Grand_Prix,20,14.0,1,14.0,inf,0.5134649042164777
2021,Dutch_Grand_Prix,R,RIC,1.0,McLaren,False,SOFT,Dutch_Grand_Prix,27,32.0,0,,-0.4671935448295616,0.5439894114947443
2021,Dutch_Grand_Prix,R,RIC,2.0,McLaren,False,HARD,Dutch_Grand_Prix,31,40.0,0,,inf,0.4398385579462845
2021,Dutch_Grand_Prix,R,RUS,1.0,Williams,False,MEDIUM,Dutch_Grand_Prix,20,26.0,0,,-0.4433270134366368,0.43139987188924794
2021,Dutch_Grand_Prix,R,RUS,2.0,Williams,False,HARD,Dutch_Grand_Prix,33,37.0,1,37.0,inf,0.4961620550751157
2021,Dutch_Grand_Prix,R,SAI,1.0,Ferrari,False,SOFT,Dutch_Grand_Prix,27,33.0,0,,inf,0.775608178665578
2021,Dutch_Grand_Prix,R,SAI,2.0,Ferrari,False,HARD,Dutch_Grand_Prix,36,39.0,0,,-11.45433213836788,0.11356848950112762
2021,Dutch_Grand_Prix,R,STR,1.0,Aston Martin,False,SOFT,Dutch_Grand_Prix,20,26.0,0,,inf,0.5372773977827779
2021,Dutch_Grand_Prix,R,STR,2.0,Aston Martin,False,HARD,Dutch_Grand_Prix,37,42.0,0,,inf,0.481678709078306
2021,Dutch_Grand_Prix,R,TSU,1.0,AlphaTauri,False,SOFT,Dutch_Grand_Prix,24,30.0,0,,-0.3639585532508311,0.3175958311884117
2021,Dutch_Grand_Prix,R,TSU,2.0,AlphaTauri,False,MEDIUM,Dutch_Grand_Prix,10,16.0,0,,inf,0.6638797320152869
2021,Dutch_Grand_Prix,R,VER,1.0,Red Bull Racing,True,SOFT,Dutch_Grand_Prix,19,23.0,0,,3.024908970539733,0.6783666532951894
2021,Dutch_Grand_Prix,R,VER,2.0,Red Bull Racing,True,MEDIUM,Dutch_Grand_Prix,15,18.0,0,,-1.7133240930208855,0.764542383277525
2021,Dutch_Grand_Prix,R,VER,3.0,Red Bull Racing,True,HARD,Dutch_Grand_Prix,29,31.0,0,,0.6554184680209775,0.3079005414539403
2021,Dutch_Grand_Prix,R,VET,1.0,Aston Martin,False,SOFT,Dutch_Grand_Prix,6,9.0,0,,,
2021,Dutch_Grand_Prix,R,VET,2.0,Aston Martin,False,HARD,Dutch_Grand_Prix,29,33.0,0,,0.131091481638129,0.6151381904168168
2021,Dutch_Grand_Prix,R,VET,3.0,Aston Martin,False,MEDIUM,Dutch_Grand_Prix,15,25.0,0,,inf,0.5310177891935838
2021,Emilia_Romagna_Grand_Prix,R,ALO,1.0,Alpine,False,INTERMEDIATE,Emilia_Romagna_Grand_Prix,16,27.0,0,,inf,0.7028294643162356
2021,Emilia_Romagna_Grand_Prix,R,ALO,4.0,Alpine,False,MEDIUM,Emilia_Romagna_Grand_Prix,23,33.0,0,,inf,0.6202786934823783
2021,Emilia_Romagna_Grand_Prix,R,BOT,1.0,Mercedes,False,INTERMEDIATE,Emilia_Romagna_Grand_Prix,16,27.0,0,,inf,0.7761671508608644
2021,Emilia_Romagna_Grand_Prix,R,GAS,1.0,AlphaTauri,False,WET,Emilia_Romagna_Grand_Prix,6,13.0,0,,,
2021,Emilia_Romagna_Grand_Prix,R,GAS,2.0,AlphaTauri,False,INTERMEDIATE,Emilia_Romagna_Grand_Prix,9,7.0,1,7.0,inf,0.33032124388323325
2021,Emilia_Romagna_Grand_Prix,R,GAS,5.0,AlphaTauri,False,MEDIUM,Emilia_Romagna_Grand_Prix,24,35.0,0,,inf,0.39814841773858795
2021,Emilia_Romagna_Grand_Prix,R,GIO,1.0,Alfa Romeo Racing,False,INTERMEDIATE,Emilia_Romagna_Grand_Prix,15,26.0,0,,inf,0.8124927108078441
2021,Emilia_Romagna_Grand_Prix,R,GIO,5.0,Alfa Romeo Racing,False,MEDIUM,Emilia_Romagna_Grand_Prix,20,34.0,0,,inf,0.39263214262213164
2021,Emilia_Romagna_Grand_Prix,R,HAM,1.0,Mercedes,False,INTERMEDIATE,Emilia_Romagna_Grand_Prix,19,27.0,0,,inf,0.6691703340524772
2021,Emilia_Romagna_Grand_Prix,R,HAM,5.0,Mercedes,False,MEDIUM,Emilia_Romagna_Grand_Prix,21,30.0,0,,29.735593220335893,0.15986488272860375
2021,Emilia_Romagna_Grand_Prix,R,LEC,1.0,Ferrari,False,INTERMEDIATE,Emilia_Romagna_Grand_Prix,19,27.0,0,,inf,0.6063053583355419
2021,Emilia_Romagna_Grand_Prix,R,LEC,3.0,Ferrari,False,MEDIUM,Emilia_Romagna_Grand_Prix,25,34.0,0,,inf,0.412849629887443
2021,Emilia_Romagna_Grand_Prix,R,MAZ,1.0,Haas F1 Team,False,WET,Emilia_Romagna_Grand_Prix,5,11.0,0,,,
2021,Emilia_Romagna_Grand_Prix,R,MAZ,2.0,Haas F1 Team,False,INTERMEDIATE,Emilia_Romagna_Grand_Prix,4,10.0,0,,,
2021,Emilia_Romagna_Grand_Prix,R,MAZ,5.0,Haas F1 Team,False,MEDIUM,Emilia_Romagna_Grand_Prix,16,29.0,0,,inf,0.5794160688944543
2021,Emilia_Romagna_Grand_Prix,R,MSC,2.0,Haas F1 Team,False,INTERMEDIATE,Emilia_Romagna_Grand_Prix,8,15.0,0,,inf,0.5343869805624996
2021,Emilia_Romagna_Grand_Prix,R,MSC,3.0,Haas F1 Team,False,SOFT,Emilia_Romagna_Grand_Prix,4,11.0,0,,,
2021,Emilia_Romagna_Grand_Prix,R,MSC,5.0,Haas F1 Team,False,MEDIUM,Emilia_Romagna_Grand_Prix,20,29.0,0,,-0.17770968977402904,0.43131701919108245
2021,Emilia_Romagna_Grand_Prix,R,NOR,1.0,McLaren,False,INTERMEDIATE,Emilia_Romagna_Grand_Prix,18,20.0,1,20.0,inf,0.89588158115575
2021,Emilia_Romagna_Grand_Prix,R,NOR,3.0,McLaren,False,SOFT,Emilia_Romagna_Grand_Prix,26,31.0,0,,inf,0.6661981581166895
2021,Emilia_Romagna_Grand_Prix,R,OCO,2.0,Alpine,False,INTERMEDIATE,Emilia_Romagna_Grand_Prix,14,25.0,0,,inf,0.7567843132794909
2021,Emilia_Romagna_Grand_Prix,R,OCO,6.0,Alpine,False,MEDIUM,Emilia_Romagna_Grand_Prix,23,33.0,0,,inf,0.334118893062086
2021,Emilia_Romagna_Grand_Prix,R,PER,1.0,Red Bull Racing,True,INTERMEDIATE,Emilia_Romagna_Grand_Prix,18,21.0,1,21.0,inf,0.691448720935434
2021,Emilia_Romagna_Grand_Prix,R,PER,3.0,Red Bull Racing,True,SOFT,Emilia_Romagna_Grand_Prix,25,31.0,0,,0.8565959059893965,0.3949917840687472
2021,Emilia_Romagna_Grand_Prix,R,RAI,1.0,Alfa Romeo Racing,False,INTERMEDIATE,Emilia_Romagna_Grand_Prix,14,25.0,0,,inf,0.817573842405911
2021,Emilia_Romagna_Grand_Prix,R,RAI,4.0,Alfa Romeo Racing,False,MEDIUM,Emilia_Romagna_Grand_Prix,25,36.0,0,,inf,0.3845293568516882
2021,Emilia_Romagna_Grand_Prix,R,RIC,1.0,McLaren,False,INTERMEDIATE,Emilia_Romagna_Grand_Prix,17,21.0,1,21.0,inf,0.7241571661761205
2021,Emilia_Romagna_Grand_Prix,R,RIC,3.0,McLaren,False,SOFT,Emilia_Romagna_Grand_Prix,26,31.0,0,,inf,0.3799797371138986
2021,Emilia_Romagna_Grand_Prix,R,RUS,1.0,Williams,False,INTERMEDIATE,Emilia_Romagna_Grand_Prix,14,25.0,0,,inf,0.7803309776817958
2021,Emilia_Romagna_Grand_Prix,R,SAI,1.0,Ferrari,False,INTERMEDIATE,Emilia_Romagna_Grand_Prix,15,26.0,0,,inf,0.42651764219333155
2021,Emilia_Romagna_Grand_Prix,R,SAI,3.0,Ferrari,False,MEDIUM,Emilia_Romagna_Grand_Prix,26,35.0,0,,inf,0.5629372081869901
2021,Emilia_Romagna_Grand_Prix,R,STR,1.0,Aston Martin,False,INTERMEDIATE,Emilia_Romagna_Grand_Prix,16,26.0,0,,inf,0.8204990933162472
2021,Emilia_Romagna_Grand_Prix,R,STR,4.0,Aston Martin,False,MEDIUM,Emilia_Romagna_Grand_Prix,24,35.0,0,,inf,0.7718965409859115
2021,Emilia_Romagna_Grand_Prix,R,TSU,1.0,AlphaTauri,False,INTERMEDIATE,Emilia_Romagna_Grand_Prix,14,20.0,1,20.0,inf,0.7605121500654746
2021,Emilia_Romagna_Grand_Prix,R,TSU,4.0,AlphaTauri,False,SOFT,Emilia_Romagna_Grand_Prix,24,29.0,0,,-2.4011855050619175,0.6957760433233758
2021,Emilia_Romagna_Grand_Prix,R,VER,1.0,Red Bull Racing,True,INTERMEDIATE,Emilia_Romagna_Grand_Prix,18,26.0,0,,inf,0.8329198138376372
2021,Emilia_Romagna_Grand_Prix,R,VER,3.0,Red Bull Racing,True,MEDIUM,Emilia_Romagna_Grand_Prix,25,34.0,0,,inf,0.5808328465803753
2021,Emilia_Romagna_Grand_Prix,R,VET,2.0,Aston Martin,False,INTERMEDIATE,Emilia_Romagna_Grand_Prix,6,16.0,0,,,
2021,Emilia_Romagna_Grand_Prix,R,VET,4.0,Aston Martin,False,MEDIUM,Emilia_Romagna_Grand_Prix,2,9.0,0,,,
2021,Emilia_Romagna_Grand_Prix,R,VET,6.0,Aston Martin,False,SOFT,Emilia_Romagna_Grand_Prix,21,28.0,0,,inf,0.6077063819219574
2021,French_Grand_Prix,R,ALO,1.0,Alpine,False,MEDIUM,French_Grand_Prix,15,20.0,0,,inf,0.5711683381304206
2021,French_Grand_Prix,R,ALO,2.0,Alpine,False,HARD,French_Grand_Prix,27,34.0,0,,inf,0.3565389477908027
2021,French_Grand_Prix,R,BOT,1.0,Mercedes,False,MEDIUM,French_Grand_Prix,14,19.0,0,,inf,0.43638475687880146
2021,French_Grand_Prix,R,BOT,2.0,Mercedes,False,HARD,French_Grand_Prix,34,35.0,0,,-26.248608853113048,0.3504579133864968
2021,French_Grand_Prix,R,GAS,1.0,AlphaTauri,False,MEDIUM,French_Grand_Prix,15,21.0,0,,inf,0.7235062147627508
2021,French_Grand_Prix,R,GAS,2.0,AlphaTauri,False,HARD,French_Grand_Prix,29,35.0,0,,inf,0.45752488944496217
2021,French_Grand_Prix,R,GIO,1.0,Alfa Romeo Racing,False,HARD,French_Grand_Prix,24,27.0,0,,inf,0.19117402296255484
2021,French_Grand_Prix,R,GIO,2.0,Alfa Romeo Racing,False,MEDIUM,French_Grand_Prix,20,23.0,0,,17.112092432398374,0.46670874477985896
2021,French_Grand_Prix,R,HAM,1.0,Mercedes,False,MEDIUM,French_Grand_Prix,17,21.0,0,,inf,0.5216888604319045
2021,French_Grand_Prix,R,HAM,2.0,Mercedes,False,HARD,French_Grand_Prix,32,33.0,0,,0.6721676980223821,0.7020184103542687
2021,French_Grand_Prix,R,LAT,1.0,Williams,False,MEDIUM,French_Grand_Prix,13,17.0,0,,inf,0.913823436690599
2021,French_Grand_Prix,R,LAT,2.0,Williams,False,HARD,French_Grand_Prix,25,33.0,0,,-0.9583111344562658,0.5877197040917428
2021,French_Grand_Prix,R,LEC,1.0,Ferrari,False,MEDIUM,French_Grand_Prix,11,10.0,1,10.0,inf,0.5866017839366935
2021,French_Grand_Prix,R,LEC,2.0,Ferrari,False,HARD,French_Grand_Prix,22,23.0,0,,-2.446750845919044,0.8748041062207162
2021,French_Grand_Prix,R,LEC,3.0,Ferrari,False,MEDIUM,French_Grand_Prix,10,16.0,0,,1.8977673325503526,0.3642779620250241
2021,French_Grand_Prix,R,MAZ,1.0,Haas F1 Team,False,HARD,French_Grand_Prix,26,30.0,0,,-6.903908176296742,0.5248066127387342
2021,French_Grand_Prix,R,MAZ,2.0,Haas F1 Team,False,MEDIUM,French_Grand_Prix,18,20.0,0,,-4.047515730093145,0.372479779132819
2021,French_Grand_Prix,R,MSC,1.0,Haas F1 Team,False,MEDIUM,French_Grand_Prix,9,14.0,0,,inf,0.9017800514595907
2021,French_Grand_Prix,R,MSC,2.0,Haas F1 Team,False,HARD,French_Grand_Prix,27,36.0,0,,-0.26305574597446746,0.30740677093043334
2021,French_Grand_Prix,R,NOR,1.0,McLaren,False,MEDIUM,French_Grand_Prix,21,28.0,0,,inf,0.2649723518453113
2021,French_Grand_Prix,R,NOR,2.0,McLaren,False,HARD,French_Grand_Prix,23,28.0,0,,-11.541923329680953,0.45787401251545923
2021,French_Grand_Prix,R,OCO,1.0,Alpine,False,HARD,French_Grand_Prix,24,24.0,1,24.0,33.4123155100072,0.6089646231777908
2021,French_Grand_Prix,R,OCO,2.0,Alpine,False,MEDIUM,French_Grand_Prix,22,26.0,0,,inf,0.17071000830503344
2021,French_Grand_Prix,R,PER,1.0,Red Bull Racing,True,MEDIUM,French_Grand_Prix,21,26.0,0,,inf,0.4713816043699403
2021,French_Grand_Prix,R,PER,2.0,Red Bull Racing,True,HARD,French_Grand_Prix,27,28.0,0,,inf,0.3129809137095982
2021,French_Grand_Prix,R,RAI,1.0,Alfa Romeo Racing,False,HARD,French_Grand_Prix,29,32.0,0,,0.6169215519682892,0.2314843308438383
2021,French_Grand_Prix,R,RAI,2.0,Alfa Romeo Racing,False,MEDIUM,French_Grand_Prix,15,18.0,0,,3.912645700625256,0.5718831719282756
2021,French_Grand_Prix,R,RIC,1.0,McLaren,False,MEDIUM,French_Grand_Prix,13,20.0,0,,inf,0.34772620927430087
2021,French_Grand_Prix,R,RIC,2.0,McLaren,False,HARD,French_Grand_Prix,32,36.0,0,,-0.18773938869280754,0.4690457689949472
2021,French_Grand_Prix,R,RUS,1.0,Williams,False,MEDIUM,French_Grand_Prix,12,13.0,1,13.0,inf,0.7982984708836183
2021,French_Grand_Prix,R,RUS,2.0,Williams,False,HARD,French_Grand_Prix,30,34.0,0,,inf,0.38470696354912925
2021,French_Grand_Prix,R,SAI,1.0,Ferrari,False,MEDIUM,French_Grand_Prix,14,19.0,0,,inf,0.6568161962023121
2021,French_Grand_Prix,R,SAI,2.0,Ferrari,False,HARD,French_Grand_Prix,33,35.0,0,,0.0915434744918122,0.2255547913180063
2021,French_Grand_Prix,R,STR,1.0,Aston Martin,False,HARD,French_Grand_Prix,28,33.0,0,,inf,0.5401950016643001
2021,French_Grand_Prix,R,STR,2.0,Aston Martin,False,SOFT,French_Grand_Prix,15,18.0,0,,inf,0.754995890376923
2021,French_Grand_Prix,R,TSU,1.0,AlphaTauri,False,MEDIUM,French_Grand_Prix,11,14.0,0,,inf,0.7535343187573226
2021,French_Grand_Prix,R,TSU,2.0,AlphaTauri,False,HARD,French_Grand_Prix,32,36.0,0,,0.7931022087369654,0.2904299922308243
2021,French_Grand_Prix,R,VER,1.0,Red Bull Racing,True,MEDIUM,French_Grand_Prix,16,20.0,0,,0.14077163712199472,0.338638805196839
2021,French_Grand_Prix,R,VER,2.0,Red Bull Racing,True,HARD,French_Grand_Prix,11,13.0,0,,0.256204249241238,0.3549486261819535
2021,French_Grand_Prix,R,VER,3.0,Red Bull Racing,True,MEDIUM,French_Grand_Prix,19,23.0,0,,-1.4644004441154008,0.5887351899564256
2021,French_Grand_Prix,R,VET,1.0,Aston Martin,False,HARD,French_Grand_Prix,32,36.0,0,,inf,0.48633794812212855
2021,French_Grand_Prix,R,VET,2.0,Aston Martin,False,MEDIUM,French_Grand_Prix,14,18.0,0,,inf,0.20344561390484728
2021,Hungarian_Grand_Prix,R,ALO,3.0,Alpine,False,MEDIUM,Hungarian_Grand_Prix,25,35.0,0,,inf,0.8278432904961035
2021,Hungarian_Grand_Prix,R,ALO,4.0,Alpine,False,HARD,Hungarian_Grand_Prix,29,30.0,0,,1.008966787020843,0.3381497096174484
2021,Hungarian_Grand_Prix,R,GAS,3.0,AlphaTauri,False,MEDIUM,Hungarian_Grand_Prix,16,26.0,0,,inf,0.324483200821397
2021,Hungarian_Grand_Prix,R,GAS,4.0,AlphaTauri,False,HARD,Hungarian_Grand_Prix,32,37.0,0,,4.135665130098802,0.1424290432628865
2021,Hungarian_Grand_Prix,R,GIO,4.0,Alfa Romeo Racing,False,MEDIUM,Hungarian_Grand_Prix,6,8.0,0,,,
2021,Hungarian_Grand_Prix,R,GIO,5.0,Alfa Romeo Racing,False,MEDIUM,Hungarian_Grand_Prix,20,30.0,0,,-0.018028474156609187,0.5877115232542348
2021,Hungarian_Grand_Prix,R,GIO,6.0,Alfa Romeo Racing,False,HARD,Hungarian_Grand_Prix,33,35.0,0,,-6.533582559752455,0.2963195630630304
2021,Hungarian_Grand_Prix,R,HAM,3.0,Mercedes,False,MEDIUM,Hungarian_Grand_Prix,9,17.0,0,,-1.443019127064816,0.6999048387973068
2021,Hungarian_Grand_Prix,R,HAM,4.0,Mercedes,False,HARD,Hungarian_Grand_Prix,22,27.0,0,,0.14240262544064872,0.7568921026190258
2021,Hungarian_Grand_Prix,R,HAM,5.0,Mercedes,False,MEDIUM,Hungarian_Grand_Prix,16,22.0,0,,-2.0400652523183007,0.7323017036037195
2021,Hungarian_Grand_Prix,R,LAT,3.0,Williams,False,MEDIUM,Hungarian_Grand_Prix,16,19.0,0,,inf,0.5563818297699825
2021,Hungarian_Grand_Prix,R,LAT,4.0,Williams,False,HARD,Hungarian_Grand_Prix,44,46.0,0,,inf,0.21653096072667577
2021,Hungarian_Grand_Prix,R,MSC,3.0,Haas F1 Team,False,MEDIUM,Hungarian_Grand_Prix,23,30.0,0,,inf,0.317604250544132
2021,Hungarian_Grand_Prix,R,MSC,4.0,Haas F1 Team,False,HARD,Hungarian_Grand_Prix,32,34.0,0,,-40.512396554023255,0.516730576999881
2021,Hungarian_Grand_Prix,R,OCO,3.0,Alpine,False,MEDIUM,Hungarian_Grand_Prix,28,33.0,0,,inf,0.4505448933809508
2021,Hungarian_Grand_Prix,R,OCO,4.0,Alpine,False,HARD,Hungarian_Grand_Prix,31,32.0,0,,0.009287733002020775,0.639916847595141
2021,Hungarian_Grand_Prix,R,RAI,3.0,Alfa Romeo Racing,False,MEDIUM,Hungarian_Grand_Prix,8,11.0,0,,inf,0.5832483029601034
2021,Hungarian_Grand_Prix,R,RAI,4.0,Alfa Romeo Racing,False,HARD,Hungarian_Grand_Prix,36,37.0,0,,0.31115908914878254,0.5891471938119824
2021,Hungarian_Grand_Prix,R,RAI,5.0,Alfa Romeo Racing,False,SOFT,Hungarian_Grand_Prix,14,15.0,0,,-8.669223394054319,0.12265060941830654
2021,Hungarian_Grand_Prix,R,RIC,3.0,McLaren,False,MEDIUM,Hungarian_Grand_Prix,11,16.0,0,,38.26666666665946,0.8616362853157419
2021,Hungarian_Grand_Prix,R,RIC,4.0,McLaren,False,HARD,Hungarian_Grand_Prix,44,40.0,1,40.0,inf,0.5499568111522222
2021,Hungarian_Grand_Prix,R,RUS,3.0,Williams,False,MEDIUM,Hungarian_Grand_Prix,13,17.0,0,,inf,0.5968180582636725
2021,Hungarian_Grand_Prix,R,RUS,4.0,Williams,False,HARD,Hungarian_Grand_Prix,38,48.0,0,,inf,0.41484036348788567
2021,Hungarian_Grand_Prix,R,SAI,3.0,Ferrari,False,MEDIUM,Hungarian_Grand_Prix,18,28.0,0,,inf,0.7576963844064117
2021,Hungarian_Grand_Prix,R,SAI,4.0,Ferrari,False,HARD,Hungarian_Grand_Prix,35,37.0,0,,-112.71578947367881,0.46572648167239056
2021,Hungarian_Grand_Prix,R,TSU,3.0,AlphaTauri,False,MEDIUM,Hungarian_Grand_Prix,15,18.0,0,,inf,0.287800294017685
2021,Hungarian_Grand_Prix,R,TSU,4.0,AlphaTauri,False,HARD,Hungarian_Grand_Prix,43,42.0,1,42.0,inf,0.25619498833370447
2021,Hungarian_Grand_Prix,R,VER,4.0,Red Bull Racing,True,MEDIUM,Hungarian_Grand_Prix,9,16.0,0,,inf,0.8420829348201064
2021,Hungarian_Grand_Prix,R,VER,5.0,Red Bull Racing,True,HARD,Hungarian_Grand_Prix,12,19.0,0,,-0.6717045705454225,0.7879624088359021
2021,Hungarian_Grand_Prix,R,VER,6.0,Red Bull Racing,True,MEDIUM,Hungarian_Grand_Prix,28,34.0,0,,1.0096792303702167,0.7370528410385473
2021,Hungarian_Grand_Prix,R,VET,3.0,Aston Martin,False,MEDIUM,Hungarian_Grand_Prix,27,32.0,0,,inf,0.46655423371409016
2021,Hungarian_Grand_Prix,R,VET,4.0,Aston Martin,False,HARD,Hungarian_Grand_Prix,31,33.0,0,,0.10928734131405712,0.46784443876156556
2021,Italian_Grand_Prix,R,ALO,1.0,Alpine,False,MEDIUM,Italian_Grand_Prix,22,24.0,0,,38.799438623950806,0.30968872050035273
2021,Italian_Grand_Prix,R,ALO,2.0,Alpine,False,HARD,Italian_Grand_Prix,18,27.0,0,,inf,0.8971711910546675
2021,Italian_Grand_Prix,R,BOT,1.0,Mercedes,False,HARD,Italian_Grand_Prix,21,25.0,0,,2.0003135765107314,0.293992304786876
2021,Italian_Grand_Prix,R,BOT,2.0,Mercedes,False,MEDIUM,Italian_Grand_Prix,18,26.0,0,,-0.26908858802734403,0.4423867390813948
2021,Italian_Grand_Prix,R,GIO,2.0,Alfa Romeo Racing,False,HARD,Italian_Grand_Prix,22,23.0,0,,1.5531978481770738,0.3897601638074768
2021,Italian_Grand_Prix,R,GIO,3.0,Alfa Romeo Racing,False,MEDIUM,Italian_Grand_Prix,18,27.0,0,,inf,0.7074211010124166
2021,Italian_Grand_Prix,R,HAM,1.0,Mercedes,False,HARD,Italian_Grand_Prix,22,24.0,0,,0.07911027174484113,0.5153306236059683
2021,Italian_Grand_Prix,R,KUB,1.0,Alfa Romeo Racing,False,HARD,Italian_Grand_Prix,22,25.0,0,,inf,0.24731783897383786
2021,Italian_Grand_Prix,R,KUB,2.0,Alfa Romeo Racing,False,MEDIUM,Italian_Grand_Prix,19,26.0,0,,-37.305594374072506,0.3412735216119073
2021,Italian_Grand_Prix,R,LAT,1.0,Williams,False,MEDIUM,Italian_Grand_Prix,21,22.0,0,,0.14030730984873413,0.3745085093097753
2021,Italian_Grand_Prix,R,LAT,2.0,Williams,False,HARD,Italian_Grand_Prix,19,29.0,0,,inf,0.4164664980571781
2021,Italian_Grand_Prix,R,LEC,1.0,Ferrari,False,MEDIUM,Italian_Grand_Prix,23,25.0,0,,0.6935825275412589,0.18641190453544842
2021,Italian_Grand_Prix,R,LEC,2.0,Ferrari,False,HARD,Italian_Grand_Prix,19,26.0,0,,inf,0.30386431148057663
2021,Italian_Grand_Prix,R,MAZ,1.0,Haas F1 Team,False,MEDIUM,Italian_Grand_Prix,20,23.0,0,,1.89385402916852,0.244578767104816
2021,Italian_Grand_Prix,R,MAZ,3.0,Haas F1 Team,False,HARD,Italian_Grand_Prix,5,10.0,0,,,
2021,Italian_Grand_Prix,R,MSC,1.0,Haas F1 Team,False,MEDIUM,Italian_Grand_Prix,20,22.0,0,,inf,0.4584957641160767
2021,Italian_Grand_Prix,R,MSC,2.0,Haas F1 Team,False,HARD,Italian_Grand_Prix,18,29.0,0,,inf,0.2727554588314142
2021,Italian_Grand_Prix,R,NOR,1.0,McLaren,False,MEDIUM,Italian_Grand_Prix,21,23.0,0,,0.7709236389411418,0.4490221134264804
2021,Italian_Grand_Prix,R,NOR,2.0,McLaren,False,HARD,Italian_Grand_Prix,20,28.0,0,,-16.636275648463453,0.2716512034349766
2021,Italian_Grand_Prix,R,OCO,1.0,Alpine,False,MEDIUM,Italian_Grand_Prix,22,25.0,0,,0.051217958033804085,0.2276357665691954
2021,Italian_Grand_Prix,R,OCO,2.0,Alpine,False,HARD,Italian_Grand_Prix,18,26.0,0,,inf,0.4278303865898091
2021,Italian_Grand_Prix,R,PER,1.0,Red Bull Racing,True,MEDIUM,Italian_Grand_Prix,23,25.0,0,,0.8845968679098846,0.6255877077127436
2021,Italian_Grand_Prix,R,PER,2.0,Red Bull Racing,True,HARD,Italian_Grand_Prix,19,26.0,0,,-266.12903225503675,0.4193623948536645
2021,Italian_Grand_Prix,R,RIC,1.0,McLaren,False,MEDIUM,Italian_Grand_Prix,19,21.0,0,,2.375964758992212,0.5317895258218014
2021,Italian_Grand_Prix,R,RIC,2.0,McLaren,False,HARD,Italian_Grand_Prix,21,30.0,0,,inf,0.14203971919046998
2021,Italian_Grand_Prix,R,RUS,1.0,Williams,False,MEDIUM,Italian_Grand_Prix,21,25.0,0,,inf,0.5697516022726761
2021,Italian_Grand_Prix,R,RUS,2.0,Williams,False,HARD,Italian_Grand_Prix,18,26.0,0,,inf,0.6964200615288565
2021,Italian_Grand_Prix,R,SAI,1.0,Ferrari,False,MEDIUM,Italian_Grand_Prix,22,25.0,0,,1.3088438166250602,0.3880265669389378
2021,Italian_Grand_Prix,R,SAI,2.0,Ferrari,False,HARD,Italian_Grand_Prix,19,26.0,0,,inf,0.4135690816418164
2021,Italian_Grand_Prix,R,STR,1.0,Aston Martin,False,MEDIUM,Italian_Grand_Prix,22,26.0,0,,-115.28232671242995,0.3933259047433987
2021,Italian_Grand_Prix,R,STR,2.0,Aston Martin,False,HARD,Italian_Grand_Prix,19,29.0,0,,inf,0.6104929659667628
2021,Italian_Grand_Prix,R,VER,1.0,Red Bull Racing,True,MEDIUM,Italian_Grand_Prix,20,22.0,0,,0.26293429003019675,0.3837816086538331
2021,Italian_Grand_Prix,R,VET,1.0,Aston Martin,False,MEDIUM,Italian_Grand_Prix,20,23.0,0,,inf,0.3746872539519479
2021,Italian_Grand_Prix,R,VET,3.0,Aston Martin,False,MEDIUM,Italian_Grand_Prix,18,26.0,0,,inf,0.36920140538084967
2021,Italian_Grand_Prix,S,ALO,1.0,Alpine,False,SOFT,Italian_Grand_Prix,12,17.0,0,,inf,0.8345279494175767
2021,Italian_Grand_Prix,S,BOT,1.0,Mercedes,False,MEDIUM,Italian_Grand_Prix,14,17.0,0,,inf,0.4941037136157002
2021,Italian_Grand_Prix,S,GIO,1.0,Alfa Romeo Racing,False,MEDIUM,Italian_Grand_Prix,13,17.0,0,,inf,0.4824588735148016
2021,Italian_Grand_Prix,S,HAM,1.0,Mercedes,False,MEDIUM,Italian_Grand_Prix,13,17.0,0,,17.73958333344176,0.33746710431896554
2021,Italian_Grand_Prix,S,KUB,1.0,Alfa Romeo Racing,False,MEDIUM,Italian_Grand_Prix,13,13.0,1,13.0,inf,0.7978729756457856
2021,Italian_Grand_Prix,S,LAT,1.0,Williams,False,MEDIUM,Italian_Grand_Prix,12,10.0,1,10.0,inf,0.4660622995039585
2021,Italian_Grand_Prix,S,LEC,1.0,Ferrari,False,MEDIUM,Italian_Grand_Prix,13,17.0,0,,inf,0.2673742693755045
2021,Italian_Grand_Prix,S,MAZ,1.0,Haas F1 Team,False,MEDIUM,Italian_Grand_Prix,12,17.0,0,,0.45386981035364815,0.2634139880975685
2021,Italian_Grand_Prix,S,MSC,1.0,Haas F1 Team,False,MEDIUM,Italian_Grand_Prix,12,17.0,0,,inf,0.3558751456536344
2021,Italian_Grand_Prix,S,NOR,1.0,McLaren,False,SOFT,Italian_Grand_Prix,14,20.0,0,,inf,0.7803747365675341
2021,Italian_Grand_Prix,S,OCO,1.0,Alpine,False,SOFT,Italian_Grand_Prix,12,17.0,0,,inf,0.7128016476027831
2021,Italian_Grand_Prix,S,PER,1.0,Red Bull Racing,True,MEDIUM,Italian_Grand_Prix,10,13.0,1,13.0,inf,0.902468559035049
2021,Italian_Grand_Prix,S,RIC,1.0,McLaren,False,SOFT,Italian_Grand_Prix,14,18.0,0,,inf,0.5516759702856571
2021,Italian_Grand_Prix,S,RUS,1.0,Williams,False,MEDIUM,Italian_Grand_Prix,12,17.0,0,,inf,0.37486425007511015
2021,Italian_Grand_Prix,S,SAI,1.0,Ferrari,False,MEDIUM,Italian_Grand_Prix,13,17.0,0,,inf,0.8337947726947144
2021,Italian_Grand_Prix,S,STR,1.0,Aston Martin,False,SOFT,Italian_Grand_Prix,12,19.0,0,,inf,0.6158388311111408
2021,Italian_Grand_Prix,S,TSU,2.0,AlphaTauri,False,SOFT,Italian_Grand_Prix,11,16.0,0,,inf,0.19191620848786758
2021,Italian_Grand_Prix,S,VER,1.0,Red Bull Racing,True,MEDIUM,Italian_Grand_Prix,13,17.0,0,,inf,0.5485739688075707
2021,Italian_Grand_Prix,S,VET,1.0,Aston Martin,False,SOFT,Italian_Grand_Prix,12,19.0,0,,inf,0.713290502846036
2021,Mexico_City_Grand_Prix,R,ALO,1.0,Alpine,False,MEDIUM,Mexico_City_Grand_Prix,29,38.0,0,,inf,0.22006561288157972
2021,Mexico_City_Grand_Prix,R,ALO,2.0,Alpine,False,HARD,Mexico_City_Grand_Prix,26,30.0,0,,inf,0.4728321352130606
2021,Mexico_City_Grand_Prix,R,BOT,2.0,Mercedes,False,HARD,Mexico_City_Grand_Prix,26,38.0,0,,-2.3758486149041387,0.2704306584388386
2021,Mexico_City_Grand_Prix,R,BOT,3.0,Mercedes,False,MEDIUM,Mexico_City_Grand_Prix,15,7.0,1,7.0,inf,0.3295297502447593
2021,Mexico_City_Grand_Prix,R,GAS,1.0,AlphaTauri,False,MEDIUM,Mexico_City_Grand_Prix,25,33.0,0,,inf,0.4608435810877432
2021,Mexico_City_Grand_Prix,R,GAS,2.0,AlphaTauri,False,HARD,Mexico_City_Grand_Prix,38,39.0,0,,-0.34204820095315613,0.26668733017374746
2021,Mexico_City_Grand_Prix,R,GIO,1.0,Alfa Romeo Racing,False,MEDIUM,Mexico_City_Grand_Prix,10,19.0,0,,inf,0.9153246605245845
2021,Mexico_City_Grand_Prix,R,GIO,2.0,Alfa Romeo Racing,False,HARD,Mexico_City_Grand_Prix,41,53.0,0,,inf,0.13319058125208721
2021,Mexico_City_Grand_Prix,R,HAM,1.0,Mercedes,False,MEDIUM,Mexico_City_Grand_Prix,23,31.0,0,,inf,0.454170238982879
2021,Mexico_City_Grand_Prix,R,HAM,2.0,Mercedes,False,HARD,Mexico_City_Grand_Prix,39,41.0,0,,1.6934287302250257,0.23795833307207856
2021,Mexico_City_Grand_Prix,R,LAT,1.0,Williams,False,MEDIUM,Mexico_City_Grand_Prix,4,9.0,0,,,
2021,Mexico_City_Grand_Prix,R,LAT,2.0,Williams,False,HARD,Mexico_City_Grand_Prix,31,37.0,0,,5.4812314973364975,0.19848823488382414
2021,Mexico_City_Grand_Prix,R,LAT,3.0,Williams,False,MEDIUM,Mexico_City_Grand_Prix,18,21.0,0,,0.8931237242177373,0.16611301577173573
2021,Mexico_City_Grand_Prix,R,LEC,1.0,Ferrari,False,MEDIUM,Mexico_City_Grand_Prix,24,34.0,0,,inf,0.6653381605318095
2021,Mexico_City_Grand_Prix,R,LEC,2.0,Ferrari,False,HARD,Mexico_City_Grand_Prix,36,40.0,0,,-0.14751807933025138,0.4520851233274284
2021,Mexico_City_Grand_Prix,R,MAZ,1.0,Haas F1 Team,False,MEDIUM,Mexico_City_Grand_Prix,6,11.0,0,,,
2021,Mexico_City_Grand_Prix,R,MAZ,2.0,Haas F1 Team,False,HARD,Mexico_City_Grand_Prix,35,44.0,0,,1.4097877628229394,0.12129523890499327
2021,Mexico_City_Grand_Prix,R,MAZ,3.0,Haas F1 Team,False,MEDIUM,Mexico_City_Grand_Prix,5,8.0,0,,,
2021,Mexico_City_Grand_Prix,R,NOR,1.0,McLaren,False,MEDIUM,Mexico_City_Grand_Prix,35,46.0,0,,-26.927586206783285,0.6671923087477047
2021,Mexico_City_Grand_Prix,R,NOR,2.0,McLaren,False,HARD,Mexico_City_Grand_Prix,23,25.0,0,,inf,0.3030584406177675
2021,Mexico_City_Grand_Prix,R,OCO,1.0,Alpine,False,SOFT,Mexico_City_Grand_Prix,6,13.0,0,,,
2021,Mexico_City_Grand_Prix,R,OCO,2.0,Alpine,False,HARD,Mexico_City_Grand_Prix,46,55.0,0,,inf,0.2808740039456525
2021,Mexico_City_Grand_Prix,R,PER,1.0,Red Bull Racing,True,MEDIUM,Mexico_City_Grand_Prix,33,42.0,0,,55.52606177608709,0.22549458761424965
2021,Mexico_City_Grand_Prix,R,PER,2.0,Red Bull Racing,True,HARD,Mexico_City_Grand_Prix,27,30.0,0,,1.0723953816965188,0.363043490300344
2021,Mexico_City_Grand_Prix,R,RAI,1.0,Alfa Romeo Racing,False,MEDIUM,Mexico_City_Grand_Prix,23,34.0,0,,inf,0.5899049269212692
2021,Mexico_City_Grand_Prix,R,RAI,2.0,Alfa Romeo Racing,False,HARD,Mexico_City_Grand_Prix,32,37.0,0,,inf,0.2340987006946951
2021,Mexico_City_Grand_Prix,R,RIC,2.0,McLaren,False,HARD,Mexico_City_Grand_Prix,26,36.0,0,,inf,0.33186979505949765
2021,Mexico_City_Grand_Prix,R,RIC,3.0,McLaren,False,MEDIUM,Mexico_City_Grand_Prix,29,33.0,0,,-0.18535141053472845,0.5332079387174012
2021,Mexico_City_Grand_Prix,R,RUS,1.0,Williams,False,MEDIUM,Mexico_City_Grand_Prix,8,14.0,0,,0.8971332209106241,0.6584464172132449
2021,Mexico_City_Grand_Prix,R,RUS,2.0,Williams,False,HARD,Mexico_City_Grand_Prix,49,53.0,0,,-42.14971458866033,0.1705334206504183
2021,Mexico_City_Grand_Prix,R,SAI,1.0,Ferrari,False,MEDIUM,Mexico_City_Grand_Prix,34,46.0,0,,inf,0.39394649588615543
2021,Mexico_City_Grand_Prix,R,SAI,2.0,Ferrari,False,HARD,Mexico_City_Grand_Prix,20,26.0,0,,inf,0.4769095835384143
2021,Mexico_City_Grand_Prix,R,STR,1.0,Aston Martin,False,MEDIUM,Mexico_City_Grand_Prix,6,13.0,0,,,
2021,Mexico_City_Grand_Prix,R,STR,2.0,Aston Martin,False,HARD,Mexico_City_Grand_Prix,19,21.0,0,,-22.759196161603825,0.2787360289010536
2021,Mexico_City_Grand_Prix,R,STR,3.0,Aston Martin,False,MEDIUM,Mexico_City_Grand_Prix,30,36.0,0,,-1.690955174236499,0.41037107387807803
2021,Mexico_City_Grand_Prix,R,VER,1.0,Red Bull Racing,True,MEDIUM,Mexico_City_Grand_Prix,28,35.0,0,,inf,0.35598658912955455
2021,Mexico_City_Grand_Prix,R,VER,2.0,Red Bull Racing,True,HARD,Mexico_City_Grand_Prix,31,37.0,0,,inf,0.5443502518646273
2021,Mexico_City_Grand_Prix,R,VET,1.0,Aston Martin,False,MEDIUM,Mexico_City_Grand_Prix,26,35.0,0,,inf,0.5468183830213218
2021,Mexico_City_Grand_Prix,R,VET,2.0,Aston Martin,False,HARD,Mexico_City_Grand_Prix,31,36.0,0,,inf,0.42891028353404526
2021,Monaco_Grand_Prix,R,ALO,1.0,Alpine,False,MEDIUM,Monaco_Grand_Prix,39,44.0,0,,inf,0.3195897930946372
2021,Monaco_Grand_Prix,R,ALO,2.0,Alpine,False,SOFT,Monaco_Grand_Prix,27,31.0,0,,inf,0.4920055771771216
2021,Monaco_Grand_Prix,R,BOT,1.0,Mercedes,False,SOFT,Monaco_Grand_Prix,28,34.0,0,,inf,0.7050931975647438
2021,Monaco_Grand_Prix,R,GAS,1.0,AlphaTauri,False,SOFT,Monaco_Grand_Prix,27,35.0,0,,inf,0.5839793478864591
2021,Monaco_Grand_Prix,R,GAS,2.0,AlphaTauri,False,HARD,Monaco_Grand_Prix,45,47.0,0,,inf,0.20620793121752728
2021,Monaco_Grand_Prix,R,GIO,1.0,Alfa Romeo Racing,False,SOFT,Monaco_Grand_Prix,30,37.0,0,,inf,0.8918289218745187
2021,Monaco_Grand_Prix,R,GIO,2.0,Alfa Romeo Racing,False,HARD,Monaco_Grand_Prix,41,43.0,0,,-3.1917275514846297,0.5995633619889873
2021,Monaco_Grand_Prix,R,HAM,1.0,Mercedes,False,SOFT,Monaco_Grand_Prix,25,23.0,1,23.0,inf,0.6773266640970357
2021,Monaco_Grand_Prix,R,HAM,2.0,Mercedes,False,HARD,Monaco_Grand_Prix,33,37.0,0,,-0.09859877332518939,0.3173793624580766
2021,Monaco_Grand_Prix,R,HAM,3.0,Mercedes,False,SOFT,Monaco_Grand_Prix,9,14.0,0,,0.15276860050218516,0.31367387379777306
2021,Monaco_Grand_Prix,R,LAT,1.0,Williams,False,MEDIUM,Monaco_Grand_Prix,36,42.0,0,,15.127050319709651,0.37883488585564606
2021,Monaco_Grand_Prix,R,LAT,2.0,Williams,False,HARD,Monaco_Grand_Prix,32,33.0,0,,inf,0.4023992469345357
2021,Monaco_Grand_Prix,R,MAZ,1.0,Haas F1 Team,False,SOFT,Monaco_Grand_Prix,30,33.0,0,,inf,0.286886902287335
2021,Monaco_Grand_Prix,R,MAZ,2.0,Haas F1 Team,False,HARD,Monaco_Grand_Prix,30,40.0,0,,inf,0.1810109091035067
2021,Monaco_Grand_Prix,R,MSC,1.0,Haas F1 Team,False,SOFT,Monaco_Grand_Prix,27,36.0,0,,-39.32468268778625,0.47849961970626176
2021,Monaco_Grand_Prix,R,MSC,2.0,Haas F1 Team,False,HARD,Monaco_Grand_Prix,34,37.0,0,,inf,0.32848709976332474
2021,Monaco_Grand_Prix,R,NOR,1.0,McLaren,False,SOFT,Monaco_Grand_Prix,27,27.0,1,27.0,inf,0.7713745186595002
2021,Monaco_Grand_Prix,R,NOR,2.0,McLaren,False,HARD,Monaco_Grand_Prix,45,47.0,0,,0.8882459304527864,0.34488862769235296
2021,Monaco_Grand_Prix,R,OCO,1.0,Alpine,False,SOFT,Monaco_Grand_Prix,29,36.0,0,,inf,0.5468900101038531
2021,Monaco_Grand_Prix,R,OCO,2.0,Alpine,False,MEDIUM,Monaco_Grand_Prix,37,39.0,0,,-2.178963920105055,0.595857354789671
2021,Monaco_Grand_Prix,R,PER,1.0,Red Bull Racing,True,SOFT,Monaco_Grand_Prix,28,39.0,0,,inf,0.445911103500837
2021,Monaco_Grand_Prix,R,PER,2.0,Red Bull Racing,True,HARD,Monaco_Grand_Prix,39,42.0,0,,inf,0.41378097006892706
2021,Monaco_Grand_Prix,R,RAI,1.0,Alfa Romeo Racing,False,MEDIUM,Monaco_Grand_Prix,36,42.0,0,,inf,0.29629300486138155
2021,Monaco_Grand_Prix,R,RAI,2.0,Alfa Romeo Racing,False,HARD,Monaco_Grand_Prix,29,33.0,0,,inf,0.5259971215692254
2021,Monaco_Grand_Prix,R,RIC,1.0,McLaren,False,MEDIUM,Monaco_Grand_Prix,30,35.0,0,,inf,0.5906020020955497
2021,Monaco_Grand_Prix,R,RIC,2.0,McLaren,False,HARD,Monaco_Grand_Prix,36,40.0,0,,0.42220279720278975,0.2728801394840533
2021,Monaco_Grand_Prix,R,RUS,1.0,Williams,False,MEDIUM,Monaco_Grand_Prix,26,30.0,0,,inf,0.5322953540774455
2021,Monaco_Grand_Prix,R,RUS,2.0,Williams,False,HARD,Monaco_Grand_Prix,43,45.0,0,,0.748185354403245,0.34027756996056846
2021,Monaco_Grand_Prix,R,SAI,1.0,Ferrari,False,SOFT,Monaco_Grand_Prix,30,37.0,0,,inf,0.6842051980575935
2021,Monaco_Grand_Prix,R,SAI,2.0,Ferrari,False,HARD,Monaco_Grand_Prix,44,45.0,0,,inf,0.22309820100019193
2021,Monaco_Grand_Prix,R,STR,1.0,Aston Martin,False,HARD,Monaco_Grand_Prix,50,57.0,0,,inf,0.2101394555193844
2021,Monaco_Grand_Prix,R,STR,2.0,Aston Martin,False,SOFT,Monaco_Grand_Prix,14,18.0,0,,inf,0.2694391002828293
2021,Monaco_Grand_Prix,R,TSU,1.0,AlphaTauri,False,HARD,Monaco_Grand_Prix,56,63.0,0,,inf,0.20026898781664923
2021,Monaco_Grand_Prix,R,TSU,2.0,AlphaTauri,False,SOFT,Monaco_Grand_Prix,6,12.0,0,,,
2021,Monaco_Grand_Prix,R,VER,1.0,Red Bull Racing,True,SOFT,Monaco_Grand_Prix,31,38.0,0,,inf,0.50975558513039
2021,Monaco_Grand_Prix,R,VER,2.0,Red Bull Racing,True,HARD,Monaco_Grand_Prix,38,25.0,1,25.0,inf,0.3908999709812804
2021,Monaco_Grand_Prix,R,VET,1.0,Aston Martin,False,SOFT,Monaco_Grand_Prix,27,35.0,0,,inf,0.8085769586970543
2021,Monaco_Grand_Prix,R,VET,2.0,Aston Martin,False,HARD,Monaco_Grand_Prix,45,46.0,0,,-0.02430365698907457,0.39653349813624583
2021,Portuguese_Grand_Prix,R,ALO,3.0,Alpine,False,MEDIUM,Portuguese_Grand_Prix,30,39.0,0,,inf,0.2731048510152997
2021,Portuguese_Grand_Prix,R,ALO,4.0,Alpine,False,HARD,Portuguese_Grand_Prix,21,25.0,0,,inf,0.76326399705839
2021,Portuguese_Grand_Prix,R,BOT,3.0,Mercedes,False,MEDIUM,Portuguese_Grand_Prix,29,39.0,0,,inf,0.3130550161039588
2021,Portuguese_Grand_Prix,R,BOT,4.0,Mercedes,False,HARD,Portuguese_Grand_Prix,23,27.0,0,,inf,0.5780033248838324
2021,Portuguese_Grand_Prix,R,GAS,3.0,AlphaTauri,False,SOFT,Portuguese_Grand_Prix,16,27.0,0,,inf,0.7034688666595348
2021,Portuguese_Grand_Prix,R,GAS,4.0,AlphaTauri,False,MEDIUM,Portuguese_Grand_Prix,37,41.0,0,,inf,0.21825541392403192
2021,Portuguese_Grand_Prix,R,GIO,3.0,Alfa Romeo Racing,False,MEDIUM,Portuguese_Grand_Prix,13,21.0,0,,inf,0.6094076534917318
2021,Portuguese_Grand_Prix,R,GIO,4.0,Alfa Romeo Racing,False,HARD,Portuguese_Grand_Prix,37,42.0,0,,inf,0.33737571392795457
2021,Portuguese_Grand_Prix,R,HAM,3.0,Mercedes,False,MEDIUM,Portuguese_Grand_Prix,29,40.0,0,,inf,0.15104819448039156
2021,Portuguese_Grand_Prix,R,HAM,4.0,Mercedes,False,HARD,Portuguese_Grand_Prix,26,29.0,0,,inf,0.23097820821801607
2021,Portuguese_Grand_Prix,R,LAT,3.0,Williams,False,MEDIUM,Portuguese_Grand_Prix,15,23.0,0,,inf,0.8349877490488262
2021,Portuguese_Grand_Prix,R,LAT,4.0,Williams,False,HARD,Portuguese_Grand_Prix,34,39.0,0,,52.541277485448376,0.268561572975059
2021,Portuguese_Grand_Prix,R,LEC,3.0,Ferrari,False,MEDIUM,Portuguese_Grand_Prix,17,29.0,0,,inf,0.5998899831283152
2021,Portuguese_Grand_Prix,R,LEC,4.0,Ferrari,False,HARD,Portuguese_Grand_Prix,36,40.0,0,,inf,0.16152582126559598
2021,Portuguese_Grand_Prix,R,MAZ,3.0,Haas F1 Team,False,MEDIUM,Portuguese_Grand_Prix,22,30.0,0,,inf,0.23926103397273876
2021,Portuguese_Grand_Prix,R,MAZ,4.0,Haas F1 Team,False,HARD,Portuguese_Grand_Prix,7,10.0,0,,3.095390070922224,0.33531726380770155
2021,Portuguese_Grand_Prix,R,MAZ,5.0,Haas F1 Team,False,SOFT,Portuguese_Grand_Prix,18,20.0,0,,2.247604073075773,0.1959294264602309
2021,Portuguese_Grand_Prix,R,MSC,3.0,Haas F1 Team,False,MEDIUM,Portuguese_Grand_Prix,22,31.0,0,,inf,0.457599538399134
2021,Portuguese_Grand_Prix,R,MSC,4.0,Haas F1 Team,False,HARD,Portuguese_Grand_Prix,26,31.0,0,,14.143901082792341,0.33913767811074397
2021,Portuguese_Grand_Prix,R,NOR,3.0,McLaren,False,SOFT,Portuguese_Grand_Prix,14,25.0,0,,inf,0.3946401666664637
2021,Portuguese_Grand_Prix,R,NOR,4.0,McLaren,False,MEDIUM,Portuguese_Grand_Prix,38,43.0,0,,inf,0.2023152198974074
2021,Portuguese_Grand_Prix,R,OCO,3.0,Alpine,False,SOFT,Portuguese_Grand_Prix,14,24.0,0,,inf,0.8718894891436677
2021,Portuguese_Grand_Prix,R,OCO,4.0,Alpine,False,HARD,Portuguese_Grand_Prix,39,43.0,0,,inf,0.14213140625228557
2021,Portuguese_Grand_Prix,R,PER,3.0,Red Bull Racing,True,MEDIUM,Portuguese_Grand_Prix,43,56.0,0,,inf,0.5315712102236005
2021,Portuguese_Grand_Prix,R,PER,4.0,Red Bull Racing,True,SOFT,Portuguese_Grand_Prix,12,18.0,0,,0.2504708097928535,0.34394522019513085
2021,Portuguese_Grand_Prix,R,RIC,3.0,McLaren,False,MEDIUM,Portuguese_Grand_Prix,32,40.0,0,,inf,0.40629353086035924
2021,Portuguese_Grand_Prix,R,RIC,4.0,McLaren,False,HARD,Portuguese_Grand_Prix,22,24.0,0,,-0.11126583340324382,0.3919578033135907
2021,Portuguese_Grand_Prix,R,RUS,3.0,Williams,False,MEDIUM,Portuguese_Grand_Prix,19,27.0,0,,inf,0.3364330563616352
2021,Portuguese_Grand_Prix,R,RUS,4.0,Williams,False,HARD,Portuguese_Grand_Prix,31,36.0,0,,inf,0.29479644936688876
2021,Portuguese_Grand_Prix,R,SAI,3.0,Ferrari,False,SOFT,Portuguese_Grand_Prix,13,25.0,0,,inf,0.6008565983634035
2021,Portuguese_Grand_Prix,R,SAI,4.0,Ferrari,False,MEDIUM,Portuguese_Grand_Prix,41,44.0,0,,inf,0.25182777663624223
2021,Portuguese_Grand_Prix,R,STR,3.0,Aston Martin,False,SOFT,Portuguese_Grand_Prix,29,38.0,0,,inf,0.3479417606054649
2021,Portuguese_Grand_Prix,R,STR,4.0,Aston Martin,False,MEDIUM,Portuguese_Grand_Prix,22,22.0,1,22.0,inf,0.32124043257638774
2021,Portuguese_Grand_Prix,R,TSU,3.0,AlphaTauri,False,MEDIUM,Portuguese_Grand_Prix,12,20.0,0,,inf,0.6362679482604816
2021,Portuguese_Grand_Prix,R,TSU,4.0,AlphaTauri,False,HARD,Portuguese_Grand_Prix,37,43.0,0,,inf,0.23030938516217092
2021,Portuguese_Grand_Prix,R,VER,3.0,Red Bull Racing,True,MEDIUM,Portuguese_Grand_Prix,28,39.0,0,,-0.188990888377826,0.2743861887353959
2021,Portuguese_Grand_Prix,R,VER,4.0,Red Bull Racing,True,HARD,Portuguese_Grand_Prix,25,28.0,0,,inf,0.12418600778646224
2021,Portuguese_Grand_Prix,R,VET,3.0,Aston Martin,False,SOFT,Portuguese_Grand_Prix,14,24.0,0,,inf,0.6378366727960397
2021,Portuguese_Grand_Prix,R,VET,4.0,Aston Martin,False,MEDIUM,Portuguese_Grand_Prix,37,42.0,0,,inf,0.3006969794776079
2021,Qatar_Grand_Prix,R,ALO,1.0,Alpine,False,SOFT,Qatar_Grand_Prix,20,25.0,0,,-1.713967121192708,0.5932490441572006
2021,Qatar_Grand_Prix,R,ALO,2.0,Alpine,False,HARD,Qatar_Grand_Prix,23,30.0,0,,inf,0.5210953729581409
2021,Qatar_Grand_Prix,R,BOT,1.0,Mercedes,False,MEDIUM,Qatar_Grand_Prix,24,35.0,0,,inf,0.249928480139975
2021,Qatar_Grand_Prix,R,BOT,2.0,Mercedes,False,HARD,Qatar_Grand_Prix,12,15.0,0,,-3.4777465621765127,0.6798755038052674
2021,Qatar_Grand_Prix,R,GAS,1.0,AlphaTauri,False,SOFT,Qatar_Grand_Prix,11,15.0,0,,3.660037998733544,0.3588386952158745
2021,Qatar_Grand_Prix,R,GAS,2.0,AlphaTauri,False,MEDIUM,Qatar_Grand_Prix,20,24.0,0,,0.06011458841261758,0.6436375310406056
2021,Qatar_Grand_Prix,R,GAS,3.0,AlphaTauri,False,MEDIUM,Qatar_Grand_Prix,17,23.0,0,,2.4074489919112487,0.4395037889378512
2021,Qatar_Grand_Prix,R,GIO,1.0,Alfa Romeo Racing,False,SOFT,Qatar_Grand_Prix,12,14.0,0,,0.11131119864941123,0.4574881565670796
2021,Qatar_Grand_Prix,R,GIO,2.0,Alfa Romeo Racing,False,MEDIUM,Qatar_Grand_Prix,15,16.0,0,,0.7895904050690247,0.4116802168572757
2021,Qatar_Grand_Prix,R,GIO,3.0,Alfa Romeo Racing,False,MEDIUM,Qatar_Grand_Prix,19,20.0,0,,-10.24325061357973,0.316155658842734
2021,Qatar_Grand_Prix,R,HAM,1.0,Mercedes,False,MEDIUM,Qatar_Grand_Prix,14,20.0,0,,inf,0.46003724058255996
2021,Qatar_Grand_Prix,R,HAM,2.0,Mercedes,False,HARD,Qatar_Grand_Prix,20,23.0,0,,inf,0.25726219550367524
2021,Qatar_Grand_Prix,R,HAM,3.0,Mercedes,False,MEDIUM,Qatar_Grand_Prix,10,12.0,0,,1.1159793814433463,0.7094861341856941
2021,Qatar_Grand_Prix,R,LAT,1.0,Williams,False,SOFT,Qatar_Grand_Prix,15,17.0,0,,7.665016501651173,0.523284495428421
2021,Qatar_Grand_Prix,R,LAT,2.0,Williams,False,HARD,Qatar_Grand_Prix,30,32.0,0,,12.692824391495662,0.21964304429557413
2021,Qatar_Grand_Prix,R,LEC,1.0,Ferrari,False,MEDIUM,Qatar_Grand_Prix,19,26.0,0,,inf,0.8674995228884844
2021,Qatar_Grand_Prix,R,LEC,2.0,Ferrari,False,HARD,Qatar_Grand_Prix,20,20.0,1,20.0,inf,0.660828796901957
2021,Qatar_Grand_Prix,R,MAZ,1.0,Haas F1 Team,False,MEDIUM,Qatar_Grand_Prix,26,30.0,0,,inf,0.4878203848133147
2021,Qatar_Grand_Prix,R,MAZ,2.0,Haas F1 Team,False,SOFT,Qatar_Grand_Prix,15,24.0,0,,2.629939125622672,0.38009210739131033
2021,Qatar_Grand_Prix,R,MSC,1.0,Haas F1 Team,False,SOFT,Qatar_Grand_Prix,19,24.0,0,,inf,0.3162159450875131
2021,Qatar_Grand_Prix,R,MSC,2.0,Haas F1 Team,False,MEDIUM,Qatar_Grand_Prix,27,32.0,0,,-0.9713992876293126,0.1116922359723683
2021,Qatar_Grand_Prix,R,NOR,1.0,McLaren,False,SOFT,Qatar_Grand_Prix,23,27.0,0,,inf,0.1789631552647663
2021,Qatar_Grand_Prix,R,NOR,2.0,McLaren,False,HARD,Qatar_Grand_Prix,19,23.0,0,,inf,0.6940777289556603
2021,Qatar_Grand_Prix,R,OCO,1.0,Alpine,False,SOFT,Qatar_Grand_Prix,22,26.0,0,,-0.6348902215579921,0.4570064158247535
2021,Qatar_Grand_Prix,R,OCO,2.0,Alpine,False,HARD,Qatar_Grand_Prix,24,29.0,0,,inf,0.36757490742725185
2021,Qatar_Grand_Prix,R,PER,1.0,Red Bull Racing,True,MEDIUM,Qatar_Grand_Prix,13,18.0,0,,-0.34242947354354925,0.7275799095447152
2021,Qatar_Grand_Prix,R,PER,2.0,Red Bull Racing,True,HARD,Qatar_Grand_Prix,17,21.0,0,,inf,0.2718571614624606
2021,Qatar_Grand_Prix,R,PER,3.0,Red Bull Racing,True,MEDIUM,Qatar_Grand_Prix,11,15.0,0,,-0.1340046150618775,0.5026809869377834
2021,Qatar_Grand_Prix,R,RAI,1.0,Alfa Romeo Racing,False,SOFT,Qatar_Grand_Prix,7,9.0,0,,-1.332614555255966,0.3319800781189008
2021,Qatar_Grand_Prix,R,RAI,2.0,Alfa Romeo Racing,False,MEDIUM,Qatar_Grand_Prix,16,19.0,0,,0.035570677389357756,0.35788980761224815
2021,Qatar_Grand_Prix,R,RAI,3.0,Alfa Romeo Racing,False,HARD,Qatar_Grand_Prix,17,23.0,0,,-0.7343840306624105,0.40700015126059663
2021,Qatar_Grand_Prix,R,RIC,1.0,McLaren,False,MEDIUM,Qatar_Grand_Prix,19,22.0,1,22.0,inf,0.5440346407820088
2021,Qatar_Grand_Prix,R,RIC,2.0,McLaren,False,HARD,Qatar_Grand_Prix,21,27.0,0,,-0.5071375602521268,0.4438051362685745
2021,Qatar_Grand_Prix,R,RUS,1.0,Williams,False,SOFT,Qatar_Grand_Prix,14,16.0,0,,0.36183927804040317,0.4376248290421741
2021,Qatar_Grand_Prix,R,RUS,2.0,Williams,False,HARD,Qatar_Grand_Prix,29,31.0,0,,-0.7728138274498566,0.21062293745049715
2021,Qatar_Grand_Prix,R,SAI,1.0,Ferrari,False,MEDIUM,Qatar_Grand_Prix,23,29.0,0,,-0.3024302147046183,0.4928545746933649
2021,Qatar_Grand_Prix,R,SAI,2.0,Ferrari,False,HARD,Qatar_Grand_Prix,19,26.0,0,,inf,0.7919763376545709
2021,Qatar_Grand_Prix,R,STR,1.0,Aston Martin,False,MEDIUM,Qatar_Grand_Prix,14,22.0,0,,inf,0.3653131971237638
2021,Qatar_Grand_Prix,R,STR,2.0,Aston Martin,False,HARD,Qatar_Grand_Prix,26,30.0,0,,inf,0.40239301477280576
2021,Qatar_Grand_Prix,R,TSU,1.0,AlphaTauri,False,SOFT,Qatar_Grand_Prix,7,8.0,1,8.0,inf,0.27037842845444704
2021,Qatar_Grand_Prix,R,TSU,2.0,AlphaTauri,False,MEDIUM,Qatar_Grand_Prix,22,24.0,0,,-2.4310938243272826,0.4456074855470313
2021,Qatar_Grand_Prix,R,TSU,3.0,AlphaTauri,False,HARD,Qatar_Grand_Prix,15,19.0,0,,-0.3099813729499014,0.4369855955464803
2021,Qatar_Grand_Prix,R,VER,1.0,Red Bull Racing,True,MEDIUM,Qatar_Grand_Prix,13,19.0,0,,inf,0.49056305821744367
2021,Qatar_Grand_Prix,R,VER,2.0,Red Bull Racing,True,HARD,Qatar_Grand_Prix,20,23.0,0,,inf,0.256881221971113
2021,Qatar_Grand_Prix,R,VER,3.0,Red Bull Racing,True,MEDIUM,Qatar_Grand_Prix,7,13.0,0,,-2.2493023255813807,0.6268161942627521
2021,Qatar_Grand_Prix,R,VET,1.0,Aston Martin,False,SOFT,Qatar_Grand_Prix,23,28.0,0,,inf,0.5784023054873471
2021,Qatar_Grand_Prix,R,VET,2.0,Aston Martin,False,MEDIUM,Qatar_Grand_Prix,19,27.0,0,,inf,0.7648519171083467
2021,Russian_Grand_Prix,R,ALO,1.0,Alpine,False,HARD,Russian_Grand_Prix,28,35.0,0,,inf,0.46763326911549075
2021,Russian_Grand_Prix,R,ALO,2.0,Alpine,False,MEDIUM,Russian_Grand_Prix,7,10.0,0,,inf,0.5946414115083534
2021,Russian_Grand_Prix,R,BOT,1.0,Mercedes,False,HARD,Russian_Grand_Prix,23,27.0,0,,0.5973422475341644,0.4048359721763314
2021,Russian_Grand_Prix,R,BOT,2.0,Mercedes,False,MEDIUM,Russian_Grand_Prix,16,18.0,0,,0.24103668820868188,0.5897527532386841
2021,Russian_Grand_Prix,R,GAS,1.0,AlphaTauri,False,HARD,Russian_Grand_Prix,29,32.0,0,,inf,0.3215707106280553
2021,Russian_Grand_Prix,R,GAS,2.0,AlphaTauri,False,MEDIUM,Russian_Grand_Prix,12,13.0,0,,1.6686465358675098,0.35796700906019385
2021,Russian_Grand_Prix,R,GIO,1.0,Alfa Romeo Racing,False,HARD,Russian_Grand_Prix,27,35.0,0,,-0.06511403569213214,0.43326348607383486
2021,Russian_Grand_Prix,R,GIO,2.0,Alfa Romeo Racing,False,MEDIUM,Russian_Grand_Prix,9,7.0,1,7.0,7.4479585968946305,0.828797810474388
2021,Russian_Grand_Prix,R,HAM,1.0,Mercedes,False,MEDIUM,Russian_Grand_Prix,20,25.0,0,,inf,0.7101116621510527
2021,Russian_Grand_Prix,R,HAM,2.0,Mercedes,False,HARD,Russian_Grand_Prix,18,18.0,1,18.0,inf,0.8244997782242288
2021,Russian_Grand_Prix,R,LAT,1.0,Williams,False,MEDIUM,Russian_Grand_Prix,10,12.0,0,,inf,0.19184118210959897
2021,Russian_Grand_Prix,R,LAT,2.0,Williams,False,HARD,Russian_Grand_Prix,29,33.0,0,,inf,0.6493453810600147
2021,Russian_Grand_Prix,R,LEC,1.0,Ferrari,False,HARD,Russian_Grand_Prix,27,34.0,0,,inf,0.5051312444850359
2021,Russian_Grand_Prix,R,LEC,2.0,Ferrari,False,MEDIUM,Russian_Grand_Prix,9,12.0,0,,inf,0.6225829397863093
2021,Russian_Grand_Prix,R,MAZ,1.0,Haas F1 Team,False,MEDIUM,Russian_Grand_Prix,10,7.0,1,7.0,inf,0.4535740951045377
2021,Russian_Grand_Prix,R,MAZ,2.0,Haas F1 Team,False,HARD,Russian_Grand_Prix,28,31.0,0,,16.193277100144257,0.38292414860061647
2021,Russian_Grand_Prix,R,MSC,1.0,Haas F1 Team,False,MEDIUM,Russian_Grand_Prix,17,19.0,0,,inf,0.5618828891544076
2021,Russian_Grand_Prix,R,MSC,2.0,Haas F1 Team,False,HARD,Russian_Grand_Prix,10,11.0,0,,1.7996108949414655,0.47688350203748353
2021,Russian_Grand_Prix,R,NOR,1.0,McLaren,False,MEDIUM,Russian_Grand_Prix,25,27.0,0,,-0.20315171513110375,0.7124628309183513
2021,Russian_Grand_Prix,R,NOR,2.0,McLaren,False,HARD,Russian_Grand_Prix,15,16.0,1,16.0,inf,0.7990917172728635
2021,Russian_Grand_Prix,R,OCO,1.0,Alpine,False,MEDIUM,Russian_Grand_Prix,12,14.0,0,,inf,0.17087368252515114
2021,Russian_Grand_Prix,R,OCO,2.0,Alpine,False,HARD,Russian_Grand_Prix,30,25.0,1,25.0,inf,0.3728465693198586
2021,Russian_Grand_Prix,R,PER,1.0,Red Bull Racing,True,HARD,Russian_Grand_Prix,28,35.0,0,,inf,0.4739592422282715
2021,Russian_Grand_Prix,R,PER,2.0,Red Bull Racing,True,MEDIUM,Russian_Grand_Prix,9,10.0,0,,0.017621145374514962,0.4106081902078605
2021,Russian_Grand_Prix,R,RAI,1.0,Alfa Romeo Racing,False,MEDIUM,Russian_Grand_Prix,12,14.0,0,,inf,0.17467019250540847
2021,Russian_Grand_Prix,R,RAI,2.0,Alfa Romeo Racing,False,HARD,Russian_Grand_Prix,29,25.0,1,25.0,inf,0.4513198277428217
2021,Russian_Grand_Prix,R,RIC,1.0,McLaren,False,MEDIUM,Russian_Grand_Prix,19,21.0,0,,inf,0.46653028964282556
2021,Russian_Grand_Prix,R,RIC,2.0,McLaren,False,HARD,Russian_Grand_Prix,24,22.0,1,22.0,inf,0.5123473647277401
2021,Russian_Grand_Prix,R,RUS,1.0,Williams,False,MEDIUM,Russian_Grand_Prix,11,12.0,0,,inf,0.8399219649669291
2021,Russian_Grand_Prix,R,RUS,2.0,Williams,False,HARD,Russian_Grand_Prix,31,28.0,1,28.0,inf,0.4223735310049428
2021,Russian_Grand_Prix,R,SAI,1.0,Ferrari,False,MEDIUM,Russian_Grand_Prix,12,6.0,1,6.0,inf,0.5278327652852113
2021,Russian_Grand_Prix,R,SAI,2.0,Ferrari,False,HARD,Russian_Grand_Prix,30,30.0,1,30.0,inf,0.7028077429152699
2021,Russian_Grand_Prix,R,STR,1.0,Aston Martin,False,MEDIUM,Russian_Grand_Prix,10,11.0,0,,inf,0.6419051386128368
2021,Russian_Grand_Prix,R,STR,2.0,Aston Martin,False,HARD,Russian_Grand_Prix,33,32.0,1,32.0,inf,0.691497964287668
2021,Russian_Grand_Prix,R,TSU,1.0,AlphaTauri,False,MEDIUM,Russian_Grand_Prix,10,12.0,0,,inf,0.33545348383225854
2021,Russian_Grand_Prix,R,TSU,2.0,AlphaTauri,False,HARD,Russian_Grand_Prix,30,30.0,1,30.0,inf,0.8236715532399773
2021,Russian_Grand_Prix,R,VER,1.0,Red Bull Racing,True,HARD,Russian_Grand_Prix,19,25.0,0,,inf,0.6367329936176908
2021,Russian_Grand_Prix,R,VER,2.0,Red Bull Racing,True,MEDIUM,Russian_Grand_Prix,19,21.0,0,,34.716267889501815,0.5438049025990389
2021,Russian_Grand_Prix,R,VET,1.0,Aston Martin,False,MEDIUM,Russian_Grand_Prix,22,25.0,0,,-1.1614574628112595,0.4024812669414782
2021,Russian_Grand_Prix,R,VET,2.0,Aston Martin,False,HARD,Russian_Grand_Prix,18,20.0,0,,1.3905214523861709,0.6016901811608801
2021,Saudi_Arabian_Grand_Prix,R,ALO,1.0,Alpine,False,MEDIUM,Saudi_Arabian_Grand_Prix,6,8.0,0,,,
2021,Saudi_Arabian_Grand_Prix,R,ALO,4.0,Alpine,False,HARD,Saudi_Arabian_Grand_Prix,16,33.0,0,,0.3099784719692043,0.4310657728605246
2021,Saudi_Arabian_Grand_Prix,R,BOT,1.0,Mercedes,False,MEDIUM,Saudi_Arabian_Grand_Prix,8,16.0,0,,inf,0.620094139066637
2021,Saudi_Arabian_Grand_Prix,R,BOT,4.0,Mercedes,False,MEDIUM,Saudi_Arabian_Grand_Prix,17,34.0,0,,-0.33499165476296244,0.48903040232828926
2021,Saudi_Arabian_Grand_Prix,R,GAS,1.0,AlphaTauri,False,MEDIUM,Saudi_Arabian_Grand_Prix,8,16.0,0,,inf,0.306032157894416
2021,Saudi_Arabian_Grand_Prix,R,GAS,3.0,AlphaTauri,False,HARD,Saudi_Arabian_Grand_Prix,20,36.0,0,,-5.358290820363549,0.5195885196081483
2021,Saudi_Arabian_Grand_Prix,R,GIO,1.0,Alfa Romeo Racing,False,MEDIUM,Saudi_Arabian_Grand_Prix,8,15.0,0,,inf,0.7287193420431834
2021,Saudi_Arabian_Grand_Prix,R,GIO,3.0,Alfa Romeo Racing,False,HARD,Saudi_Arabian_Grand_Prix,20,36.0,0,,inf,0.33163713227840336
2021,Saudi_Arabian_Grand_Prix,R,HAM,1.0,Mercedes,False,MEDIUM,Saudi_Arabian_Grand_Prix,8,18.0,0,,inf,0.18481008790994966
2021,Saudi_Arabian_Grand_Prix,R,HAM,4.0,Mercedes,False,HARD,Saudi_Arabian_Grand_Prix,22,39.0,0,,inf,0.14762230969771625
2021,Saudi_Arabian_Grand_Prix,R,LAT,1.0,Williams,False,MEDIUM,Saudi_Arabian_Grand_Prix,4,8.0,0,,,
2021,Saudi_Arabian_Grand_Prix,R,LAT,4.0,Williams,False,HARD,Saudi_Arabian_Grand_Prix,20,37.0,0,,-0.24130596418369885,0.7556346954434442
2021,Saudi_Arabian_Grand_Prix,R,LEC,1.0,Ferrari,False,MEDIUM,Saudi_Arabian_Grand_Prix,8,14.0,0,,inf,0.744081729801001
2021,Saudi_Arabian_Grand_Prix,R,LEC,4.0,Ferrari,False,HARD,Saudi_Arabian_Grand_Prix,20,39.0,0,,inf,0.6115999784287466
2021,Saudi_Arabian_Grand_Prix,R,MAZ,1.0,Haas F1 Team,False,MEDIUM,Saudi_Arabian_Grand_Prix,5,8.0,0,,,
2021,Saudi_Arabian_Grand_Prix,R,MSC,1.0,Haas F1 Team,False,MEDIUM,Saudi_Arabian_Grand_Prix,4,8.0,0,,,
2021,Saudi_Arabian_Grand_Prix,R,NOR,1.0,McLaren,False,SOFT,Saudi_Arabian_Grand_Prix,8,13.0,0,,inf,0.7057344120776723
2021,Saudi_Arabian_Grand_Prix,R,NOR,4.0,McLaren,False,HARD,Saudi_Arabian_Grand_Prix,20,39.0,0,,-0.16099245127694703,0.8326846772749243
2021,Saudi_Arabian_Grand_Prix,R,OCO,1.0,Alpine,False,MEDIUM,Saudi_Arabian_Grand_Prix,8,16.0,0,,inf,0.7296624832713161
2021,Saudi_Arabian_Grand_Prix,R,OCO,3.0,Alpine,False,HARD,Saudi_Arabian_Grand_Prix,19,36.0,0,,inf,0.2489147500991455
2021,Saudi_Arabian_Grand_Prix,R,PER,1.0,Red Bull Racing,True,MEDIUM,Saudi_Arabian_Grand_Prix,8,16.0,0,,inf,0.2480160062742691
2021,Saudi_Arabian_Grand_Prix,R,RAI,1.0,Alfa Romeo Racing,False,MEDIUM,Saudi_Arabian_Grand_Prix,6,8.0,0,,,
2021,Saudi_Arabian_Grand_Prix,R,RAI,3.0,Alfa Romeo Racing,False,HARD,Saudi_Arabian_Grand_Prix,5,12.0,0,,,
2021,Saudi_Arabian_Grand_Prix,R,RAI,4.0,Alfa Romeo Racing,False,MEDIUM,Saudi_Arabian_Grand_Prix,15,27.0,0,,8.785453833062135,0.20492911513082082
2021,Saudi_Arabian_Grand_Prix,R,RIC,1.0,McLaren,False,HARD,Saudi_Arabian_Grand_Prix,7,9.0,0,,inf,0.15263961266348935
2021,Saudi_Arabian_Grand_Prix,R,RIC,3.0,McLaren,False,MEDIUM,Saudi_Arabian_Grand_Prix,20,36.0,0,,-0.9589488891915977,0.5856176787679184
2021,Saudi_Arabian_Grand_Prix,R,RUS,1.0,Williams,False,MEDIUM,Saudi_Arabian_Grand_Prix,4,8.0,0,,,
2021,Saudi_Arabian_Grand_Prix,R,SAI,1.0,Ferrari,False,HARD,Saudi_Arabian_Grand_Prix,6,9.0,0,,,
2021,Saudi_Arabian_Grand_Prix,R,SAI,3.0,Ferrari,False,MEDIUM,Saudi_Arabian_Grand_Prix,19,39.0,0,,inf,0.6955285671621563
2021,Saudi_Arabian_Grand_Prix,R,STR,1.0,Aston Martin,False,MEDIUM,Saudi_Arabian_Grand_Prix,5,8.0,0,,,
2021,Saudi_Arabian_Grand_Prix,R,STR,4.0,Aston Martin,False,MEDIUM,Saudi_Arabian_Grand_Prix,20,34.0,0,,inf,0.19816069035862854
2021,Saudi_Arabian_Grand_Prix,R,TSU,1.0,AlphaTauri,False,MEDIUM,Saudi_Arabian_Grand_Prix,7,15.0,0,,inf,0.5628995686844325
2021,Saudi_Arabian_Grand_Prix,R,TSU,3.0,AlphaTauri,False,MEDIUM,Saudi_Arabian_Grand_Prix,4,9.0,0,,,
2021,Saudi_Arabian_Grand_Prix,R,TSU,4.0,AlphaTauri,False,HARD,Saudi_Arabian_Grand_Prix,15,27.0,0,,inf,0.3241640225662071
2021,Saudi_Arabian_Grand_Prix,R,VER,1.0,Red Bull Racing,True,MEDIUM,Saudi_Arabian_Grand_Prix,8,13.0,0,,inf,0.6185367755635666
2021,Saudi_Arabian_Grand_Prix,R,VER,3.0,Red Bull Racing,True,MEDIUM,Saudi_Arabian_Grand_Prix,21,34.0,0,,3.0767045746347206,0.21278238887686013
2021,Saudi_Arabian_Grand_Prix,R,VET,1.0,Aston Martin,False,HARD,Saudi_Arabian_Grand_Prix,6,9.0,0,,,
2021,Saudi_Arabian_Grand_Prix,R,VET,3.0,Aston Martin,False,MEDIUM,Saudi_Arabian_Grand_Prix,16,28.0,0,,0.5986038319524705,0.5619531435032266
2021,Spanish_Grand_Prix,R,ALO,1.0,Alpine,False,SOFT,Spanish_Grand_Prix,15,23.0,0,,-0.197973936061894,0.5704572379552091
2021,Spanish_Grand_Prix,R,ALO,2.0,Alpine,False,MEDIUM,Spanish_Grand_Prix,38,39.0,0,,inf,0.4348678988295168
2021,Spanish_Grand_Prix,R,BOT,1.0,Mercedes,False,SOFT,Spanish_Grand_Prix,17,25.0,0,,-0.13034741556711998,0.3609911032429058
2021,Spanish_Grand_Prix,R,BOT,2.0,Mercedes,False,MEDIUM,Spanish_Grand_Prix,27,26.0,1,26.0,219.459535592753,0.5521359309681718
2021,Spanish_Grand_Prix,R,BOT,3.0,Mercedes,False,SOFT,Spanish_Grand_Prix,7,15.0,0,,-1.5561633131470582,0.8030351618404591
2021,Spanish_Grand_Prix,R,GAS,1.0,AlphaTauri,False,SOFT,Spanish_Grand_Prix,11,17.0,0,,inf,0.8002819689699504
2021,Spanish_Grand_Prix,R,GAS,2.0,AlphaTauri,False,MEDIUM,Spanish_Grand_Prix,25,28.0,0,,0.018443817234119458,0.6814065579411326
2021,Spanish_Grand_Prix,R,GAS,3.0,AlphaTauri,False,SOFT,Spanish_Grand_Prix,12,17.0,0,,-1.7741342223132737,0.8436003278734261
2021,Spanish_Grand_Prix,R,GIO,1.0,Alfa Romeo Racing,False,SOFT,Spanish_Grand_Prix,4,7.0,0,,,
2021,Spanish_Grand_Prix,R,GIO,2.0,Alfa Romeo Racing,False,MEDIUM,Spanish_Grand_Prix,28,33.0,0,,-9.352001521347042,0.3680161630674672
2021,Spanish_Grand_Prix,R,GIO,3.0,Alfa Romeo Racing,False,SOFT,Spanish_Grand_Prix,24,28.0,0,,0.5419235913763392,0.29369168850762023
2021,Spanish_Grand_Prix,R,HAM,1.0,Mercedes,False,SOFT,Spanish_Grand_Prix,23,31.0,0,,-80.66739010048427,0.41555944082126395
2021,Spanish_Grand_Prix,R,HAM,2.0,Mercedes,False,MEDIUM,Spanish_Grand_Prix,12,13.0,0,,-2.100410878497099,0.7710093917751779
2021,Spanish_Grand_Prix,R,HAM,3.0,Mercedes,False,MEDIUM,Spanish_Grand_Prix,22,29.0,0,,0.9592193793079249,0.4077224019625812
2021,Spanish_Grand_Prix,R,LAT,1.0,Williams,False,SOFT,Spanish_Grand_Prix,4,7.0,0,,,
2021,Spanish_Grand_Prix,R,LAT,2.0,Williams,False,MEDIUM,Spanish_Grand_Prix,13,17.0,0,,inf,0.7332691025220371
2021,Spanish_Grand_Prix,R,LAT,3.0,Williams,False,MEDIUM,Spanish_Grand_Prix,20,19.0,1,19.0,3.0013058239745627,0.4783911943049653
2021,Spanish_Grand_Prix,R,LAT,4.0,Williams,False,SOFT,Spanish_Grand_Prix,13,17.0,0,,inf,0.4462803131360937
2021,Spanish_Grand_Prix,R,LEC,1.0,Ferrari,False,SOFT,Spanish_Grand_Prix,23,30.0,0,,inf,0.6566210372851892
2021,Spanish_Grand_Prix,R,LEC,2.0,Ferrari,False,MEDIUM,Spanish_Grand_Prix,28,29.0,0,,inf,0.6694488698480433
2021,Spanish_Grand_Prix,R,LEC,3.0,Ferrari,False,SOFT,Spanish_Grand_Prix,6,10.0,0,,,
2021,Spanish_Grand_Prix,R,MAZ,1.0,Haas F1 Team,False,SOFT,Spanish_Grand_Prix,15,21.0,0,,-0.2273928919536217,0.7598329403208056
2021,Spanish_Grand_Prix,R,MAZ,2.0,Haas F1 Team,False,MEDIUM,Spanish_Grand_Prix,16,19.0,0,,0.24756078970984177,0.30308625639286535
2021,Spanish_Grand_Prix,R,MAZ,3.0,Haas F1 Team,False,MEDIUM,Spanish_Grand_Prix,18,21.0,0,,-8.223708738165634,0.3725272400970065
2021,Spanish_Grand_Prix,R,MSC,1.0,Haas F1 Team,False,SOFT,Spanish_Grand_Prix,15,22.0,0,,-0.29208721509240526,0.4820819147590641
2021,Spanish_Grand_Prix,R,MSC,2.0,Haas F1 Team,False,MEDIUM,Spanish_Grand_Prix,25,26.0,0,,inf,0.3180293783105257
2021,Spanish_Grand_Prix,R,MSC,3.0,Haas F1 Team,False,MEDIUM,Spanish_Grand_Prix,10,10.0,1,10.0,9.799738708473472,0.5249909197380421
2021,Spanish_Grand_Prix,R,NOR,1.0,McLaren,False,SOFT,Spanish_Grand_Prix,17,25.0,0,,inf,0.5808332043789133
2021,Spanish_Grand_Prix,R,NOR,2.0,McLaren,False,MEDIUM,Spanish_Grand_Prix,23,27.0,0,,inf,0.5970129939105335
2021,Spanish_Grand_Prix,R,NOR,3.0,McLaren,False,SOFT,Spanish_Grand_Prix,10,12.0,1,12.0,inf,0.3395829470943852
2021,Spanish_Grand_Prix,R,OCO,1.0,Alpine,False,SOFT,Spanish_Grand_Prix,18,25.0,0,,inf,0.33135954747918245
2021,Spanish_Grand_Prix,R,OCO,2.0,Alpine,False,MEDIUM,Spanish_Grand_Prix,38,28.0,1,28.0,inf,0.567523018437022
2021,Spanish_Grand_Prix,R,PER,1.0,Red Bull Racing,True,SOFT,Spanish_Grand_Prix,21,29.0,0,,inf,0.13801031934468852
2021,Spanish_Grand_Prix,R,PER,2.0,Red Bull Racing,True,MEDIUM,Spanish_Grand_Prix,28,29.0,0,,1.9317932861083342,0.47702462875273877
2021,Spanish_Grand_Prix,R,PER,3.0,Red Bull Racing,True,SOFT,Spanish_Grand_Prix,5,11.0,0,,,
2021,Spanish_Grand_Prix,R,RAI,1.0,Alfa Romeo Racing,False,MEDIUM,Spanish_Grand_Prix,30,36.0,0,,0.024858391183723804,0.36338279222933295
2021,Spanish_Grand_Prix,R,RAI,2.0,Alfa Romeo Racing,False,SOFT,Spanish_Grand_Prix,24,27.0,0,,-70.11986542401289,0.43853237785099664
2021,Spanish_Grand_Prix,R,RIC,1.0,McLaren,False,SOFT,Spanish_Grand_Prix,20,27.0,0,,inf,0.4525561913189355
2021,Spanish_Grand_Prix,R,RIC,2.0,McLaren,False,MEDIUM,Spanish_Grand_Prix,19,20.0,0,,0.1127401244588589,0.4716950052284551
2021,Spanish_Grand_Prix,R,RIC,3.0,McLaren,False,SOFT,Spanish_Grand_Prix,16,20.0,0,,0.5214394024968748,0.4709326634157215
2021,Spanish_Grand_Prix,R,RUS,1.0,Williams,False,SOFT,Spanish_Grand_Prix,4,7.0,0,,,
2021,Spanish_Grand_Prix,R,RUS,2.0,Williams,False,MEDIUM,Spanish_Grand_Prix,14,18.0,0,,inf,0.2954786980399665
2021,Spanish_Grand_Prix,R,RUS,3.0,Williams,False,MEDIUM,Spanish_Grand_Prix,35,36.0,0,,-10.242203806650283,0.5002561593744034
2021,Spanish_Grand_Prix,R,SAI,1.0,Ferrari,False,SOFT,Spanish_Grand_Prix,16,24.0,0,,-0.1289241165217566,0.45560791893642555
2021,Spanish_Grand_Prix,R,SAI,2.0,Ferrari,False,MEDIUM,Spanish_Grand_Prix,19,23.0,0,,inf,0.5115645588631825
2021,Spanish_Grand_Prix,R,SAI,3.0,Ferrari,False,SOFT,Spanish_Grand_Prix,15,22.0,0,,inf,0.577712101301648
2021,Spanish_Grand_Prix,R,STR,1.0,Aston Martin,False,SOFT,Spanish_Grand_Prix,15,21.0,0,,-0.31049284931876747,0.7310074058301322
2021,Spanish_Grand_Prix,R,STR,2.0,Aston Martin,False,MEDIUM,Spanish_Grand_Prix,15,16.0,0,,0.09964509964510555,0.4257138910510177
2021,Spanish_Grand_Prix,R,STR,3.0,Aston Martin,False,SOFT,Spanish_Grand_Prix,24,28.0,0,,-10.405679513184428,0.3335181068637573
2021,Spanish_Grand_Prix,R,TSU,1.0,AlphaTauri,False,SOFT,Spanish_Grand_Prix,2,6.0,0,,,
2021,Spanish_Grand_Prix,R,VER,1.0,Red Bull Racing,True,SOFT,Spanish_Grand_Prix,19,26.0,0,,inf,0.5041225877209232
2021,Spanish_Grand_Prix,R,VER,2.0,Red Bull Racing,True,MEDIUM,Spanish_Grand_Prix,34,35.0,0,,0.25766322101400113,0.47396949122397847
2021,Spanish_Grand_Prix,R,VET,1.0,Aston Martin,False,SOFT,Spanish_Grand_Prix,14,20.0,0,,0.01508036463956288,0.6658306253817279
2021,Spanish_Grand_Prix,R,VET,2.0,Aston Martin,False,MEDIUM,Spanish_Grand_Prix,15,16.0,0,,0.05053347402978491,0.8677515071307293
2021,Spanish_Grand_Prix,R,VET,3.0,Aston Martin,False,SOFT,Spanish_Grand_Prix,24,29.0,0,,-23.087471773113116,0.41382196601566307
2021,Styrian_Grand_Prix,R,ALO,1.0,Alpine,False,SOFT,Styrian_Grand_Prix,24,29.0,0,,-7.460379464285878,0.3803239320484189
2021,Styrian_Grand_Prix,R,ALO,2.0,Alpine,False,HARD,Styrian_Grand_Prix,39,42.0,0,,-0.09810719626098335,0.28610043069240637
2021,Styrian_Grand_Prix,R,BOT,1.0,Mercedes,False,MEDIUM,Styrian_Grand_Prix,23,29.0,0,,-0.02639234434835946,0.583706523126042
2021,Styrian_Grand_Prix,R,BOT,2.0,Mercedes,False,HARD,Styrian_Grand_Prix,39,17.0,1,17.0,inf,0.26309071280918384
2021,Styrian_Grand_Prix,R,GIO,1.0,Alfa Romeo Racing,False,MEDIUM,Styrian_Grand_Prix,19,22.0,0,,0.2628531349905273,0.31641265894665027
2021,Styrian_Grand_Prix,R,GIO,2.0,Alfa Romeo Racing,False,HARD,Styrian_Grand_Prix,40,46.0,0,,inf,0.28575599954021297
2021,Styrian_Grand_Prix,R,HAM,1.0,Mercedes,False,MEDIUM,Styrian_Grand_Prix,26,31.0,0,,inf,0.19514750589036078
2021,Styrian_Grand_Prix,R,HAM,2.0,Mercedes,False,HARD,Styrian_Grand_Prix,36,40.0,0,,-12.65203859071635,0.4283894176375529
2021,Styrian_Grand_Prix,R,LAT,2.0,Williams,False,SOFT,Styrian_Grand_Prix,17,23.0,0,,-0.037424259149365646,0.6915278946055602
2021,Styrian_Grand_Prix,R,LAT,3.0,Williams,False,HARD,Styrian_Grand_Prix,36,42.0,0,,0.5497326203208506,0.3144413409084128
2021,Styrian_Grand_Prix,R,LEC,2.0,Ferrari,False,HARD,Styrian_Grand_Prix,34,35.0,0,,-12.207501405034405,0.22109509656161136
2021,Styrian_Grand_Prix,R,LEC,3.0,Ferrari,False,MEDIUM,Styrian_Grand_Prix,30,32.0,0,,-0.31551902433093093,0.6236015443342693
2021,Styrian_Grand_Prix,R,MAZ,1.0,Haas F1 Team,False,MEDIUM,Styrian_Grand_Prix,16,20.0,0,,1.1499264551376833,0.2691857711113168
2021,Styrian_Grand_Prix,R,MAZ,2.0,Haas F1 Team,False,HARD,Styrian_Grand_Prix,38,46.0,0,,-2.904203184100151,0.2471577605444747
2021,Styrian_Grand_Prix,R,MSC,1.0,Haas F1 Team,False,MEDIUM,Styrian_Grand_Prix,29,32.0,0,,6.299590764031897,0.24213589833395985
2021,Styrian_Grand_Prix,R,MSC,2.0,Haas F1 Team,False,HARD,Styrian_Grand_Prix,28,35.0,0,,inf,0.2787853134917115
2021,Styrian_Grand_Prix,R,NOR,1.0,McLaren,False,SOFT,Styrian_Grand_Prix,29,33.0,0,,-0.07761263036623589,0.5639067545959227
2021,Styrian_Grand_Prix,R,NOR,2.0,McLaren,False,HARD,Styrian_Grand_Prix,32,38.0,0,,inf,0.15721960073945046
2021,Styrian_Grand_Prix,R,OCO,1.0,Alpine,False,MEDIUM,Styrian_Grand_Prix,30,35.0,0,,inf,0.25063783647158416
2021,Styrian_Grand_Prix,R,OCO,2.0,Alpine,False,HARD,Styrian_Grand_Prix,32,33.0,0,,-2.974303717574508,0.3362212584215784
2021,Styrian_Grand_Prix,R,PER,1.0,Red Bull Racing,True,SOFT,Styrian_Grand_Prix,23,28.0,0,,1.614262915507902,0.6602833972085947
2021,Styrian_Grand_Prix,R,PER,2.0,Red Bull Racing,True,HARD,Styrian_Grand_Prix,22,27.0,0,,inf,0.8016856206326738
2021,Styrian_Grand_Prix,R,PER,3.0,Red Bull Racing,True,MEDIUM,Styrian_Grand_Prix,15,16.0,0,,0.1510030776245298,0.3680566241102263
2021,Styrian_Grand_Prix,R,RAI,1.0,Alfa Romeo Racing,False,HARD,Styrian_Grand_Prix,28,35.0,0,,inf,0.48165250503443285
2021,Styrian_Grand_Prix,R,RAI,2.0,Alfa Romeo Racing,False,MEDIUM,Styrian_Grand_Prix,29,33.0,0,,-0.015609203445454595,0.10915082445120632
2021,Styrian_Grand_Prix,R,RIC,1.0,McLaren,False,MEDIUM,Styrian_Grand_Prix,33,40.0,0,,inf,0.32326486044055475
2021,Styrian_Grand_Prix,R,RIC,2.0,McLaren,False,HARD,Styrian_Grand_Prix,25,24.0,1,24.0,24.027345063322457,0.4318667778692784
2021,Styrian_Grand_Prix,R,RUS,1.0,Williams,False,MEDIUM,Styrian_Grand_Prix,21,24.0,0,,-93.57234042522465,0.5793802490833577
2021,Styrian_Grand_Prix,R,RUS,3.0,Williams,False,HARD,Styrian_Grand_Prix,6,10.0,0,,,
2021,Styrian_Grand_Prix,R,SAI,1.0,Ferrari,False,MEDIUM,Styrian_Grand_Prix,33,40.0,0,,inf,0.709526107520816
2021,Styrian_Grand_Prix,R,SAI,2.0,Ferrari,False,HARD,Styrian_Grand_Prix,23,28.0,0,,inf,0.3556399454422736
2021,Styrian_Grand_Prix,R,STR,1.0,Aston Martin,False,SOFT,Styrian_Grand_Prix,24,30.0,0,,inf,0.5182615296231347
2021,Styrian_Grand_Prix,R,STR,2.0,Aston Martin,False,HARD,Styrian_Grand_Prix,37,41.0,0,,inf,0.2732451861053121
2021,Styrian_Grand_Prix,R,TSU,1.0,AlphaTauri,False,SOFT,Styrian_Grand_Prix,23,28.0,0,,inf,0.38994619919386675
2021,Styrian_Grand_Prix,R,TSU,2.0,AlphaTauri,False,HARD,Styrian_Grand_Prix,38,43.0,0,,inf,0.21910033350176075
2021,Styrian_Grand_Prix,R,VER,1.0,Red Bull Racing,True,MEDIUM,Styrian_Grand_Prix,27,33.0,0,,inf,0.38502081122908355
2021,Styrian_Grand_Prix,R,VER,2.0,Red Bull Racing,True,HARD,Styrian_Grand_Prix,36,41.0,0,,inf,0.09996399157123438
2021,Styrian_Grand_Prix,R,VET,1.0,Aston Martin,False,MEDIUM,Styrian_Grand_Prix,23,26.0,0,,inf,0.20692615660219352
2021,Styrian_Grand_Prix,R,VET,2.0,Aston Martin,False,HARD,Styrian_Grand_Prix,41,39.0,1,39.0,inf,0.4808550032791097
2021,São_Paulo_Grand_Prix,R,ALO,3.0,Alpine,False,MEDIUM,São_Paulo_Grand_Prix,18,33.0,0,,0.19727060792542986,0.4773294500776944
2021,São_Paulo_Grand_Prix,R,ALO,4.0,Alpine,False,HARD,São_Paulo_Grand_Prix,31,35.0,0,,-2.615682905713588,0.6448640919039688
2021,São_Paulo_Grand_Prix,R,BOT,3.0,Mercedes,False,MEDIUM,São_Paulo_Grand_Prix,16,29.0,0,,inf,0.6559945310327404
2021,São_Paulo_Grand_Prix,R,BOT,4.0,Mercedes,False,HARD,São_Paulo_Grand_Prix,8,10.0,0,,0.2684804246848585,0.6508153301711513
2021,São_Paulo_Grand_Prix,R,BOT,5.0,Mercedes,False,HARD,São_Paulo_Grand_Prix,28,29.0,0,,inf,0.29871731506144217
2021,São_Paulo_Grand_Prix,R,GAS,3.0,AlphaTauri,False,MEDIUM,São_Paulo_Grand_Prix,11,24.0,0,,inf,0.8481602571418542
2021,São_Paulo_Grand_Prix,R,GAS,4.0,AlphaTauri,False,HARD,São_Paulo_Grand_Prix,21,25.0,0,,0.13211522609705928,0.6963507394850325
2021,São_Paulo_Grand_Prix,R,GAS,5.0,AlphaTauri,False,HARD,São_Paulo_Grand_Prix,10,18.0,0,,-0.14597356509145576,0.9371561053360548
2021,São_Paulo_Grand_Prix,R,GIO,3.0,Alfa Romeo Racing,False,MEDIUM,São_Paulo_Grand_Prix,14,28.0,0,,15.310344827585189,0.47180263630697417
2021,São_Paulo_Grand_Prix,R,GIO,4.0,Alfa Romeo Racing,False,HARD,São_Paulo_Grand_Prix,8,11.0,0,,0.6388754501962128,0.694457844142949
2021,São_Paulo_Grand_Prix,R,GIO,5.0,Alfa Romeo Racing,False,MEDIUM,São_Paulo_Grand_Prix,23,27.0,0,,-11.016151527162892,0.3951827318877024
2021,São_Paulo_Grand_Prix,R,HAM,3.0,Mercedes,False,MEDIUM,São_Paulo_Grand_Prix,13,25.0,0,,inf,0.2847340030095471
2021,São_Paulo_Grand_Prix,R,HAM,4.0,Mercedes,False,HARD,São_Paulo_Grand_Prix,13,16.0,0,,-1.9617546313304357,0.38601735942796306
2021,São_Paulo_Grand_Prix,R,HAM,5.0,Mercedes,False,HARD,São_Paulo_Grand_Prix,25,27.0,0,,0.3936584016960147,0.21945703387728024
2021,São_Paulo_Grand_Prix,R,LAT,4.0,Williams,False,HARD,São_Paulo_Grand_Prix,23,25.0,0,,-2.643995446154044,0.7790710540292157
2021,São_Paulo_Grand_Prix,R,LAT,5.0,Williams,False,HARD,São_Paulo_Grand_Prix,25,30.0,0,,inf,0.5016326856192075
2021,São_Paulo_Grand_Prix,R,LEC,3.0,Ferrari,False,MEDIUM,São_Paulo_Grand_Prix,13,18.0,1,18.0,inf,0.6484920119972407
2021,São_Paulo_Grand_Prix,R,LEC,4.0,Ferrari,False,MEDIUM,São_Paulo_Grand_Prix,20,24.0,0,,inf,0.46290720505331795
2021,São_Paulo_Grand_Prix,R,LEC,5.0,Ferrari,False,HARD,São_Paulo_Grand_Prix,16,18.0,0,,-20.42357971899068,0.496751146709741
2021,São_Paulo_Grand_Prix,R,MAZ,3.0,Haas F1 Team,False,MEDIUM,São_Paulo_Grand_Prix,19,33.0,0,,inf,0.2934482548294641
2021,São_Paulo_Grand_Prix,R,MAZ,4.0,Haas F1 Team,False,HARD,São_Paulo_Grand_Prix,30,34.0,0,,-16.375876390696323,0.20909277245998295
2021,São_Paulo_Grand_Prix,R,MSC,4.0,Haas F1 Team,False,HARD,São_Paulo_Grand_Prix,10,17.0,0,,0.06389174374786263,0.7386683325189096
2021,São_Paulo_Grand_Prix,R,MSC,5.0,Haas F1 Team,False,MEDIUM,São_Paulo_Grand_Prix,24,31.0,0,,-11.186794764069461,0.3191472581746993
2021,São_Paulo_Grand_Prix,R,MSC,6.0,Haas F1 Team,False,MEDIUM,São_Paulo_Grand_Prix,6,7.0,0,,,
2021,São_Paulo_Grand_Prix,R,NOR,5.0,McLaren,False,HARD,São_Paulo_Grand_Prix,21,35.0,0,,inf,0.6390141978430497
2021,São_Paulo_Grand_Prix,R,NOR,6.0,McLaren,False,HARD,São_Paulo_Grand_Prix,31,68.0,0,,inf,0.32822970849788297
2021,São_Paulo_Grand_Prix,R,OCO,3.0,Alpine,False,MEDIUM,São_Paulo_Grand_Prix,16,29.0,0,,inf,0.8835203761248119
2021,São_Paulo_Grand_Prix,R,OCO,4.0,Alpine,False,HARD,São_Paulo_Grand_Prix,35,39.0,0,,inf,0.23546268605671
2021,São_Paulo_Grand_Prix,R,PER,3.0,Red Bull Racing,True,MEDIUM,São_Paulo_Grand_Prix,15,27.0,0,,inf,0.4065104838898979
2021,São_Paulo_Grand_Prix,R,PER,4.0,Red Bull Racing,True,HARD,São_Paulo_Grand_Prix,10,13.0,0,,47.22891566264463,0.4426140405979208
2021,São_Paulo_Grand_Prix,R,PER,5.0,Red Bull Racing,True,HARD,São_Paulo_Grand_Prix,24,26.0,0,,0.11725462187420384,0.49517941935717363
2021,São_Paulo_Grand_Prix,R,RAI,3.0,Alfa Romeo Racing,False,MEDIUM,São_Paulo_Grand_Prix,13,27.0,0,,0.0350962454736035,0.49004949967115646
2021,São_Paulo_Grand_Prix,R,RAI,4.0,Alfa Romeo Racing,False,HARD,São_Paulo_Grand_Prix,19,23.0,0,,0.162163455785584,0.529439089123352
2021,São_Paulo_Grand_Prix,R,RAI,5.0,Alfa Romeo Racing,False,MEDIUM,São_Paulo_Grand_Prix,14,17.0,0,,-1.3140250273975782,0.3162149986004416
2021,São_Paulo_Grand_Prix,R,RIC,3.0,McLaren,False,MEDIUM,São_Paulo_Grand_Prix,16,29.0,0,,inf,0.38222158271068024
2021,São_Paulo_Grand_Prix,R,RIC,4.0,McLaren,False,HARD,São_Paulo_Grand_Prix,16,18.0,0,,inf,0.7657915621645388
2021,São_Paulo_Grand_Prix,R,RUS,4.0,Williams,False,HARD,São_Paulo_Grand_Prix,25,34.0,0,,inf,0.4038650343104754
2021,São_Paulo_Grand_Prix,R,RUS,5.0,Williams,False,HARD,São_Paulo_Grand_Prix,24,28.0,0,,0.6753056636667126,0.30650966233570504
2021,São_Paulo_Grand_Prix,R,SAI,3.0,Ferrari,False,MEDIUM,São_Paulo_Grand_Prix,12,25.0,0,,inf,0.7668588574124305
2021,São_Paulo_Grand_Prix,R,SAI,4.0,Ferrari,False,MEDIUM,São_Paulo_Grand_Prix,22,26.0,0,,inf,0.4461958043553332
2021,São_Paulo_Grand_Prix,R,SAI,5.0,Ferrari,False,HARD,São_Paulo_Grand_Prix,15,17.0,0,,inf,0.1407784667896485
2021,São_Paulo_Grand_Prix,R,STR,3.0,Aston Martin,False,MEDIUM,São_Paulo_Grand_Prix,8,23.0,0,,inf,0.9077060035786232
2021,São_Paulo_Grand_Prix,R,STR,4.0,Aston Martin,False,HARD,São_Paulo_Grand_Prix,20,26.0,0,,4.503542142106072,0.18499451963558464
2021,São_Paulo_Grand_Prix,R,TSU,5.0,AlphaTauri,False,HARD,São_Paulo_Grand_Prix,23,34.0,0,,13.377428631549902,0.2457797404284784
2021,São_Paulo_Grand_Prix,R,TSU,6.0,AlphaTauri,False,HARD,São_Paulo_Grand_Prix,23,30.0,0,,inf,0.533783362995801
2021,São_Paulo_Grand_Prix,R,VER,3.0,Red Bull Racing,True,MEDIUM,São_Paulo_Grand_Prix,14,26.0,0,,inf,0.8057383677358968
2021,São_Paulo_Grand_Prix,R,VER,4.0,Red Bull Racing,True,HARD,São_Paulo_Grand_Prix,9,12.0,0,,inf,0.6484182156021777
2021,São_Paulo_Grand_Prix,R,VER,5.0,Red Bull Racing,True,HARD,São_Paulo_Grand_Prix,26,18.0,1,18.0,inf,0.6826025859966043
2021,São_Paulo_Grand_Prix,R,VET,3.0,Aston Martin,False,MEDIUM,São_Paulo_Grand_Prix,14,29.0,0,,inf,0.5099313985671242
2021,São_Paulo_Grand_Prix,R,VET,4.0,Aston Martin,False,HARD,São_Paulo_Grand_Prix,22,28.0,0,,-7.731689255277697,0.6124509750752322
2021,São_Paulo_Grand_Prix,R,VET,5.0,Aston Martin,False,MEDIUM,São_Paulo_Grand_Prix,13,16.0,0,,inf,0.49143212409366444
2021,São_Paulo_Grand_Prix,S,ALO,1.0,Alpine,False,MEDIUM,São_Paulo_Grand_Prix,20,23.0,0,,0.2001459143968813,0.29466248506071924
2021,São_Paulo_Grand_Prix,S,BOT,1.0,Mercedes,False,SOFT,São_Paulo_Grand_Prix,22,26.0,0,,inf,0.7335378149133772
2021,São_Paulo_Grand_Prix,S,GAS,1.0,AlphaTauri,False,SOFT,São_Paulo_Grand_Prix,21,26.0,0,,0.36759173604680156,0.2885355776929598
2021,São_Paulo_Grand_Prix,S,GIO,1.0,Alfa Romeo Racing,False,SOFT,São_Paulo_Grand_Prix,19,23.0,0,,inf,0.5485562507081346
2021,São_Paulo_Grand_Prix,S,HAM,1.0,Mercedes,False,MEDIUM,São_Paulo_Grand_Prix,18,23.0,0,,0.15138145893540558,0.47157932520306883
2021,São_Paulo_Grand_Prix,S,LAT,1.0,Williams,False,MEDIUM,São_Paulo_Grand_Prix,20,23.0,0,,0.5828305681247702,0.5502253224297488
2021,São_Paulo_Grand_Prix,S,LEC,1.0,Ferrari,False,MEDIUM,São_Paulo_Grand_Prix,21,23.0,0,,inf,0.3536941438907923
2021,São_Paulo_Grand_Prix,S,MAZ,1.0,Haas F1 Team,False,SOFT,São_Paulo_Grand_Prix,19,23.0,0,,inf,0.45956510723754057
2021,São_Paulo_Grand_Prix,S,MSC,1.0,Haas F1 Team,False,SOFT,São_Paulo_Grand_Prix,18,23.0,0,,62.38959731544979,0.4348579127327998
2021,São_Paulo_Grand_Prix,S,NOR,1.0,McLaren,False,MEDIUM,São_Paulo_Grand_Prix,21,23.0,0,,inf,0.1790781520671873
2021,São_Paulo_Grand_Prix,S,OCO,1.0,Alpine,False,SOFT,São_Paulo_Grand_Prix,21,23.0,0,,-0.4475043029259661,0.2632799264441442
2021,São_Paulo_Grand_Prix,S,PER,1.0,Red Bull Racing,True,MEDIUM,São_Paulo_Grand_Prix,22,23.0,0,,0.016900826048924986,0.3874478565230354
2021,São_Paulo_Grand_Prix,S,RAI,1.0,Alfa Romeo Racing,False,SOFT,São_Paulo_Grand_Prix,20,23.0,0,,4.344593289016286,0.4194879483573055
2021,São_Paulo_Grand_Prix,S,RIC,1.0,McLaren,False,MEDIUM,São_Paulo_Grand_Prix,20,23.0,0,,inf,0.22782169778350833
2021,São_Paulo_Grand_Prix,S,RUS,1.0,Williams,False,MEDIUM,São_Paulo_Grand_Prix,20,23.0,0,,0.2965509944985799,0.6273139293656905
2021,São_Paulo_Grand_Prix,S,SAI,1.0,Ferrari,False,SOFT,São_Paulo_Grand_Prix,22,26.0,0,,-0.01447907237380697,0.3888428916042928
2021,São_Paulo_Grand_Prix,S,STR,1.0,Aston Martin,False,MEDIUM,São_Paulo_Grand_Prix,21,25.0,0,,inf,0.6874510987412187
2021,São_Paulo_Grand_Prix,S,TSU,1.0,AlphaTauri,False,SOFT,São_Paulo_Grand_Prix,19,23.0,0,,14.210989885213934,0.7465869670982515
2021,São_Paulo_Grand_Prix,S,VER,1.0,Red Bull Racing,True,MEDIUM,São_Paulo_Grand_Prix,20,16.0,1,16.0,5.831756543680172,0.5232072995028201
2021,São_Paulo_Grand_Prix,S,VET,1.0,Aston Martin,False,MEDIUM,São_Paulo_Grand_Prix,21,15.0,1,15.0,inf,0.30414095856145895
2021,Turkish_Grand_Prix,R,ALO,1.0,Alpine,False,INTERMEDIATE,Turkish_Grand_Prix,23,29.0,0,,inf,0.7749540897036606
2021,Turkish_Grand_Prix,R,ALO,2.0,Alpine,False,INTERMEDIATE,Turkish_Grand_Prix,21,26.0,0,,-0.2623256708458118,0.3511646162383509
2021,Turkish_Grand_Prix,R,BOT,1.0,Mercedes,False,INTERMEDIATE,Turkish_Grand_Prix,34,36.0,0,,inf,0.6557872461426276
2021,Turkish_Grand_Prix,R,BOT,2.0,Mercedes,False,INTERMEDIATE,Turkish_Grand_Prix,15,20.0,0,,inf,0.1883586003007076
2021,Turkish_Grand_Prix,R,GAS,1.0,AlphaTauri,False,INTERMEDIATE,Turkish_Grand_Prix,35,38.0,0,,2.451486469816807,0.5876261807311927
2021,Turkish_Grand_Prix,R,GAS,2.0,AlphaTauri,False,INTERMEDIATE,Turkish_Grand_Prix,17,18.0,0,,0.30654738024551126,0.5119991951560664
2021,Turkish_Grand_Prix,R,GIO,1.0,Alfa Romeo Racing,False,INTERMEDIATE,Turkish_Grand_Prix,35,39.0,0,,inf,0.8645888485647933
2021,Turkish_Grand_Prix,R,GIO,2.0,Alfa Romeo Racing,False,INTERMEDIATE,Turkish_Grand_Prix,11,16.0,0,,4.8865318204242545,0.6582500645529316
2021,Turkish_Grand_Prix,R,HAM,1.0,Mercedes,False,INTERMEDIATE,Turkish_Grand_Prix,43,49.0,0,,inf,0.45446665047518836
2021,Turkish_Grand_Prix,R,HAM,2.0,Mercedes,False,INTERMEDIATE,Turkish_Grand_Prix,4,7.0,0,,,
2021,Turkish_Grand_Prix,R,LAT,1.0,Williams,False,INTERMEDIATE,Turkish_Grand_Prix,27,30.0,1,30.0,inf,0.6345930383864355
2021,Turkish_Grand_Prix,R,LAT,2.0,Williams,False,INTERMEDIATE,Turkish_Grand_Prix,19,22.0,0,,inf,0.6784201759270001
2021,Turkish_Grand_Prix,R,LEC,1.0,Ferrari,False,INTERMEDIATE,Turkish_Grand_Prix,43,24.0,1,24.0,inf,0.5073925800869603
2021,Turkish_Grand_Prix,R,LEC,2.0,Ferrari,False,INTERMEDIATE,Turkish_Grand_Prix,6,10.0,0,,,
2021,Turkish_Grand_Prix,R,MAZ,1.0,Haas F1 Team,False,INTERMEDIATE,Turkish_Grand_Prix,31,24.0,1,24.0,inf,0.47575020663144035
2021,Turkish_Grand_Prix,R,MAZ,2.0,Haas F1 Team,False,INTERMEDIATE,Turkish_Grand_Prix,17,20.0,0,,18.31646990922918,0.3307623440921907
2021,Turkish_Grand_Prix,R,MSC,1.0,Haas F1 Team,False,INTERMEDIATE,Turkish_Grand_Prix,33,38.0,0,,inf,0.3997958189455393
2021,Turkish_Grand_Prix,R,MSC,2.0,Haas F1 Team,False,INTERMEDIATE,Turkish_Grand_Prix,10,13.0,1,13.0,inf,0.7061550646849422
2021,Turkish_Grand_Prix,R,NOR,1.0,McLaren,False,INTERMEDIATE,Turkish_Grand_Prix,28,23.0,1,23.0,inf,0.8088256807717297
2021,Turkish_Grand_Prix,R,NOR,2.0,McLaren,False,INTERMEDIATE,Turkish_Grand_Prix,18,20.0,1,20.0,inf,0.7674139763581295
2021,Turkish_Grand_Prix,R,OCO,1.0,Alpine,False,INTERMEDIATE,Turkish_Grand_Prix,51,56.0,0,,inf,0.5886749064987743
2021,Turkish_Grand_Prix,R,PER,1.0,Red Bull Racing,True,INTERMEDIATE,Turkish_Grand_Prix,33,26.0,1,26.0,inf,0.6217969153429455
2021,Turkish_Grand_Prix,R,PER,2.0,Red Bull Racing,True,INTERMEDIATE,Turkish_Grand_Prix,17,20.0,0,,inf,0.48088154485466955
2021,Turkish_Grand_Prix,R,RAI,1.0,Alfa Romeo Racing,False,INTERMEDIATE,Turkish_Grand_Prix,31,36.0,0,,inf,0.5430639266315945
2021,Turkish_Grand_Prix,R,RAI,2.0,Alfa Romeo Racing,False,INTERMEDIATE,Turkish_Grand_Prix,14,19.0,0,,0.5044274986709197,0.5699717601315276
2021,Turkish_Grand_Prix,R,RIC,1.0,McLaren,False,INTERMEDIATE,Turkish_Grand_Prix,17,20.0,0,,-0.26390189520624685,0.39492537654921206
2021,Turkish_Grand_Prix,R,RIC,2.0,McLaren,False,INTERMEDIATE,Turkish_Grand_Prix,34,35.0,0,,1.2821860741354958,0.7003976841795423
2021,Turkish_Grand_Prix,R,RUS,1.0,Williams,False,INTERMEDIATE,Turkish_Grand_Prix,28,34.0,0,,inf,0.7818825120307534
2021,Turkish_Grand_Prix,R,RUS,2.0,Williams,False,INTERMEDIATE,Turkish_Grand_Prix,14,21.0,0,,inf,0.42965940034590244
2021,Turkish_Grand_Prix,R,SAI,1.0,Ferrari,False,INTERMEDIATE,Turkish_Grand_Prix,29,35.0,0,,inf,0.8114312486359841
2021,Turkish_Grand_Prix,R,SAI,2.0,Ferrari,False,INTERMEDIATE,Turkish_Grand_Prix,15,21.0,0,,inf,0.8777453267934284
2021,Turkish_Grand_Prix,R,STR,1.0,Aston Martin,False,INTERMEDIATE,Turkish_Grand_Prix,32,38.0,0,,inf,0.8229783504634905
2021,Turkish_Grand_Prix,R,STR,2.0,Aston Martin,False,INTERMEDIATE,Turkish_Grand_Prix,13,18.0,0,,inf,0.6514267493703371
2021,Turkish_Grand_Prix,R,TSU,1.0,AlphaTauri,False,INTERMEDIATE,Turkish_Grand_Prix,31,34.0,0,,inf,0.7463422562729083
2021,Turkish_Grand_Prix,R,TSU,2.0,AlphaTauri,False,INTERMEDIATE,Turkish_Grand_Prix,15,21.0,0,,-0.6740653286107813,0.7316397077577976
2021,Turkish_Grand_Prix,R,VER,1.0,Red Bull Racing,True,INTERMEDIATE,Turkish_Grand_Prix,33,35.0,0,,inf,0.8162827184663441
2021,Turkish_Grand_Prix,R,VER,2.0,Red Bull Racing,True,INTERMEDIATE,Turkish_Grand_Prix,18,21.0,0,,inf,0.6268195811126019
2021,Turkish_Grand_Prix,R,VET,1.0,Aston Martin,False,INTERMEDIATE,Turkish_Grand_Prix,31,35.0,0,,inf,0.7205080970463867
2021,Turkish_Grand_Prix,R,VET,3.0,Aston Martin,False,INTERMEDIATE,Turkish_Grand_Prix,13,19.0,0,,inf,0.44280287153913966
2021,United_States_Grand_Prix,R,ALO,1.0,Alpine,False,MEDIUM,United_States_Grand_Prix,3,6.0,0,,,
2021,United_States_Grand_Prix,R,ALO,2.0,Alpine,False,HARD,United_States_Grand_Prix,18,19.0,0,,-28.436296805585034,0.5823579298085967
2021,United_States_Grand_Prix,R,ALO,3.0,Alpine,False,HARD,United_States_Grand_Prix,8,10.0,0,,0.0742938832091792,0.8083590158657677
2021,United_States_Grand_Prix,R,ALO,4.0,Alpine,False,MEDIUM,United_States_Grand_Prix,8,9.0,0,,0.8070312499999689,0.38648852679946066
2021,United_States_Grand_Prix,R,BOT,1.0,Mercedes,False,MEDIUM,United_States_Grand_Prix,10,17.0,0,,3.72261836851103,0.7667179323247536
2021,United_States_Grand_Prix,R,BOT,2.0,Mercedes,False,HARD,United_States_Grand_Prix,14,18.0,0,,inf,0.4195383159933237
2021,United_States_Grand_Prix,R,BOT,3.0,Mercedes,False,HARD,United_States_Grand_Prix,20,21.0,0,,-4.717620536688079,0.19722482440381406
2021,United_States_Grand_Prix,R,GAS,1.0,AlphaTauri,False,MEDIUM,United_States_Grand_Prix,7,12.0,0,,-0.01867995018677159,0.6615937146920878
2021,United_States_Grand_Prix,R,GIO,1.0,Alfa Romeo Racing,False,MEDIUM,United_States_Grand_Prix,4,7.0,0,,,
2021,United_States_Grand_Prix,R,GIO,2.0,Alfa Romeo Racing,False,MEDIUM,United_States_Grand_Prix,16,20.0,0,,3.2770561387494648,0.37169199843417383
2021,United_States_Grand_Prix,R,GIO,3.0,Alfa Romeo Racing,False,HARD,United_States_Grand_Prix,26,28.0,0,,4.495817233940688,0.3732274964542862
2021,United_States_Grand_Prix,R,HAM,1.0,Mercedes,False,MEDIUM,United_States_Grand_Prix,11,15.0,0,,inf,0.746745308520927
2021,United_States_Grand_Prix,R,HAM,2.0,Mercedes,False,HARD,United_States_Grand_Prix,21,23.0,0,,98.98021633921175,0.43000057523651286
2021,United_States_Grand_Prix,R,HAM,3.0,Mercedes,False,HARD,United_States_Grand_Prix,15,18.0,0,,0.09768626435293164,0.4988413729550726
2021,United_States_Grand_Prix,R,LAT,2.0,Williams,False,HARD,United_States_Grand_Prix,18,8.0,1,8.0,48.357517482256014,0.2798391022130058
2021,United_States_Grand_Prix,R,LAT,3.0,Williams,False,HARD,United_States_Grand_Prix,24,29.0,0,,inf,0.7088271810139846
2021,United_States_Grand_Prix,R,LEC,1.0,Ferrari,False,MEDIUM,United_States_Grand_Prix,9,14.0,0,,-0.5719717544812213,0.6279913217020898
2021,United_States_Grand_Prix,R,LEC,2.0,Ferrari,False,HARD,United_States_Grand_Prix,16,14.0,1,14.0,inf,0.48569553121624304
2021,United_States_Grand_Prix,R,LEC,3.0,Ferrari,False,HARD,United_States_Grand_Prix,20,23.0,0,,inf,0.54386440265174
2021,United_States_Grand_Prix,R,MAZ,2.0,Haas F1 Team,False,HARD,United_States_Grand_Prix,15,22.0,0,,1.33184885001549,0.17363001019526972
2021,United_States_Grand_Prix,R,MAZ,3.0,Haas F1 Team,False,MEDIUM,United_States_Grand_Prix,9,12.0,0,,-0.05086042065000129,0.5538815090740361
2021,United_States_Grand_Prix,R,MAZ,4.0,Haas F1 Team,False,MEDIUM,United_States_Grand_Prix,11,13.0,1,13.0,5.96584037047185,0.362711271310923
2021,United_States_Grand_Prix,R,MSC,1.0,Haas F1 Team,False,MEDIUM,United_States_Grand_Prix,7,10.0,0,,-2.4617449664429922,0.9602189319477216
2021,United_States_Grand_Prix,R,MSC,2.0,Haas F1 Team,False,HARD,United_States_Grand_Prix,19,22.0,0,,1.0115923986671784,0.38125287172965
2021,United_States_Grand_Prix,R,MSC,3.0,Haas F1 Team,False,MEDIUM,United_States_Grand_Prix,16,16.0,1,16.0,17.271271565321797,0.5758417015496239
2021,United_States_Grand_Prix,R,NOR,1.0,McLaren,False,MEDIUM,United_States_Grand_Prix,7,9.0,1,9.0,inf,0.23653219029229186
2021,United_States_Grand_Prix,R,NOR,2.0,McLaren,False,HARD,United_States_Grand_Prix,14,19.0,0,,inf,0.6123850040514792
2021,United_States_Grand_Prix,R,NOR,3.0,McLaren,False,HARD,United_States_Grand_Prix,22,25.0,0,,inf,0.763254117970436
2021,United_States_Grand_Prix,R,OCO,2.0,Alpine,False,HARD,United_States_Grand_Prix,19,21.0,0,,inf,0.4251590619212818
2021,United_States_Grand_Prix,R,OCO,3.0,Alpine,False,MEDIUM,United_States_Grand_Prix,12,17.0,0,,0.6862200518846978,0.25838091741581165
2021,United_States_Grand_Prix,R,PER,1.0,Red Bull Racing,True,MEDIUM,United_States_Grand_Prix,10,14.0,0,,inf,0.5866850740009013
2021,United_States_Grand_Prix,R,PER,2.0,Red Bull Racing,True,MEDIUM,United_States_Grand_Prix,14,20.0,0,,0.18069869071512304,0.36569559498382836
2021,United_States_Grand_Prix,R,PER,3.0,Red Bull Racing,True,HARD,United_States_Grand_Prix,23,25.0,0,,1.3491439287045384,0.37434381220256385
2021,United_States_Grand_Prix,R,RAI,1.0,Alfa Romeo Racing,False,MEDIUM,United_States_Grand_Prix,6,11.0,0,,,
2021,United_States_Grand_Prix,R,RAI,2.0,Alfa Romeo Racing,False,MEDIUM,United_States_Grand_Prix,12,18.0,0,,3.236128407360216,0.2144826916690294
2021,United_States_Grand_Prix,R,RAI,3.0,Alfa Romeo Racing,False,HARD,United_States_Grand_Prix,19,19.0,1,19.0,inf,0.4655932029999875
2021,United_States_Grand_Prix,R,RIC,1.0,McLaren,False,MEDIUM,United_States_Grand_Prix,9,13.0,0,,-11.823943661978248,0.4964197594776041
2021,United_States_Grand_Prix,R,RIC,2.0,McLaren,False,HARD,United_States_Grand_Prix,15,18.0,0,,inf,0.39692256918497804
2021,United_States_Grand_Prix,R,RIC,3.0,McLaren,False,HARD,United_States_Grand_Prix,22,25.0,0,,inf,0.4673631759527955
2021,United_States_Grand_Prix,R,RUS,1.0,Williams,False,MEDIUM,United_States_Grand_Prix,5,8.0,0,,,
2021,United_States_Grand_Prix,R,RUS,2.0,Williams,False,HARD,United_States_Grand_Prix,18,21.0,0,,0.2939540266326996,0.2480473303362228
2021,United_States_Grand_Prix,R,RUS,3.0,Williams,False,HARD,United_States_Grand_Prix,20,23.0,0,,3.840628947238008,0.21533831320989794
2021,United_States_Grand_Prix,R,SAI,1.0,Ferrari,False,SOFT,United_States_Grand_Prix,9,13.0,0,,inf,0.1531037085968064
2021,United_States_Grand_Prix,R,SAI,2.0,Ferrari,False,HARD,United_States_Grand_Prix,15,17.0,0,,inf,0.4797490877737906
2021,United_States_Grand_Prix,R,SAI,3.0,Ferrari,False,HARD,United_States_Grand_Prix,23,22.0,1,22.0,23.573340325762324,0.6638402460554245
2021,United_States_Grand_Prix,R,STR,1.0,Aston Martin,False,MEDIUM,United_States_Grand_Prix,12,17.0,0,,inf,0.6440317522276522
2021,United_States_Grand_Prix,R,STR,2.0,Aston Martin,False,MEDIUM,United_States_Grand_Prix,11,15.0,0,,2.6336560261993895,0.532197352581181
2021,United_States_Grand_Prix,R,STR,3.0,Aston Martin,False,HARD,United_States_Grand_Prix,19,20.0,0,,0.5130698484951756,0.3773326812465475
2021,United_States_Grand_Prix,R,TSU,1.0,AlphaTauri,False,SOFT,United_States_Grand_Prix,6,11.0,0,,,
2021,United_States_Grand_Prix,R,TSU,2.0,AlphaTauri,False,HARD,United_States_Grand_Prix,19,22.0,0,,0.04554365429978331,0.41435142975651557
2021,United_States_Grand_Prix,R,TSU,3.0,AlphaTauri,False,HARD,United_States_Grand_Prix,19,22.0,0,,0.521464053881094,0.4985700282282599
2021,United_States_Grand_Prix,R,VER,1.0,Red Bull Racing,True,MEDIUM,United_States_Grand_Prix,8,8.0,1,8.0,inf,0.6691995487118051
2021,United_States_Grand_Prix,R,VER,2.0,Red Bull Racing,True,HARD,United_States_Grand_Prix,16,5.0,1,5.0,inf,0.2654196388831636
2021,United_States_Grand_Prix,R,VER,3.0,Red Bull Racing,True,HARD,United_States_Grand_Prix,23,26.0,0,,inf,0.5416993343965251
2021,United_States_Grand_Prix,R,VET,1.0,Aston Martin,False,MEDIUM,United_States_Grand_Prix,13,18.0,0,,inf,0.42846120513181307
2021,United_States_Grand_Prix,R,VET,2.0,Aston Martin,False,MEDIUM,United_States_Grand_Prix,18,22.0,0,,0.26927974360086115,0.7419453543333219
2021,United_States_Grand_Prix,R,VET,3.0,Aston Martin,False,HARD,United_States_Grand_Prix,15,16.0,0,,1.6850076687115454,0.32618461383905367
2022,Abu_Dhabi_Grand_Prix,R,ALB,1.0,Williams,False,MEDIUM,Abu_Dhabi_Grand_Prix,8,11.0,0,,53.322500000021996,0.7322414017592151
2022,Abu_Dhabi_Grand_Prix,R,ALB,2.0,Williams,False,HARD,Abu_Dhabi_Grand_Prix,21,22.0,0,,-0.24406320480298313,0.7608276125193694
2022,Abu_Dhabi_Grand_Prix,R,ALB,3.0,Williams,False,MEDIUM,Abu_Dhabi_Grand_Prix,20,9.0,1,9.0,6.3616557734205825,0.38033013002052773
2022,Abu_Dhabi_Grand_Prix,R,ALO,1.0,Alpine,False,MEDIUM,Abu_Dhabi_Grand_Prix,16,18.0,0,,0.29790486467044514,0.23593090371100237
2022,Abu_Dhabi_Grand_Prix,R,ALO,2.0,Alpine,False,HARD,Abu_Dhabi_Grand_Prix,4,7.0,0,,,
2022,Abu_Dhabi_Grand_Prix,R,BOT,1.0,Alfa Romeo,False,HARD,Abu_Dhabi_Grand_Prix,23,29.0,0,,inf,0.1611459730597525
2022,Abu_Dhabi_Grand_Prix,R,BOT,2.0,Alfa Romeo,False,MEDIUM,Abu_Dhabi_Grand_Prix,22,26.0,0,,inf,0.4429630412598151
2022,Abu_Dhabi_Grand_Prix,R,GAS,1.0,AlphaTauri,False,SOFT,Abu_Dhabi_Grand_Prix,11,13.0,0,,0.5877293577981747,0.7693727636585704
2022,Abu_Dhabi_Grand_Prix,R,GAS,2.0,AlphaTauri,False,HARD,Abu_Dhabi_Grand_Prix,41,37.0,1,37.0,156.6805574721223,0.49469126291462595
2022,Abu_Dhabi_Grand_Prix,R,HAM,1.0,Mercedes,False,MEDIUM,Abu_Dhabi_Grand_Prix,13,17.0,0,,0.2129303704281565,0.6591872120678574
2022,Abu_Dhabi_Grand_Prix,R,HAM,2.0,Mercedes,False,HARD,Abu_Dhabi_Grand_Prix,32,36.0,0,,inf,0.2257636474514963
2022,Abu_Dhabi_Grand_Prix,R,LAT,1.0,Williams,False,MEDIUM,Abu_Dhabi_Grand_Prix,12,14.0,0,,-8.692000000009939,0.5712840835783334
2022,Abu_Dhabi_Grand_Prix,R,LAT,2.0,Williams,False,HARD,Abu_Dhabi_Grand_Prix,21,22.0,0,,2.0008561006477787,0.27939056694519027
2022,Abu_Dhabi_Grand_Prix,R,LAT,3.0,Williams,False,MEDIUM,Abu_Dhabi_Grand_Prix,12,10.0,1,10.0,inf,0.8571378774223866
2022,Abu_Dhabi_Grand_Prix,R,LEC,1.0,Ferrari,False,MEDIUM,Abu_Dhabi_Grand_Prix,18,20.0,0,,0.13633871459031288,0.4633190206180956
2022,Abu_Dhabi_Grand_Prix,R,LEC,2.0,Ferrari,False,HARD,Abu_Dhabi_Grand_Prix,34,36.0,0,,-0.1583682960976375,0.2396294136066899
2022,Abu_Dhabi_Grand_Prix,R,MAG,1.0,Haas F1 Team,False,HARD,Abu_Dhabi_Grand_Prix,24,27.0,0,,inf,0.5399425608444529
2022,Abu_Dhabi_Grand_Prix,R,MAG,2.0,Haas F1 Team,False,MEDIUM,Abu_Dhabi_Grand_Prix,25,28.0,0,,0.22812934131370144,0.26627338899607295
2022,Abu_Dhabi_Grand_Prix,R,MSC,1.0,Haas F1 Team,False,MEDIUM,Abu_Dhabi_Grand_Prix,9,13.0,0,,-1.99258924536861,0.2231081345726909
2022,Abu_Dhabi_Grand_Prix,R,MSC,2.0,Haas F1 Team,False,HARD,Abu_Dhabi_Grand_Prix,18,19.0,0,,0.34754298178080145,0.5559301697469249
2022,Abu_Dhabi_Grand_Prix,R,MSC,3.0,Haas F1 Team,False,MEDIUM,Abu_Dhabi_Grand_Prix,18,22.0,0,,-0.2579690705381596,0.2052472112532465
2022,Abu_Dhabi_Grand_Prix,R,NOR,1.0,McLaren,False,MEDIUM,Abu_Dhabi_Grand_Prix,13,5.0,1,5.0,inf,0.423279512955809
2022,Abu_Dhabi_Grand_Prix,R,NOR,2.0,McLaren,False,HARD,Abu_Dhabi_Grand_Prix,25,26.0,0,,0.9596400327242025,0.1579357501205502
2022,Abu_Dhabi_Grand_Prix,R,NOR,3.0,McLaren,False,MEDIUM,Abu_Dhabi_Grand_Prix,14,15.0,0,,1.2462272727272088,0.4033236248298217
2022,Abu_Dhabi_Grand_Prix,R,OCO,1.0,Alpine,False,MEDIUM,Abu_Dhabi_Grand_Prix,11,13.0,0,,0.10367783477022789,0.6975880239298661
2022,Abu_Dhabi_Grand_Prix,R,OCO,2.0,Alpine,False,HARD,Abu_Dhabi_Grand_Prix,24,26.0,0,,inf,0.19615329756972172
2022,Abu_Dhabi_Grand_Prix,R,OCO,3.0,Alpine,False,HARD,Abu_Dhabi_Grand_Prix,15,16.0,0,,0.223709369024828,0.5531809870123825
2022,Abu_Dhabi_Grand_Prix,R,PER,1.0,Red Bull Racing,True,MEDIUM,Abu_Dhabi_Grand_Prix,13,14.0,0,,0.9836462749847902,0.5826772292796675
2022,Abu_Dhabi_Grand_Prix,R,PER,2.0,Red Bull Racing,True,HARD,Abu_Dhabi_Grand_Prix,15,17.0,0,,-0.7886762360446721,0.6698243612487869
2022,Abu_Dhabi_Grand_Prix,R,PER,3.0,Red Bull Racing,True,HARD,Abu_Dhabi_Grand_Prix,23,24.0,0,,0.20960043330589823,0.35459309451946747
2022,Abu_Dhabi_Grand_Prix,R,RIC,1.0,McLaren,False,MEDIUM,Abu_Dhabi_Grand_Prix,16,18.0,0,,0.5010500610500306,0.46055332190757314
2022,Abu_Dhabi_Grand_Prix,R,RIC,2.0,McLaren,False,HARD,Abu_Dhabi_Grand_Prix,36,38.0,0,,inf,0.28306090492414915
2022,Abu_Dhabi_Grand_Prix,R,RUS,1.0,Mercedes,False,MEDIUM,Abu_Dhabi_Grand_Prix,12,14.0,0,,2.546547578151875,0.4171973908807771
2022,Abu_Dhabi_Grand_Prix,R,RUS,2.0,Mercedes,False,HARD,Abu_Dhabi_Grand_Prix,19,23.0,0,,-0.051231005763342816,0.5476477738073043
2022,Abu_Dhabi_Grand_Prix,R,RUS,3.0,Mercedes,False,MEDIUM,Abu_Dhabi_Grand_Prix,17,14.0,1,14.0,274.125146198924,0.8673182805549736
2022,Abu_Dhabi_Grand_Prix,R,SAI,1.0,Ferrari,False,MEDIUM,Abu_Dhabi_Grand_Prix,14,16.0,0,,0.8220104943385836,0.5238615728874573
2022,Abu_Dhabi_Grand_Prix,R,SAI,2.0,Ferrari,False,HARD,Abu_Dhabi_Grand_Prix,19,21.0,0,,-0.07306457065584515,0.21687454059614136
2022,Abu_Dhabi_Grand_Prix,R,SAI,3.0,Ferrari,False,HARD,Abu_Dhabi_Grand_Prix,16,18.0,0,,-2.872767857142029,0.5306016018898989
2022,Abu_Dhabi_Grand_Prix,R,STR,1.0,Aston Martin,False,MEDIUM,Abu_Dhabi_Grand_Prix,10,8.0,1,8.0,2.9925373134330093,0.7704573860979057
2022,Abu_Dhabi_Grand_Prix,R,STR,2.0,Aston Martin,False,HARD,Abu_Dhabi_Grand_Prix,24,27.0,0,,0.1391348321348078,0.5246373221580528
2022,Abu_Dhabi_Grand_Prix,R,STR,3.0,Aston Martin,False,MEDIUM,Abu_Dhabi_Grand_Prix,15,18.0,0,,10.902457831324847,0.2977347455300997
2022,Abu_Dhabi_Grand_Prix,R,TSU,1.0,AlphaTauri,False,MEDIUM,Abu_Dhabi_Grand_Prix,11,13.0,0,,0.6965601965602267,0.3059275579630515
2022,Abu_Dhabi_Grand_Prix,R,TSU,2.0,AlphaTauri,False,HARD,Abu_Dhabi_Grand_Prix,22,23.0,0,,-0.1348067961036032,0.6730225966982106
2022,Abu_Dhabi_Grand_Prix,R,TSU,3.0,AlphaTauri,False,SOFT,Abu_Dhabi_Grand_Prix,18,19.0,0,,1.141951946626988,0.5415427152302801
2022,Abu_Dhabi_Grand_Prix,R,VER,1.0,Red Bull Racing,True,MEDIUM,Abu_Dhabi_Grand_Prix,17,19.0,0,,2.5066416854220033,0.6177272493103411
2022,Abu_Dhabi_Grand_Prix,R,VER,2.0,Red Bull Racing,True,HARD,Abu_Dhabi_Grand_Prix,31,37.0,0,,inf,0.30953968396272064
2022,Abu_Dhabi_Grand_Prix,R,VET,1.0,Aston Martin,False,MEDIUM,Abu_Dhabi_Grand_Prix,22,24.0,0,,0.5656312200906148,0.3263312764482098
2022,Abu_Dhabi_Grand_Prix,R,VET,2.0,Aston Martin,False,HARD,Abu_Dhabi_Grand_Prix,30,33.0,0,,0.4480585883835015,0.237565949037519
2022,Abu_Dhabi_Grand_Prix,R,ZHO,1.0,Alfa Romeo,False,MEDIUM,Abu_Dhabi_Grand_Prix,12,14.0,0,,inf,0.8155086097031248
2022,Abu_Dhabi_Grand_Prix,R,ZHO,2.0,Alfa Romeo,False,HARD,Abu_Dhabi_Grand_Prix,27,28.0,0,,inf,0.4700220112994728
2022,Abu_Dhabi_Grand_Prix,R,ZHO,3.0,Alfa Romeo,False,SOFT,Abu_Dhabi_Grand_Prix,9,12.0,0,,3.522530329289679,0.5987895348480419
2022,Australian_Grand_Prix,R,ALB,1.0,Williams,False,HARD,Australian_Grand_Prix,36,56.0,0,,-0.9957512346619571,0.6057027072840506
2022,Australian_Grand_Prix,R,ALO,1.0,Alpine,False,HARD,Australian_Grand_Prix,27,38.0,0,,-3.9151873643922643,0.2089564554844309
2022,Australian_Grand_Prix,R,ALO,2.0,Alpine,False,MEDIUM,Australian_Grand_Prix,12,9.0,1,9.0,24.771603427172955,0.8350501212635121
2022,Australian_Grand_Prix,R,BOT,1.0,Alfa Romeo,False,MEDIUM,Australian_Grand_Prix,14,21.0,0,,14.162922868738718,0.43909927846637364
2022,Australian_Grand_Prix,R,BOT,2.0,Alfa Romeo,False,HARD,Australian_Grand_Prix,20,35.0,0,,inf,0.4266726444184739
2022,Australian_Grand_Prix,R,GAS,1.0,AlphaTauri,False,MEDIUM,Australian_Grand_Prix,14,20.0,0,,inf,0.4514757013697938
2022,Australian_Grand_Prix,R,GAS,2.0,AlphaTauri,False,HARD,Australian_Grand_Prix,26,36.0,0,,inf,0.4267861786670203
2022,Australian_Grand_Prix,R,HAM,1.0,Mercedes,False,MEDIUM,Australian_Grand_Prix,15,21.0,0,,-0.08033263361859781,0.5684785314409664
2022,Australian_Grand_Prix,R,HAM,2.0,Mercedes,False,HARD,Australian_Grand_Prix,25,35.0,0,,inf,0.645973902043901
2022,Australian_Grand_Prix,R,LAT,1.0,Williams,False,MEDIUM,Australian_Grand_Prix,6,12.0,0,,,
2022,Australian_Grand_Prix,R,LAT,2.0,Williams,False,HARD,Australian_Grand_Prix,8,10.0,0,,-8.393063583821482,0.5836712133824876
2022,Australian_Grand_Prix,R,LAT,3.0,Williams,False,HARD,Australian_Grand_Prix,25,33.0,0,,inf,0.28306163654603494
2022,Australian_Grand_Prix,R,LEC,1.0,Ferrari,False,MEDIUM,Australian_Grand_Prix,15,21.0,0,,inf,0.7168739596142281
2022,Australian_Grand_Prix,R,LEC,2.0,Ferrari,False,HARD,Australian_Grand_Prix,26,35.0,0,,inf,0.6045598351834245
2022,Australian_Grand_Prix,R,MAG,1.0,Haas F1 Team,False,HARD,Australian_Grand_Prix,25,38.0,0,,-0.8452427641383494,0.24466478864055705
2022,Australian_Grand_Prix,R,MAG,2.0,Haas F1 Team,False,MEDIUM,Australian_Grand_Prix,16,19.0,0,,0.6418901052408872,0.27220609926953393
2022,Australian_Grand_Prix,R,MSC,1.0,Haas F1 Team,False,MEDIUM,Australian_Grand_Prix,7,12.0,1,12.0,inf,0.43569573711491694
2022,Australian_Grand_Prix,R,MSC,2.0,Haas F1 Team,False,HARD,Australian_Grand_Prix,27,42.0,0,,inf,0.4543336604842937
2022,Australian_Grand_Prix,R,NOR,1.0,McLaren,False,MEDIUM,Australian_Grand_Prix,13,19.0,0,,inf,0.6905030726308532
2022,Australian_Grand_Prix,R,NOR,2.0,McLaren,False,HARD,Australian_Grand_Prix,25,37.0,0,,inf,0.8725246849017347
2022,Australian_Grand_Prix,R,OCO,1.0,Alpine,False,MEDIUM,Australian_Grand_Prix,10,16.0,0,,inf,0.9006458140384249
2022,Australian_Grand_Prix,R,OCO,2.0,Alpine,False,HARD,Australian_Grand_Prix,27,40.0,0,,inf,0.6395131657273024
2022,Australian_Grand_Prix,R,PER,1.0,Red Bull Racing,True,MEDIUM,Australian_Grand_Prix,13,19.0,0,,227.50303030662477,0.7592841335006486
2022,Australian_Grand_Prix,R,PER,2.0,Red Bull Racing,True,HARD,Australian_Grand_Prix,26,37.0,0,,inf,0.4221603710991268
2022,Australian_Grand_Prix,R,RIC,1.0,McLaren,False,MEDIUM,Australian_Grand_Prix,14,20.0,0,,inf,0.6745216786945527
2022,Australian_Grand_Prix,R,RIC,2.0,McLaren,False,HARD,Australian_Grand_Prix,26,36.0,0,,-0.24493738878615284,0.737193481732364
2022,Australian_Grand_Prix,R,RUS,1.0,Mercedes,False,MEDIUM,Australian_Grand_Prix,16,22.0,0,,inf,0.46514241345533236
2022,Australian_Grand_Prix,R,RUS,2.0,Mercedes,False,HARD,Australian_Grand_Prix,24,34.0,0,,-0.16721744877726621,0.5418603710832476
2022,Australian_Grand_Prix,R,STR,3.0,Aston Martin,False,HARD,Australian_Grand_Prix,11,15.0,1,15.0,inf,0.6211395645251078
2022,Australian_Grand_Prix,R,STR,4.0,Aston Martin,False,HARD,Australian_Grand_Prix,27,38.0,0,,inf,0.2876257968548719
2022,Australian_Grand_Prix,R,TSU,1.0,AlphaTauri,False,MEDIUM,Australian_Grand_Prix,11,17.0,0,,inf,0.7019537181585198
2022,Australian_Grand_Prix,R,TSU,2.0,AlphaTauri,False,HARD,Australian_Grand_Prix,26,38.0,0,,inf,0.19737218891572547
2022,Australian_Grand_Prix,R,VER,1.0,Red Bull Racing,True,MEDIUM,Australian_Grand_Prix,11,17.0,0,,inf,0.9689569039414601
2022,Australian_Grand_Prix,R,VER,2.0,Red Bull Racing,True,HARD,Australian_Grand_Prix,11,20.0,0,,-0.43782848691330833,0.28300540330377216
2022,Australian_Grand_Prix,R,VET,1.0,Aston Martin,False,HARD,Australian_Grand_Prix,14,23.0,0,,inf,0.6360362822349659
2022,Australian_Grand_Prix,R,ZHO,1.0,Alfa Romeo,False,MEDIUM,Australian_Grand_Prix,13,20.0,0,,0.7772801089632791,0.4927677178962406
2022,Australian_Grand_Prix,R,ZHO,2.0,Alfa Romeo,False,HARD,Australian_Grand_Prix,23,36.0,0,,inf,0.48041516182858024
2022,Austrian_Grand_Prix,R,ALB,1.0,Williams,False,MEDIUM,Austrian_Grand_Prix,8,10.0,0,,inf,0.18751541399251434
2022,Austrian_Grand_Prix,R,ALB,2.0,Williams,False,HARD,Austrian_Grand_Prix,28,29.0,0,,-0.002980625931455181,0.548827298412661
2022,Austrian_Grand_Prix,R,ALO,1.0,Alpine,False,HARD,Austrian_Grand_Prix,24,26.0,0,,-99.01465494273702,0.437178956932039
2022,Austrian_Grand_Prix,R,ALO,2.0,Alpine,False,HARD,Austrian_Grand_Prix,27,29.0,0,,-0.16585767832589188,0.35293679421659757
2022,Austrian_Grand_Prix,R,ALO,4.0,Alpine,False,MEDIUM,Austrian_Grand_Prix,9,11.0,0,,-1.0598205383848858,0.8658541924227682
2022,Austrian_Grand_Prix,R,BOT,2.0,Alfa Romeo,False,HARD,Austrian_Grand_Prix,30,32.0,0,,0.26838834972642495,0.2575896130459893
2022,Austrian_Grand_Prix,R,GAS,1.0,AlphaTauri,False,MEDIUM,Austrian_Grand_Prix,9,11.0,0,,1.9480769230769235,0.1519160097942983
2022,Austrian_Grand_Prix,R,GAS,2.0,AlphaTauri,False,HARD,Austrian_Grand_Prix,26,27.0,0,,10.480611540749718,0.31280045444020727
2022,Austrian_Grand_Prix,R,HAM,1.0,Mercedes,False,MEDIUM,Austrian_Grand_Prix,23,27.0,0,,0.21902479457980462,0.4489089350327287
2022,Austrian_Grand_Prix,R,HAM,2.0,Mercedes,False,HARD,Austrian_Grand_Prix,20,22.0,0,,-1.4641414141415463,0.4592632498612641
2022,Austrian_Grand_Prix,R,LAT,1.0,Williams,False,MEDIUM,Austrian_Grand_Prix,9,7.0,1,7.0,inf,0.4424103232895666
2022,Austrian_Grand_Prix,R,LAT,2.0,Williams,False,HARD,Austrian_Grand_Prix,20,22.0,0,,-0.7725927537308118,0.2473988283990284
2022,Austrian_Grand_Prix,R,LEC,1.0,Ferrari,False,MEDIUM,Austrian_Grand_Prix,23,25.0,0,,0.2951214657601651,0.5337175028430317
2022,Austrian_Grand_Prix,R,LEC,2.0,Ferrari,False,HARD,Austrian_Grand_Prix,19,22.0,0,,0.7900344495592473,0.35335512160070315
2022,Austrian_Grand_Prix,R,LEC,4.0,Ferrari,False,MEDIUM,Austrian_Grand_Prix,10,6.0,1,6.0,inf,0.8003540296838654
2022,Austrian_Grand_Prix,R,MAG,1.0,Haas F1 Team,False,MEDIUM,Austrian_Grand_Prix,12,14.0,0,,2.004087812263438,0.3553799952789092
2022,Austrian_Grand_Prix,R,MAG,2.0,Haas F1 Team,False,HARD,Austrian_Grand_Prix,21,25.0,0,,1.7873927976906423,0.34088216665602344
2022,Austrian_Grand_Prix,R,MSC,1.0,Haas F1 Team,False,MEDIUM,Austrian_Grand_Prix,13,15.0,0,,1.003116797900267,0.14094703961042582
2022,Austrian_Grand_Prix,R,MSC,2.0,Haas F1 Team,False,HARD,Austrian_Grand_Prix,23,26.0,0,,0.240178548523633,0.33481460305889815
2022,Austrian_Grand_Prix,R,NOR,1.0,McLaren,False,MEDIUM,Austrian_Grand_Prix,11,13.0,0,,8.829197080294517,0.5826272226476015
2022,Austrian_Grand_Prix,R,NOR,2.0,McLaren,False,HARD,Austrian_Grand_Prix,27,28.0,0,,0.15445225419484124,0.721307697628691
2022,Austrian_Grand_Prix,R,OCO,1.0,Alpine,False,MEDIUM,Austrian_Grand_Prix,13,15.0,0,,4.631931166348507,0.4224387298222156
2022,Austrian_Grand_Prix,R,OCO,2.0,Alpine,False,HARD,Austrian_Grand_Prix,26,27.0,0,,0.30910970566771795,0.4689704288051411
2022,Austrian_Grand_Prix,R,PER,2.0,Red Bull Racing,True,HARD,Austrian_Grand_Prix,18,22.0,0,,8.963876071954731,0.5872585252481453
2022,Austrian_Grand_Prix,R,RIC,1.0,McLaren,False,MEDIUM,Austrian_Grand_Prix,8,11.0,0,,4.636942675159146,0.9681047889020953
2022,Austrian_Grand_Prix,R,RIC,2.0,McLaren,False,HARD,Austrian_Grand_Prix,27,31.0,0,,0.20977120705378655,0.4428453560140949
2022,Austrian_Grand_Prix,R,RUS,1.0,Mercedes,False,MEDIUM,Austrian_Grand_Prix,9,10.0,0,,inf,0.7646298382746738
2022,Austrian_Grand_Prix,R,RUS,2.0,Mercedes,False,HARD,Austrian_Grand_Prix,27,28.0,0,,0.37133307716287406,0.46017177721842
2022,Austrian_Grand_Prix,R,SAI,1.0,Ferrari,False,MEDIUM,Austrian_Grand_Prix,24,26.0,0,,0.37394586960084214,0.5020061707211009
2022,Austrian_Grand_Prix,R,SAI,2.0,Ferrari,False,HARD,Austrian_Grand_Prix,20,22.0,0,,-1.5911501597443605,0.5827810396287713
2022,Austrian_Grand_Prix,R,STR,1.0,Aston Martin,False,MEDIUM,Austrian_Grand_Prix,26,30.0,0,,0.4344775865972242,0.3065326060595093
2022,Austrian_Grand_Prix,R,STR,2.0,Aston Martin,False,HARD,Austrian_Grand_Prix,17,19.0,0,,0.9750723371149673,0.2510430209828183
2022,Austrian_Grand_Prix,R,STR,3.0,Aston Martin,False,MEDIUM,Austrian_Grand_Prix,18,23.0,0,,inf,0.4893113088617779
2022,Austrian_Grand_Prix,R,TSU,1.0,AlphaTauri,False,HARD,Austrian_Grand_Prix,23,25.0,0,,0.514996491789011,0.36210481564428215
2022,Austrian_Grand_Prix,R,TSU,2.0,AlphaTauri,False,MEDIUM,Austrian_Grand_Prix,13,19.0,0,,-5.4723864994028055,0.6235756983781477
2022,Austrian_Grand_Prix,R,VER,1.0,Red Bull Racing,True,MEDIUM,Austrian_Grand_Prix,11,12.0,0,,inf,0.4471666783853106
2022,Austrian_Grand_Prix,R,VER,2.0,Red Bull Racing,True,HARD,Austrian_Grand_Prix,20,22.0,0,,0.43910775319302475,0.5348794528522828
2022,Austrian_Grand_Prix,R,VER,3.0,Red Bull Racing,True,HARD,Austrian_Grand_Prix,20,21.0,0,,-4.4252416145534115,0.6825817696574301
2022,Austrian_Grand_Prix,R,VET,1.0,Aston Martin,False,HARD,Austrian_Grand_Prix,16,20.0,0,,-0.15873015873014815,0.7001578738685501
2022,Austrian_Grand_Prix,R,VET,2.0,Aston Martin,False,MEDIUM,Austrian_Grand_Prix,21,25.0,0,,0.3842486973391459,0.3745904638864498
2022,Austrian_Grand_Prix,R,ZHO,1.0,Alfa Romeo,False,HARD,Austrian_Grand_Prix,21,23.0,0,,0.9600853788687213,0.4517816044953242
2022,Austrian_Grand_Prix,R,ZHO,2.0,Alfa Romeo,False,HARD,Austrian_Grand_Prix,18,21.0,0,,-1.6084054915790287,0.20000307829564673
2022,Azerbaijan_Grand_Prix,R,ALB,1.0,Williams,False,MEDIUM,Azerbaijan_Grand_Prix,6,8.0,0,,,
2022,Azerbaijan_Grand_Prix,R,ALB,2.0,Williams,False,HARD,Azerbaijan_Grand_Prix,17,19.0,0,,-2.4440152180274017,0.2723899046143393
2022,Azerbaijan_Grand_Prix,R,ALB,3.0,Williams,False,HARD,Azerbaijan_Grand_Prix,15,20.0,0,,inf,0.7094719207807595
2022,Azerbaijan_Grand_Prix,R,ALO,1.0,Alpine,False,MEDIUM,Azerbaijan_Grand_Prix,13,17.0,0,,inf,0.8680656505969361
2022,Azerbaijan_Grand_Prix,R,ALO,2.0,Alpine,False,HARD,Azerbaijan_Grand_Prix,25,32.0,0,,-0.7436369357010311,0.566531419689075
2022,Azerbaijan_Grand_Prix,R,BOT,1.0,Alfa Romeo,False,HARD,Azerbaijan_Grand_Prix,25,32.0,0,,inf,0.3159347369389465
2022,Azerbaijan_Grand_Prix,R,BOT,2.0,Alfa Romeo,False,MEDIUM,Azerbaijan_Grand_Prix,13,16.0,0,,inf,0.3481900658242048
2022,Azerbaijan_Grand_Prix,R,GAS,1.0,AlphaTauri,False,MEDIUM,Azerbaijan_Grand_Prix,7,8.0,0,,inf,0.5662136065264093
2022,Azerbaijan_Grand_Prix,R,GAS,2.0,AlphaTauri,False,HARD,Azerbaijan_Grand_Prix,34,41.0,0,,-0.11516974623359985,0.4562824277940856
2022,Azerbaijan_Grand_Prix,R,HAM,1.0,Mercedes,False,MEDIUM,Azerbaijan_Grand_Prix,6,8.0,0,,,
2022,Azerbaijan_Grand_Prix,R,HAM,2.0,Mercedes,False,HARD,Azerbaijan_Grand_Prix,16,23.0,0,,inf,0.47454960090899184
2022,Azerbaijan_Grand_Prix,R,HAM,3.0,Mercedes,False,HARD,Azerbaijan_Grand_Prix,15,18.0,0,,inf,0.7179952910737275
2022,Azerbaijan_Grand_Prix,R,LAT,2.0,Williams,False,MEDIUM,Azerbaijan_Grand_Prix,10,16.0,0,,inf,0.8629977832196533
2022,Azerbaijan_Grand_Prix,R,LAT,3.0,Williams,False,HARD,Azerbaijan_Grand_Prix,24,32.0,0,,inf,0.23479307930265017
2022,Azerbaijan_Grand_Prix,R,LEC,1.0,Ferrari,False,MEDIUM,Azerbaijan_Grand_Prix,7,8.0,0,,inf,0.9492151604749411
2022,Azerbaijan_Grand_Prix,R,LEC,2.0,Ferrari,False,HARD,Azerbaijan_Grand_Prix,8,10.0,0,,inf,0.3606875154174038
2022,Azerbaijan_Grand_Prix,R,MAG,1.0,Haas F1 Team,False,MEDIUM,Azerbaijan_Grand_Prix,7,10.0,0,,inf,0.7821597201074442
2022,Azerbaijan_Grand_Prix,R,MAG,2.0,Haas F1 Team,False,HARD,Azerbaijan_Grand_Prix,20,22.0,0,,0.08225632843568621,0.5072164866034814
2022,Azerbaijan_Grand_Prix,R,MSC,1.0,Haas F1 Team,False,HARD,Azerbaijan_Grand_Prix,6,8.0,0,,,
2022,Azerbaijan_Grand_Prix,R,MSC,2.0,Haas F1 Team,False,MEDIUM,Azerbaijan_Grand_Prix,12,15.0,0,,1.4027041942605136,0.45837798324200774
2022,Azerbaijan_Grand_Prix,R,MSC,3.0,Haas F1 Team,False,HARD,Azerbaijan_Grand_Prix,18,26.0,0,,25.53436511031244,0.20517227313162628
2022,Azerbaijan_Grand_Prix,R,NOR,1.0,McLaren,False,MEDIUM,Azerbaijan_Grand_Prix,14,19.0,0,,78.01449275381877,0.5893709573304828
2022,Azerbaijan_Grand_Prix,R,NOR,2.0,McLaren,False,HARD,Azerbaijan_Grand_Prix,22,30.0,0,,inf,0.5409742899924566
2022,Azerbaijan_Grand_Prix,R,OCO,1.0,Alpine,False,HARD,Azerbaijan_Grand_Prix,27,32.0,0,,5.814304727575888,0.26908705805829614
2022,Azerbaijan_Grand_Prix,R,OCO,2.0,Alpine,False,MEDIUM,Azerbaijan_Grand_Prix,15,17.0,0,,3.4993234100135773,0.4402099920688109
2022,Azerbaijan_Grand_Prix,R,PER,1.0,Red Bull Racing,True,MEDIUM,Azerbaijan_Grand_Prix,12,15.0,0,,14.65584281282228,0.8161434620327519
2022,Azerbaijan_Grand_Prix,R,PER,2.0,Red Bull Racing,True,HARD,Azerbaijan_Grand_Prix,15,16.0,0,,0.11181037330689898,0.6287670945588655
2022,Azerbaijan_Grand_Prix,R,PER,3.0,Red Bull Racing,True,HARD,Azerbaijan_Grand_Prix,14,17.0,0,,0.050175615830095284,0.6269236475202685
2022,Azerbaijan_Grand_Prix,R,RIC,1.0,McLaren,False,HARD,Azerbaijan_Grand_Prix,27,32.0,0,,inf,0.5318757545729157
2022,Azerbaijan_Grand_Prix,R,RIC,2.0,McLaren,False,MEDIUM,Azerbaijan_Grand_Prix,15,17.0,0,,0.8899205793039344,0.5773134238879399
2022,Azerbaijan_Grand_Prix,R,RUS,1.0,Mercedes,False,MEDIUM,Azerbaijan_Grand_Prix,7,8.0,0,,-0.03750000000008888,0.3923555215308996
2022,Azerbaijan_Grand_Prix,R,RUS,2.0,Mercedes,False,HARD,Azerbaijan_Grand_Prix,21,23.0,0,,inf,0.4298277192768104
2022,Azerbaijan_Grand_Prix,R,RUS,3.0,Mercedes,False,HARD,Azerbaijan_Grand_Prix,15,18.0,0,,inf,0.7786400621633468
2022,Azerbaijan_Grand_Prix,R,SAI,1.0,Ferrari,False,MEDIUM,Azerbaijan_Grand_Prix,7,8.0,0,,inf,0.7084029693052802
2022,Azerbaijan_Grand_Prix,R,STR,1.0,Aston Martin,False,HARD,Azerbaijan_Grand_Prix,23,30.0,0,,inf,0.5354563958888485
2022,Azerbaijan_Grand_Prix,R,STR,2.0,Aston Martin,False,MEDIUM,Azerbaijan_Grand_Prix,11,16.0,0,,inf,0.6790100009837798
2022,Azerbaijan_Grand_Prix,R,TSU,1.0,AlphaTauri,False,MEDIUM,Azerbaijan_Grand_Prix,6,8.0,0,,,
2022,Azerbaijan_Grand_Prix,R,TSU,2.0,AlphaTauri,False,HARD,Azerbaijan_Grand_Prix,21,28.0,0,,-0.5832543613974058,0.49197191871435064
2022,Azerbaijan_Grand_Prix,R,TSU,3.0,AlphaTauri,False,SOFT,Azerbaijan_Grand_Prix,10,14.0,0,,0.15449192889540933,0.4599625143436558
2022,Azerbaijan_Grand_Prix,R,VER,1.0,Red Bull Racing,True,MEDIUM,Azerbaijan_Grand_Prix,13,17.0,0,,1.8274828767125066,0.5778707725800937
2022,Azerbaijan_Grand_Prix,R,VER,2.0,Red Bull Racing,True,HARD,Azerbaijan_Grand_Prix,13,14.0,0,,-0.06398647832910517,0.8971455752491246
2022,Azerbaijan_Grand_Prix,R,VER,3.0,Red Bull Racing,True,HARD,Azerbaijan_Grand_Prix,15,17.0,0,,0.020821833793322784,0.334179517238606
2022,Azerbaijan_Grand_Prix,R,VET,1.0,Aston Martin,False,MEDIUM,Azerbaijan_Grand_Prix,7,9.0,0,,inf,0.7589551088029736
2022,Azerbaijan_Grand_Prix,R,VET,2.0,Aston Martin,False,HARD,Azerbaijan_Grand_Prix,34,42.0,0,,-0.3323929638265655,0.7351487978590543
2022,Azerbaijan_Grand_Prix,R,ZHO,1.0,Alfa Romeo,False,MEDIUM,Azerbaijan_Grand_Prix,6,8.0,0,,,
2022,Azerbaijan_Grand_Prix,R,ZHO,2.0,Alfa Romeo,False,HARD,Azerbaijan_Grand_Prix,11,13.0,0,,0.7177786397724223,0.7067111218354649
2022,Bahrain_Grand_Prix,R,ALB,1.0,Williams,False,SOFT,Bahrain_Grand_Prix,10,12.0,0,,-0.3128265221424321,0.5071525202093469
2022,Bahrain_Grand_Prix,R,ALB,2.0,Williams,False,MEDIUM,Bahrain_Grand_Prix,20,21.0,0,,-0.8419245353061242,0.6017452145911505
2022,Bahrain_Grand_Prix,R,ALB,3.0,Williams,False,MEDIUM,Bahrain_Grand_Prix,7,10.0,0,,inf,0.8066207037194351
2022,Bahrain_Grand_Prix,R,ALB,4.0,Williams,False,SOFT,Bahrain_Grand_Prix,6,13.0,0,,,
2022,Bahrain_Grand_Prix,R,ALO,1.0,Alpine,False,SOFT,Bahrain_Grand_Prix,9,8.0,1,8.0,inf,0.2711973768930416
2022,Bahrain_Grand_Prix,R,ALO,2.0,Alpine,False,MEDIUM,Bahrain_Grand_Prix,12,13.0,0,,0.2411888944714261,0.8108103082133387
2022,Bahrain_Grand_Prix,R,ALO,3.0,Alpine,False,HARD,Bahrain_Grand_Prix,14,16.0,0,,0.5779201402487871,0.5013863255244471
2022,Bahrain_Grand_Prix,R,ALO,4.0,Alpine,False,SOFT,Bahrain_Grand_Prix,7,14.0,0,,0.6043097256141363,0.4526820449928949
2022,Bahrain_Grand_Prix,R,BOT,1.0,Alfa Romeo,False,SOFT,Bahrain_Grand_Prix,12,16.0,0,,1.4154488517744592,0.5933930771062688
2022,Bahrain_Grand_Prix,R,BOT,2.0,Alfa Romeo,False,MEDIUM,Bahrain_Grand_Prix,18,21.0,0,,0.3287389293988602,0.7018534288338324
2022,Bahrain_Grand_Prix,R,BOT,3.0,Alfa Romeo,False,MEDIUM,Bahrain_Grand_Prix,7,8.0,0,,0.7663551401868524,0.09271790450773647
2022,Bahrain_Grand_Prix,R,BOT,4.0,Alfa Romeo,False,SOFT,Bahrain_Grand_Prix,6,13.0,0,,,
2022,Bahrain_Grand_Prix,R,GAS,1.0,AlphaTauri,False,SOFT,Bahrain_Grand_Prix,12,16.0,0,,inf,0.3945927100880995
2022,Bahrain_Grand_Prix,R,GAS,2.0,AlphaTauri,False,MEDIUM,Bahrain_Grand_Prix,16,17.0,0,,4.531051964511959,0.41775494457666845
2022,Bahrain_Grand_Prix,R,GAS,3.0,AlphaTauri,False,HARD,Bahrain_Grand_Prix,9,12.0,0,,0.48903825003057017,0.9460217471590662
2022,Bahrain_Grand_Prix,R,HAM,1.0,Mercedes,False,SOFT,Bahrain_Grand_Prix,9,9.0,1,9.0,4.938791732909588,0.5487539025719509
2022,Bahrain_Grand_Prix,R,HAM,2.0,Mercedes,False,HARD,Bahrain_Grand_Prix,12,16.0,0,,-1.7954802259897187,0.7107881504796222
2022,Bahrain_Grand_Prix,R,HAM,3.0,Mercedes,False,MEDIUM,Bahrain_Grand_Prix,14,16.0,0,,0.24617346938775334,0.22307345826412897
2022,Bahrain_Grand_Prix,R,HAM,4.0,Mercedes,False,SOFT,Bahrain_Grand_Prix,6,15.0,0,,,
2022,Bahrain_Grand_Prix,R,HUL,1.0,Aston Martin,False,SOFT,Bahrain_Grand_Prix,15,18.0,0,,1.720752030870523,0.3891968808578733
2022,Bahrain_Grand_Prix,R,HUL,2.0,Aston Martin,False,SOFT,Bahrain_Grand_Prix,14,17.0,0,,-1.1145166791385641,0.5370355253897838
2022,Bahrain_Grand_Prix,R,HUL,3.0,Aston Martin,False,MEDIUM,Bahrain_Grand_Prix,5,6.0,0,,,
2022,Bahrain_Grand_Prix,R,HUL,4.0,Aston Martin,False,SOFT,Bahrain_Grand_Prix,6,12.0,0,,,
2022,Bahrain_Grand_Prix,R,LAT,1.0,Williams,False,SOFT,Bahrain_Grand_Prix,12,13.0,0,,2.0146801051709766,0.34337783674346695
2022,Bahrain_Grand_Prix,R,LAT,2.0,Williams,False,SOFT,Bahrain_Grand_Prix,15,17.0,0,,-1.9457411604105805,0.6503054576049219
2022,Bahrain_Grand_Prix,R,LAT,3.0,Williams,False,MEDIUM,Bahrain_Grand_Prix,9,11.0,0,,1.3574686843819548,0.15410331108310837
2022,Bahrain_Grand_Prix,R,LAT,4.0,Williams,False,SOFT,Bahrain_Grand_Prix,6,14.0,0,,,
2022,Bahrain_Grand_Prix,R,LEC,1.0,Ferrari,False,SOFT,Bahrain_Grand_Prix,13,14.0,0,,0.3862583049748711,0.40951351175407374
2022,Bahrain_Grand_Prix,R,LEC,2.0,Ferrari,False,SOFT,Bahrain_Grand_Prix,14,14.0,1,14.0,3.162885546775491,0.7439326966362406
2022,Bahrain_Grand_Prix,R,LEC,3.0,Ferrari,False,MEDIUM,Bahrain_Grand_Prix,13,14.0,0,,inf,0.5101677290989102
2022,Bahrain_Grand_Prix,R,LEC,4.0,Ferrari,False,SOFT,Bahrain_Grand_Prix,6,13.0,0,,,
2022,Bahrain_Grand_Prix,R,MAG,1.0,Haas F1 Team,False,SOFT,Bahrain_Grand_Prix,10,13.0,0,,0.5254209264933198,0.6261405215888035
2022,Bahrain_Grand_Prix,R,MAG,2.0,Haas F1 Team,False,SOFT,Bahrain_Grand_Prix,18,22.0,0,,0.9490621449548798,0.4666475615196433
2022,Bahrain_Grand_Prix,R,MAG,3.0,Haas F1 Team,False,MEDIUM,Bahrain_Grand_Prix,8,10.0,0,,1.045827633378983,0.5141818088852999
2022,Bahrain_Grand_Prix,R,MAG,4.0,Haas F1 Team,False,SOFT,Bahrain_Grand_Prix,6,13.0,0,,,
2022,Bahrain_Grand_Prix,R,MSC,1.0,Haas F1 Team,False,SOFT,Bahrain_Grand_Prix,9,11.0,0,,0.348234531907952,0.7795120212466232
2022,Bahrain_Grand_Prix,R,MSC,2.0,Haas F1 Team,False,MEDIUM,Bahrain_Grand_Prix,20,22.0,0,,0.17264729852820265,0.35452081235011607
2022,Bahrain_Grand_Prix,R,MSC,3.0,Haas F1 Team,False,SOFT,Bahrain_Grand_Prix,14,23.0,0,,-0.09530480766385546,0.7508852707724082
2022,Bahrain_Grand_Prix,R,NOR,1.0,McLaren,False,MEDIUM,Bahrain_Grand_Prix,21,23.0,0,,0.21179093386182246,0.42799201672650633
2022,Bahrain_Grand_Prix,R,NOR,2.0,McLaren,False,HARD,Bahrain_Grand_Prix,14,16.0,0,,3.9077521198511183,0.36683428590866396
2022,Bahrain_Grand_Prix,R,NOR,4.0,McLaren,False,SOFT,Bahrain_Grand_Prix,6,14.0,0,,,
2022,Bahrain_Grand_Prix,R,OCO,1.0,Alpine,False,SOFT,Bahrain_Grand_Prix,12,13.0,0,,1.2458872559770693,0.5126355053357169
2022,Bahrain_Grand_Prix,R,OCO,2.0,Alpine,False,MEDIUM,Bahrain_Grand_Prix,12,15.0,0,,1.0082409227459688,0.5915575880727455
2022,Bahrain_Grand_Prix,R,OCO,3.0,Alpine,False,HARD,Bahrain_Grand_Prix,11,12.0,0,,1.4230396902226934,0.4626039470043388
2022,Bahrain_Grand_Prix,R,OCO,4.0,Alpine,False,SOFT,Bahrain_Grand_Prix,6,16.0,0,,,
2022,Bahrain_Grand_Prix,R,PER,1.0,Red Bull Racing,True,SOFT,Bahrain_Grand_Prix,13,17.0,0,,0.7674418604650856,0.4962796832696795
2022,Bahrain_Grand_Prix,R,PER,2.0,Red Bull Racing,True,MEDIUM,Bahrain_Grand_Prix,16,17.0,0,,0.655766354467437,0.6681992977175721
2022,Bahrain_Grand_Prix,R,PER,3.0,Red Bull Racing,True,SOFT,Bahrain_Grand_Prix,8,12.0,0,,0.4044063647490916,0.44306546107389333
2022,Bahrain_Grand_Prix,R,PER,4.0,Red Bull Racing,True,SOFT,Bahrain_Grand_Prix,6,16.0,0,,,
2022,Bahrain_Grand_Prix,R,RIC,1.0,McLaren,False,MEDIUM,Bahrain_Grand_Prix,14,16.0,0,,2.693110647181732,0.4865048448893529
2022,Bahrain_Grand_Prix,R,RIC,2.0,McLaren,False,SOFT,Bahrain_Grand_Prix,14,15.0,0,,0.07963606930874804,0.8709672822679684
2022,Bahrain_Grand_Prix,R,RIC,3.0,McLaren,False,HARD,Bahrain_Grand_Prix,8,10.0,0,,2.0994764397909784,0.035459613973464796
2022,Bahrain_Grand_Prix,R,RIC,4.0,McLaren,False,SOFT,Bahrain_Grand_Prix,6,12.0,0,,,
2022,Bahrain_Grand_Prix,R,RUS,1.0,Mercedes,False,SOFT,Bahrain_Grand_Prix,13,17.0,0,,inf,0.5548275488513351
2022,Bahrain_Grand_Prix,R,RUS,2.0,Mercedes,False,HARD,Bahrain_Grand_Prix,16,18.0,0,,0.7081736370236464,0.5262538260892584
2022,Bahrain_Grand_Prix,R,RUS,3.0,Mercedes,False,MEDIUM,Bahrain_Grand_Prix,10,11.0,0,,0.8888726421991162,0.2620869037141683
2022,Bahrain_Grand_Prix,R,RUS,4.0,Mercedes,False,SOFT,Bahrain_Grand_Prix,6,13.0,0,,,
2022,Bahrain_Grand_Prix,R,SAI,1.0,Ferrari,False,SOFT,Bahrain_Grand_Prix,12,16.0,0,,1.0339582052858212,0.6305645563403741
2022,Bahrain_Grand_Prix,R,SAI,2.0,Ferrari,False,SOFT,Bahrain_Grand_Prix,17,18.0,0,,0.8825948368224097,0.16001619132333583
2022,Bahrain_Grand_Prix,R,SAI,3.0,Ferrari,False,MEDIUM,Bahrain_Grand_Prix,9,10.0,0,,0.18418483566547442,0.3141285347581468
2022,Bahrain_Grand_Prix,R,SAI,4.0,Ferrari,False,SOFT,Bahrain_Grand_Prix,6,15.0,0,,,
2022,Bahrain_Grand_Prix,R,STR,1.0,Aston Martin,False,SOFT,Bahrain_Grand_Prix,16,17.0,0,,0.027004278600105316,0.3685857416930837
2022,Bahrain_Grand_Prix,R,STR,2.0,Aston Martin,False,SOFT,Bahrain_Grand_Prix,18,19.0,0,,0.4774653359558488,0.5960642650463399
2022,Bahrain_Grand_Prix,R,STR,4.0,Aston Martin,False,SOFT,Bahrain_Grand_Prix,6,11.0,0,,,
2022,Bahrain_Grand_Prix,R,TSU,1.0,AlphaTauri,False,SOFT,Bahrain_Grand_Prix,13,8.0,1,8.0,inf,0.3539553575139786
2022,Bahrain_Grand_Prix,R,TSU,2.0,AlphaTauri,False,MEDIUM,Bahrain_Grand_Prix,11,13.0,0,,-0.5628901449988091,0.5546975885347347
2022,Bahrain_Grand_Prix,R,TSU,3.0,AlphaTauri,False,SOFT,Bahrain_Grand_Prix,12,14.0,0,,2.707064713517395,0.16694846213798972
2022,Bahrain_Grand_Prix,R,TSU,4.0,AlphaTauri,False,SOFT,Bahrain_Grand_Prix,6,15.0,0,,,
2022,Bahrain_Grand_Prix,R,VER,1.0,Red Bull Racing,True,SOFT,Bahrain_Grand_Prix,12,16.0,0,,0.2513119533527665,0.8865242968010317
2022,Bahrain_Grand_Prix,R,VER,2.0,Red Bull Racing,True,SOFT,Bahrain_Grand_Prix,14,15.0,0,,0.9249329758713252,0.533332651129939
2022,Bahrain_Grand_Prix,R,VER,3.0,Red Bull Racing,True,MEDIUM,Bahrain_Grand_Prix,11,5.0,1,5.0,inf,0.3457683076408753
2022,Bahrain_Grand_Prix,R,ZHO,1.0,Alfa Romeo,False,SOFT,Bahrain_Grand_Prix,12,14.0,0,,0.011257897759937753,0.5796965880811404
2022,Bahrain_Grand_Prix,R,ZHO,2.0,Alfa Romeo,False,MEDIUM,Bahrain_Grand_Prix,19,21.0,0,,0.3265412132259367,0.9026263247287113
2022,Bahrain_Grand_Prix,R,ZHO,3.0,Alfa Romeo,False,MEDIUM,Bahrain_Grand_Prix,6,7.0,0,,,
2022,Bahrain_Grand_Prix,R,ZHO,4.0,Alfa Romeo,False,SOFT,Bahrain_Grand_Prix,6,14.0,0,,,
2022,Belgian_Grand_Prix,R,ALB,1.0,Williams,False,MEDIUM,Belgian_Grand_Prix,5,9.0,0,,,
2022,Belgian_Grand_Prix,R,ALB,2.0,Williams,False,HARD,Belgian_Grand_Prix,14,15.0,0,,0.21943437273385727,0.4065783503792469
2022,Belgian_Grand_Prix,R,ALB,3.0,Williams,False,MEDIUM,Belgian_Grand_Prix,16,17.0,0,,0.10672517549307184,0.7818538466211363
2022,Belgian_Grand_Prix,R,ALO,1.0,Alpine,False,MEDIUM,Belgian_Grand_Prix,6,10.0,0,,,
2022,Belgian_Grand_Prix,R,ALO,2.0,Alpine,False,MEDIUM,Belgian_Grand_Prix,11,13.0,0,,inf,0.19068985428876054
2022,Belgian_Grand_Prix,R,ALO,3.0,Alpine,False,HARD,Belgian_Grand_Prix,17,18.0,0,,0.14658966288293201,0.4975413948240893
2022,Belgian_Grand_Prix,R,GAS,1.0,AlphaTauri,False,MEDIUM,Belgian_Grand_Prix,5,9.0,0,,,
2022,Belgian_Grand_Prix,R,GAS,2.0,AlphaTauri,False,HARD,Belgian_Grand_Prix,10,11.0,0,,1.5397111913357266,0.6824364912573755
2022,Belgian_Grand_Prix,R,GAS,3.0,AlphaTauri,False,SOFT,Belgian_Grand_Prix,20,21.0,0,,-6.26030292356426,0.36810119311302647
2022,Belgian_Grand_Prix,R,LAT,2.0,Williams,False,MEDIUM,Belgian_Grand_Prix,10,6.0,1,6.0,3.292857142854832,0.5834608897223809
2022,Belgian_Grand_Prix,R,LAT,3.0,Williams,False,HARD,Belgian_Grand_Prix,17,18.0,0,,-2.194531603073285,0.32188507107399866
2022,Belgian_Grand_Prix,R,LAT,4.0,Williams,False,SOFT,Belgian_Grand_Prix,7,5.0,1,5.0,inf,0.6589952069171476
2022,Belgian_Grand_Prix,R,LEC,2.0,Ferrari,False,MEDIUM,Belgian_Grand_Prix,19,21.0,0,,-0.008364001338238109,0.4223786862845885
2022,Belgian_Grand_Prix,R,LEC,3.0,Ferrari,False,MEDIUM,Belgian_Grand_Prix,14,16.0,0,,inf,0.4446220046291669
2022,Belgian_Grand_Prix,R,MAG,1.0,Haas F1 Team,False,MEDIUM,Belgian_Grand_Prix,6,10.0,0,,,
2022,Belgian_Grand_Prix,R,MAG,2.0,Haas F1 Team,False,HARD,Belgian_Grand_Prix,14,15.0,0,,2.135426783209268,0.24698645210535905
2022,Belgian_Grand_Prix,R,MAG,3.0,Haas F1 Team,False,MEDIUM,Belgian_Grand_Prix,14,15.0,0,,0.3161677265911845,0.4906788592052975
2022,Belgian_Grand_Prix,R,MSC,1.0,Haas F1 Team,False,MEDIUM,Belgian_Grand_Prix,9,8.0,1,8.0,inf,0.6128624027779523
2022,Belgian_Grand_Prix,R,MSC,2.0,Haas F1 Team,False,HARD,Belgian_Grand_Prix,14,15.0,0,,0.3715486947791203,0.5772602256709837
2022,Belgian_Grand_Prix,R,MSC,3.0,Haas F1 Team,False,MEDIUM,Belgian_Grand_Prix,11,12.0,0,,8.052741514360028,0.55560777143377
2022,Belgian_Grand_Prix,R,NOR,1.0,McLaren,False,MEDIUM,Belgian_Grand_Prix,8,12.0,0,,1.0629262244265765,0.7905291278713513
2022,Belgian_Grand_Prix,R,NOR,2.0,McLaren,False,HARD,Belgian_Grand_Prix,12,15.0,0,,0.1985448439904771,0.6022719866650563
2022,Belgian_Grand_Prix,R,NOR,3.0,McLaren,False,MEDIUM,Belgian_Grand_Prix,10,14.0,0,,0.32556410414230535,0.8994903902705199
2022,Belgian_Grand_Prix,R,OCO,1.0,Alpine,False,MEDIUM,Belgian_Grand_Prix,7,8.0,1,8.0,inf,0.7857097582393848
2022,Belgian_Grand_Prix,R,OCO,2.0,Alpine,False,HARD,Belgian_Grand_Prix,16,19.0,0,,0.026862254788330025,0.7572983553789716
2022,Belgian_Grand_Prix,R,OCO,3.0,Alpine,False,MEDIUM,Belgian_Grand_Prix,10,5.0,1,5.0,inf,0.8756380393872816
2022,Belgian_Grand_Prix,R,PER,1.0,Red Bull Racing,True,MEDIUM,Belgian_Grand_Prix,9,13.0,0,,0.6727828746178381,0.7634634196989414
2022,Belgian_Grand_Prix,R,PER,2.0,Red Bull Racing,True,MEDIUM,Belgian_Grand_Prix,11,12.0,0,,0.30335374417167343,0.7493830504353054
2022,Belgian_Grand_Prix,R,PER,3.0,Red Bull Racing,True,HARD,Belgian_Grand_Prix,15,16.0,0,,0.3382571732199825,0.5632328806922419
2022,Belgian_Grand_Prix,R,RIC,1.0,McLaren,False,MEDIUM,Belgian_Grand_Prix,7,11.0,0,,inf,0.18681578989979403
2022,Belgian_Grand_Prix,R,RIC,2.0,McLaren,False,HARD,Belgian_Grand_Prix,16,19.0,0,,0.7226994386800648,0.8046145708559329
2022,Belgian_Grand_Prix,R,RIC,3.0,McLaren,False,MEDIUM,Belgian_Grand_Prix,10,11.0,0,,1.0481874447392094,0.19932594367638648
2022,Belgian_Grand_Prix,R,RUS,1.0,Mercedes,False,MEDIUM,Belgian_Grand_Prix,8,12.0,0,,inf,0.9441242923791302
2022,Belgian_Grand_Prix,R,RUS,2.0,Mercedes,False,MEDIUM,Belgian_Grand_Prix,14,6.0,1,6.0,inf,0.20080143787937202
2022,Belgian_Grand_Prix,R,RUS,3.0,Mercedes,False,HARD,Belgian_Grand_Prix,13,14.0,0,,0.7000480142670731,0.4565138390324567
2022,Belgian_Grand_Prix,R,SAI,1.0,Ferrari,False,SOFT,Belgian_Grand_Prix,6,12.0,0,,,
2022,Belgian_Grand_Prix,R,SAI,2.0,Ferrari,False,MEDIUM,Belgian_Grand_Prix,12,13.0,0,,-1.8379500135341655,0.6173786265523192
2022,Belgian_Grand_Prix,R,SAI,3.0,Ferrari,False,HARD,Belgian_Grand_Prix,17,18.0,0,,0.13457875457875398,0.4391616308255609
2022,Belgian_Grand_Prix,R,STR,1.0,Aston Martin,False,MEDIUM,Belgian_Grand_Prix,10,10.0,1,10.0,2.838165524510675,0.27338697878781126
2022,Belgian_Grand_Prix,R,STR,2.0,Aston Martin,False,MEDIUM,Belgian_Grand_Prix,9,11.0,0,,0.8021435862538577,0.7710126709894953
2022,Belgian_Grand_Prix,R,STR,3.0,Aston Martin,False,HARD,Belgian_Grand_Prix,16,17.0,0,,1.0300366300357213,0.7087355416385261
2022,Belgian_Grand_Prix,R,TSU,1.0,AlphaTauri,False,HARD,Belgian_Grand_Prix,13,17.0,0,,-0.1556496255291428,0.638716932421439
2022,Belgian_Grand_Prix,R,TSU,2.0,AlphaTauri,False,MEDIUM,Belgian_Grand_Prix,10,11.0,0,,inf,0.5138015101090935
2022,Belgian_Grand_Prix,R,TSU,3.0,AlphaTauri,False,SOFT,Belgian_Grand_Prix,12,13.0,0,,0.4826047993627774,0.3434234028070654
2022,Belgian_Grand_Prix,R,VER,1.0,Red Bull Racing,True,SOFT,Belgian_Grand_Prix,9,14.0,0,,inf,0.4296559337788066
2022,Belgian_Grand_Prix,R,VER,2.0,Red Bull Racing,True,MEDIUM,Belgian_Grand_Prix,13,14.0,0,,0.12488175061072761,0.8926121049414771
2022,Belgian_Grand_Prix,R,VER,3.0,Red Bull Racing,True,MEDIUM,Belgian_Grand_Prix,9,13.0,0,,0.363619990995032,0.676591491868534
2022,Belgian_Grand_Prix,R,VET,1.0,Aston Martin,False,MEDIUM,Belgian_Grand_Prix,9,14.0,0,,inf,0.19193539814050942
2022,Belgian_Grand_Prix,R,VET,2.0,Aston Martin,False,HARD,Belgian_Grand_Prix,16,18.0,0,,0.014704719740699104,0.49967755984162526
2022,Belgian_Grand_Prix,R,VET,3.0,Aston Martin,False,MEDIUM,Belgian_Grand_Prix,9,11.0,0,,inf,0.5816856984428661
2022,Belgian_Grand_Prix,R,ZHO,1.0,Alfa Romeo,False,MEDIUM,Belgian_Grand_Prix,9,13.0,0,,-0.35790617641732886,0.6531394727175934
2022,Belgian_Grand_Prix,R,ZHO,2.0,Alfa Romeo,False,MEDIUM,Belgian_Grand_Prix,10,13.0,0,,0.4705882352941046,0.5219839626791715
2022,Belgian_Grand_Prix,R,ZHO,3.0,Alfa Romeo,False,SOFT,Belgian_Grand_Prix,14,15.0,0,,0.2928484293992135,0.4830998387720987
2022,British_Grand_Prix,R,ALO,2.0,Alpine,False,MEDIUM,British_Grand_Prix,27,31.0,0,,inf,0.5583470783244242
2022,British_Grand_Prix,R,ALO,4.0,Alpine,False,SOFT,British_Grand_Prix,9,12.0,0,,inf,0.32055306174710874
2022,British_Grand_Prix,R,BOT,2.0,Alfa Romeo,False,MEDIUM,British_Grand_Prix,15,18.0,0,,inf,0.37394248264335417
2022,British_Grand_Prix,R,GAS,2.0,AlphaTauri,False,SOFT,British_Grand_Prix,10,14.0,0,,inf,0.6261654091016646
2022,British_Grand_Prix,R,GAS,3.0,AlphaTauri,False,HARD,British_Grand_Prix,8,10.0,0,,0.5581494057725177,0.8562880545762572
2022,British_Grand_Prix,R,HAM,2.0,Mercedes,False,MEDIUM,British_Grand_Prix,26,31.0,0,,inf,0.24848884887634046
2022,British_Grand_Prix,R,HAM,4.0,Mercedes,False,SOFT,British_Grand_Prix,8,12.0,0,,0.10985576923078395,0.3797623555226117
2022,British_Grand_Prix,R,LAT,2.0,Williams,False,SOFT,British_Grand_Prix,14,17.0,0,,inf,0.36933808914690713
2022,British_Grand_Prix,R,LAT,3.0,Williams,False,MEDIUM,British_Grand_Prix,17,18.0,0,,-3.576022109977964,0.40649410029855054
2022,British_Grand_Prix,R,LAT,4.0,Williams,False,SOFT,British_Grand_Prix,8,9.0,1,9.0,inf,0.26012322269421834
2022,British_Grand_Prix,R,LEC,2.0,Ferrari,False,MEDIUM,British_Grand_Prix,20,23.0,0,,inf,0.2916717728535808
2022,British_Grand_Prix,R,LEC,3.0,Ferrari,False,HARD,British_Grand_Prix,20,26.0,0,,inf,0.3953337653103558
2022,British_Grand_Prix,R,MAG,2.0,Haas F1 Team,False,MEDIUM,British_Grand_Prix,17,22.0,0,,inf,0.4039384096502087
2022,British_Grand_Prix,R,MAG,3.0,Haas F1 Team,False,MEDIUM,British_Grand_Prix,20,29.0,0,,-2.7875748590033083,0.43740489791532006
2022,British_Grand_Prix,R,MSC,2.0,Haas F1 Team,False,MEDIUM,British_Grand_Prix,14,17.0,0,,inf,0.3592886680952485
2022,British_Grand_Prix,R,MSC,3.0,Haas F1 Team,False,HARD,British_Grand_Prix,15,18.0,0,,inf,0.5739342382289987
2022,British_Grand_Prix,R,MSC,4.0,Haas F1 Team,False,SOFT,British_Grand_Prix,7,12.0,0,,inf,0.3352110097564802
2022,British_Grand_Prix,R,NOR,2.0,McLaren,False,MEDIUM,British_Grand_Prix,29,33.0,0,,inf,0.614273102888226
2022,British_Grand_Prix,R,NOR,4.0,McLaren,False,SOFT,British_Grand_Prix,9,11.0,0,,0.8286082474227433,0.19368894034366038
2022,British_Grand_Prix,R,OCO,2.0,Alpine,False,SOFT,British_Grand_Prix,17,20.0,0,,inf,0.3644796646631306
2022,British_Grand_Prix,R,OCO,3.0,Alpine,False,HARD,British_Grand_Prix,12,15.0,0,,-0.28388746803068393,0.28719410303963233
2022,British_Grand_Prix,R,PER,3.0,Red Bull Racing,True,MEDIUM,British_Grand_Prix,31,34.0,0,,-0.7018410308096076,0.5587893196498964
2022,British_Grand_Prix,R,PER,4.0,Red Bull Racing,True,SOFT,British_Grand_Prix,9,12.0,0,,inf,0.6003980075651975
2022,British_Grand_Prix,R,RIC,2.0,McLaren,False,MEDIUM,British_Grand_Prix,15,19.0,0,,inf,0.3291543459216683
2022,British_Grand_Prix,R,RIC,3.0,McLaren,False,HARD,British_Grand_Prix,10,11.0,0,,inf,0.3288833063139276
2022,British_Grand_Prix,R,RIC,5.0,McLaren,False,SOFT,British_Grand_Prix,8,10.0,1,10.0,inf,0.6273027400233019
2022,British_Grand_Prix,R,SAI,2.0,Ferrari,False,MEDIUM,British_Grand_Prix,16,18.0,0,,-0.3508202209575016,0.5357770626821059
2022,British_Grand_Prix,R,SAI,3.0,Ferrari,False,HARD,British_Grand_Prix,16,18.0,0,,0.23571428571429823,0.3567850932671758
2022,British_Grand_Prix,R,SAI,4.0,Ferrari,False,SOFT,British_Grand_Prix,9,12.0,0,,0.10491967871488521,0.5509991812115775
2022,British_Grand_Prix,R,STR,2.0,Aston Martin,False,MEDIUM,British_Grand_Prix,10,15.0,0,,inf,0.6996117869921719
2022,British_Grand_Prix,R,STR,3.0,Aston Martin,False,HARD,British_Grand_Prix,20,23.0,0,,inf,0.31276257912824357
2022,British_Grand_Prix,R,STR,4.0,Aston Martin,False,MEDIUM,British_Grand_Prix,8,14.0,0,,inf,0.246790293987714
2022,British_Grand_Prix,R,TSU,2.0,AlphaTauri,False,SOFT,British_Grand_Prix,12,16.0,0,,-67.47499999999017,0.6719757916529611
2022,British_Grand_Prix,R,TSU,3.0,AlphaTauri,False,HARD,British_Grand_Prix,16,20.0,0,,inf,0.5642482094625316
2022,British_Grand_Prix,R,TSU,4.0,AlphaTauri,False,SOFT,British_Grand_Prix,9,13.0,0,,-0.12480158730160466,0.37410933231775667
2022,British_Grand_Prix,R,VER,2.0,Red Bull Racing,True,MEDIUM,British_Grand_Prix,8,10.0,0,,inf,0.2827669597861465
2022,British_Grand_Prix,R,VER,3.0,Red Bull Racing,True,MEDIUM,British_Grand_Prix,9,10.0,0,,-0.09077238550922706,0.9247617083966229
2022,British_Grand_Prix,R,VER,4.0,Red Bull Racing,True,HARD,British_Grand_Prix,12,14.0,0,,inf,0.041213585595752174
2022,British_Grand_Prix,R,VER,5.0,Red Bull Racing,True,SOFT,British_Grand_Prix,8,12.0,0,,1.275308641975023,0.023444446453807423
2022,British_Grand_Prix,R,VET,3.0,Aston Martin,False,MEDIUM,British_Grand_Prix,30,34.0,0,,inf,0.46214968946999
2022,British_Grand_Prix,R,VET,4.0,Aston Martin,False,MEDIUM,British_Grand_Prix,9,14.0,0,,inf,0.6220775468831569
2022,Canadian_Grand_Prix,R,ALB,1.0,Williams,False,MEDIUM,Canadian_Grand_Prix,12,14.0,1,14.0,inf,0.8892131269630117
2022,Canadian_Grand_Prix,R,ALB,2.0,Williams,False,HARD,Canadian_Grand_Prix,27,29.0,0,,-46.21278919268845,0.21518137750754643
2022,Canadian_Grand_Prix,R,ALB,3.0,Williams,False,HARD,Canadian_Grand_Prix,12,21.0,0,,-64.36164383565077,0.6363456675205543
2022,Canadian_Grand_Prix,R,ALO,1.0,Alpine,False,MEDIUM,Canadian_Grand_Prix,20,8.0,1,8.0,inf,0.2645504769761801
2022,Canadian_Grand_Prix,R,ALO,2.0,Alpine,False,HARD,Canadian_Grand_Prix,17,9.0,1,9.0,inf,0.40402209442604725
2022,Canadian_Grand_Prix,R,ALO,3.0,Alpine,False,MEDIUM,Canadian_Grand_Prix,14,20.0,0,,0.18595315706868287,0.6057326335738683
2022,Canadian_Grand_Prix,R,BOT,1.0,Alfa Romeo,False,HARD,Canadian_Grand_Prix,38,48.0,0,,-0.13013386438715882,0.6204012966132602
2022,Canadian_Grand_Prix,R,BOT,2.0,Alfa Romeo,False,MEDIUM,Canadian_Grand_Prix,14,20.0,0,,inf,0.7597296171139929
2022,Canadian_Grand_Prix,R,GAS,2.0,AlphaTauri,False,HARD,Canadian_Grand_Prix,23,30.0,0,,-6.431853158606385,0.6807717571034336
2022,Canadian_Grand_Prix,R,GAS,3.0,AlphaTauri,False,HARD,Canadian_Grand_Prix,21,33.0,0,,0.37984520755471485,0.7997225563660678
2022,Canadian_Grand_Prix,R,HAM,1.0,Mercedes,False,MEDIUM,Canadian_Grand_Prix,4,8.0,0,,,
2022,Canadian_Grand_Prix,R,HAM,2.0,Mercedes,False,HARD,Canadian_Grand_Prix,29,34.0,0,,0.01942336297147158,0.529328041672924
2022,Canadian_Grand_Prix,R,HAM,3.0,Mercedes,False,HARD,Canadian_Grand_Prix,16,25.0,0,,0.3232955969112548,0.5454264834983747
2022,Canadian_Grand_Prix,R,LAT,1.0,Williams,False,MEDIUM,Canadian_Grand_Prix,4,7.0,0,,,
2022,Canadian_Grand_Prix,R,LAT,2.0,Williams,False,HARD,Canadian_Grand_Prix,22,27.0,0,,-6.82218890554858,0.2864399117984255
2022,Canadian_Grand_Prix,R,LAT,3.0,Williams,False,HARD,Canadian_Grand_Prix,22,32.0,0,,0.10275711311895742,0.6870465426882304
2022,Canadian_Grand_Prix,R,LEC,1.0,Ferrari,False,HARD,Canadian_Grand_Prix,28,40.0,0,,0.07495316804409512,0.4795511248876939
2022,Canadian_Grand_Prix,R,LEC,2.0,Ferrari,False,MEDIUM,Canadian_Grand_Prix,15,28.0,0,,inf,0.6218280848077827
2022,Canadian_Grand_Prix,R,MAG,1.0,Haas F1 Team,False,MEDIUM,Canadian_Grand_Prix,5,6.0,0,,,
2022,Canadian_Grand_Prix,R,MAG,2.0,Haas F1 Team,False,HARD,Canadian_Grand_Prix,50,62.0,0,,1.8590176003525112,0.24636711103280656
2022,Canadian_Grand_Prix,R,MSC,1.0,Haas F1 Team,False,MEDIUM,Canadian_Grand_Prix,14,18.0,0,,0.022675773402979455,0.20763919648655185
2022,Canadian_Grand_Prix,R,NOR,1.0,McLaren,False,HARD,Canadian_Grand_Prix,13,13.0,1,13.0,inf,0.48363134948565306
2022,Canadian_Grand_Prix,R,NOR,2.0,McLaren,False,HARD,Canadian_Grand_Prix,19,22.0,0,,3.2519608829002364,0.20584587950464214
2022,Canadian_Grand_Prix,R,NOR,3.0,McLaren,False,MEDIUM,Canadian_Grand_Prix,18,27.0,0,,0.5251518726902288,0.8458205386049528
2022,Canadian_Grand_Prix,R,OCO,1.0,Alpine,False,MEDIUM,Canadian_Grand_Prix,13,18.0,0,,0.6118728241347123,0.5600853789555837
2022,Canadian_Grand_Prix,R,OCO,2.0,Alpine,False,HARD,Canadian_Grand_Prix,26,29.0,0,,3.6994620857191043,0.2861502420613805
2022,Canadian_Grand_Prix,R,OCO,3.0,Alpine,False,MEDIUM,Canadian_Grand_Prix,14,20.0,0,,0.25585284280934273,0.5740893471237619
2022,Canadian_Grand_Prix,R,PER,1.0,Red Bull Racing,True,HARD,Canadian_Grand_Prix,3,7.0,0,,,
2022,Canadian_Grand_Prix,R,RIC,1.0,McLaren,False,MEDIUM,Canadian_Grand_Prix,12,18.0,0,,inf,0.48565900979764137
2022,Canadian_Grand_Prix,R,RIC,2.0,McLaren,False,HARD,Canadian_Grand_Prix,27,28.0,0,,-126.62314764738309,0.32511415335182625
2022,Canadian_Grand_Prix,R,RIC,3.0,McLaren,False,HARD,Canadian_Grand_Prix,13,20.0,0,,inf,0.37727462123890465
2022,Canadian_Grand_Prix,R,RUS,1.0,Mercedes,False,MEDIUM,Canadian_Grand_Prix,11,18.0,0,,-0.8651436283015361,0.6181111876371671
2022,Canadian_Grand_Prix,R,RUS,2.0,Mercedes,False,HARD,Canadian_Grand_Prix,21,25.0,0,,-0.33128167994211233,0.3897922464545342
2022,Canadian_Grand_Prix,R,RUS,3.0,Mercedes,False,HARD,Canadian_Grand_Prix,14,24.0,0,,inf,0.7207918645111497
2022,Canadian_Grand_Prix,R,SAI,1.0,Ferrari,False,MEDIUM,Canadian_Grand_Prix,13,19.0,0,,inf,0.6063728993434062
2022,Canadian_Grand_Prix,R,SAI,2.0,Ferrari,False,HARD,Canadian_Grand_Prix,27,28.0,0,,-18.5363573747887,0.594904779409702
2022,Canadian_Grand_Prix,R,SAI,3.0,Ferrari,False,HARD,Canadian_Grand_Prix,14,20.0,0,,3.0029498525078964,0.2511148954815316
2022,Canadian_Grand_Prix,R,STR,1.0,Aston Martin,False,HARD,Canadian_Grand_Prix,36,46.0,0,,-1.3962627961817708,0.13523429036908072
2022,Canadian_Grand_Prix,R,STR,2.0,Aston Martin,False,MEDIUM,Canadian_Grand_Prix,14,23.0,0,,inf,0.8852214243158267
2022,Canadian_Grand_Prix,R,TSU,1.0,AlphaTauri,False,MEDIUM,Canadian_Grand_Prix,4,8.0,0,,,
2022,Canadian_Grand_Prix,R,TSU,2.0,AlphaTauri,False,HARD,Canadian_Grand_Prix,33,13.0,1,13.0,inf,0.38131157479489963
2022,Canadian_Grand_Prix,R,VER,1.0,Red Bull Racing,True,MEDIUM,Canadian_Grand_Prix,5,8.0,0,,,
2022,Canadian_Grand_Prix,R,VER,2.0,Red Bull Racing,True,HARD,Canadian_Grand_Prix,29,33.0,0,,0.09139016243772387,0.4755158238726904
2022,Canadian_Grand_Prix,R,VER,3.0,Red Bull Racing,True,HARD,Canadian_Grand_Prix,15,26.0,0,,inf,0.5173841218731607
2022,Canadian_Grand_Prix,R,VET,2.0,Aston Martin,False,HARD,Canadian_Grand_Prix,9,13.0,0,,1.7567043948200416,0.5389443760791924
2022,Canadian_Grand_Prix,R,VET,3.0,Aston Martin,False,HARD,Canadian_Grand_Prix,40,50.0,0,,-0.6958142402898171,0.6702945995317672
2022,Canadian_Grand_Prix,R,ZHO,1.0,Alfa Romeo,False,MEDIUM,Canadian_Grand_Prix,14,18.0,0,,inf,0.3035420534577901
2022,Canadian_Grand_Prix,R,ZHO,2.0,Alfa Romeo,False,HARD,Canadian_Grand_Prix,26,28.0,0,,4.632663734875063,0.2895879191011325
2022,Canadian_Grand_Prix,R,ZHO,3.0,Alfa Romeo,False,HARD,Canadian_Grand_Prix,12,20.0,0,,2.5019098548509224,0.47508300258168495
2022,Dutch_Grand_Prix,R,ALB,1.0,Williams,False,MEDIUM,Dutch_Grand_Prix,18,20.0,0,,1.1584179627860411,0.5261666401950261
2022,Dutch_Grand_Prix,R,ALB,2.0,Williams,False,MEDIUM,Dutch_Grand_Prix,19,20.0,0,,-9.905454545454386,0.6682729059671212
2022,Dutch_Grand_Prix,R,ALB,3.0,Williams,False,HARD,Dutch_Grand_Prix,5,12.0,0,,,
2022,Dutch_Grand_Prix,R,ALB,5.0,Williams,False,SOFT,Dutch_Grand_Prix,10,16.0,0,,inf,0.8475275207688099
2022,Dutch_Grand_Prix,R,ALO,1.0,Alpine,False,SOFT,Dutch_Grand_Prix,8,11.0,0,,inf,0.2758932084684481
2022,Dutch_Grand_Prix,R,ALO,2.0,Alpine,False,HARD,Dutch_Grand_Prix,32,34.0,0,,0.23911038890915037,0.2056753662075532
2022,Dutch_Grand_Prix,R,ALO,3.0,Alpine,False,SOFT,Dutch_Grand_Prix,3,5.0,0,,,
2022,Dutch_Grand_Prix,R,ALO,4.0,Alpine,False,SOFT,Dutch_Grand_Prix,11,24.0,0,,inf,0.6260546354737614
2022,Dutch_Grand_Prix,R,BOT,1.0,Alfa Romeo,False,SOFT,Dutch_Grand_Prix,12,15.0,0,,inf,0.450636669240075
2022,Dutch_Grand_Prix,R,BOT,2.0,Alfa Romeo,False,SOFT,Dutch_Grand_Prix,15,17.0,0,,-4.691805317990889,0.2262908125156313
2022,Dutch_Grand_Prix,R,BOT,3.0,Alfa Romeo,False,MEDIUM,Dutch_Grand_Prix,13,19.0,0,,0.5769353963790549,0.18188980948433378
2022,Dutch_Grand_Prix,R,GAS,1.0,AlphaTauri,False,SOFT,Dutch_Grand_Prix,8,10.0,1,10.0,inf,0.7185437861190588
2022,Dutch_Grand_Prix,R,GAS,2.0,AlphaTauri,False,MEDIUM,Dutch_Grand_Prix,19,21.0,0,,-2.0739540910771583,0.318669649001196
2022,Dutch_Grand_Prix,R,GAS,3.0,AlphaTauri,False,HARD,Dutch_Grand_Prix,18,23.0,0,,inf,0.19050585445445253
2022,Dutch_Grand_Prix,R,GAS,5.0,AlphaTauri,False,SOFT,Dutch_Grand_Prix,10,15.0,0,,inf,0.7752698570376503
2022,Dutch_Grand_Prix,R,HAM,1.0,Mercedes,False,MEDIUM,Dutch_Grand_Prix,27,28.0,0,,-0.15491504961055513,0.5695276302202957
2022,Dutch_Grand_Prix,R,HAM,2.0,Mercedes,False,HARD,Dutch_Grand_Prix,12,18.0,0,,inf,0.45144973795408866
2022,Dutch_Grand_Prix,R,HAM,3.0,Mercedes,False,MEDIUM,Dutch_Grand_Prix,4,7.0,0,,,
2022,Dutch_Grand_Prix,R,HAM,4.0,Mercedes,False,MEDIUM,Dutch_Grand_Prix,11,23.0,0,,inf,0.38721036806857656
2022,Dutch_Grand_Prix,R,LAT,1.0,Williams,False,SOFT,Dutch_Grand_Prix,9,12.0,0,,inf,0.9266804265124234
2022,Dutch_Grand_Prix,R,LAT,2.0,Williams,False,MEDIUM,Dutch_Grand_Prix,11,12.0,0,,-2.8221987315009525,0.6494918381135927
2022,Dutch_Grand_Prix,R,LAT,3.0,Williams,False,HARD,Dutch_Grand_Prix,16,27.0,0,,-13.605947816677501,0.7752037114065267
2022,Dutch_Grand_Prix,R,LAT,5.0,Williams,False,SOFT,Dutch_Grand_Prix,9,16.0,0,,1.2948207171314916,0.41020367290526266
2022,Dutch_Grand_Prix,R,LEC,1.0,Ferrari,False,SOFT,Dutch_Grand_Prix,15,10.0,1,10.0,inf,0.47071420280628296
2022,Dutch_Grand_Prix,R,LEC,2.0,Ferrari,False,MEDIUM,Dutch_Grand_Prix,26,27.0,0,,inf,0.728784960654032
2022,Dutch_Grand_Prix,R,LEC,3.0,Ferrari,False,HARD,Dutch_Grand_Prix,4,10.0,0,,,
2022,Dutch_Grand_Prix,R,LEC,5.0,Ferrari,False,SOFT,Dutch_Grand_Prix,11,18.0,0,,inf,0.6107633089591006
2022,Dutch_Grand_Prix,R,MAG,1.0,Haas F1 Team,False,MEDIUM,Dutch_Grand_Prix,11,13.0,0,,-1.013211203100232,0.7777388572180276
2022,Dutch_Grand_Prix,R,MAG,2.0,Haas F1 Team,False,MEDIUM,Dutch_Grand_Prix,18,19.0,0,,0.07003676470588212,0.5151595600071447
2022,Dutch_Grand_Prix,R,MAG,3.0,Haas F1 Team,False,HARD,Dutch_Grand_Prix,8,11.0,0,,0.08985024958401895,0.8116056330340291
2022,Dutch_Grand_Prix,R,MAG,4.0,Haas F1 Team,False,SOFT,Dutch_Grand_Prix,6,10.0,0,,,
2022,Dutch_Grand_Prix,R,MAG,5.0,Haas F1 Team,False,SOFT,Dutch_Grand_Prix,11,27.0,0,,inf,0.8971677063295067
2022,Dutch_Grand_Prix,R,MSC,1.0,Haas F1 Team,False,MEDIUM,Dutch_Grand_Prix,10,12.0,0,,inf,0.47259256337189404
2022,Dutch_Grand_Prix,R,MSC,2.0,Haas F1 Team,False,MEDIUM,Dutch_Grand_Prix,16,9.0,1,9.0,inf,0.3872012086882621
2022,Dutch_Grand_Prix,R,MSC,3.0,Haas F1 Team,False,HARD,Dutch_Grand_Prix,8,12.0,0,,inf,0.707816956127686
2022,Dutch_Grand_Prix,R,MSC,4.0,Haas F1 Team,False,SOFT,Dutch_Grand_Prix,5,9.0,0,,,
2022,Dutch_Grand_Prix,R,MSC,5.0,Haas F1 Team,False,SOFT,Dutch_Grand_Prix,11,26.0,0,,inf,0.7468172240626918
2022,Dutch_Grand_Prix,R,NOR,1.0,McLaren,False,MEDIUM,Dutch_Grand_Prix,13,16.0,0,,-2.2923230907813643,0.3189013837157551
2022,Dutch_Grand_Prix,R,NOR,2.0,McLaren,False,HARD,Dutch_Grand_Prix,27,29.0,0,,-50.759587305288235,0.08641471573242955
2022,Dutch_Grand_Prix,R,NOR,3.0,McLaren,False,SOFT,Dutch_Grand_Prix,5,10.0,0,,,
2022,Dutch_Grand_Prix,R,NOR,4.0,McLaren,False,SOFT,Dutch_Grand_Prix,10,11.0,1,11.0,inf,0.308355418665042
2022,Dutch_Grand_Prix,R,OCO,1.0,Alpine,False,SOFT,Dutch_Grand_Prix,15,17.0,0,,-1.6936776491538823,0.4500467716787663
2022,Dutch_Grand_Prix,R,OCO,2.0,Alpine,False,HARD,Dutch_Grand_Prix,31,36.0,0,,inf,0.24649697410823193
2022,Dutch_Grand_Prix,R,OCO,4.0,Alpine,False,SOFT,Dutch_Grand_Prix,10,18.0,0,,inf,0.5361317962432541
2022,Dutch_Grand_Prix,R,PER,1.0,Red Bull Racing,True,SOFT,Dutch_Grand_Prix,12,14.0,1,14.0,inf,0.7122886943379205
2022,Dutch_Grand_Prix,R,PER,2.0,Red Bull Racing,True,MEDIUM,Dutch_Grand_Prix,24,25.0,0,,-9.808754661955541,0.40466077960963415
2022,Dutch_Grand_Prix,R,PER,3.0,Red Bull Racing,True,HARD,Dutch_Grand_Prix,9,15.0,0,,0.8277421195264494,0.620493630651021
2022,Dutch_Grand_Prix,R,PER,5.0,Red Bull Racing,True,MEDIUM,Dutch_Grand_Prix,10,15.0,0,,0.09215649916559893,0.05554350935893615
2022,Dutch_Grand_Prix,R,RIC,1.0,McLaren,False,SOFT,Dutch_Grand_Prix,8,10.0,0,,inf,0.5363130445906212
2022,Dutch_Grand_Prix,R,RIC,2.0,McLaren,False,MEDIUM,Dutch_Grand_Prix,13,15.0,0,,0.049610674937806146,0.5929800604720624
2022,Dutch_Grand_Prix,R,RIC,3.0,McLaren,False,HARD,Dutch_Grand_Prix,15,18.0,0,,-8.06558210472887,0.29731665015562236
2022,Dutch_Grand_Prix,R,RIC,4.0,McLaren,False,SOFT,Dutch_Grand_Prix,5,7.0,0,,,
2022,Dutch_Grand_Prix,R,RIC,6.0,McLaren,False,SOFT,Dutch_Grand_Prix,11,16.0,0,,inf,0.48084932423572485
2022,Dutch_Grand_Prix,R,RUS,1.0,Mercedes,False,MEDIUM,Dutch_Grand_Prix,27,30.0,0,,0.07460363211945908,0.23686785831891682
2022,Dutch_Grand_Prix,R,RUS,2.0,Mercedes,False,HARD,Dutch_Grand_Prix,12,16.0,0,,-0.38515655965118395,0.45924055154932103
2022,Dutch_Grand_Prix,R,RUS,3.0,Mercedes,False,MEDIUM,Dutch_Grand_Prix,5,7.0,0,,,
2022,Dutch_Grand_Prix,R,RUS,4.0,Mercedes,False,SOFT,Dutch_Grand_Prix,10,13.0,1,13.0,inf,0.7184353744366663
2022,Dutch_Grand_Prix,R,SAI,1.0,Ferrari,False,SOFT,Dutch_Grand_Prix,12,16.0,0,,0.21756944444443366,0.25279992554819647
2022,Dutch_Grand_Prix,R,SAI,2.0,Ferrari,False,MEDIUM,Dutch_Grand_Prix,26,28.0,0,,-11.961733894017334,0.3938275793313117
2022,Dutch_Grand_Prix,R,SAI,3.0,Ferrari,False,HARD,Dutch_Grand_Prix,7,12.0,0,,11.684349258647712,0.4720906314693836
2022,Dutch_Grand_Prix,R,SAI,4.0,Ferrari,False,SOFT,Dutch_Grand_Prix,11,17.0,0,,inf,0.6347910455358319
2022,Dutch_Grand_Prix,R,STR,1.0,Aston Martin,False,SOFT,Dutch_Grand_Prix,12,15.0,0,,-3.06625194401219,0.5955583827299566
2022,Dutch_Grand_Prix,R,STR,2.0,Aston Martin,False,MEDIUM,Dutch_Grand_Prix,20,22.0,0,,inf,0.24578531162529804
2022,Dutch_Grand_Prix,R,STR,3.0,Aston Martin,False,HARD,Dutch_Grand_Prix,12,17.0,0,,inf,0.5413516436127017
2022,Dutch_Grand_Prix,R,STR,5.0,Aston Martin,False,SOFT,Dutch_Grand_Prix,10,18.0,0,,inf,0.8536997781561297
2022,Dutch_Grand_Prix,R,TSU,1.0,AlphaTauri,False,SOFT,Dutch_Grand_Prix,10,15.0,0,,32.90000000000123,0.43663351654945987
2022,Dutch_Grand_Prix,R,TSU,2.0,AlphaTauri,False,MEDIUM,Dutch_Grand_Prix,27,29.0,0,,-15.092881267867414,0.32420474619370604
2022,Dutch_Grand_Prix,R,VER,1.0,Red Bull Racing,True,SOFT,Dutch_Grand_Prix,16,17.0,0,,0.06118206118205407,0.35070727507130023
2022,Dutch_Grand_Prix,R,VER,2.0,Red Bull Racing,True,MEDIUM,Dutch_Grand_Prix,27,29.0,0,,-8.332009096136566,0.11756841517567257
2022,Dutch_Grand_Prix,R,VER,3.0,Red Bull Racing,True,HARD,Dutch_Grand_Prix,5,7.0,0,,,
2022,Dutch_Grand_Prix,R,VER,5.0,Red Bull Racing,True,SOFT,Dutch_Grand_Prix,11,18.0,0,,2.441158348737169,0.7212434484378054
2022,Dutch_Grand_Prix,R,VET,1.0,Aston Martin,False,SOFT,Dutch_Grand_Prix,6,8.0,0,,,
2022,Dutch_Grand_Prix,R,VET,2.0,Aston Martin,False,MEDIUM,Dutch_Grand_Prix,22,26.0,0,,-0.16212387943410655,0.7626734840516575
2022,Dutch_Grand_Prix,R,VET,3.0,Aston Martin,False,HARD,Dutch_Grand_Prix,8,11.0,0,,inf,0.8208079648785475
2022,Dutch_Grand_Prix,R,VET,4.0,Aston Martin,False,SOFT,Dutch_Grand_Prix,4,6.0,0,,,
2022,Dutch_Grand_Prix,R,VET,5.0,Aston Martin,False,SOFT,Dutch_Grand_Prix,11,23.0,0,,inf,0.9316971372704951
2022,Dutch_Grand_Prix,R,ZHO,1.0,Alfa Romeo,False,SOFT,Dutch_Grand_Prix,9,8.0,1,8.0,inf,0.7452169762757772
2022,Dutch_Grand_Prix,R,ZHO,2.0,Alfa Romeo,False,SOFT,Dutch_Grand_Prix,23,27.0,0,,7.171164736492675,0.354468969582718
2022,Dutch_Grand_Prix,R,ZHO,3.0,Alfa Romeo,False,MEDIUM,Dutch_Grand_Prix,11,17.0,0,,-3.807023277771597,0.32800340395700783
2022,Dutch_Grand_Prix,R,ZHO,5.0,Alfa Romeo,False,SOFT,Dutch_Grand_Prix,11,19.0,0,,inf,0.34219311439345673
2022,Emilia_Romagna_Grand_Prix,R,ALB,1.0,Williams,False,INTERMEDIATE,Emilia_Romagna_Grand_Prix,11,16.0,0,,inf,0.7496868583086951
2022,Emilia_Romagna_Grand_Prix,R,ALB,2.0,Williams,False,MEDIUM,Emilia_Romagna_Grand_Prix,36,44.0,0,,inf,0.575243637758333
2022,Emilia_Romagna_Grand_Prix,R,BOT,1.0,Alfa Romeo,False,INTERMEDIATE,Emilia_Romagna_Grand_Prix,12,17.0,0,,inf,0.7086758502758294
2022,Emilia_Romagna_Grand_Prix,R,BOT,2.0,Alfa Romeo,False,MEDIUM,Emilia_Romagna_Grand_Prix,37,26.0,1,26.0,inf,0.5562929666798874
2022,Emilia_Romagna_Grand_Prix,R,GAS,1.0,AlphaTauri,False,INTERMEDIATE,Emilia_Romagna_Grand_Prix,11,16.0,0,,inf,0.8457807801630614
2022,Emilia_Romagna_Grand_Prix,R,GAS,2.0,AlphaTauri,False,MEDIUM,Emilia_Romagna_Grand_Prix,35,44.0,0,,inf,0.43085852995944496
2022,Emilia_Romagna_Grand_Prix,R,HAM,1.0,Mercedes,False,INTERMEDIATE,Emilia_Romagna_Grand_Prix,12,17.0,0,,inf,0.7460343918132512
2022,Emilia_Romagna_Grand_Prix,R,HAM,2.0,Mercedes,False,MEDIUM,Emilia_Romagna_Grand_Prix,35,43.0,0,,inf,0.29836399771233985
2022,Emilia_Romagna_Grand_Prix,R,LAT,1.0,Williams,False,INTERMEDIATE,Emilia_Romagna_Grand_Prix,12,17.0,0,,inf,0.5615600902356538
2022,Emilia_Romagna_Grand_Prix,R,LAT,2.0,Williams,False,MEDIUM,Emilia_Romagna_Grand_Prix,33,43.0,0,,inf,0.26627717526161243
2022,Emilia_Romagna_Grand_Prix,R,LEC,1.0,Ferrari,False,INTERMEDIATE,Emilia_Romagna_Grand_Prix,13,10.0,1,10.0,inf,0.613787831067628
2022,Emilia_Romagna_Grand_Prix,R,LEC,2.0,Ferrari,False,MEDIUM,Emilia_Romagna_Grand_Prix,23,29.0,0,,0.8231584525702381,0.4278021864398688
2022,Emilia_Romagna_Grand_Prix,R,LEC,4.0,Ferrari,False,SOFT,Emilia_Romagna_Grand_Prix,7,9.0,0,,0.3555555555555596,0.6886510375450419
2022,Emilia_Romagna_Grand_Prix,R,MAG,1.0,Haas F1 Team,False,INTERMEDIATE,Emilia_Romagna_Grand_Prix,13,17.0,0,,inf,0.5996169641551801
2022,Emilia_Romagna_Grand_Prix,R,MAG,2.0,Haas F1 Team,False,MEDIUM,Emilia_Romagna_Grand_Prix,37,46.0,0,,inf,0.28019273109781295
2022,Emilia_Romagna_Grand_Prix,R,MSC,1.0,Haas F1 Team,False,INTERMEDIATE,Emilia_Romagna_Grand_Prix,12,11.0,1,11.0,inf,0.32832356448068595
2022,Emilia_Romagna_Grand_Prix,R,MSC,2.0,Haas F1 Team,False,MEDIUM,Emilia_Romagna_Grand_Prix,24,35.0,0,,inf,0.5098264766650524
2022,Emilia_Romagna_Grand_Prix,R,MSC,3.0,Haas F1 Team,False,SOFT,Emilia_Romagna_Grand_Prix,7,9.0,0,,0.9613941018766546,0.2963675519437233
2022,Emilia_Romagna_Grand_Prix,R,NOR,1.0,McLaren,False,INTERMEDIATE,Emilia_Romagna_Grand_Prix,14,18.0,0,,inf,0.3768019644686646
2022,Emilia_Romagna_Grand_Prix,R,NOR,2.0,McLaren,False,MEDIUM,Emilia_Romagna_Grand_Prix,37,43.0,0,,inf,0.2874298357938503
2022,Emilia_Romagna_Grand_Prix,R,OCO,1.0,Alpine,False,INTERMEDIATE,Emilia_Romagna_Grand_Prix,12,17.0,0,,inf,0.7401253292644293
2022,Emilia_Romagna_Grand_Prix,R,OCO,2.0,Alpine,False,MEDIUM,Emilia_Romagna_Grand_Prix,35,43.0,0,,inf,0.19659634885760788
2022,Emilia_Romagna_Grand_Prix,R,PER,1.0,Red Bull Racing,True,INTERMEDIATE,Emilia_Romagna_Grand_Prix,13,17.0,0,,inf,0.799761484820045
2022,Emilia_Romagna_Grand_Prix,R,PER,2.0,Red Bull Racing,True,MEDIUM,Emilia_Romagna_Grand_Prix,24,31.0,0,,inf,0.6426429207473107
2022,Emilia_Romagna_Grand_Prix,R,PER,3.0,Red Bull Racing,True,SOFT,Emilia_Romagna_Grand_Prix,11,12.0,0,,0.299653912709088,0.4364616330610033
2022,Emilia_Romagna_Grand_Prix,R,RIC,2.0,McLaren,False,INTERMEDIATE,Emilia_Romagna_Grand_Prix,10,15.0,0,,inf,0.8699553611904919
2022,Emilia_Romagna_Grand_Prix,R,RIC,3.0,McLaren,False,MEDIUM,Emilia_Romagna_Grand_Prix,6,13.0,0,,,
2022,Emilia_Romagna_Grand_Prix,R,RIC,4.0,McLaren,False,HARD,Emilia_Romagna_Grand_Prix,25,31.0,0,,-0.3947931868664476,0.2986509980804104
2022,Emilia_Romagna_Grand_Prix,R,RUS,1.0,Mercedes,False,INTERMEDIATE,Emilia_Romagna_Grand_Prix,12,10.0,1,10.0,inf,0.7253732530794716
2022,Emilia_Romagna_Grand_Prix,R,RUS,2.0,Mercedes,False,MEDIUM,Emilia_Romagna_Grand_Prix,38,44.0,0,,inf,0.27434869382615307
2022,Emilia_Romagna_Grand_Prix,R,STR,1.0,Aston Martin,False,INTERMEDIATE,Emilia_Romagna_Grand_Prix,12,17.0,0,,inf,0.779529670272596
2022,Emilia_Romagna_Grand_Prix,R,STR,2.0,Aston Martin,False,MEDIUM,Emilia_Romagna_Grand_Prix,36,45.0,0,,inf,0.1837245221987639
2022,Emilia_Romagna_Grand_Prix,R,TSU,1.0,AlphaTauri,False,INTERMEDIATE,Emilia_Romagna_Grand_Prix,12,17.0,0,,inf,0.7003819764897999
2022,Emilia_Romagna_Grand_Prix,R,TSU,2.0,AlphaTauri,False,MEDIUM,Emilia_Romagna_Grand_Prix,35,44.0,0,,inf,0.3768229813219823
2022,Emilia_Romagna_Grand_Prix,R,VER,1.0,Red Bull Racing,True,INTERMEDIATE,Emilia_Romagna_Grand_Prix,14,18.0,0,,inf,0.6220792905229765
2022,Emilia_Romagna_Grand_Prix,R,VER,2.0,Red Bull Racing,True,MEDIUM,Emilia_Romagna_Grand_Prix,25,31.0,0,,inf,0.4167166438181724
2022,Emilia_Romagna_Grand_Prix,R,VER,3.0,Red Bull Racing,True,SOFT,Emilia_Romagna_Grand_Prix,8,11.0,0,,0.06292134831461577,0.9025722817392139
2022,Emilia_Romagna_Grand_Prix,R,VET,1.0,Aston Martin,False,INTERMEDIATE,Emilia_Romagna_Grand_Prix,11,10.0,1,10.0,inf,0.8608177152312034
2022,Emilia_Romagna_Grand_Prix,R,VET,2.0,Aston Martin,False,MEDIUM,Emilia_Romagna_Grand_Prix,37,47.0,0,,inf,0.46416268183801496
2022,Emilia_Romagna_Grand_Prix,R,ZHO,1.0,Alfa Romeo,False,INTERMEDIATE,Emilia_Romagna_Grand_Prix,12,17.0,0,,inf,0.5721298935252543
2022,Emilia_Romagna_Grand_Prix,R,ZHO,2.0,Alfa Romeo,False,MEDIUM,Emilia_Romagna_Grand_Prix,34,43.0,0,,inf,0.27606128317343226
2022,French_Grand_Prix,R,ALB,1.0,Williams,False,MEDIUM,French_Grand_Prix,15,17.0,0,,0.12364181119472557,0.4890718006545963
2022,French_Grand_Prix,R,ALB,2.0,Williams,False,HARD,French_Grand_Prix,28,34.0,0,,inf,0.23334834252162104
2022,French_Grand_Prix,R,ALO,1.0,Alpine,False,MEDIUM,French_Grand_Prix,14,17.0,0,,-0.005277307577409569,0.4883874298061983
2022,French_Grand_Prix,R,ALO,2.0,Alpine,False,HARD,French_Grand_Prix,27,34.0,0,,-0.8379564870569682,0.4818218044381981
2022,French_Grand_Prix,R,BOT,1.0,Alfa Romeo,False,HARD,French_Grand_Prix,14,17.0,0,,-8.516776075856272,0.5340428895031492
2022,French_Grand_Prix,R,BOT,2.0,Alfa Romeo,False,HARD,French_Grand_Prix,13,17.0,0,,inf,0.7189916113688629
2022,French_Grand_Prix,R,BOT,3.0,Alfa Romeo,False,MEDIUM,French_Grand_Prix,13,16.0,0,,0.27531525552245234,0.07317525970717065
2022,French_Grand_Prix,R,GAS,1.0,AlphaTauri,False,HARD,French_Grand_Prix,14,17.0,0,,inf,0.39547127395146314
2022,French_Grand_Prix,R,GAS,2.0,AlphaTauri,False,MEDIUM,French_Grand_Prix,26,34.0,0,,-0.8056033953413236,0.40681875949745894
2022,French_Grand_Prix,R,HAM,1.0,Mercedes,False,MEDIUM,French_Grand_Prix,16,17.0,0,,0.6583449373385095,0.5657398352530297
2022,French_Grand_Prix,R,HAM,2.0,Mercedes,False,HARD,French_Grand_Prix,31,34.0,0,,inf,0.19719167328542522
2022,French_Grand_Prix,R,LAT,1.0,Williams,False,MEDIUM,French_Grand_Prix,15,17.0,0,,inf,0.3708221289769091
2022,French_Grand_Prix,R,LAT,2.0,Williams,False,HARD,French_Grand_Prix,14,18.0,0,,inf,0.7057058562781812
2022,French_Grand_Prix,R,LEC,1.0,Ferrari,False,MEDIUM,French_Grand_Prix,16,17.0,0,,inf,0.49498850641081527
2022,French_Grand_Prix,R,MAG,1.0,Haas F1 Team,False,MEDIUM,French_Grand_Prix,5,7.0,0,,,
2022,French_Grand_Prix,R,MAG,2.0,Haas F1 Team,False,HARD,French_Grand_Prix,7,9.0,0,,0.4552594670406758,0.6189034342106047
2022,French_Grand_Prix,R,MAG,3.0,Haas F1 Team,False,HARD,French_Grand_Prix,16,19.0,0,,inf,0.4066895839239507
2022,French_Grand_Prix,R,MSC,1.0,Haas F1 Team,False,MEDIUM,French_Grand_Prix,6,8.0,0,,,
2022,French_Grand_Prix,R,MSC,2.0,Haas F1 Team,False,HARD,French_Grand_Prix,7,8.0,0,,0.6788598574820858,0.04053210869861575
2022,French_Grand_Prix,R,MSC,3.0,Haas F1 Team,False,HARD,French_Grand_Prix,28,34.0,0,,inf,0.2180785100571244
2022,French_Grand_Prix,R,NOR,1.0,McLaren,False,MEDIUM,French_Grand_Prix,16,17.0,0,,inf,0.4573002176472718
2022,French_Grand_Prix,R,NOR,2.0,McLaren,False,HARD,French_Grand_Prix,29,34.0,0,,inf,0.29102987077472303
2022,French_Grand_Prix,R,OCO,1.0,Alpine,False,MEDIUM,French_Grand_Prix,15,17.0,0,,inf,0.3509871800349707
2022,French_Grand_Prix,R,OCO,2.0,Alpine,False,HARD,French_Grand_Prix,28,34.0,0,,-5.468729537065992,0.6754968447148133
2022,French_Grand_Prix,R,PER,1.0,Red Bull Racing,True,MEDIUM,French_Grand_Prix,16,17.0,0,,inf,0.4354863583863635
2022,French_Grand_Prix,R,PER,2.0,Red Bull Racing,True,HARD,French_Grand_Prix,30,34.0,0,,-22.60793822548146,0.36611419551008395
2022,French_Grand_Prix,R,RIC,1.0,McLaren,False,MEDIUM,French_Grand_Prix,15,17.0,0,,0.5830837789661724,0.19522953027837364
2022,French_Grand_Prix,R,RIC,2.0,McLaren,False,HARD,French_Grand_Prix,29,34.0,0,,-16.46896354247413,0.41159800730255974
2022,French_Grand_Prix,R,RUS,1.0,Mercedes,False,MEDIUM,French_Grand_Prix,15,17.0,0,,0.2581523480043553,0.41642384330130766
2022,French_Grand_Prix,R,RUS,2.0,Mercedes,False,HARD,French_Grand_Prix,29,35.0,0,,inf,0.19313908507613917
2022,French_Grand_Prix,R,SAI,1.0,Ferrari,False,HARD,French_Grand_Prix,15,17.0,0,,-1.4726056043498974,0.7301071337371909
2022,French_Grand_Prix,R,SAI,2.0,Ferrari,False,MEDIUM,French_Grand_Prix,21,23.0,0,,inf,0.5665468990991821
2022,French_Grand_Prix,R,SAI,3.0,Ferrari,False,MEDIUM,French_Grand_Prix,7,10.0,0,,0.5882352940946182,0.008731546482722402
2022,French_Grand_Prix,R,STR,1.0,Aston Martin,False,MEDIUM,French_Grand_Prix,16,19.0,0,,-6.600486402828893,0.46954584523142023
2022,French_Grand_Prix,R,STR,2.0,Aston Martin,False,HARD,French_Grand_Prix,29,35.0,0,,inf,0.42903529540466145
2022,French_Grand_Prix,R,TSU,1.0,AlphaTauri,False,MEDIUM,French_Grand_Prix,9,10.0,0,,2.045859000684446,0.1385940019187683
2022,French_Grand_Prix,R,TSU,2.0,AlphaTauri,False,HARD,French_Grand_Prix,5,6.0,0,,,
2022,French_Grand_Prix,R,VER,1.0,Red Bull Racing,True,MEDIUM,French_Grand_Prix,14,15.0,0,,-0.03564547206165927,0.7644865880833874
2022,French_Grand_Prix,R,VER,2.0,Red Bull Racing,True,HARD,French_Grand_Prix,31,36.0,0,,47.30631294527041,0.3375776054693242
2022,French_Grand_Prix,R,VET,1.0,Aston Martin,False,MEDIUM,French_Grand_Prix,16,19.0,0,,-6.632822213012378,0.442754703579979
2022,French_Grand_Prix,R,VET,2.0,Aston Martin,False,HARD,French_Grand_Prix,27,34.0,0,,-0.3975522095031555,0.5750708135020483
2022,French_Grand_Prix,R,ZHO,1.0,Alfa Romeo,False,MEDIUM,French_Grand_Prix,6,8.0,0,,,
2022,French_Grand_Prix,R,ZHO,2.0,Alfa Romeo,False,HARD,French_Grand_Prix,7,12.0,0,,0.7996872988134615,0.7298566861790335
2022,French_Grand_Prix,R,ZHO,3.0,Alfa Romeo,False,HARD,French_Grand_Prix,23,25.0,0,,2.219255150982196,0.2370762512794737
2022,Hungarian_Grand_Prix,R,ALB,2.0,Williams,False,MEDIUM,Hungarian_Grand_Prix,17,18.0,0,,-0.8586403597073996,0.7069452087995881
2022,Hungarian_Grand_Prix,R,ALB,3.0,Williams,False,MEDIUM,Hungarian_Grand_Prix,15,18.0,0,,-65.61562178831771,0.8596705502114161
2022,Hungarian_Grand_Prix,R,ALB,4.0,Williams,False,SOFT,Hungarian_Grand_Prix,25,23.0,1,23.0,5.779243875853356,0.41286378475587227
2022,Hungarian_Grand_Prix,R,ALO,1.0,Alpine,False,MEDIUM,Hungarian_Grand_Prix,16,20.0,0,,inf,0.5006933964783984
2022,Hungarian_Grand_Prix,R,ALO,2.0,Alpine,False,HARD,Hungarian_Grand_Prix,38,45.0,0,,inf,0.2781952459429492
2022,Hungarian_Grand_Prix,R,BOT,1.0,Alfa Romeo,False,MEDIUM,Hungarian_Grand_Prix,22,25.0,0,,2.36631061712506,0.5442673296912964
2022,Hungarian_Grand_Prix,R,BOT,2.0,Alfa Romeo,False,HARD,Hungarian_Grand_Prix,35,39.0,0,,inf,0.4647638725871986
2022,Hungarian_Grand_Prix,R,GAS,1.0,AlphaTauri,False,SOFT,Hungarian_Grand_Prix,12,11.0,1,11.0,inf,0.8126016775384942
2022,Hungarian_Grand_Prix,R,GAS,2.0,AlphaTauri,False,MEDIUM,Hungarian_Grand_Prix,26,29.0,0,,0.042946288005573055,0.5725957176268354
2022,Hungarian_Grand_Prix,R,GAS,3.0,AlphaTauri,False,SOFT,Hungarian_Grand_Prix,15,20.0,0,,1.7463896936178513,0.4097419843460623
2022,Hungarian_Grand_Prix,R,HAM,1.0,Mercedes,False,MEDIUM,Hungarian_Grand_Prix,15,18.0,0,,1.1217460422600665,0.7237438787556355
2022,Hungarian_Grand_Prix,R,HAM,2.0,Mercedes,False,MEDIUM,Hungarian_Grand_Prix,30,31.0,0,,11.891544917295908,0.47836676693823427
2022,Hungarian_Grand_Prix,R,HAM,3.0,Mercedes,False,SOFT,Hungarian_Grand_Prix,15,12.0,1,12.0,inf,0.28744818588676113
2022,Hungarian_Grand_Prix,R,LAT,1.0,Williams,False,MEDIUM,Hungarian_Grand_Prix,14,9.0,1,9.0,inf,0.5724184014081334
2022,Hungarian_Grand_Prix,R,LAT,2.0,Williams,False,MEDIUM,Hungarian_Grand_Prix,18,20.0,0,,38.277412084346544,0.4140601020803389
2022,Hungarian_Grand_Prix,R,LAT,3.0,Williams,False,SOFT,Hungarian_Grand_Prix,14,16.0,0,,-7.99903938520618,0.47256111269271495
2022,Hungarian_Grand_Prix,R,LAT,4.0,Williams,False,SOFT,Hungarian_Grand_Prix,7,9.0,0,,inf,0.18642141161686243
2022,Hungarian_Grand_Prix,R,LEC,1.0,Ferrari,False,MEDIUM,Hungarian_Grand_Prix,17,20.0,0,,-6.30125899280515,0.33726254423458984
2022,Hungarian_Grand_Prix,R,LEC,2.0,Ferrari,False,MEDIUM,Hungarian_Grand_Prix,16,17.0,0,,0.06455172413792352,0.450425956108774
2022,Hungarian_Grand_Prix,R,LEC,3.0,Ferrari,False,HARD,Hungarian_Grand_Prix,10,14.0,0,,-0.7922331761680432,0.48662545796735646
2022,Hungarian_Grand_Prix,R,LEC,4.0,Ferrari,False,SOFT,Hungarian_Grand_Prix,12,16.0,0,,inf,0.4722807542123685
2022,Hungarian_Grand_Prix,R,MAG,2.0,Haas F1 Team,False,HARD,Hungarian_Grand_Prix,26,28.0,0,,inf,0.3212862707676742
2022,Hungarian_Grand_Prix,R,MAG,3.0,Haas F1 Team,False,MEDIUM,Hungarian_Grand_Prix,26,30.0,0,,0.15905578561900485,0.16085717022703086
2022,Hungarian_Grand_Prix,R,MSC,1.0,Haas F1 Team,False,MEDIUM,Hungarian_Grand_Prix,17,20.0,0,,1.8826815286625322,0.5674657705960565
2022,Hungarian_Grand_Prix,R,MSC,2.0,Haas F1 Team,False,HARD,Hungarian_Grand_Prix,16,19.0,0,,inf,0.23064282684946846
2022,Hungarian_Grand_Prix,R,MSC,3.0,Haas F1 Team,False,MEDIUM,Hungarian_Grand_Prix,23,25.0,0,,-7.009988704740259,0.3073694790837652
2022,Hungarian_Grand_Prix,R,NOR,1.0,McLaren,False,SOFT,Hungarian_Grand_Prix,10,12.0,1,12.0,3.8488063660475347,0.6010843015769658
2022,Hungarian_Grand_Prix,R,NOR,2.0,McLaren,False,MEDIUM,Hungarian_Grand_Prix,24,27.0,0,,0.27154604493546275,0.38142343323280004
2022,Hungarian_Grand_Prix,R,NOR,3.0,McLaren,False,HARD,Hungarian_Grand_Prix,21,24.0,0,,1.3153900241455347,0.4112900378262091
2022,Hungarian_Grand_Prix,R,OCO,1.0,Alpine,False,MEDIUM,Hungarian_Grand_Prix,19,22.0,0,,0.2572277385652177,0.2740191170538582
2022,Hungarian_Grand_Prix,R,OCO,2.0,Alpine,False,HARD,Hungarian_Grand_Prix,38,43.0,0,,-0.5467865653353481,0.14687567306989407
2022,Hungarian_Grand_Prix,R,PER,1.0,Red Bull Racing,True,SOFT,Hungarian_Grand_Prix,14,17.0,0,,3.725941422594046,0.6962022902423785
2022,Hungarian_Grand_Prix,R,PER,2.0,Red Bull Racing,True,MEDIUM,Hungarian_Grand_Prix,20,20.0,1,20.0,23.138547539875976,0.5913447547383107
2022,Hungarian_Grand_Prix,R,PER,3.0,Red Bull Racing,True,MEDIUM,Hungarian_Grand_Prix,24,25.0,0,,-0.07950901965864374,0.44977646774467134
2022,Hungarian_Grand_Prix,R,RIC,1.0,McLaren,False,SOFT,Hungarian_Grand_Prix,11,13.0,1,13.0,6.668779258192401,0.6545549128985924
2022,Hungarian_Grand_Prix,R,RIC,2.0,McLaren,False,MEDIUM,Hungarian_Grand_Prix,29,30.0,0,,-2.1950587954319984,0.610904540507974
2022,Hungarian_Grand_Prix,R,RIC,3.0,McLaren,False,HARD,Hungarian_Grand_Prix,14,20.0,0,,6.6224442549043,0.29147329093230906
2022,Hungarian_Grand_Prix,R,RUS,1.0,Mercedes,False,SOFT,Hungarian_Grand_Prix,12,18.0,0,,2.054554992131248,0.31979414761600033
2022,Hungarian_Grand_Prix,R,RUS,2.0,Mercedes,False,MEDIUM,Hungarian_Grand_Prix,21,22.0,0,,0.496420767086097,0.5722991423209173
2022,Hungarian_Grand_Prix,R,RUS,3.0,Mercedes,False,MEDIUM,Hungarian_Grand_Prix,25,28.0,0,,0.9102739870493712,0.516461141330237
2022,Hungarian_Grand_Prix,R,SAI,1.0,Ferrari,False,MEDIUM,Hungarian_Grand_Prix,13,16.0,0,,1.4112762443972244,0.47980788255796336
2022,Hungarian_Grand_Prix,R,SAI,2.0,Ferrari,False,MEDIUM,Hungarian_Grand_Prix,28,29.0,0,,0.07508035296866515,0.2153924691018076
2022,Hungarian_Grand_Prix,R,SAI,3.0,Ferrari,False,SOFT,Hungarian_Grand_Prix,19,23.0,0,,0.7528978087241559,0.3287070663699689
2022,Hungarian_Grand_Prix,R,STR,1.0,Aston Martin,False,SOFT,Hungarian_Grand_Prix,10,16.0,0,,1.0549702244616757,0.38440560228465526
2022,Hungarian_Grand_Prix,R,STR,2.0,Aston Martin,False,MEDIUM,Hungarian_Grand_Prix,28,32.0,0,,0.3005435333040593,0.30099920266627256
2022,Hungarian_Grand_Prix,R,STR,3.0,Aston Martin,False,SOFT,Hungarian_Grand_Prix,18,20.0,0,,9.400819955118077,0.48545257275916337
2022,Hungarian_Grand_Prix,R,TSU,1.0,AlphaTauri,False,SOFT,Hungarian_Grand_Prix,9,12.0,0,,inf,0.1509926826336788
2022,Hungarian_Grand_Prix,R,TSU,2.0,AlphaTauri,False,MEDIUM,Hungarian_Grand_Prix,17,19.0,0,,-17.11318609432842,0.3483954460243126
2022,Hungarian_Grand_Prix,R,TSU,3.0,AlphaTauri,False,SOFT,Hungarian_Grand_Prix,15,17.0,0,,inf,0.29149963539623225
2022,Hungarian_Grand_Prix,R,TSU,4.0,AlphaTauri,False,SOFT,Hungarian_Grand_Prix,8,13.0,1,13.0,inf,0.7041556142771881
2022,Hungarian_Grand_Prix,R,VER,1.0,Red Bull Racing,True,SOFT,Hungarian_Grand_Prix,12,16.0,0,,inf,0.44750724809109255
2022,Hungarian_Grand_Prix,R,VER,2.0,Red Bull Racing,True,MEDIUM,Hungarian_Grand_Prix,20,21.0,0,,1.9306632489585458,0.2789622410562732
2022,Hungarian_Grand_Prix,R,VER,3.0,Red Bull Racing,True,MEDIUM,Hungarian_Grand_Prix,26,8.0,1,8.0,inf,0.2703067889416381
2022,Hungarian_Grand_Prix,R,VET,1.0,Aston Martin,False,SOFT,Hungarian_Grand_Prix,11,11.0,1,11.0,6.395823665892238,0.6392223400047956
2022,Hungarian_Grand_Prix,R,VET,2.0,Aston Martin,False,MEDIUM,Hungarian_Grand_Prix,27,31.0,0,,4.963868798447656,0.38601589720437574
2022,Hungarian_Grand_Prix,R,VET,3.0,Aston Martin,False,MEDIUM,Hungarian_Grand_Prix,16,20.0,0,,-6.374624946420603,0.3973301221683503
2022,Hungarian_Grand_Prix,R,ZHO,1.0,Alfa Romeo,False,MEDIUM,Hungarian_Grand_Prix,23,26.0,0,,-4.63129638402097,0.30410577092075963
2022,Hungarian_Grand_Prix,R,ZHO,2.0,Alfa Romeo,False,HARD,Hungarian_Grand_Prix,21,23.0,0,,inf,0.901163330997129
2022,Hungarian_Grand_Prix,R,ZHO,3.0,Alfa Romeo,False,SOFT,Hungarian_Grand_Prix,13,15.0,0,,6.758692421991131,0.4014899669316783
2022,Italian_Grand_Prix,R,ALO,1.0,Alpine,False,MEDIUM,Italian_Grand_Prix,27,30.0,0,,-26.13674019427365,0.24145476927462797
2022,Italian_Grand_Prix,R,BOT,1.0,Alfa Romeo,False,MEDIUM,Italian_Grand_Prix,27,34.0,0,,inf,0.27792041888443225
2022,Italian_Grand_Prix,R,BOT,2.0,Alfa Romeo,False,SOFT,Italian_Grand_Prix,9,11.0,0,,2.736211031175188,0.10395006316526223
2022,Italian_Grand_Prix,R,DEV,1.0,Williams,False,SOFT,Italian_Grand_Prix,15,18.0,0,,inf,0.2484376248047145
2022,Italian_Grand_Prix,R,DEV,2.0,Williams,False,MEDIUM,Italian_Grand_Prix,25,27.0,0,,0.03568717111234262,0.48545330321166863
2022,Italian_Grand_Prix,R,GAS,1.0,AlphaTauri,False,MEDIUM,Italian_Grand_Prix,14,17.0,0,,inf,0.6984269270293818
2022,Italian_Grand_Prix,R,GAS,2.0,AlphaTauri,False,HARD,Italian_Grand_Prix,26,29.0,0,,1.7007619901391717,0.1597784854336604
2022,Italian_Grand_Prix,R,HAM,1.0,Mercedes,False,MEDIUM,Italian_Grand_Prix,26,32.0,0,,inf,0.39950011683924896
2022,Italian_Grand_Prix,R,HAM,2.0,Mercedes,False,SOFT,Italian_Grand_Prix,9,13.0,0,,inf,0.6956895852910854
2022,Italian_Grand_Prix,R,LAT,1.0,Williams,False,MEDIUM,Italian_Grand_Prix,10,14.0,0,,-2.200439279685713,0.6156745585643564
2022,Italian_Grand_Prix,R,LAT,2.0,Williams,False,HARD,Italian_Grand_Prix,30,31.0,0,,-13.289581974099963,0.31167301211831
2022,Italian_Grand_Prix,R,LEC,1.0,Ferrari,False,SOFT,Italian_Grand_Prix,8,8.0,1,8.0,inf,0.49568780301673143
2022,Italian_Grand_Prix,R,LEC,2.0,Ferrari,False,MEDIUM,Italian_Grand_Prix,19,20.0,0,,-0.5067285382832314,0.1968542568201295
2022,Italian_Grand_Prix,R,LEC,3.0,Ferrari,False,SOFT,Italian_Grand_Prix,11,14.0,0,,3.3722908093271933,0.09269567086294524
2022,Italian_Grand_Prix,R,MAG,1.0,Haas F1 Team,False,MEDIUM,Italian_Grand_Prix,19,23.0,0,,-35.860307998025604,0.3947343820738795
2022,Italian_Grand_Prix,R,MAG,2.0,Haas F1 Team,False,HARD,Italian_Grand_Prix,18,21.0,0,,0.23549588486826342,0.2645672373635565
2022,Italian_Grand_Prix,R,MSC,1.0,Haas F1 Team,False,MEDIUM,Italian_Grand_Prix,27,32.0,0,,-0.11073837064398886,0.31218414010298845
2022,Italian_Grand_Prix,R,MSC,2.0,Haas F1 Team,False,SOFT,Italian_Grand_Prix,6,13.0,0,,,
2022,Italian_Grand_Prix,R,NOR,1.0,McLaren,False,MEDIUM,Italian_Grand_Prix,30,34.0,0,,-0.2577942934258641,0.5831648375473376
2022,Italian_Grand_Prix,R,NOR,2.0,McLaren,False,SOFT,Italian_Grand_Prix,10,13.0,0,,inf,0.5355849412265289
2022,Italian_Grand_Prix,R,OCO,1.0,Alpine,False,SOFT,Italian_Grand_Prix,13,18.0,0,,inf,0.21053752654694569
2022,Italian_Grand_Prix,R,OCO,2.0,Alpine,False,HARD,Italian_Grand_Prix,24,27.0,0,,inf,0.7496217613452972
2022,Italian_Grand_Prix,R,PER,1.0,Red Bull Racing,True,MEDIUM,Italian_Grand_Prix,4,6.0,0,,,
2022,Italian_Grand_Prix,R,PER,2.0,Red Bull Racing,True,HARD,Italian_Grand_Prix,29,34.0,0,,-0.3585629200666426,0.4627574562139773
2022,Italian_Grand_Prix,R,RIC,1.0,McLaren,False,MEDIUM,Italian_Grand_Prix,15,18.0,0,,inf,0.4863047260571304
2022,Italian_Grand_Prix,R,RIC,2.0,McLaren,False,HARD,Italian_Grand_Prix,23,26.0,0,,1.7749694251936636,0.4806951234318161
2022,Italian_Grand_Prix,R,RUS,1.0,Mercedes,False,SOFT,Italian_Grand_Prix,16,22.0,0,,0.7086828735776475,0.2586676527970101
2022,Italian_Grand_Prix,R,RUS,2.0,Mercedes,False,HARD,Italian_Grand_Prix,21,23.0,0,,inf,0.5093472878045489
2022,Italian_Grand_Prix,R,SAI,1.0,Ferrari,False,MEDIUM,Italian_Grand_Prix,25,29.0,0,,0.12409667407261372,0.31729276792167466
2022,Italian_Grand_Prix,R,SAI,2.0,Ferrari,False,SOFT,Italian_Grand_Prix,12,16.0,0,,1.5488888888890915,0.6946049884065588
2022,Italian_Grand_Prix,R,STR,1.0,Aston Martin,False,MEDIUM,Italian_Grand_Prix,14,18.0,0,,32.37078859681717,0.4358988991969712
2022,Italian_Grand_Prix,R,STR,2.0,Aston Martin,False,HARD,Italian_Grand_Prix,17,21.0,0,,inf,0.46113090398933554
2022,Italian_Grand_Prix,R,TSU,1.0,AlphaTauri,False,MEDIUM,Italian_Grand_Prix,13,18.0,0,,0.6121290322580636,0.367893674883583
2022,Italian_Grand_Prix,R,TSU,2.0,AlphaTauri,False,HARD,Italian_Grand_Prix,26,28.0,0,,inf,0.3959328727918022
2022,Italian_Grand_Prix,R,VER,1.0,Red Bull Racing,True,SOFT,Italian_Grand_Prix,19,8.0,1,8.0,inf,0.4840965744441605
2022,Italian_Grand_Prix,R,VER,2.0,Red Bull Racing,True,MEDIUM,Italian_Grand_Prix,21,22.0,0,,inf,0.2246008915210892
2022,Italian_Grand_Prix,R,VET,1.0,Aston Martin,False,MEDIUM,Italian_Grand_Prix,7,11.0,0,,1.1170648464163369,0.6065485276868819
2022,Italian_Grand_Prix,R,ZHO,1.0,Alfa Romeo,False,MEDIUM,Italian_Grand_Prix,13,17.0,0,,2.5398754669989865,0.16246878176522536
2022,Italian_Grand_Prix,R,ZHO,2.0,Alfa Romeo,False,HARD,Italian_Grand_Prix,25,28.0,0,,-16.284054767511325,0.14936269899649604
2022,Japanese_Grand_Prix,R,ALO,3.0,Alpine,False,INTERMEDIATE,Japanese_Grand_Prix,10,13.0,0,,0.9993416721527795,0.7152150282563983
2022,Japanese_Grand_Prix,R,BOT,3.0,Alfa Romeo,False,INTERMEDIATE,Japanese_Grand_Prix,18,21.0,0,,0.09068811501697535,0.5424314896076039
2022,Japanese_Grand_Prix,R,GAS,4.0,AlphaTauri,False,INTERMEDIATE,Japanese_Grand_Prix,9,11.0,0,,1.018101761252563,0.21265206993910074
2022,Japanese_Grand_Prix,R,GAS,5.0,AlphaTauri,False,INTERMEDIATE,Japanese_Grand_Prix,5,7.0,0,,,
2022,Japanese_Grand_Prix,R,HAM,3.0,Mercedes,False,INTERMEDIATE,Japanese_Grand_Prix,18,11.0,1,11.0,3.1826858888766436,0.46419376916920313
2022,Japanese_Grand_Prix,R,LAT,3.0,Williams,False,INTERMEDIATE,Japanese_Grand_Prix,21,22.0,0,,0.7238542261564911,0.4497300008083735
2022,Japanese_Grand_Prix,R,LEC,3.0,Ferrari,False,INTERMEDIATE,Japanese_Grand_Prix,18,20.0,0,,0.11993429096772602,0.8542494142975097
2022,Japanese_Grand_Prix,R,MAG,3.0,Haas F1 Team,False,INTERMEDIATE,Japanese_Grand_Prix,18,20.0,0,,-3.5775582778606805,0.485045194091225
2022,Japanese_Grand_Prix,R,MSC,2.0,Haas F1 Team,False,WET,Japanese_Grand_Prix,4,8.0,0,,,
2022,Japanese_Grand_Prix,R,MSC,3.0,Haas F1 Team,False,INTERMEDIATE,Japanese_Grand_Prix,15,16.0,0,,-0.6340241244005259,0.6275243958813718
2022,Japanese_Grand_Prix,R,NOR,3.0,McLaren,False,INTERMEDIATE,Japanese_Grand_Prix,20,21.0,0,,0.3627255073034856,0.4032640790117531
2022,Japanese_Grand_Prix,R,OCO,3.0,Alpine,False,INTERMEDIATE,Japanese_Grand_Prix,18,8.0,1,8.0,inf,0.4518198885137489
2022,Japanese_Grand_Prix,R,PER,3.0,Red Bull Racing,True,INTERMEDIATE,Japanese_Grand_Prix,18,20.0,0,,1.4090731834135048,0.2621148671078166
2022,Japanese_Grand_Prix,R,RIC,3.0,McLaren,False,INTERMEDIATE,Japanese_Grand_Prix,18,19.0,0,,0.10690886982231176,0.8770439918986902
2022,Japanese_Grand_Prix,R,RUS,3.0,Mercedes,False,INTERMEDIATE,Japanese_Grand_Prix,19,22.0,0,,12.52225547753307,0.5592154219533654
2022,Japanese_Grand_Prix,R,STR,3.0,Aston Martin,False,INTERMEDIATE,Japanese_Grand_Prix,10,11.0,0,,0.8729423668132509,0.7708570661343052
2022,Japanese_Grand_Prix,R,STR,4.0,Aston Martin,False,INTERMEDIATE,Japanese_Grand_Prix,6,8.0,0,,,
2022,Japanese_Grand_Prix,R,TSU,3.0,AlphaTauri,False,INTERMEDIATE,Japanese_Grand_Prix,11,12.0,0,,-1.4937130177512707,0.5838397232158624
2022,Japanese_Grand_Prix,R,TSU,4.0,AlphaTauri,False,INTERMEDIATE,Japanese_Grand_Prix,5,7.0,0,,,
2022,Japanese_Grand_Prix,R,VER,3.0,Red Bull Racing,True,INTERMEDIATE,Japanese_Grand_Prix,20,21.0,0,,0.4715079365079264,0.753615548517132
2022,Japanese_Grand_Prix,R,VET,3.0,Aston Martin,False,INTERMEDIATE,Japanese_Grand_Prix,19,22.0,0,,0.19283128636069807,0.7623672742897616
2022,Japanese_Grand_Prix,R,ZHO,3.0,Alfa Romeo,False,INTERMEDIATE,Japanese_Grand_Prix,4,8.0,0,,,
2022,Japanese_Grand_Prix,R,ZHO,4.0,Alfa Romeo,False,INTERMEDIATE,Japanese_Grand_Prix,3,7.0,0,,,
2022,Mexico_City_Grand_Prix,R,ALB,1.0,Williams,False,MEDIUM,Mexico_City_Grand_Prix,32,37.0,0,,-0.07151881194690016,0.3995390984200796
2022,Mexico_City_Grand_Prix,R,ALB,2.0,Williams,False,SOFT,Mexico_City_Grand_Prix,27,31.0,0,,1.0924939913926228,0.15624618036447047
2022,Mexico_City_Grand_Prix,R,ALO,1.0,Alpine,False,MEDIUM,Mexico_City_Grand_Prix,34,39.0,0,,inf,0.28258366655611056
2022,Mexico_City_Grand_Prix,R,ALO,2.0,Alpine,False,HARD,Mexico_City_Grand_Prix,18,23.0,0,,inf,0.692740471981799
2022,Mexico_City_Grand_Prix,R,BOT,1.0,Alfa Romeo,False,MEDIUM,Mexico_City_Grand_Prix,33,38.0,0,,inf,0.45250661364346134
2022,Mexico_City_Grand_Prix,R,BOT,2.0,Alfa Romeo,False,HARD,Mexico_City_Grand_Prix,23,30.0,0,,-5.569251573391072,0.38396080587443415
2022,Mexico_City_Grand_Prix,R,GAS,1.0,AlphaTauri,False,MEDIUM,Mexico_City_Grand_Prix,33,39.0,0,,0.03511399186925067,0.5411398227780747
2022,Mexico_City_Grand_Prix,R,GAS,2.0,AlphaTauri,False,SOFT,Mexico_City_Grand_Prix,25,29.0,0,,0.31001023282903817,0.516767643710437
2022,Mexico_City_Grand_Prix,R,HAM,1.0,Mercedes,False,MEDIUM,Mexico_City_Grand_Prix,27,28.0,0,,inf,0.33280323244736437
2022,Mexico_City_Grand_Prix,R,HAM,2.0,Mercedes,False,HARD,Mexico_City_Grand_Prix,37,41.0,0,,0.06981145810399497,0.28552556798154494
2022,Mexico_City_Grand_Prix,R,LAT,1.0,Williams,False,SOFT,Mexico_City_Grand_Prix,17,22.0,0,,inf,0.48478938859489357
2022,Mexico_City_Grand_Prix,R,LAT,2.0,Williams,False,HARD,Mexico_City_Grand_Prix,25,28.0,0,,0.4677661858951525,0.3858519654668323
2022,Mexico_City_Grand_Prix,R,LAT,3.0,Williams,False,SOFT,Mexico_City_Grand_Prix,11,15.0,0,,-0.9603743026813749,0.521722288597539
2022,Mexico_City_Grand_Prix,R,LEC,1.0,Ferrari,False,SOFT,Mexico_City_Grand_Prix,25,26.0,1,26.0,4.7461982170954515,0.4543398853161693
2022,Mexico_City_Grand_Prix,R,LEC,2.0,Ferrari,False,MEDIUM,Mexico_City_Grand_Prix,39,42.0,0,,2.5329302247504675,0.5580473394460769
2022,Mexico_City_Grand_Prix,R,MAG,1.0,Haas F1 Team,False,MEDIUM,Mexico_City_Grand_Prix,30,37.0,0,,5.4303097059548024,0.2558352869867506
2022,Mexico_City_Grand_Prix,R,MAG,2.0,Haas F1 Team,False,SOFT,Mexico_City_Grand_Prix,23,34.0,0,,12.219389399829984,0.2832440224603524
2022,Mexico_City_Grand_Prix,R,MSC,1.0,Haas F1 Team,False,SOFT,Mexico_City_Grand_Prix,21,12.0,1,12.0,inf,0.31007008998367136
2022,Mexico_City_Grand_Prix,R,MSC,2.0,Haas F1 Team,False,MEDIUM,Mexico_City_Grand_Prix,40,45.0,0,,0.15857216356926807,0.3522323314774804
2022,Mexico_City_Grand_Prix,R,NOR,1.0,McLaren,False,MEDIUM,Mexico_City_Grand_Prix,27,30.0,0,,inf,0.4994323365075703
2022,Mexico_City_Grand_Prix,R,NOR,2.0,McLaren,False,HARD,Mexico_City_Grand_Prix,33,38.0,0,,inf,0.3755297711844392
2022,Mexico_City_Grand_Prix,R,OCO,1.0,Alpine,False,MEDIUM,Mexico_City_Grand_Prix,29,32.0,0,,inf,0.28445236177260835
2022,Mexico_City_Grand_Prix,R,OCO,2.0,Alpine,False,HARD,Mexico_City_Grand_Prix,28,36.0,0,,inf,0.40572207996083315
2022,Mexico_City_Grand_Prix,R,PER,1.0,Red Bull Racing,True,SOFT,Mexico_City_Grand_Prix,21,25.0,0,,1.0557180665830397,0.42789119203624654
2022,Mexico_City_Grand_Prix,R,PER,2.0,Red Bull Racing,True,MEDIUM,Mexico_City_Grand_Prix,42,47.0,0,,-4.486261238786812,0.2774750243929208
2022,Mexico_City_Grand_Prix,R,RIC,1.0,McLaren,False,MEDIUM,Mexico_City_Grand_Prix,38,43.0,0,,2.491657490287555,0.329423971951164
2022,Mexico_City_Grand_Prix,R,RIC,2.0,McLaren,False,SOFT,Mexico_City_Grand_Prix,19,25.0,0,,0.08011079992208991,0.6423383057609624
2022,Mexico_City_Grand_Prix,R,RUS,1.0,Mercedes,False,MEDIUM,Mexico_City_Grand_Prix,30,33.0,0,,1.0702410231185053,0.38415527876418926
2022,Mexico_City_Grand_Prix,R,RUS,2.0,Mercedes,False,HARD,Mexico_City_Grand_Prix,29,34.0,0,,-6.972085837293847,0.33591922067835683
2022,Mexico_City_Grand_Prix,R,SAI,1.0,Ferrari,False,SOFT,Mexico_City_Grand_Prix,27,31.0,0,,3.947742248061237,0.39702044136869263
2022,Mexico_City_Grand_Prix,R,SAI,2.0,Ferrari,False,MEDIUM,Mexico_City_Grand_Prix,37,41.0,0,,0.17962928568269518,0.45189753858807596
2022,Mexico_City_Grand_Prix,R,STR,1.0,Aston Martin,False,MEDIUM,Mexico_City_Grand_Prix,11,17.0,0,,0.025095269077051004,0.40205405082629064
2022,Mexico_City_Grand_Prix,R,STR,2.0,Aston Martin,False,SOFT,Mexico_City_Grand_Prix,20,19.0,1,19.0,inf,0.44120218258000876
2022,Mexico_City_Grand_Prix,R,STR,3.0,Aston Martin,False,SOFT,Mexico_City_Grand_Prix,24,29.0,0,,-3.8419895792983274,0.40115693927682317
2022,Mexico_City_Grand_Prix,R,TSU,1.0,AlphaTauri,False,SOFT,Mexico_City_Grand_Prix,25,28.0,0,,inf,0.39750002599874795
2022,Mexico_City_Grand_Prix,R,TSU,2.0,AlphaTauri,False,MEDIUM,Mexico_City_Grand_Prix,16,20.0,0,,-13.077372058930148,0.5042525969177223
2022,Mexico_City_Grand_Prix,R,VER,1.0,Red Bull Racing,True,SOFT,Mexico_City_Grand_Prix,23,27.0,0,,inf,0.676910190921197
2022,Mexico_City_Grand_Prix,R,VER,2.0,Red Bull Racing,True,MEDIUM,Mexico_City_Grand_Prix,41,12.0,1,12.0,inf,0.2927561388994147
2022,Mexico_City_Grand_Prix,R,VET,1.0,Aston Martin,False,SOFT,Mexico_City_Grand_Prix,33,37.0,0,,inf,0.36871394009220465
2022,Mexico_City_Grand_Prix,R,VET,2.0,Aston Martin,False,MEDIUM,Mexico_City_Grand_Prix,26,32.0,0,,17.378288327590173,0.22025897217496213
2022,Mexico_City_Grand_Prix,R,ZHO,1.0,Alfa Romeo,False,MEDIUM,Mexico_City_Grand_Prix,39,44.0,0,,1.4486259439860234,0.32369094379925994
2022,Mexico_City_Grand_Prix,R,ZHO,2.0,Alfa Romeo,False,SOFT,Mexico_City_Grand_Prix,16,24.0,0,,0.3483365930115211,0.4034285137803345
2022,Miami_Grand_Prix,R,ALB,1.0,Williams,False,MEDIUM,Miami_Grand_Prix,11,15.0,0,,-0.483567271482391,0.6140030256861477
2022,Miami_Grand_Prix,R,ALB,2.0,Williams,False,HARD,Miami_Grand_Prix,28,40.0,0,,inf,0.40911609036841784
2022,Miami_Grand_Prix,R,ALO,1.0,Alpine,False,MEDIUM,Miami_Grand_Prix,11,14.0,0,,-5.296536796540618,0.8015768739903686
2022,Miami_Grand_Prix,R,ALO,2.0,Alpine,False,HARD,Miami_Grand_Prix,27,42.0,0,,inf,0.5049415613019026
2022,Miami_Grand_Prix,R,BOT,1.0,Alfa Romeo,False,MEDIUM,Miami_Grand_Prix,19,25.0,0,,-0.35245070143751833,0.24644347120793905
2022,Miami_Grand_Prix,R,BOT,2.0,Alfa Romeo,False,HARD,Miami_Grand_Prix,21,30.0,0,,inf,0.5641504027436925
2022,Miami_Grand_Prix,R,GAS,1.0,AlphaTauri,False,MEDIUM,Miami_Grand_Prix,12,15.0,0,,-0.4453362677196061,0.8131328001778955
2022,Miami_Grand_Prix,R,GAS,2.0,AlphaTauri,False,HARD,Miami_Grand_Prix,20,23.0,0,,inf,0.5848885261863582
2022,Miami_Grand_Prix,R,HAM,1.0,Mercedes,False,MEDIUM,Miami_Grand_Prix,16,21.0,0,,inf,0.28383729695420895
2022,Miami_Grand_Prix,R,HAM,2.0,Mercedes,False,HARD,Miami_Grand_Prix,23,34.0,0,,inf,0.48795138683220723
2022,Miami_Grand_Prix,R,LAT,1.0,Williams,False,HARD,Miami_Grand_Prix,25,33.0,0,,inf,0.3888847716497902
2022,Miami_Grand_Prix,R,LAT,2.0,Williams,False,MEDIUM,Miami_Grand_Prix,10,22.0,0,,0.11686517075739597,0.29456813831278833
2022,Miami_Grand_Prix,R,LEC,1.0,Ferrari,False,MEDIUM,Miami_Grand_Prix,17,23.0,0,,-0.6598053532477984,0.7003229621226518
2022,Miami_Grand_Prix,R,LEC,2.0,Ferrari,False,HARD,Miami_Grand_Prix,20,32.0,0,,0.7642406911334934,0.31582740866415326
2022,Miami_Grand_Prix,R,MAG,1.0,Haas F1 Team,False,MEDIUM,Miami_Grand_Prix,8,11.0,0,,-0.11597151576812338,0.3686714148928802
2022,Miami_Grand_Prix,R,MAG,2.0,Haas F1 Team,False,HARD,Miami_Grand_Prix,21,27.0,0,,inf,0.711839666766439
2022,Miami_Grand_Prix,R,MAG,3.0,Haas F1 Team,False,MEDIUM,Miami_Grand_Prix,8,11.0,1,11.0,inf,0.4903419722693844
2022,Miami_Grand_Prix,R,MSC,1.0,Haas F1 Team,False,MEDIUM,Miami_Grand_Prix,11,13.0,0,,-4.749726775956166,0.11401384396988078
2022,Miami_Grand_Prix,R,MSC,2.0,Haas F1 Team,False,HARD,Miami_Grand_Prix,26,39.0,0,,0.5917335778405379,0.2784025941148663
2022,Miami_Grand_Prix,R,NOR,1.0,McLaren,False,MEDIUM,Miami_Grand_Prix,14,17.0,0,,inf,0.8317538146754653
2022,Miami_Grand_Prix,R,NOR,2.0,McLaren,False,HARD,Miami_Grand_Prix,15,21.0,0,,11.724075743912634,0.6056687302592177
2022,Miami_Grand_Prix,R,OCO,1.0,Alpine,False,HARD,Miami_Grand_Prix,30,39.0,0,,inf,0.5775496726398215
2022,Miami_Grand_Prix,R,OCO,2.0,Alpine,False,SOFT,Miami_Grand_Prix,9,15.0,0,,-11.55412371133665,0.5374311974828141
2022,Miami_Grand_Prix,R,PER,1.0,Red Bull Racing,True,MEDIUM,Miami_Grand_Prix,22,26.0,0,,inf,0.52387958010889
2022,Miami_Grand_Prix,R,PER,2.0,Red Bull Racing,True,HARD,Miami_Grand_Prix,10,12.0,0,,inf,0.0898531432746129
2022,Miami_Grand_Prix,R,PER,3.0,Red Bull Racing,True,MEDIUM,Miami_Grand_Prix,9,15.0,0,,-0.14301801801794997,0.5321953486936987
2022,Miami_Grand_Prix,R,RIC,1.0,McLaren,False,MEDIUM,Miami_Grand_Prix,22,29.0,0,,-0.7501180060288917,0.5557595905429353
2022,Miami_Grand_Prix,R,RIC,2.0,McLaren,False,HARD,Miami_Grand_Prix,5,9.0,0,,,
2022,Miami_Grand_Prix,R,RIC,3.0,McLaren,False,SOFT,Miami_Grand_Prix,7,15.0,0,,inf,0.25887597193832573
2022,Miami_Grand_Prix,R,RUS,1.0,Mercedes,False,HARD,Miami_Grand_Prix,28,39.0,0,,inf,0.24884885991493622
2022,Miami_Grand_Prix,R,RUS,2.0,Mercedes,False,MEDIUM,Miami_Grand_Prix,7,16.0,0,,inf,0.5597774173917366
2022,Miami_Grand_Prix,R,SAI,1.0,Ferrari,False,MEDIUM,Miami_Grand_Prix,22,26.0,0,,inf,0.5994261169201671
2022,Miami_Grand_Prix,R,SAI,2.0,Ferrari,False,HARD,Miami_Grand_Prix,17,29.0,0,,-1.6955385029060712,0.676749580989132
2022,Miami_Grand_Prix,R,STR,1.0,Aston Martin,False,HARD,Miami_Grand_Prix,30,41.0,0,,-0.4896425750250728,0.5350015095180825
2022,Miami_Grand_Prix,R,STR,2.0,Aston Martin,False,MEDIUM,Miami_Grand_Prix,9,18.0,0,,inf,0.3585885483834682
2022,Miami_Grand_Prix,R,TSU,1.0,AlphaTauri,False,MEDIUM,Miami_Grand_Prix,7,10.0,0,,1.0442655935613525,0.16174566886282665
2022,Miami_Grand_Prix,R,TSU,2.0,AlphaTauri,False,HARD,Miami_Grand_Prix,19,28.0,0,,-0.24477538044610764,0.2419177329700856
2022,Miami_Grand_Prix,R,TSU,3.0,AlphaTauri,False,SOFT,Miami_Grand_Prix,10,18.0,0,,inf,0.5346277137578994
2022,Miami_Grand_Prix,R,VER,1.0,Red Bull Racing,True,MEDIUM,Miami_Grand_Prix,20,25.0,0,,inf,0.3236772752444031
2022,Miami_Grand_Prix,R,VER,2.0,Red Bull Racing,True,HARD,Miami_Grand_Prix,19,30.0,0,,-1.5974905691323864,0.5567810350193146
2022,Miami_Grand_Prix,R,VET,1.0,Aston Martin,False,HARD,Miami_Grand_Prix,30,41.0,0,,inf,0.33409050049526334
2022,Miami_Grand_Prix,R,VET,2.0,Aston Martin,False,MEDIUM,Miami_Grand_Prix,6,14.0,0,,,
2022,Monaco_Grand_Prix,R,ALB,1.0,Williams,False,WET,Monaco_Grand_Prix,14,17.0,0,,inf,0.3687477078810683
2022,Monaco_Grand_Prix,R,ALB,4.0,Williams,False,MEDIUM,Monaco_Grand_Prix,16,26.0,0,,inf,0.9534481897992325
2022,Monaco_Grand_Prix,R,ALO,1.0,Alpine,False,WET,Monaco_Grand_Prix,16,20.0,0,,inf,0.6068555642760938
2022,Monaco_Grand_Prix,R,ALO,3.0,Alpine,False,MEDIUM,Monaco_Grand_Prix,22,33.0,0,,inf,0.3951407666671114
2022,Monaco_Grand_Prix,R,BOT,1.0,Alfa Romeo,False,WET,Monaco_Grand_Prix,15,19.0,0,,inf,0.5288718222083796
2022,Monaco_Grand_Prix,R,BOT,3.0,Alfa Romeo,False,HARD,Monaco_Grand_Prix,29,43.0,0,,inf,0.7797053727715878
2022,Monaco_Grand_Prix,R,GAS,2.0,AlphaTauri,False,INTERMEDIATE,Monaco_Grand_Prix,18,20.0,0,,inf,0.4135953736510217
2022,Monaco_Grand_Prix,R,GAS,4.0,AlphaTauri,False,HARD,Monaco_Grand_Prix,28,41.0,0,,inf,0.6800222530618858
2022,Monaco_Grand_Prix,R,HAM,1.0,Mercedes,False,WET,Monaco_Grand_Prix,11,14.0,0,,inf,0.5876028584025227
2022,Monaco_Grand_Prix,R,HAM,4.0,Mercedes,False,MEDIUM,Monaco_Grand_Prix,25,33.0,0,,inf,0.755007684045617
2022,Monaco_Grand_Prix,R,LAT,3.0,Williams,False,HARD,Monaco_Grand_Prix,8,19.0,0,,inf,0.889917748795448
2022,Monaco_Grand_Prix,R,LEC,1.0,Ferrari,False,WET,Monaco_Grand_Prix,13,17.0,0,,inf,0.544544754900621
2022,Monaco_Grand_Prix,R,LEC,4.0,Ferrari,False,HARD,Monaco_Grand_Prix,29,42.0,0,,inf,0.709272392485799
2022,Monaco_Grand_Prix,R,MAG,1.0,Haas F1 Team,False,WET,Monaco_Grand_Prix,15,19.0,0,,inf,0.5620294951726351
2022,Monaco_Grand_Prix,R,MSC,2.0,Haas F1 Team,False,INTERMEDIATE,Monaco_Grand_Prix,11,12.0,0,,-1.0641534391533747,0.5235233864306694
2022,Monaco_Grand_Prix,R,NOR,1.0,McLaren,False,WET,Monaco_Grand_Prix,13,16.0,0,,inf,0.5197432817184718
2022,Monaco_Grand_Prix,R,NOR,4.0,McLaren,False,HARD,Monaco_Grand_Prix,16,28.0,0,,inf,0.6952853274810367
2022,Monaco_Grand_Prix,R,NOR,5.0,McLaren,False,MEDIUM,Monaco_Grand_Prix,9,12.0,0,,0.04998603741973824,0.39640631274169913
2022,Monaco_Grand_Prix,R,OCO,1.0,Alpine,False,WET,Monaco_Grand_Prix,16,20.0,0,,inf,0.7158922626007098
2022,Monaco_Grand_Prix,R,OCO,3.0,Alpine,False,MEDIUM,Monaco_Grand_Prix,25,33.0,0,,inf,0.844500436698535
2022,Monaco_Grand_Prix,R,PER,1.0,Red Bull Racing,True,WET,Monaco_Grand_Prix,12,15.0,0,,inf,0.7556848176198461
2022,Monaco_Grand_Prix,R,PER,4.0,Red Bull Racing,True,MEDIUM,Monaco_Grand_Prix,27,20.0,1,20.0,inf,0.5876339931688281
2022,Monaco_Grand_Prix,R,RIC,1.0,McLaren,False,WET,Monaco_Grand_Prix,14,18.0,0,,inf,0.48500628101563337
2022,Monaco_Grand_Prix,R,RIC,3.0,McLaren,False,HARD,Monaco_Grand_Prix,30,44.0,0,,inf,0.6285718922583488
2022,Monaco_Grand_Prix,R,RUS,1.0,Mercedes,False,WET,Monaco_Grand_Prix,16,20.0,0,,inf,0.3010380470878121
2022,Monaco_Grand_Prix,R,RUS,3.0,Mercedes,False,MEDIUM,Monaco_Grand_Prix,27,33.0,0,,inf,0.6883734298759696
2022,Monaco_Grand_Prix,R,SAI,1.0,Ferrari,False,WET,Monaco_Grand_Prix,16,20.0,0,,inf,0.6947590718285203
2022,Monaco_Grand_Prix,R,SAI,3.0,Ferrari,False,HARD,Monaco_Grand_Prix,30,42.0,0,,inf,0.8284024972720531
2022,Monaco_Grand_Prix,R,STR,3.0,Aston Martin,False,INTERMEDIATE,Monaco_Grand_Prix,19,21.0,0,,inf,0.714366500189018
2022,Monaco_Grand_Prix,R,TSU,2.0,AlphaTauri,False,INTERMEDIATE,Monaco_Grand_Prix,13,14.0,0,,inf,0.3251471899208292
2022,Monaco_Grand_Prix,R,TSU,4.0,AlphaTauri,False,MEDIUM,Monaco_Grand_Prix,17,26.0,0,,1.9100078254064679,0.32920031017583057
2022,Monaco_Grand_Prix,R,TSU,5.0,AlphaTauri,False,SOFT,Monaco_Grand_Prix,2,5.0,0,,,
2022,Monaco_Grand_Prix,R,VER,1.0,Red Bull Racing,True,WET,Monaco_Grand_Prix,14,17.0,0,,inf,0.518565243934847
2022,Monaco_Grand_Prix,R,VER,4.0,Red Bull Racing,True,MEDIUM,Monaco_Grand_Prix,27,19.0,1,19.0,inf,0.48345547236805003
2022,Monaco_Grand_Prix,R,VET,2.0,Aston Martin,False,INTERMEDIATE,Monaco_Grand_Prix,14,16.0,0,,inf,0.6748426694303179
2022,Monaco_Grand_Prix,R,VET,4.0,Aston Martin,False,HARD,Monaco_Grand_Prix,28,41.0,0,,inf,0.7426179962507685
2022,Monaco_Grand_Prix,R,ZHO,1.0,Alfa Romeo,False,WET,Monaco_Grand_Prix,14,18.0,0,,inf,0.4956392316331443
2022,Monaco_Grand_Prix,R,ZHO,3.0,Alfa Romeo,False,MEDIUM,Monaco_Grand_Prix,24,33.0,0,,1.8107924377922937,0.3071328981848564
2022,Saudi_Arabian_Grand_Prix,R,ALB,1.0,Williams,False,MEDIUM,Saudi_Arabian_Grand_Prix,9,12.0,0,,-0.0798446266724401,0.5687130385852721
2022,Saudi_Arabian_Grand_Prix,R,ALB,2.0,Williams,False,HARD,Saudi_Arabian_Grand_Prix,22,34.0,0,,inf,0.42485836689973583
2022,Saudi_Arabian_Grand_Prix,R,ALO,1.0,Alpine,False,MEDIUM,Saudi_Arabian_Grand_Prix,13,15.0,0,,0.06888888888889191,0.5841768850018499
2022,Saudi_Arabian_Grand_Prix,R,ALO,2.0,Alpine,False,HARD,Saudi_Arabian_Grand_Prix,13,19.0,0,,inf,0.4248595577330668
2022,Saudi_Arabian_Grand_Prix,R,BOT,1.0,Alfa Romeo,False,MEDIUM,Saudi_Arabian_Grand_Prix,12,15.0,0,,inf,0.5691269740270146
2022,Saudi_Arabian_Grand_Prix,R,BOT,2.0,Alfa Romeo,False,HARD,Saudi_Arabian_Grand_Prix,12,18.0,0,,inf,0.21970521098830456
2022,Saudi_Arabian_Grand_Prix,R,GAS,1.0,AlphaTauri,False,MEDIUM,Saudi_Arabian_Grand_Prix,11,14.0,0,,8.322509225092041,0.47169347085797386
2022,Saudi_Arabian_Grand_Prix,R,GAS,2.0,AlphaTauri,False,HARD,Saudi_Arabian_Grand_Prix,24,34.0,0,,inf,0.4938043768707124
2022,Saudi_Arabian_Grand_Prix,R,HAM,1.0,Mercedes,False,HARD,Saudi_Arabian_Grand_Prix,24,38.0,0,,inf,0.47698019307516437
2022,Saudi_Arabian_Grand_Prix,R,HAM,2.0,Mercedes,False,MEDIUM,Saudi_Arabian_Grand_Prix,4,8.0,0,,,
2022,Saudi_Arabian_Grand_Prix,R,HUL,1.0,Aston Martin,False,HARD,Saudi_Arabian_Grand_Prix,25,37.0,0,,inf,0.4623209740028021
2022,Saudi_Arabian_Grand_Prix,R,HUL,2.0,Aston Martin,False,MEDIUM,Saudi_Arabian_Grand_Prix,9,13.0,0,,inf,0.6487091043591044
2022,Saudi_Arabian_Grand_Prix,R,LAT,1.0,Williams,False,MEDIUM,Saudi_Arabian_Grand_Prix,12,14.0,0,,inf,0.5918842271718706
2022,Saudi_Arabian_Grand_Prix,R,LEC,1.0,Ferrari,False,MEDIUM,Saudi_Arabian_Grand_Prix,14,15.0,0,,1.2754154447701185,0.4532603480347784
2022,Saudi_Arabian_Grand_Prix,R,LEC,2.0,Ferrari,False,HARD,Saudi_Arabian_Grand_Prix,23,33.0,0,,inf,0.3200067106123438
2022,Saudi_Arabian_Grand_Prix,R,MAG,1.0,Haas F1 Team,False,HARD,Saudi_Arabian_Grand_Prix,25,38.0,0,,-3.342610316340797,0.42146831466663104
2022,Saudi_Arabian_Grand_Prix,R,MAG,2.0,Haas F1 Team,False,MEDIUM,Saudi_Arabian_Grand_Prix,9,14.0,0,,0.7405714285713952,0.09428494328472468
2022,Saudi_Arabian_Grand_Prix,R,NOR,1.0,McLaren,False,MEDIUM,Saudi_Arabian_Grand_Prix,12,15.0,0,,inf,0.17244264467946258
2022,Saudi_Arabian_Grand_Prix,R,NOR,2.0,McLaren,False,HARD,Saudi_Arabian_Grand_Prix,20,33.0,0,,inf,0.8429382129323483
2022,Saudi_Arabian_Grand_Prix,R,OCO,1.0,Alpine,False,MEDIUM,Saudi_Arabian_Grand_Prix,11,15.0,0,,0.5752628012975768,0.37742877353608256
2022,Saudi_Arabian_Grand_Prix,R,OCO,2.0,Alpine,False,HARD,Saudi_Arabian_Grand_Prix,22,33.0,0,,inf,0.6767524744512392
2022,Saudi_Arabian_Grand_Prix,R,PER,1.0,Red Bull Racing,True,MEDIUM,Saudi_Arabian_Grand_Prix,13,14.0,0,,9.384446878423233,0.6248358494688793
2022,Saudi_Arabian_Grand_Prix,R,PER,2.0,Red Bull Racing,True,HARD,Saudi_Arabian_Grand_Prix,23,34.0,0,,inf,0.4217795086935708
2022,Saudi_Arabian_Grand_Prix,R,RIC,1.0,McLaren,False,MEDIUM,Saudi_Arabian_Grand_Prix,5,7.0,0,,,
2022,Saudi_Arabian_Grand_Prix,R,RIC,2.0,McLaren,False,HARD,Saudi_Arabian_Grand_Prix,19,27.0,0,,-0.5275186264190287,0.8287363167651829
2022,Saudi_Arabian_Grand_Prix,R,RUS,1.0,Mercedes,False,MEDIUM,Saudi_Arabian_Grand_Prix,12,15.0,0,,inf,0.5563394158560513
2022,Saudi_Arabian_Grand_Prix,R,RUS,2.0,Mercedes,False,HARD,Saudi_Arabian_Grand_Prix,24,33.0,0,,inf,0.48664496874781094
2022,Saudi_Arabian_Grand_Prix,R,SAI,1.0,Ferrari,False,MEDIUM,Saudi_Arabian_Grand_Prix,13,15.0,0,,inf,0.8649092302622615
2022,Saudi_Arabian_Grand_Prix,R,SAI,2.0,Ferrari,False,HARD,Saudi_Arabian_Grand_Prix,23,33.0,0,,inf,0.1670094947955079
2022,Saudi_Arabian_Grand_Prix,R,STR,1.0,Aston Martin,False,MEDIUM,Saudi_Arabian_Grand_Prix,10,10.0,1,10.0,inf,0.5729108370771253
2022,Saudi_Arabian_Grand_Prix,R,STR,2.0,Aston Martin,False,HARD,Saudi_Arabian_Grand_Prix,22,35.0,0,,inf,0.5385145621326515
2022,Saudi_Arabian_Grand_Prix,R,VER,1.0,Red Bull Racing,True,MEDIUM,Saudi_Arabian_Grand_Prix,13,10.0,1,10.0,inf,0.33900055185197514
2022,Saudi_Arabian_Grand_Prix,R,VER,2.0,Red Bull Racing,True,HARD,Saudi_Arabian_Grand_Prix,23,33.0,0,,inf,0.36550054617225447
2022,Saudi_Arabian_Grand_Prix,R,ZHO,1.0,Alfa Romeo,False,MEDIUM,Saudi_Arabian_Grand_Prix,10,15.0,0,,inf,0.298118673519773
2022,Saudi_Arabian_Grand_Prix,R,ZHO,2.0,Alfa Romeo,False,HARD,Saudi_Arabian_Grand_Prix,5,10.0,0,,,
2022,Saudi_Arabian_Grand_Prix,R,ZHO,3.0,Alfa Romeo,False,HARD,Saudi_Arabian_Grand_Prix,17,33.0,0,,inf,0.7504936371940336
2022,Singapore_Grand_Prix,R,ALB,1.0,Williams,False,INTERMEDIATE,Singapore_Grand_Prix,15,24.0,0,,inf,0.7787406832276815
2022,Singapore_Grand_Prix,R,ALO,1.0,Alpine,False,INTERMEDIATE,Singapore_Grand_Prix,15,20.0,0,,inf,0.5443030889364029
2022,Singapore_Grand_Prix,R,BOT,1.0,Alfa Romeo,False,INTERMEDIATE,Singapore_Grand_Prix,19,32.0,0,,inf,0.32730359536486614
2022,Singapore_Grand_Prix,R,BOT,2.0,Alfa Romeo,False,SOFT,Singapore_Grand_Prix,17,25.0,0,,inf,0.6207134083931214
2022,Singapore_Grand_Prix,R,GAS,1.0,AlphaTauri,False,INTERMEDIATE,Singapore_Grand_Prix,21,35.0,0,,-1.481445825958799,0.680844017492141
2022,Singapore_Grand_Prix,R,GAS,2.0,AlphaTauri,False,MEDIUM,Singapore_Grand_Prix,13,25.0,0,,-0.44090605148778905,0.49784703655681256
2022,Singapore_Grand_Prix,R,HAM,1.0,Mercedes,False,INTERMEDIATE,Singapore_Grand_Prix,19,33.0,0,,inf,0.22864950304450346
2022,Singapore_Grand_Prix,R,HAM,2.0,Mercedes,False,MEDIUM,Singapore_Grand_Prix,13,24.0,0,,inf,0.25713346461661896
2022,Singapore_Grand_Prix,R,LAT,1.0,Williams,False,INTERMEDIATE,Singapore_Grand_Prix,4,6.0,0,,,
2022,Singapore_Grand_Prix,R,LEC,1.0,Ferrari,False,INTERMEDIATE,Singapore_Grand_Prix,19,33.0,0,,inf,0.571848067478903
2022,Singapore_Grand_Prix,R,LEC,2.0,Ferrari,False,MEDIUM,Singapore_Grand_Prix,14,24.0,0,,inf,0.5930128240574541
2022,Singapore_Grand_Prix,R,MAG,1.0,Haas F1 Team,False,INTERMEDIATE,Singapore_Grand_Prix,4,6.0,0,,,
2022,Singapore_Grand_Prix,R,MAG,2.0,Haas F1 Team,False,INTERMEDIATE,Singapore_Grand_Prix,17,28.0,0,,-2.395816777971023,0.9223668601096549
2022,Singapore_Grand_Prix,R,MAG,3.0,Haas F1 Team,False,MEDIUM,Singapore_Grand_Prix,14,25.0,0,,2.95721614046153,0.6547899330914119
2022,Singapore_Grand_Prix,R,MSC,1.0,Haas F1 Team,False,INTERMEDIATE,Singapore_Grand_Prix,19,33.0,0,,inf,0.4378868989595328
2022,Singapore_Grand_Prix,R,MSC,3.0,Haas F1 Team,False,SOFT,Singapore_Grand_Prix,10,16.0,0,,inf,0.36693467466571505
2022,Singapore_Grand_Prix,R,NOR,1.0,McLaren,False,INTERMEDIATE,Singapore_Grand_Prix,22,35.0,0,,-0.7212307112769244,0.6053935500751295
2022,Singapore_Grand_Prix,R,NOR,2.0,McLaren,False,MEDIUM,Singapore_Grand_Prix,14,22.0,0,,inf,0.31544133148122394
2022,Singapore_Grand_Prix,R,OCO,1.0,Alpine,False,INTERMEDIATE,Singapore_Grand_Prix,17,25.0,0,,inf,0.7154579502099073
2022,Singapore_Grand_Prix,R,PER,1.0,Red Bull Racing,True,INTERMEDIATE,Singapore_Grand_Prix,21,34.0,0,,inf,0.40249050910733125
2022,Singapore_Grand_Prix,R,PER,2.0,Red Bull Racing,True,MEDIUM,Singapore_Grand_Prix,14,23.0,0,,inf,0.4558118688054375
2022,Singapore_Grand_Prix,R,RIC,1.0,McLaren,False,INTERMEDIATE,Singapore_Grand_Prix,21,35.0,0,,inf,0.411280869203309
2022,Singapore_Grand_Prix,R,RIC,2.0,McLaren,False,SOFT,Singapore_Grand_Prix,14,22.0,0,,inf,0.612329383577785
2022,Singapore_Grand_Prix,R,RUS,1.0,Mercedes,False,INTERMEDIATE,Singapore_Grand_Prix,13,20.0,0,,inf,0.16116971590760146
2022,Singapore_Grand_Prix,R,RUS,2.0,Mercedes,False,MEDIUM,Singapore_Grand_Prix,3,13.0,0,,,
2022,Singapore_Grand_Prix,R,RUS,4.0,Mercedes,False,SOFT,Singapore_Grand_Prix,3,9.0,0,,,
2022,Singapore_Grand_Prix,R,SAI,1.0,Ferrari,False,INTERMEDIATE,Singapore_Grand_Prix,20,34.0,0,,inf,0.2986239729118029
2022,Singapore_Grand_Prix,R,SAI,2.0,Ferrari,False,MEDIUM,Singapore_Grand_Prix,14,23.0,0,,inf,0.36873787658759355
2022,Singapore_Grand_Prix,R,STR,1.0,Aston Martin,False,INTERMEDIATE,Singapore_Grand_Prix,20,34.0,0,,inf,0.671521438972562
2022,Singapore_Grand_Prix,R,STR,2.0,Aston Martin,False,MEDIUM,Singapore_Grand_Prix,13,23.0,0,,inf,0.30003407124780174
2022,Singapore_Grand_Prix,R,TSU,1.0,AlphaTauri,False,INTERMEDIATE,Singapore_Grand_Prix,23,38.0,0,,inf,0.6212246541588399
2022,Singapore_Grand_Prix,R,VER,1.0,Red Bull Racing,True,INTERMEDIATE,Singapore_Grand_Prix,20,34.0,0,,inf,0.6954203704042318
2022,Singapore_Grand_Prix,R,VER,3.0,Red Bull Racing,True,SOFT,Singapore_Grand_Prix,15,18.0,0,,0.19958908752012236,0.47183089993905714
2022,Singapore_Grand_Prix,R,VET,1.0,Aston Martin,False,INTERMEDIATE,Singapore_Grand_Prix,20,33.0,0,,-0.6935694214393184,0.7395539044306949
2022,Singapore_Grand_Prix,R,VET,2.0,Aston Martin,False,MEDIUM,Singapore_Grand_Prix,13,24.0,0,,inf,0.5403265452744569
2022,Singapore_Grand_Prix,R,ZHO,1.0,Alfa Romeo,False,INTERMEDIATE,Singapore_Grand_Prix,4,6.0,0,,,
2022,Spanish_Grand_Prix,R,ALB,1.0,Williams,False,SOFT,Spanish_Grand_Prix,7,10.0,0,,0.2594541910331343,0.6442377035860885
2022,Spanish_Grand_Prix,R,ALB,2.0,Williams,False,MEDIUM,Spanish_Grand_Prix,11,13.0,0,,-0.6154956323585269,0.8735647926246204
2022,Spanish_Grand_Prix,R,ALB,3.0,Williams,False,SOFT,Spanish_Grand_Prix,18,19.0,0,,-4.692833412434603,0.3364404811362679
2022,Spanish_Grand_Prix,R,ALB,4.0,Williams,False,MEDIUM,Spanish_Grand_Prix,7,8.0,0,,0.647906976744152,0.008137616400417887
2022,Spanish_Grand_Prix,R,ALB,5.0,Williams,False,SOFT,Spanish_Grand_Prix,8,12.0,0,,0.366666666666665,0.32564781897752204
2022,Spanish_Grand_Prix,R,ALO,1.0,Alpine,False,SOFT,Spanish_Grand_Prix,6,9.0,0,,,
2022,Spanish_Grand_Prix,R,ALO,2.0,Alpine,False,MEDIUM,Spanish_Grand_Prix,19,20.0,0,,0.03556603773585025,0.7217374881973156
2022,Spanish_Grand_Prix,R,ALO,3.0,Alpine,False,SOFT,Spanish_Grand_Prix,19,21.0,0,,0.8486309147487452,0.7997554202721595
2022,Spanish_Grand_Prix,R,ALO,4.0,Alpine,False,SOFT,Spanish_Grand_Prix,10,13.0,0,,31.15117891822311,0.6182827463857266
2022,Spanish_Grand_Prix,R,BOT,1.0,Alfa Romeo,False,SOFT,Spanish_Grand_Prix,12,16.0,0,,inf,0.5728296162185486
2022,Spanish_Grand_Prix,R,BOT,2.0,Alfa Romeo,False,MEDIUM,Spanish_Grand_Prix,18,19.0,0,,3.850433973961592,0.1468950693369494
2022,Spanish_Grand_Prix,R,BOT,3.0,Alfa Romeo,False,MEDIUM,Spanish_Grand_Prix,30,31.0,0,,1.3044517298653984,0.28238073297914584
2022,Spanish_Grand_Prix,R,GAS,1.0,AlphaTauri,False,SOFT,Spanish_Grand_Prix,7,6.0,1,6.0,6.418666666666417,0.2522235774001826
2022,Spanish_Grand_Prix,R,GAS,2.0,AlphaTauri,False,MEDIUM,Spanish_Grand_Prix,17,18.0,0,,0.616573428758885,0.20593464213974993
2022,Spanish_Grand_Prix,R,GAS,3.0,AlphaTauri,False,SOFT,Spanish_Grand_Prix,15,19.0,0,,3.109153343841411,0.23796720089429316
2022,Spanish_Grand_Prix,R,GAS,4.0,AlphaTauri,False,SOFT,Spanish_Grand_Prix,17,21.0,0,,-1.2930803360706102,0.392293260022587
2022,Spanish_Grand_Prix,R,HAM,2.0,Mercedes,False,SOFT,Spanish_Grand_Prix,18,22.0,0,,0.52672925621557,0.6035307231027673
2022,Spanish_Grand_Prix,R,HAM,3.0,Mercedes,False,MEDIUM,Spanish_Grand_Prix,22,25.0,0,,36.32499999995905,0.3646513304938267
2022,Spanish_Grand_Prix,R,HAM,4.0,Mercedes,False,SOFT,Spanish_Grand_Prix,14,18.0,0,,4.3907243572021715,0.5382982160742491
2022,Spanish_Grand_Prix,R,LAT,1.0,Williams,False,SOFT,Spanish_Grand_Prix,9,6.0,1,6.0,inf,0.40132798054265867
2022,Spanish_Grand_Prix,R,LAT,2.0,Williams,False,MEDIUM,Spanish_Grand_Prix,12,13.0,0,,0.8306159420289978,0.49092385516921705
2022,Spanish_Grand_Prix,R,LAT,3.0,Williams,False,SOFT,Spanish_Grand_Prix,22,23.0,0,,0.8399928483857962,0.21398941051465492
2022,Spanish_Grand_Prix,R,LAT,4.0,Williams,False,SOFT,Spanish_Grand_Prix,11,15.0,0,,-0.8318475596167135,0.657010191063676
2022,Spanish_Grand_Prix,R,LEC,1.0,Ferrari,False,SOFT,Spanish_Grand_Prix,19,20.0,0,,-0.04480880453703761,0.4991973445550833
2022,Spanish_Grand_Prix,R,MAG,2.0,Haas F1 Team,False,MEDIUM,Spanish_Grand_Prix,25,27.0,0,,0.24214645871421492,0.2903954661361026
2022,Spanish_Grand_Prix,R,MAG,3.0,Haas F1 Team,False,HARD,Spanish_Grand_Prix,31,34.0,0,,3.1693485304667766,0.2713987612277039
2022,Spanish_Grand_Prix,R,MSC,1.0,Haas F1 Team,False,SOFT,Spanish_Grand_Prix,10,13.0,0,,0.6359030837004523,0.2671908460181491
2022,Spanish_Grand_Prix,R,MSC,2.0,Haas F1 Team,False,SOFT,Spanish_Grand_Prix,16,20.0,0,,0.26172169129718476,0.37902261828186345
2022,Spanish_Grand_Prix,R,MSC,3.0,Haas F1 Team,False,MEDIUM,Spanish_Grand_Prix,33,34.0,0,,0.4622374631336061,0.18352171336458092
2022,Spanish_Grand_Prix,R,NOR,1.0,McLaren,False,SOFT,Spanish_Grand_Prix,9,11.0,0,,0.8552097428956604,0.3302362465438289
2022,Spanish_Grand_Prix,R,NOR,2.0,McLaren,False,MEDIUM,Spanish_Grand_Prix,18,20.0,0,,0.12987145575200132,0.5294428875850291
2022,Spanish_Grand_Prix,R,NOR,3.0,McLaren,False,SOFT,Spanish_Grand_Prix,15,20.0,0,,inf,0.5660152581204665
2022,Spanish_Grand_Prix,R,NOR,4.0,McLaren,False,SOFT,Spanish_Grand_Prix,13,17.0,0,,0.43389621087314556,0.6478398384234791
2022,Spanish_Grand_Prix,R,OCO,1.0,Alpine,False,SOFT,Spanish_Grand_Prix,10,7.0,1,7.0,inf,0.770144165483195
2022,Spanish_Grand_Prix,R,OCO,2.0,Alpine,False,MEDIUM,Spanish_Grand_Prix,20,21.0,0,,-6.806233300177325,0.6046480047530772
2022,Spanish_Grand_Prix,R,OCO,3.0,Alpine,False,SOFT,Spanish_Grand_Prix,15,19.0,0,,1.2595118449390128,0.4627027598347854
2022,Spanish_Grand_Prix,R,OCO,4.0,Alpine,False,SOFT,Spanish_Grand_Prix,12,16.0,0,,0.8232786357786468,0.3054155281546914
2022,Spanish_Grand_Prix,R,PER,1.0,Red Bull Racing,True,SOFT,Spanish_Grand_Prix,15,19.0,0,,-1.1804008407990447,0.7271574185299825
2022,Spanish_Grand_Prix,R,PER,2.0,Red Bull Racing,True,MEDIUM,Spanish_Grand_Prix,18,19.0,0,,0.2271241600359897,0.7651778980138186
2022,Spanish_Grand_Prix,R,PER,3.0,Red Bull Racing,True,MEDIUM,Spanish_Grand_Prix,14,15.0,0,,-11.799145299142946,0.6183813132056366
2022,Spanish_Grand_Prix,R,PER,4.0,Red Bull Racing,True,SOFT,Spanish_Grand_Prix,10,15.0,0,,-0.04649245211214063,0.8532347865909813
2022,Spanish_Grand_Prix,R,RIC,1.0,McLaren,False,SOFT,Spanish_Grand_Prix,9,13.0,0,,1.0289418846955494,0.3209668318051014
2022,Spanish_Grand_Prix,R,RIC,2.0,McLaren,False,SOFT,Spanish_Grand_Prix,18,22.0,0,,0.14634966328020665,0.7150120957669709
2022,Spanish_Grand_Prix,R,RIC,3.0,McLaren,False,MEDIUM,Spanish_Grand_Prix,15,9.0,1,9.0,6.347517730496232,0.4002114895577968
2022,Spanish_Grand_Prix,R,RIC,4.0,McLaren,False,SOFT,Spanish_Grand_Prix,15,19.0,0,,0.7063591510689844,0.5417261868489927
2022,Spanish_Grand_Prix,R,RUS,1.0,Mercedes,False,SOFT,Spanish_Grand_Prix,11,15.0,0,,-0.7140235910878404,0.8073052974148517
2022,Spanish_Grand_Prix,R,RUS,2.0,Mercedes,False,MEDIUM,Spanish_Grand_Prix,21,22.0,0,,-3.5114969699572525,0.37370982015979404
2022,Spanish_Grand_Prix,R,RUS,3.0,Mercedes,False,MEDIUM,Spanish_Grand_Prix,13,14.0,0,,-4.060810810811074,0.562347005403349
2022,Spanish_Grand_Prix,R,RUS,4.0,Mercedes,False,SOFT,Spanish_Grand_Prix,13,16.0,0,,1.1890193108670954,0.5770014641764952
2022,Spanish_Grand_Prix,R,SAI,1.0,Ferrari,False,SOFT,Spanish_Grand_Prix,7,8.0,1,8.0,inf,0.9047555955930424
2022,Spanish_Grand_Prix,R,SAI,2.0,Ferrari,False,MEDIUM,Spanish_Grand_Prix,18,20.0,0,,0.94877284470392,0.3741334959473769
2022,Spanish_Grand_Prix,R,SAI,3.0,Ferrari,False,MEDIUM,Spanish_Grand_Prix,12,13.0,0,,1.8422657952070003,0.7158209229673415
2022,Spanish_Grand_Prix,R,SAI,4.0,Ferrari,False,SOFT,Spanish_Grand_Prix,19,23.0,0,,0.741097698347327,0.22884191891528372
2022,Spanish_Grand_Prix,R,STR,1.0,Aston Martin,False,SOFT,Spanish_Grand_Prix,12,16.0,0,,inf,0.8229813990971254
2022,Spanish_Grand_Prix,R,STR,2.0,Aston Martin,False,SOFT,Spanish_Grand_Prix,11,15.0,0,,1.5805464480874396,0.5236282372549846
2022,Spanish_Grand_Prix,R,STR,3.0,Aston Martin,False,MEDIUM,Spanish_Grand_Prix,16,16.0,1,16.0,inf,0.3231478857352337
2022,Spanish_Grand_Prix,R,STR,4.0,Aston Martin,False,SOFT,Spanish_Grand_Prix,14,9.0,1,9.0,inf,0.48272394133891694
2022,Spanish_Grand_Prix,R,TSU,1.0,AlphaTauri,False,SOFT,Spanish_Grand_Prix,8,10.0,0,,2.3356321839079457,0.11885926329454542
2022,Spanish_Grand_Prix,R,TSU,2.0,AlphaTauri,False,MEDIUM,Spanish_Grand_Prix,19,20.0,0,,-0.470869137247532,0.5348860505590745
2022,Spanish_Grand_Prix,R,TSU,3.0,AlphaTauri,False,SOFT,Spanish_Grand_Prix,17,22.0,0,,21.71584189231493,0.5973650272035678
2022,Spanish_Grand_Prix,R,TSU,4.0,AlphaTauri,False,SOFT,Spanish_Grand_Prix,11,11.0,1,11.0,inf,0.5042248734646997
2022,Spanish_Grand_Prix,R,VER,1.0,Red Bull Racing,True,SOFT,Spanish_Grand_Prix,10,15.0,0,,1.981311975591168,0.3543526906596358
2022,Spanish_Grand_Prix,R,VER,2.0,Red Bull Racing,True,MEDIUM,Spanish_Grand_Prix,13,14.0,0,,-4.56989024642789,0.6602944263335873
2022,Spanish_Grand_Prix,R,VER,3.0,Red Bull Racing,True,SOFT,Spanish_Grand_Prix,14,18.0,0,,0.5867570801755307,0.250872796872256
2022,Spanish_Grand_Prix,R,VER,4.0,Red Bull Racing,True,MEDIUM,Spanish_Grand_Prix,20,21.0,0,,0.7369967070797584,0.7237249073528119
2022,Spanish_Grand_Prix,R,VET,1.0,Aston Martin,False,SOFT,Spanish_Grand_Prix,19,23.0,0,,inf,0.27030085786030006
2022,Spanish_Grand_Prix,R,VET,2.0,Aston Martin,False,SOFT,Spanish_Grand_Prix,19,23.0,0,,0.6540141535111811,0.4158345186870314
2022,Spanish_Grand_Prix,R,VET,3.0,Aston Martin,False,MEDIUM,Spanish_Grand_Prix,21,23.0,0,,-0.007431670893202981,0.40664554001335773
2022,Spanish_Grand_Prix,R,ZHO,1.0,Alfa Romeo,False,SOFT,Spanish_Grand_Prix,7,9.0,0,,0.383687943262382,0.23755638200176196
2022,Spanish_Grand_Prix,R,ZHO,2.0,Alfa Romeo,False,MEDIUM,Spanish_Grand_Prix,15,17.0,0,,-0.2842379094241457,0.7487600021639239
2022,São_Paulo_Grand_Prix,R,ALB,2.0,Williams,False,MEDIUM,São_Paulo_Grand_Prix,16,9.0,1,9.0,inf,0.20828427204501798
2022,São_Paulo_Grand_Prix,R,ALB,3.0,Williams,False,MEDIUM,São_Paulo_Grand_Prix,19,21.0,0,,0.22567572396864957,0.4884291194976324
2022,São_Paulo_Grand_Prix,R,ALB,4.0,Williams,False,MEDIUM,São_Paulo_Grand_Prix,12,23.0,0,,-0.29890293261378936,0.8538154749850326
2022,São_Paulo_Grand_Prix,R,ALO,1.0,Alpine,False,MEDIUM,São_Paulo_Grand_Prix,6,13.0,0,,,
2022,São_Paulo_Grand_Prix,R,ALO,2.0,Alpine,False,MEDIUM,São_Paulo_Grand_Prix,17,20.0,0,,-0.055922784439896935,0.6212725683346394
2022,São_Paulo_Grand_Prix,R,ALO,3.0,Alpine,False,MEDIUM,São_Paulo_Grand_Prix,14,16.0,0,,0.11425206124854835,0.2275826857757595
2022,São_Paulo_Grand_Prix,R,ALO,4.0,Alpine,False,SOFT,São_Paulo_Grand_Prix,11,18.0,0,,inf,0.8630247189662432
2022,São_Paulo_Grand_Prix,R,BOT,1.0,Alfa Romeo,False,SOFT,São_Paulo_Grand_Prix,16,11.0,1,11.0,inf,0.21869777603749946
2022,São_Paulo_Grand_Prix,R,BOT,2.0,Alfa Romeo,False,MEDIUM,São_Paulo_Grand_Prix,17,20.0,0,,0.3702188424747007,0.5616562461489969
2022,São_Paulo_Grand_Prix,R,BOT,3.0,Alfa Romeo,False,SOFT,São_Paulo_Grand_Prix,14,25.0,0,,-0.8114861637205798,0.3402798528113855
2022,São_Paulo_Grand_Prix,R,GAS,1.0,AlphaTauri,False,SOFT,São_Paulo_Grand_Prix,11,18.0,0,,-1.651685393264523,0.43326652800473286
2022,São_Paulo_Grand_Prix,R,GAS,2.0,AlphaTauri,False,MEDIUM,São_Paulo_Grand_Prix,14,15.0,0,,-4.555555555555113,0.6371382695816783
2022,São_Paulo_Grand_Prix,R,GAS,3.0,AlphaTauri,False,SOFT,São_Paulo_Grand_Prix,15,21.0,0,,-8.556329113923393,0.5857021943357328
2022,São_Paulo_Grand_Prix,R,GAS,4.0,AlphaTauri,False,MEDIUM,São_Paulo_Grand_Prix,9,18.0,0,,inf,0.38381316426566053
2022,São_Paulo_Grand_Prix,R,HAM,1.0,Mercedes,False,SOFT,São_Paulo_Grand_Prix,21,11.0,1,11.0,inf,0.3401992019383459
2022,São_Paulo_Grand_Prix,R,HAM,2.0,Mercedes,False,MEDIUM,São_Paulo_Grand_Prix,17,18.0,0,,-5.564629349470415,0.41333910434407256
2022,São_Paulo_Grand_Prix,R,HAM,3.0,Mercedes,False,SOFT,São_Paulo_Grand_Prix,14,28.0,0,,1.8431499171631667,0.750181892153804
2022,São_Paulo_Grand_Prix,R,LAT,1.0,Williams,False,MEDIUM,São_Paulo_Grand_Prix,12,19.0,0,,inf,0.5234144201011854
2022,São_Paulo_Grand_Prix,R,LAT,2.0,Williams,False,HARD,São_Paulo_Grand_Prix,10,11.0,0,,0.2972085385878114,0.2534892916191025
2022,São_Paulo_Grand_Prix,R,LAT,3.0,Williams,False,MEDIUM,São_Paulo_Grand_Prix,17,19.0,0,,2.479774972557849,0.1426241340166332
2022,São_Paulo_Grand_Prix,R,LAT,4.0,Williams,False,SOFT,São_Paulo_Grand_Prix,11,18.0,0,,0.23897707231045714,0.14458616283757944
2022,São_Paulo_Grand_Prix,R,LEC,2.0,Ferrari,False,MEDIUM,São_Paulo_Grand_Prix,10,13.0,0,,0.9574975814253663,0.5199342961727622
2022,São_Paulo_Grand_Prix,R,LEC,3.0,Ferrari,False,SOFT,São_Paulo_Grand_Prix,20,11.0,1,11.0,inf,0.21331019294589817
2022,São_Paulo_Grand_Prix,R,LEC,4.0,Ferrari,False,SOFT,São_Paulo_Grand_Prix,13,27.0,0,,2.645920209740101,0.8634379148061585
2022,São_Paulo_Grand_Prix,R,MSC,1.0,Haas F1 Team,False,MEDIUM,São_Paulo_Grand_Prix,16,23.0,0,,-0.5353632278599281,0.6776746571724795
2022,São_Paulo_Grand_Prix,R,MSC,2.0,Haas F1 Team,False,SOFT,São_Paulo_Grand_Prix,20,21.0,0,,0.18533080918402373,0.31745523303612916
2022,São_Paulo_Grand_Prix,R,MSC,3.0,Haas F1 Team,False,SOFT,São_Paulo_Grand_Prix,15,28.0,0,,0.46628830991124626,0.6866725601801867
2022,São_Paulo_Grand_Prix,R,NOR,1.0,McLaren,False,SOFT,São_Paulo_Grand_Prix,16,23.0,0,,0.29712719826548467,0.6686951120412833
2022,São_Paulo_Grand_Prix,R,NOR,2.0,McLaren,False,MEDIUM,São_Paulo_Grand_Prix,19,20.0,0,,1.23905908096272,0.24951513926023272
2022,São_Paulo_Grand_Prix,R,OCO,1.0,Alpine,False,SOFT,São_Paulo_Grand_Prix,16,23.0,0,,inf,0.4358232491185998
2022,São_Paulo_Grand_Prix,R,OCO,2.0,Alpine,False,MEDIUM,São_Paulo_Grand_Prix,20,22.0,0,,0.08538842615277262,0.756863589594119
2022,São_Paulo_Grand_Prix,R,OCO,3.0,Alpine,False,SOFT,São_Paulo_Grand_Prix,14,26.0,0,,0.07281794966928917,0.7462229632846743
2022,São_Paulo_Grand_Prix,R,PER,1.0,Red Bull Racing,True,SOFT,São_Paulo_Grand_Prix,16,22.0,0,,inf,0.5312492934409278
2022,São_Paulo_Grand_Prix,R,PER,2.0,Red Bull Racing,True,MEDIUM,São_Paulo_Grand_Prix,22,20.0,1,20.0,9.118420631960461,0.5658065702507203
2022,São_Paulo_Grand_Prix,R,PER,3.0,Red Bull Racing,True,MEDIUM,São_Paulo_Grand_Prix,11,23.0,0,,inf,0.6767353721374344
2022,São_Paulo_Grand_Prix,R,RUS,1.0,Mercedes,False,SOFT,São_Paulo_Grand_Prix,17,23.0,0,,1.0114317841079485,0.39624670920702687
2022,São_Paulo_Grand_Prix,R,RUS,2.0,Mercedes,False,MEDIUM,São_Paulo_Grand_Prix,22,24.0,0,,inf,0.19704553001349148
2022,São_Paulo_Grand_Prix,R,RUS,3.0,Mercedes,False,SOFT,São_Paulo_Grand_Prix,13,30.0,0,,inf,0.546872362259747
2022,São_Paulo_Grand_Prix,R,SAI,1.0,Ferrari,False,MEDIUM,São_Paulo_Grand_Prix,9,16.0,0,,1.808163265307,0.07877224862775603
2022,São_Paulo_Grand_Prix,R,SAI,2.0,Ferrari,False,SOFT,São_Paulo_Grand_Prix,16,18.0,0,,-0.35203056389397286,0.5801505489351774
2022,São_Paulo_Grand_Prix,R,SAI,3.0,Ferrari,False,MEDIUM,São_Paulo_Grand_Prix,15,16.0,0,,2.202185298898189,0.30291997162426887
2022,São_Paulo_Grand_Prix,R,SAI,4.0,Ferrari,False,SOFT,São_Paulo_Grand_Prix,11,23.0,0,,inf,0.8540030053979744
2022,São_Paulo_Grand_Prix,R,STR,1.0,Aston Martin,False,MEDIUM,São_Paulo_Grand_Prix,21,29.0,0,,0.06439322275192491,0.5372726651334021
2022,São_Paulo_Grand_Prix,R,STR,2.0,Aston Martin,False,MEDIUM,São_Paulo_Grand_Prix,17,19.0,0,,11.057549484703852,0.1976511134900604
2022,São_Paulo_Grand_Prix,R,STR,3.0,Aston Martin,False,SOFT,São_Paulo_Grand_Prix,12,22.0,0,,0.49759195713685533,0.6996625827627445
2022,São_Paulo_Grand_Prix,R,TSU,1.0,AlphaTauri,False,MEDIUM,São_Paulo_Grand_Prix,12,19.0,0,,inf,0.44824693994591985
2022,São_Paulo_Grand_Prix,R,TSU,2.0,AlphaTauri,False,SOFT,São_Paulo_Grand_Prix,18,19.0,0,,0.8721174004193909,0.20583187595221616
2022,São_Paulo_Grand_Prix,R,TSU,3.0,AlphaTauri,False,SOFT,São_Paulo_Grand_Prix,10,11.0,0,,14.613247863241979,0.23929471125525065
2022,São_Paulo_Grand_Prix,R,TSU,4.0,AlphaTauri,False,MEDIUM,São_Paulo_Grand_Prix,9,15.0,0,,inf,0.8378936228741706
2022,São_Paulo_Grand_Prix,R,VER,2.0,Red Bull Racing,True,MEDIUM,São_Paulo_Grand_Prix,14,15.0,0,,-1.0883104654290157,0.589939951488037
2022,São_Paulo_Grand_Prix,R,VER,3.0,Red Bull Racing,True,SOFT,São_Paulo_Grand_Prix,23,31.0,0,,0.09585268051555274,0.23252697010065007
2022,São_Paulo_Grand_Prix,R,VER,4.0,Red Bull Racing,True,SOFT,São_Paulo_Grand_Prix,11,22.0,0,,inf,0.8989560467722267
2022,São_Paulo_Grand_Prix,R,VET,1.0,Aston Martin,False,SOFT,São_Paulo_Grand_Prix,18,12.0,1,12.0,inf,0.3970049448335852
2022,São_Paulo_Grand_Prix,R,VET,2.0,Aston Martin,False,MEDIUM,São_Paulo_Grand_Prix,16,14.0,1,14.0,inf,0.3103669795007633
2022,São_Paulo_Grand_Prix,R,VET,3.0,Aston Martin,False,MEDIUM,São_Paulo_Grand_Prix,14,26.0,0,,-0.00604907516165642,0.7986712257791727
2022,São_Paulo_Grand_Prix,R,ZHO,1.0,Alfa Romeo,False,SOFT,São_Paulo_Grand_Prix,7,15.0,0,,-0.41880597014922705,0.6162465189678632
2022,São_Paulo_Grand_Prix,R,ZHO,2.0,Alfa Romeo,False,MEDIUM,São_Paulo_Grand_Prix,19,20.0,0,,0.6059981185325028,0.7164868632423173
2022,São_Paulo_Grand_Prix,R,ZHO,3.0,Alfa Romeo,False,SOFT,São_Paulo_Grand_Prix,23,33.0,0,,-0.17797402124960085,0.5680263209154957
2022,United_States_Grand_Prix,R,ALB,1.0,Williams,False,MEDIUM,United_States_Grand_Prix,5,8.0,0,,,
2022,United_States_Grand_Prix,R,ALB,2.0,Williams,False,MEDIUM,United_States_Grand_Prix,6,8.0,0,,,
2022,United_States_Grand_Prix,R,ALB,3.0,Williams,False,HARD,United_States_Grand_Prix,29,37.0,0,,inf,0.5441957182302235
2022,United_States_Grand_Prix,R,ALO,1.0,Alpine,False,HARD,United_States_Grand_Prix,15,17.0,0,,7.940113394753331,0.5952861847546945
2022,United_States_Grand_Prix,R,ALO,3.0,Alpine,False,HARD,United_States_Grand_Prix,28,33.0,0,,inf,0.7318942989544883
2022,United_States_Grand_Prix,R,BOT,1.0,Alfa Romeo,False,MEDIUM,United_States_Grand_Prix,5,9.0,0,,,
2022,United_States_Grand_Prix,R,BOT,2.0,Alfa Romeo,False,HARD,United_States_Grand_Prix,5,6.0,0,,,
2022,United_States_Grand_Prix,R,GAS,1.0,AlphaTauri,False,MEDIUM,United_States_Grand_Prix,7,10.0,0,,0.7631840796020054,0.1620053686575178
2022,United_States_Grand_Prix,R,GAS,2.0,AlphaTauri,False,HARD,United_States_Grand_Prix,10,21.0,0,,-4.717080146738788,0.369224514265028
2022,United_States_Grand_Prix,R,GAS,3.0,AlphaTauri,False,HARD,United_States_Grand_Prix,21,24.0,0,,inf,0.43661413802422994
2022,United_States_Grand_Prix,R,HAM,1.0,Mercedes,False,MEDIUM,United_States_Grand_Prix,10,11.0,0,,0.23582906586613694,0.4567121476298166
2022,United_States_Grand_Prix,R,HAM,2.0,Mercedes,False,HARD,United_States_Grand_Prix,10,21.0,0,,inf,0.39387125838958736
2022,United_States_Grand_Prix,R,HAM,3.0,Mercedes,False,HARD,United_States_Grand_Prix,19,21.0,0,,15.21533568072139,0.2247266722874453
2022,United_States_Grand_Prix,R,LAT,2.0,Williams,False,MEDIUM,United_States_Grand_Prix,11,12.0,0,,1.6016949152542936,0.6221749930504664
2022,United_States_Grand_Prix,R,LAT,3.0,Williams,False,HARD,United_States_Grand_Prix,30,37.0,0,,inf,0.353517374265235
2022,United_States_Grand_Prix,R,LEC,1.0,Ferrari,False,MEDIUM,United_States_Grand_Prix,12,17.0,0,,-0.22876763177431625,0.4191899194861016
2022,United_States_Grand_Prix,R,LEC,2.0,Ferrari,False,HARD,United_States_Grand_Prix,9,16.0,0,,inf,0.5382376772600947
2022,United_States_Grand_Prix,R,LEC,3.0,Ferrari,False,MEDIUM,United_States_Grand_Prix,18,20.0,0,,inf,0.46311050775153123
2022,United_States_Grand_Prix,R,MAG,1.0,Haas F1 Team,False,HARD,United_States_Grand_Prix,14,17.0,0,,28.251879699253504,0.18890981042333152
2022,United_States_Grand_Prix,R,MAG,2.0,Haas F1 Team,False,MEDIUM,United_States_Grand_Prix,30,37.0,0,,inf,0.4599886134643223
2022,United_States_Grand_Prix,R,MSC,1.0,Haas F1 Team,False,HARD,United_States_Grand_Prix,15,17.0,0,,0.9465539112051129,0.34314706562126635
2022,United_States_Grand_Prix,R,MSC,2.0,Haas F1 Team,False,MEDIUM,United_States_Grand_Prix,7,14.0,0,,-3.637499999996531,0.4338887098324015
2022,United_States_Grand_Prix,R,MSC,3.0,Haas F1 Team,False,HARD,United_States_Grand_Prix,21,22.0,0,,0.05388723013319464,0.26816973342602224
2022,United_States_Grand_Prix,R,NOR,1.0,McLaren,False,MEDIUM,United_States_Grand_Prix,10,13.0,0,,0.5790173772841649,0.3389574587646392
2022,United_States_Grand_Prix,R,NOR,2.0,McLaren,False,HARD,United_States_Grand_Prix,8,19.0,0,,-1.2784946236554904,0.48079300590047525
2022,United_States_Grand_Prix,R,NOR,3.0,McLaren,False,HARD,United_States_Grand_Prix,18,21.0,0,,inf,0.5925565151680963
2022,United_States_Grand_Prix,R,OCO,1.0,Alpine,False,HARD,United_States_Grand_Prix,15,17.0,0,,-121.41928251127084,0.30517156944230533
2022,United_States_Grand_Prix,R,OCO,2.0,Alpine,False,HARD,United_States_Grand_Prix,19,26.0,0,,inf,0.5499227423482788
2022,United_States_Grand_Prix,R,OCO,3.0,Alpine,False,MEDIUM,United_States_Grand_Prix,9,10.0,0,,inf,0.5277371488673621
2022,United_States_Grand_Prix,R,PER,1.0,Red Bull Racing,True,MEDIUM,United_States_Grand_Prix,10,8.0,1,8.0,2.1158808350920757,0.6971580923129221
2022,United_States_Grand_Prix,R,PER,2.0,Red Bull Racing,True,HARD,United_States_Grand_Prix,13,23.0,0,,inf,0.26422480221489997
2022,United_States_Grand_Prix,R,PER,3.0,Red Bull Racing,True,MEDIUM,United_States_Grand_Prix,15,17.0,0,,-1.6948603804130582,0.3473740307085818
2022,United_States_Grand_Prix,R,RIC,1.0,McLaren,False,MEDIUM,United_States_Grand_Prix,6,9.0,0,,,
2022,United_States_Grand_Prix,R,RIC,2.0,McLaren,False,HARD,United_States_Grand_Prix,14,24.0,0,,0.8327550630772719,0.3430376548985812
2022,United_States_Grand_Prix,R,RIC,3.0,McLaren,False,HARD,United_States_Grand_Prix,19,20.0,0,,-14.614238410596618,0.4619551428991714
2022,United_States_Grand_Prix,R,RUS,1.0,Mercedes,False,MEDIUM,United_States_Grand_Prix,11,12.0,0,,0.6106553800506025,0.3488944736764938
2022,United_States_Grand_Prix,R,RUS,2.0,Mercedes,False,HARD,United_States_Grand_Prix,12,22.0,0,,-0.5732694869322021,0.8150557701115702
2022,United_States_Grand_Prix,R,RUS,3.0,Mercedes,False,HARD,United_States_Grand_Prix,15,17.0,0,,4.891961606190754,0.3086764353416483
2022,United_States_Grand_Prix,R,STR,1.0,Aston Martin,False,MEDIUM,United_States_Grand_Prix,12,15.0,0,,6.594886642658487,0.6272363643571877
2022,United_States_Grand_Prix,R,TSU,1.0,AlphaTauri,False,MEDIUM,United_States_Grand_Prix,7,9.0,0,,1.8549668874174419,0.3062839204252147
2022,United_States_Grand_Prix,R,TSU,2.0,AlphaTauri,False,MEDIUM,United_States_Grand_Prix,12,22.0,0,,-1.367338296259614,0.5801808774530935
2022,United_States_Grand_Prix,R,TSU,3.0,AlphaTauri,False,HARD,United_States_Grand_Prix,21,22.0,0,,-10.036971503983873,0.28454562240015285
2022,United_States_Grand_Prix,R,VER,1.0,Red Bull Racing,True,MEDIUM,United_States_Grand_Prix,11,12.0,0,,0.24926077938126365,0.6542877724624385
2022,United_States_Grand_Prix,R,VER,2.0,Red Bull Racing,True,HARD,United_States_Grand_Prix,9,21.0,0,,0.9010714285711983,0.45237712767675087
2022,United_States_Grand_Prix,R,VER,3.0,Red Bull Racing,True,MEDIUM,United_States_Grand_Prix,19,20.0,0,,0.08205365060597479,0.2733314562375963
2022,United_States_Grand_Prix,R,VET,1.0,Aston Martin,False,MEDIUM,United_States_Grand_Prix,16,18.0,0,,-8.298502939572657,0.4061505398687666
2022,United_States_Grand_Prix,R,VET,2.0,Aston Martin,False,MEDIUM,United_States_Grand_Prix,15,23.0,0,,inf,0.5478811600301025
2022,United_States_Grand_Prix,R,VET,3.0,Aston Martin,False,HARD,United_States_Grand_Prix,13,15.0,0,,-0.5785296031228346,0.6000376548152484
2022,United_States_Grand_Prix,R,ZHO,1.0,Alfa Romeo,False,MEDIUM,United_States_Grand_Prix,6,8.0,0,,,
2022,United_States_Grand_Prix,R,ZHO,2.0,Alfa Romeo,False,HARD,United_States_Grand_Prix,7,8.0,0,,0.3827014218009148,0.9236891121229415
2022,United_States_Grand_Prix,R,ZHO,3.0,Alfa Romeo,False,HARD,United_States_Grand_Prix,24,32.0,0,,inf,0.5168348479033459
2023,Abu_Dhabi_Grand_Prix,R,ALB,1.0,Williams,False,MEDIUM,Abu_Dhabi_Grand_Prix,13,16.0,0,,inf,0.668871968469028
2023,Abu_Dhabi_Grand_Prix,R,ALB,2.0,Williams,False,HARD,Abu_Dhabi_Grand_Prix,24,26.0,0,,inf,0.2971705987752878
2023,Abu_Dhabi_Grand_Prix,R,ALB,3.0,Williams,False,HARD,Abu_Dhabi_Grand_Prix,11,14.0,0,,0.1597906403940661,0.7707963141987084
2023,Abu_Dhabi_Grand_Prix,R,ALO,1.0,Aston Martin,False,MEDIUM,Abu_Dhabi_Grand_Prix,9,11.0,0,,17.721311475392177,0.45163614002098074
2023,Abu_Dhabi_Grand_Prix,R,ALO,2.0,Aston Martin,False,HARD,Abu_Dhabi_Grand_Prix,21,24.0,0,,inf,0.20128514171683276
2023,Abu_Dhabi_Grand_Prix,R,ALO,3.0,Aston Martin,False,HARD,Abu_Dhabi_Grand_Prix,19,22.0,0,,0.323616317402571,0.4619064092136436
2023,Abu_Dhabi_Grand_Prix,R,BOT,1.0,Alfa Romeo,False,HARD,Abu_Dhabi_Grand_Prix,26,28.0,0,,-0.9722284794850157,0.4053936827143012
2023,Abu_Dhabi_Grand_Prix,R,BOT,2.0,Alfa Romeo,False,MEDIUM,Abu_Dhabi_Grand_Prix,25,27.0,0,,-23.16704812568258,0.3955350531747367
2023,Abu_Dhabi_Grand_Prix,R,GAS,1.0,Alpine,False,MEDIUM,Abu_Dhabi_Grand_Prix,14,16.0,0,,0.01981015270315743,0.22447337177086962
2023,Abu_Dhabi_Grand_Prix,R,GAS,2.0,Alpine,False,HARD,Abu_Dhabi_Grand_Prix,13,14.0,0,,-1.414458391445764,0.8659230504785621
2023,Abu_Dhabi_Grand_Prix,R,GAS,3.0,Alpine,False,HARD,Abu_Dhabi_Grand_Prix,23,25.0,0,,-0.03453670431578416,0.62223246562576
2023,Abu_Dhabi_Grand_Prix,R,HAM,1.0,Mercedes,False,MEDIUM,Abu_Dhabi_Grand_Prix,11,14.0,0,,inf,0.3676032788514018
2023,Abu_Dhabi_Grand_Prix,R,HAM,2.0,Mercedes,False,HARD,Abu_Dhabi_Grand_Prix,15,19.0,0,,0.19495749047198227,0.303155012269071
2023,Abu_Dhabi_Grand_Prix,R,HAM,3.0,Mercedes,False,HARD,Abu_Dhabi_Grand_Prix,19,22.0,0,,7.22456552805005,0.41295447733293345
2023,Abu_Dhabi_Grand_Prix,R,HUL,1.0,Haas F1 Team,False,MEDIUM,Abu_Dhabi_Grand_Prix,10,12.0,0,,inf,0.7027288292684253
2023,Abu_Dhabi_Grand_Prix,R,HUL,2.0,Haas F1 Team,False,HARD,Abu_Dhabi_Grand_Prix,17,19.0,0,,-3.2453087824557643,0.7086258135877496
2023,Abu_Dhabi_Grand_Prix,R,HUL,3.0,Haas F1 Team,False,HARD,Abu_Dhabi_Grand_Prix,22,24.0,0,,inf,0.5780505090562752
2023,Abu_Dhabi_Grand_Prix,R,LEC,1.0,Ferrari,False,MEDIUM,Abu_Dhabi_Grand_Prix,14,16.0,0,,inf,0.21158576823134911
2023,Abu_Dhabi_Grand_Prix,R,LEC,2.0,Ferrari,False,HARD,Abu_Dhabi_Grand_Prix,14,17.0,0,,inf,0.39957975236754795
2023,Abu_Dhabi_Grand_Prix,R,LEC,3.0,Ferrari,False,HARD,Abu_Dhabi_Grand_Prix,20,22.0,0,,inf,0.6954556760170156
2023,Abu_Dhabi_Grand_Prix,R,MAG,2.0,Haas F1 Team,False,HARD,Abu_Dhabi_Grand_Prix,15,16.0,0,,-0.6508102122947478,0.6244610131156908
2023,Abu_Dhabi_Grand_Prix,R,MAG,3.0,Haas F1 Team,False,HARD,Abu_Dhabi_Grand_Prix,31,34.0,0,,inf,0.3103628276554937
2023,Abu_Dhabi_Grand_Prix,R,NOR,1.0,McLaren,False,MEDIUM,Abu_Dhabi_Grand_Prix,11,13.0,0,,0.9856000000005074,0.3664634913689053
2023,Abu_Dhabi_Grand_Prix,R,NOR,2.0,McLaren,False,HARD,Abu_Dhabi_Grand_Prix,16,18.0,0,,0.340657781381423,0.5134070512995312
2023,Abu_Dhabi_Grand_Prix,R,NOR,3.0,McLaren,False,HARD,Abu_Dhabi_Grand_Prix,19,24.0,0,,inf,0.5051601548838308
2023,Abu_Dhabi_Grand_Prix,R,OCO,1.0,Alpine,False,MEDIUM,Abu_Dhabi_Grand_Prix,12,14.0,0,,inf,0.8670524114929783
2023,Abu_Dhabi_Grand_Prix,R,OCO,2.0,Alpine,False,HARD,Abu_Dhabi_Grand_Prix,41,42.0,0,,-0.020180081356552058,0.17573862931765558
2023,Abu_Dhabi_Grand_Prix,R,PER,1.0,Red Bull Racing,True,MEDIUM,Abu_Dhabi_Grand_Prix,14,16.0,0,,0.7959537572254244,0.6261220236685066
2023,Abu_Dhabi_Grand_Prix,R,PER,2.0,Red Bull Racing,True,HARD,Abu_Dhabi_Grand_Prix,22,24.0,0,,-0.14434635319095923,0.5396061523813128
2023,Abu_Dhabi_Grand_Prix,R,PER,3.0,Red Bull Racing,True,HARD,Abu_Dhabi_Grand_Prix,14,15.0,0,,0.0653229907067742,0.6014814908485909
2023,Abu_Dhabi_Grand_Prix,R,PIA,1.0,McLaren,False,MEDIUM,Abu_Dhabi_Grand_Prix,9,12.0,0,,2.9829017264277846,0.12191620870300045
2023,Abu_Dhabi_Grand_Prix,R,PIA,2.0,McLaren,False,HARD,Abu_Dhabi_Grand_Prix,19,22.0,0,,inf,0.5723595512976606
2023,Abu_Dhabi_Grand_Prix,R,PIA,3.0,McLaren,False,HARD,Abu_Dhabi_Grand_Prix,20,21.0,0,,0.28346124702190195,0.33506270952046807
2023,Abu_Dhabi_Grand_Prix,R,RIC,1.0,AlphaTauri,False,MEDIUM,Abu_Dhabi_Grand_Prix,4,6.0,0,,,
2023,Abu_Dhabi_Grand_Prix,R,RIC,2.0,AlphaTauri,False,HARD,Abu_Dhabi_Grand_Prix,22,23.0,0,,-4.23907270811372,0.25891704878930094
2023,Abu_Dhabi_Grand_Prix,R,RIC,3.0,AlphaTauri,False,HARD,Abu_Dhabi_Grand_Prix,19,26.0,0,,inf,0.2985937540944696
2023,Abu_Dhabi_Grand_Prix,R,RUS,1.0,Mercedes,False,MEDIUM,Abu_Dhabi_Grand_Prix,11,13.0,0,,-2.6377682403434246,0.5175777388381024
2023,Abu_Dhabi_Grand_Prix,R,RUS,2.0,Mercedes,False,HARD,Abu_Dhabi_Grand_Prix,17,19.0,0,,0.013208572482537003,0.5131765955557352
2023,Abu_Dhabi_Grand_Prix,R,RUS,3.0,Mercedes,False,HARD,Abu_Dhabi_Grand_Prix,19,23.0,0,,inf,0.5502582495956583
2023,Abu_Dhabi_Grand_Prix,R,SAI,1.0,Ferrari,False,HARD,Abu_Dhabi_Grand_Prix,20,22.0,0,,12.39379844961451,0.42609515764934214
2023,Abu_Dhabi_Grand_Prix,R,SAI,2.0,Ferrari,False,HARD,Abu_Dhabi_Grand_Prix,30,32.0,0,,inf,0.5192520939936601
2023,Abu_Dhabi_Grand_Prix,R,SAR,1.0,Williams,False,MEDIUM,Abu_Dhabi_Grand_Prix,12,15.0,0,,0.1637714285714232,0.5030356671045609
2023,Abu_Dhabi_Grand_Prix,R,SAR,2.0,Williams,False,HARD,Abu_Dhabi_Grand_Prix,23,22.0,1,22.0,2.7980143408714446,0.5781439308571124
2023,Abu_Dhabi_Grand_Prix,R,SAR,3.0,Williams,False,HARD,Abu_Dhabi_Grand_Prix,15,16.0,0,,0.2181007045023695,0.765334291408797
2023,Abu_Dhabi_Grand_Prix,R,STR,1.0,Aston Martin,False,HARD,Abu_Dhabi_Grand_Prix,19,22.0,0,,3.778837280837106,0.6047236235134529
2023,Abu_Dhabi_Grand_Prix,R,STR,2.0,Aston Martin,False,HARD,Abu_Dhabi_Grand_Prix,15,20.0,0,,-1.7618587491216993,0.39556707267041635
2023,Abu_Dhabi_Grand_Prix,R,STR,3.0,Aston Martin,False,MEDIUM,Abu_Dhabi_Grand_Prix,14,15.0,0,,0.6887470880178144,0.4690337042753875
2023,Abu_Dhabi_Grand_Prix,R,TSU,1.0,AlphaTauri,False,MEDIUM,Abu_Dhabi_Grand_Prix,19,21.0,0,,0.7204000695578323,0.517034855678809
2023,Abu_Dhabi_Grand_Prix,R,TSU,2.0,AlphaTauri,False,HARD,Abu_Dhabi_Grand_Prix,32,35.0,0,,0.1556300679473998,0.13201520952534926
2023,Abu_Dhabi_Grand_Prix,R,VER,1.0,Red Bull Racing,True,MEDIUM,Abu_Dhabi_Grand_Prix,14,15.0,0,,inf,0.19173011546619534
2023,Abu_Dhabi_Grand_Prix,R,VER,2.0,Red Bull Racing,True,HARD,Abu_Dhabi_Grand_Prix,24,26.0,0,,-0.3624051151217325,0.23462893446567373
2023,Abu_Dhabi_Grand_Prix,R,VER,3.0,Red Bull Racing,True,HARD,Abu_Dhabi_Grand_Prix,11,14.0,0,,0.0652898067954567,0.6908416739191088
2023,Abu_Dhabi_Grand_Prix,R,ZHO,1.0,Alfa Romeo,False,MEDIUM,Abu_Dhabi_Grand_Prix,10,12.0,0,,inf,0.7956703395803035
2023,Abu_Dhabi_Grand_Prix,R,ZHO,2.0,Alfa Romeo,False,HARD,Abu_Dhabi_Grand_Prix,22,23.0,0,,inf,0.150631810132967
2023,Abu_Dhabi_Grand_Prix,R,ZHO,3.0,Alfa Romeo,False,MEDIUM,Abu_Dhabi_Grand_Prix,19,20.0,0,,3.6334764671212305,0.3337307197279129
2023,Australian_Grand_Prix,R,ALO,2.0,Aston Martin,False,HARD,Australian_Grand_Prix,36,45.0,0,,-0.7678751453751509,0.6337790351431182
2023,Australian_Grand_Prix,R,BOT,3.0,Alfa Romeo,False,HARD,Australian_Grand_Prix,39,51.0,0,,-0.28953362368451396,0.41380236323779424
2023,Australian_Grand_Prix,R,DEV,2.0,AlphaTauri,False,MEDIUM,Australian_Grand_Prix,31,36.0,0,,-1.6275475663159291,0.27149742016320827
2023,Australian_Grand_Prix,R,DEV,3.0,AlphaTauri,False,SOFT,Australian_Grand_Prix,5,7.0,0,,,
2023,Australian_Grand_Prix,R,GAS,2.0,Alpine,False,HARD,Australian_Grand_Prix,35,45.0,0,,-0.44489289458030284,0.3576176048785457
2023,Australian_Grand_Prix,R,HAM,2.0,Mercedes,False,HARD,Australian_Grand_Prix,35,45.0,0,,-0.4479032078645006,0.5286215352015001
2023,Australian_Grand_Prix,R,HUL,2.0,Haas F1 Team,False,HARD,Australian_Grand_Prix,35,45.0,0,,inf,0.31664999764006363
2023,Australian_Grand_Prix,R,MAG,3.0,Haas F1 Team,False,HARD,Australian_Grand_Prix,34,45.0,0,,inf,0.31044560348869776
2023,Australian_Grand_Prix,R,NOR,2.0,McLaren,False,HARD,Australian_Grand_Prix,35,45.0,0,,inf,0.4728974501312044
2023,Australian_Grand_Prix,R,OCO,3.0,Alpine,False,HARD,Australian_Grand_Prix,38,52.0,0,,inf,0.49982181423809235
2023,Australian_Grand_Prix,R,PER,4.0,Red Bull Racing,True,HARD,Australian_Grand_Prix,34,46.0,0,,inf,0.25178847851359204
2023,Australian_Grand_Prix,R,PIA,2.0,McLaren,False,HARD,Australian_Grand_Prix,35,45.0,0,,-0.6953073615457003,0.5298433774225227
2023,Australian_Grand_Prix,R,RUS,3.0,Mercedes,False,HARD,Australian_Grand_Prix,5,9.0,0,,,
2023,Australian_Grand_Prix,R,SAI,3.0,Ferrari,False,HARD,Australian_Grand_Prix,34,46.0,0,,-0.40960236837070746,0.37360215009156744
2023,Australian_Grand_Prix,R,SAR,4.0,Williams,False,MEDIUM,Australian_Grand_Prix,22,27.0,0,,inf,0.20702720721147502
2023,Australian_Grand_Prix,R,SAR,5.0,Williams,False,HARD,Australian_Grand_Prix,13,23.0,0,,inf,0.6508217806225508
2023,Australian_Grand_Prix,R,STR,2.0,Aston Martin,False,HARD,Australian_Grand_Prix,34,45.0,0,,-0.255083250954619,0.43602855513439126
2023,Australian_Grand_Prix,R,TSU,2.0,AlphaTauri,False,HARD,Australian_Grand_Prix,34,44.0,0,,-3.2034627416788597,0.4776903870271491
2023,Australian_Grand_Prix,R,VER,2.0,Red Bull Racing,True,HARD,Australian_Grand_Prix,34,45.0,0,,inf,0.3373087724352924
2023,Australian_Grand_Prix,R,ZHO,3.0,Alfa Romeo,False,HARD,Australian_Grand_Prix,38,51.0,0,,inf,0.25221895269245603
2023,Austrian_Grand_Prix,R,ALB,2.0,Williams,False,MEDIUM,Austrian_Grand_Prix,8,13.0,0,,0.45233644859809824,0.07936811820082737
2023,Austrian_Grand_Prix,R,ALB,3.0,Williams,False,HARD,Austrian_Grand_Prix,22,26.0,0,,inf,0.3254321987336737
2023,Austrian_Grand_Prix,R,ALB,4.0,Williams,False,HARD,Austrian_Grand_Prix,28,29.0,0,,inf,0.263789675975202
2023,Austrian_Grand_Prix,R,ALO,2.0,Aston Martin,False,HARD,Austrian_Grand_Prix,9,13.0,0,,inf,0.10464567636492886
2023,Austrian_Grand_Prix,R,ALO,3.0,Aston Martin,False,MEDIUM,Austrian_Grand_Prix,26,28.0,0,,6.526913494405879,0.3385022983197681
2023,Austrian_Grand_Prix,R,ALO,4.0,Aston Martin,False,MEDIUM,Austrian_Grand_Prix,25,26.0,0,,-5.790846047156948,0.5079604128188754
2023,Austrian_Grand_Prix,R,BOT,2.0,Alfa Romeo,False,HARD,Austrian_Grand_Prix,12,11.0,1,11.0,inf,0.3411428756419944
2023,Austrian_Grand_Prix,R,BOT,3.0,Alfa Romeo,False,MEDIUM,Austrian_Grand_Prix,16,18.0,0,,-2.8759989961465076,0.33315950034782843
2023,Austrian_Grand_Prix,R,BOT,4.0,Alfa Romeo,False,HARD,Austrian_Grand_Prix,26,29.0,0,,-6.402273769051628,0.6842203373664253
2023,Austrian_Grand_Prix,R,DEV,2.0,AlphaTauri,False,MEDIUM,Austrian_Grand_Prix,6,11.0,0,,,
2023,Austrian_Grand_Prix,R,DEV,3.0,AlphaTauri,False,HARD,Austrian_Grand_Prix,21,24.0,0,,-2.991424726014238,0.41311748457505953
2023,Austrian_Grand_Prix,R,DEV,4.0,AlphaTauri,False,MEDIUM,Austrian_Grand_Prix,31,32.0,0,,-11.190142055218004,0.43802731578257353
2023,Austrian_Grand_Prix,R,GAS,2.0,Alpine,False,MEDIUM,Austrian_Grand_Prix,9,13.0,0,,inf,0.5092945660304962
2023,Austrian_Grand_Prix,R,GAS,3.0,Alpine,False,HARD,Austrian_Grand_Prix,27,29.0,0,,1.1069846873281006,0.11915101151325865
2023,Austrian_Grand_Prix,R,GAS,4.0,Alpine,False,MEDIUM,Austrian_Grand_Prix,25,26.0,0,,-2.7104189350075676,0.45192577866773714
2023,Austrian_Grand_Prix,R,HAM,2.0,Mercedes,False,MEDIUM,Austrian_Grand_Prix,10,13.0,0,,inf,0.8514938448944779
2023,Austrian_Grand_Prix,R,HAM,3.0,Mercedes,False,HARD,Austrian_Grand_Prix,24,27.0,0,,0.15423194858655076,0.25600332039694834
2023,Austrian_Grand_Prix,R,HAM,4.0,Mercedes,False,MEDIUM,Austrian_Grand_Prix,25,28.0,0,,inf,0.18184389104143361
2023,Austrian_Grand_Prix,R,HUL,2.0,Haas F1 Team,False,MEDIUM,Austrian_Grand_Prix,7,13.0,0,,inf,0.2766716778150625
2023,Austrian_Grand_Prix,R,LEC,2.0,Ferrari,False,MEDIUM,Austrian_Grand_Prix,10,13.0,0,,inf,0.8961080892464306
2023,Austrian_Grand_Prix,R,LEC,3.0,Ferrari,False,MEDIUM,Austrian_Grand_Prix,30,31.0,0,,-0.34095029838628027,0.6302441473359093
2023,Austrian_Grand_Prix,R,LEC,4.0,Ferrari,False,HARD,Austrian_Grand_Prix,21,23.0,0,,4.512036566785025,0.1689157768140265
2023,Austrian_Grand_Prix,R,MAG,3.0,Haas F1 Team,False,HARD,Austrian_Grand_Prix,26,31.0,0,,-2.6266152771504614,0.35109912612080957
2023,Austrian_Grand_Prix,R,MAG,4.0,Haas F1 Team,False,HARD,Austrian_Grand_Prix,33,36.0,0,,2.236811078426508,0.09707043294130015
2023,Austrian_Grand_Prix,R,NOR,2.0,McLaren,False,MEDIUM,Austrian_Grand_Prix,9,13.0,0,,inf,0.668290081581072
2023,Austrian_Grand_Prix,R,NOR,3.0,McLaren,False,HARD,Austrian_Grand_Prix,23,26.0,0,,8.621990587685804,0.4661328134149943
2023,Austrian_Grand_Prix,R,NOR,4.0,McLaren,False,HARD,Austrian_Grand_Prix,26,29.0,0,,-1.6642434488584181,0.6715806785284041
2023,Austrian_Grand_Prix,R,OCO,2.0,Alpine,False,MEDIUM,Austrian_Grand_Prix,8,13.0,0,,-1.1854304635754689,0.2891058244905357
2023,Austrian_Grand_Prix,R,OCO,3.0,Alpine,False,HARD,Austrian_Grand_Prix,23,25.0,0,,inf,0.48410603149469605
2023,Austrian_Grand_Prix,R,OCO,4.0,Alpine,False,HARD,Austrian_Grand_Prix,26,29.0,0,,inf,0.32195772457967337
2023,Austrian_Grand_Prix,R,PER,2.0,Red Bull Racing,True,MEDIUM,Austrian_Grand_Prix,15,24.0,0,,inf,0.3030100197973402
2023,Austrian_Grand_Prix,R,PER,3.0,Red Bull Racing,True,MEDIUM,Austrian_Grand_Prix,22,24.0,0,,0.0493528776292747,0.4148714503794263
2023,Austrian_Grand_Prix,R,PER,4.0,Red Bull Racing,True,HARD,Austrian_Grand_Prix,15,20.0,0,,-0.08428347864966533,0.5698386257744208
2023,Austrian_Grand_Prix,R,PIA,2.0,McLaren,False,MEDIUM,Austrian_Grand_Prix,8,13.0,0,,inf,0.13297434777882958
2023,Austrian_Grand_Prix,R,PIA,3.0,McLaren,False,HARD,Austrian_Grand_Prix,3,7.0,0,,,
2023,Austrian_Grand_Prix,R,PIA,4.0,McLaren,False,HARD,Austrian_Grand_Prix,15,18.0,0,,-0.5866517675744239,0.41691912282027793
2023,Austrian_Grand_Prix,R,PIA,5.0,McLaren,False,MEDIUM,Austrian_Grand_Prix,26,28.0,0,,-4.430096460217148,0.3688580108039084
2023,Austrian_Grand_Prix,R,RUS,2.0,Mercedes,False,MEDIUM,Austrian_Grand_Prix,9,13.0,0,,inf,0.5371834287399279
2023,Austrian_Grand_Prix,R,RUS,3.0,Mercedes,False,HARD,Austrian_Grand_Prix,23,26.0,0,,inf,0.34201195099140613
2023,Austrian_Grand_Prix,R,RUS,4.0,Mercedes,False,MEDIUM,Austrian_Grand_Prix,28,29.0,0,,4.669732441469929,0.5046983230671874
2023,Austrian_Grand_Prix,R,SAI,2.0,Ferrari,False,MEDIUM,Austrian_Grand_Prix,10,13.0,0,,inf,0.632544585965746
2023,Austrian_Grand_Prix,R,SAI,3.0,Ferrari,False,MEDIUM,Austrian_Grand_Prix,28,29.0,0,,0.3090808199503541,0.5800689683201863
2023,Austrian_Grand_Prix,R,SAI,4.0,Ferrari,False,HARD,Austrian_Grand_Prix,24,25.0,0,,0.03558290415355748,0.6798638141383232
2023,Austrian_Grand_Prix,R,SAR,2.0,Williams,False,MEDIUM,Austrian_Grand_Prix,8,13.0,0,,inf,0.26044462780213834
2023,Austrian_Grand_Prix,R,SAR,3.0,Williams,False,HARD,Austrian_Grand_Prix,27,28.0,0,,-0.0001153207770798522,0.5128381423598335
2023,Austrian_Grand_Prix,R,SAR,4.0,Williams,False,HARD,Austrian_Grand_Prix,24,26.0,0,,-5.152164344103889,0.41848957770365697
2023,Austrian_Grand_Prix,R,STR,2.0,Aston Martin,False,MEDIUM,Austrian_Grand_Prix,9,13.0,0,,inf,0.9304332478524093
2023,Austrian_Grand_Prix,R,STR,3.0,Aston Martin,False,HARD,Austrian_Grand_Prix,17,20.0,0,,0.130632547664349,0.7895778489069367
2023,Austrian_Grand_Prix,R,STR,4.0,Aston Martin,False,HARD,Austrian_Grand_Prix,16,17.0,0,,0.25087304269459343,0.7126327158051093
2023,Austrian_Grand_Prix,R,STR,5.0,Aston Martin,False,MEDIUM,Austrian_Grand_Prix,15,16.0,0,,-0.10612928655892273,0.726255753743419
2023,Austrian_Grand_Prix,R,TSU,3.0,AlphaTauri,False,HARD,Austrian_Grand_Prix,14,21.0,0,,6.015027977618125,0.3965534897905803
2023,Austrian_Grand_Prix,R,TSU,4.0,AlphaTauri,False,HARD,Austrian_Grand_Prix,18,19.0,0,,-1.6705927995033687,0.4109227962337781
2023,Austrian_Grand_Prix,R,TSU,5.0,AlphaTauri,False,MEDIUM,Austrian_Grand_Prix,23,26.0,0,,-4.165537654031588,0.516957722362623
2023,Austrian_Grand_Prix,R,VER,2.0,Red Bull Racing,True,MEDIUM,Austrian_Grand_Prix,17,23.0,0,,0.13747784820027287,0.377241749294753
2023,Austrian_Grand_Prix,R,VER,3.0,Red Bull Racing,True,HARD,Austrian_Grand_Prix,23,24.0,0,,0.09833669664271219,0.6306987720190651
2023,Austrian_Grand_Prix,R,VER,4.0,Red Bull Racing,True,MEDIUM,Austrian_Grand_Prix,18,19.0,0,,3.402095013278129,0.26066258408634846
2023,Austrian_Grand_Prix,R,ZHO,3.0,Alfa Romeo,False,HARD,Austrian_Grand_Prix,26,29.0,0,,0.5410636041015675,0.33986311993197776
2023,Austrian_Grand_Prix,R,ZHO,4.0,Alfa Romeo,False,HARD,Austrian_Grand_Prix,29,31.0,0,,-11.13084970655762,0.12448879187060506
2023,Austrian_Grand_Prix,S,ALB,1.0,Williams,False,INTERMEDIATE,Austrian_Grand_Prix,14,17.0,0,,inf,0.4618023886941099
2023,Austrian_Grand_Prix,S,ALO,1.0,Aston Martin,False,INTERMEDIATE,Austrian_Grand_Prix,19,23.0,0,,inf,0.28382251340571213
2023,Austrian_Grand_Prix,S,BOT,1.0,Alfa Romeo,False,INTERMEDIATE,Austrian_Grand_Prix,19,23.0,0,,inf,0.526592294420586
2023,Austrian_Grand_Prix,S,DEV,1.0,AlphaTauri,False,INTERMEDIATE,Austrian_Grand_Prix,13,16.0,0,,inf,0.6893557828153855
2023,Austrian_Grand_Prix,S,DEV,2.0,AlphaTauri,False,SOFT,Austrian_Grand_Prix,4,14.0,0,,,
2023,Austrian_Grand_Prix,S,GAS,1.0,Alpine,False,INTERMEDIATE,Austrian_Grand_Prix,19,23.0,0,,inf,0.663066219212358
2023,Austrian_Grand_Prix,S,HAM,1.0,Mercedes,False,INTERMEDIATE,Austrian_Grand_Prix,12,16.0,0,,inf,0.7051171484126952
2023,Austrian_Grand_Prix,S,HAM,2.0,Mercedes,False,SOFT,Austrian_Grand_Prix,3,11.0,0,,,
2023,Austrian_Grand_Prix,S,HUL,1.0,Haas F1 Team,False,INTERMEDIATE,Austrian_Grand_Prix,14,16.0,0,,inf,0.4356776458508312
2023,Austrian_Grand_Prix,S,HUL,2.0,Haas F1 Team,False,MEDIUM,Austrian_Grand_Prix,3,6.0,0,,,
2023,Austrian_Grand_Prix,S,LEC,1.0,Ferrari,False,INTERMEDIATE,Austrian_Grand_Prix,13,17.0,0,,inf,0.23744296690031502
2023,Austrian_Grand_Prix,S,MAG,1.0,Haas F1 Team,False,INTERMEDIATE,Austrian_Grand_Prix,13,16.0,0,,inf,0.6243951114899234
2023,Austrian_Grand_Prix,S,MAG,2.0,Haas F1 Team,False,MEDIUM,Austrian_Grand_Prix,1,6.0,0,,,
2023,Austrian_Grand_Prix,S,NOR,1.0,McLaren,False,INTERMEDIATE,Austrian_Grand_Prix,19,23.0,0,,inf,0.4218725861808026
2023,Austrian_Grand_Prix,S,OCO,1.0,Alpine,False,INTERMEDIATE,Austrian_Grand_Prix,19,23.0,0,,inf,0.2915022448806051
2023,Austrian_Grand_Prix,S,PER,1.0,Red Bull Racing,True,INTERMEDIATE,Austrian_Grand_Prix,20,23.0,0,,inf,0.7720514846150305
2023,Austrian_Grand_Prix,S,PIA,1.0,McLaren,False,INTERMEDIATE,Austrian_Grand_Prix,11,15.0,0,,inf,0.5725731163271525
2023,Austrian_Grand_Prix,S,PIA,2.0,McLaren,False,SOFT,Austrian_Grand_Prix,2,6.0,0,,,
2023,Austrian_Grand_Prix,S,RUS,1.0,Mercedes,False,INTERMEDIATE,Austrian_Grand_Prix,11,14.0,0,,inf,0.8024976612161443
2023,Austrian_Grand_Prix,S,RUS,2.0,Mercedes,False,SOFT,Austrian_Grand_Prix,4,11.0,0,,,
2023,Austrian_Grand_Prix,S,SAI,1.0,Ferrari,False,INTERMEDIATE,Austrian_Grand_Prix,20,18.0,1,18.0,inf,0.7662608641464606
2023,Austrian_Grand_Prix,S,SAR,1.0,Williams,False,INTERMEDIATE,Austrian_Grand_Prix,12,16.0,0,,inf,0.33314451009449975
2023,Austrian_Grand_Prix,S,SAR,2.0,Williams,False,MEDIUM,Austrian_Grand_Prix,3,6.0,0,,,
2023,Austrian_Grand_Prix,S,STR,1.0,Aston Martin,False,INTERMEDIATE,Austrian_Grand_Prix,20,23.0,0,,inf,0.44597420321806835
2023,Austrian_Grand_Prix,S,TSU,1.0,AlphaTauri,False,INTERMEDIATE,Austrian_Grand_Prix,13,17.0,0,,inf,0.4479020224031877
2023,Austrian_Grand_Prix,S,VER,1.0,Red Bull Racing,True,INTERMEDIATE,Austrian_Grand_Prix,19,23.0,0,,inf,0.6644420060178786
2023,Austrian_Grand_Prix,S,ZHO,1.0,Alfa Romeo,False,INTERMEDIATE,Austrian_Grand_Prix,13,16.0,0,,inf,0.7445010788248
2023,Austrian_Grand_Prix,S,ZHO,2.0,Alfa Romeo,False,SOFT,Austrian_Grand_Prix,4,13.0,0,,,
2023,Azerbaijan_Grand_Prix,R,ALB,1.0,Williams,False,MEDIUM,Azerbaijan_Grand_Prix,4,6.0,0,,,
2023,Azerbaijan_Grand_Prix,R,ALB,2.0,Williams,False,HARD,Azerbaijan_Grand_Prix,36,43.0,0,,inf,0.1375801234501429
2023,Azerbaijan_Grand_Prix,R,ALO,1.0,Aston Martin,False,MEDIUM,Azerbaijan_Grand_Prix,8,10.0,0,,0.08668197474171585,0.10278158498274696
2023,Azerbaijan_Grand_Prix,R,ALO,2.0,Aston Martin,False,HARD,Azerbaijan_Grand_Prix,32,39.0,0,,inf,0.4367990977357677
2023,Azerbaijan_Grand_Prix,R,BOT,3.0,Alfa Romeo,False,HARD,Azerbaijan_Grand_Prix,18,21.0,0,,inf,0.30902912152337925
2023,Azerbaijan_Grand_Prix,R,BOT,4.0,Alfa Romeo,False,MEDIUM,Azerbaijan_Grand_Prix,14,15.0,0,,-0.10073104647000652,0.8657596635906448
2023,Azerbaijan_Grand_Prix,R,DEV,1.0,AlphaTauri,False,HARD,Azerbaijan_Grand_Prix,7,9.0,0,,inf,0.5325738251660816
2023,Azerbaijan_Grand_Prix,R,GAS,2.0,Alpine,False,HARD,Azerbaijan_Grand_Prix,10,17.0,0,,0.01958401095610938,0.8327572214570691
2023,Azerbaijan_Grand_Prix,R,GAS,3.0,Alpine,False,HARD,Azerbaijan_Grand_Prix,25,27.0,0,,-1.664822913524694,0.6539824680427249
2023,Azerbaijan_Grand_Prix,R,HAM,1.0,Mercedes,False,MEDIUM,Azerbaijan_Grand_Prix,7,8.0,0,,inf,0.4750727033278137
2023,Azerbaijan_Grand_Prix,R,HAM,2.0,Mercedes,False,HARD,Azerbaijan_Grand_Prix,36,41.0,0,,inf,0.24673975102088488
2023,Azerbaijan_Grand_Prix,R,HUL,1.0,Haas F1 Team,False,HARD,Azerbaijan_Grand_Prix,38,48.0,0,,inf,0.4522852733472562
2023,Azerbaijan_Grand_Prix,R,LEC,1.0,Ferrari,False,MEDIUM,Azerbaijan_Grand_Prix,8,10.0,0,,-0.7987804878047647,0.5082474077300884
2023,Azerbaijan_Grand_Prix,R,LEC,2.0,Ferrari,False,HARD,Azerbaijan_Grand_Prix,34,39.0,0,,inf,0.2604437066658509
2023,Azerbaijan_Grand_Prix,R,MAG,1.0,Haas F1 Team,False,MEDIUM,Azerbaijan_Grand_Prix,7,9.0,0,,0.3142857142857005,0.45540469532131406
2023,Azerbaijan_Grand_Prix,R,MAG,2.0,Haas F1 Team,False,HARD,Azerbaijan_Grand_Prix,34,40.0,0,,-0.8524742830866169,0.2478910770989139
2023,Azerbaijan_Grand_Prix,R,NOR,1.0,McLaren,False,MEDIUM,Azerbaijan_Grand_Prix,7,8.0,0,,inf,0.7631063857047626
2023,Azerbaijan_Grand_Prix,R,NOR,2.0,McLaren,False,HARD,Azerbaijan_Grand_Prix,35,41.0,0,,inf,0.33247726595523264
2023,Azerbaijan_Grand_Prix,R,OCO,1.0,Alpine,False,HARD,Azerbaijan_Grand_Prix,35,49.0,0,,inf,0.4581622072598913
2023,Azerbaijan_Grand_Prix,R,PER,1.0,Red Bull Racing,True,MEDIUM,Azerbaijan_Grand_Prix,7,10.0,0,,inf,0.2674261419799136
2023,Azerbaijan_Grand_Prix,R,PER,2.0,Red Bull Racing,True,HARD,Azerbaijan_Grand_Prix,36,39.0,0,,inf,0.2433814156928616
2023,Azerbaijan_Grand_Prix,R,PIA,1.0,McLaren,False,MEDIUM,Azerbaijan_Grand_Prix,5,7.0,0,,,
2023,Azerbaijan_Grand_Prix,R,PIA,2.0,McLaren,False,HARD,Azerbaijan_Grand_Prix,35,42.0,0,,inf,0.2838071068769274
2023,Azerbaijan_Grand_Prix,R,RUS,1.0,Mercedes,False,MEDIUM,Azerbaijan_Grand_Prix,8,10.0,0,,-0.5910280373831597,0.8307573737074273
2023,Azerbaijan_Grand_Prix,R,RUS,2.0,Mercedes,False,HARD,Azerbaijan_Grand_Prix,33,37.0,0,,inf,0.28226809440113115
2023,Azerbaijan_Grand_Prix,R,SAI,1.0,Ferrari,False,MEDIUM,Azerbaijan_Grand_Prix,9,10.0,0,,inf,0.31988529836804486
2023,Azerbaijan_Grand_Prix,R,SAI,2.0,Ferrari,False,HARD,Azerbaijan_Grand_Prix,34,39.0,0,,-4.227260097761741,0.2986028557854886
2023,Azerbaijan_Grand_Prix,R,SAR,1.0,Williams,False,MEDIUM,Azerbaijan_Grand_Prix,5,7.0,0,,,
2023,Azerbaijan_Grand_Prix,R,SAR,2.0,Williams,False,HARD,Azerbaijan_Grand_Prix,35,42.0,0,,inf,0.25655726454208777
2023,Azerbaijan_Grand_Prix,R,STR,1.0,Aston Martin,False,MEDIUM,Azerbaijan_Grand_Prix,8,10.0,0,,inf,0.8215506644810336
2023,Azerbaijan_Grand_Prix,R,STR,2.0,Aston Martin,False,HARD,Azerbaijan_Grand_Prix,36,42.0,0,,-0.3962044997818228,0.23186150856301607
2023,Azerbaijan_Grand_Prix,R,TSU,1.0,AlphaTauri,False,MEDIUM,Azerbaijan_Grand_Prix,5,7.0,0,,,
2023,Azerbaijan_Grand_Prix,R,TSU,2.0,AlphaTauri,False,HARD,Azerbaijan_Grand_Prix,36,42.0,0,,inf,0.4993077621269181
2023,Azerbaijan_Grand_Prix,R,VER,1.0,Red Bull Racing,True,MEDIUM,Azerbaijan_Grand_Prix,7,9.0,0,,inf,0.019762277881667175
2023,Azerbaijan_Grand_Prix,R,VER,2.0,Red Bull Racing,True,HARD,Azerbaijan_Grand_Prix,36,40.0,0,,-1.335928708294185,0.5188506375837378
2023,Azerbaijan_Grand_Prix,R,ZHO,1.0,Alfa Romeo,False,MEDIUM,Azerbaijan_Grand_Prix,7,9.0,0,,inf,0.320822869770943
2023,Azerbaijan_Grand_Prix,R,ZHO,2.0,Alfa Romeo,False,HARD,Azerbaijan_Grand_Prix,20,24.0,0,,inf,0.4611922861343869
2023,Azerbaijan_Grand_Prix,S,ALB,1.0,Williams,False,MEDIUM,Azerbaijan_Grand_Prix,10,22.0,0,,inf,0.6271375575427088
2023,Azerbaijan_Grand_Prix,S,ALO,1.0,Aston Martin,False,MEDIUM,Azerbaijan_Grand_Prix,11,21.0,0,,inf,0.8176049728973418
2023,Azerbaijan_Grand_Prix,S,BOT,1.0,Alfa Romeo,False,SOFT,Azerbaijan_Grand_Prix,10,16.0,0,,inf,0.4735819454356444
2023,Azerbaijan_Grand_Prix,S,DEV,1.0,AlphaTauri,False,MEDIUM,Azerbaijan_Grand_Prix,10,16.0,0,,inf,0.5526330611287547
2023,Azerbaijan_Grand_Prix,S,GAS,1.0,Alpine,False,MEDIUM,Azerbaijan_Grand_Prix,10,16.0,0,,inf,0.39117522902932733
2023,Azerbaijan_Grand_Prix,S,HAM,1.0,Mercedes,False,MEDIUM,Azerbaijan_Grand_Prix,10,22.0,0,,inf,0.681010372210475
2023,Azerbaijan_Grand_Prix,S,HUL,1.0,Haas F1 Team,False,MEDIUM,Azerbaijan_Grand_Prix,10,22.0,0,,-1.7145194405235826,0.6830035622984711
2023,Azerbaijan_Grand_Prix,S,LEC,1.0,Ferrari,False,MEDIUM,Azerbaijan_Grand_Prix,11,16.0,0,,inf,0.8714926870077454
2023,Azerbaijan_Grand_Prix,S,MAG,1.0,Haas F1 Team,False,MEDIUM,Azerbaijan_Grand_Prix,10,16.0,0,,inf,0.37071409458143956
2023,Azerbaijan_Grand_Prix,S,NOR,2.0,McLaren,False,MEDIUM,Azerbaijan_Grand_Prix,5,12.0,0,,,
2023,Azerbaijan_Grand_Prix,S,OCO,2.0,Alpine,False,SOFT,Azerbaijan_Grand_Prix,5,12.0,0,,,
2023,Azerbaijan_Grand_Prix,S,PER,1.0,Red Bull Racing,True,MEDIUM,Azerbaijan_Grand_Prix,11,20.0,0,,inf,0.8167313267810309
2023,Azerbaijan_Grand_Prix,S,PIA,1.0,McLaren,False,MEDIUM,Azerbaijan_Grand_Prix,10,16.0,0,,inf,0.5324564480289078
2023,Azerbaijan_Grand_Prix,S,RUS,1.0,Mercedes,False,MEDIUM,Azerbaijan_Grand_Prix,11,23.0,0,,inf,0.8212536508433721
2023,Azerbaijan_Grand_Prix,S,SAI,1.0,Ferrari,False,MEDIUM,Azerbaijan_Grand_Prix,10,16.0,0,,inf,0.7403365899535869
2023,Azerbaijan_Grand_Prix,S,STR,1.0,Aston Martin,False,MEDIUM,Azerbaijan_Grand_Prix,10,22.0,0,,inf,0.4364759097929828
2023,Azerbaijan_Grand_Prix,S,VER,1.0,Red Bull Racing,True,MEDIUM,Azerbaijan_Grand_Prix,11,19.0,0,,inf,0.9423303224588891
2023,Azerbaijan_Grand_Prix,S,ZHO,1.0,Alfa Romeo,False,MEDIUM,Azerbaijan_Grand_Prix,10,16.0,0,,inf,0.36338178391517467
2023,Bahrain_Grand_Prix,R,ALB,1.0,Williams,False,SOFT,Bahrain_Grand_Prix,8,10.0,0,,0.5551359516616569,0.18197155060257997
2023,Bahrain_Grand_Prix,R,ALB,2.0,Williams,False,SOFT,Bahrain_Grand_Prix,13,14.0,0,,0.4552975713904458,0.41288343715745757
2023,Bahrain_Grand_Prix,R,ALB,3.0,Williams,False,HARD,Bahrain_Grand_Prix,12,13.0,0,,0.3364743532758196,0.31608233020609644
2023,Bahrain_Grand_Prix,R,ALB,4.0,Williams,False,SOFT,Bahrain_Grand_Prix,15,16.0,0,,1.830977872947995,0.3084931277050265
2023,Bahrain_Grand_Prix,R,ALO,1.0,Aston Martin,False,SOFT,Bahrain_Grand_Prix,12,16.0,0,,1.281909814323509,0.1727266314202167
2023,Bahrain_Grand_Prix,R,ALO,2.0,Aston Martin,False,HARD,Bahrain_Grand_Prix,18,19.0,0,,-14.03167819834182,0.4116036518314333
2023,Bahrain_Grand_Prix,R,ALO,3.0,Aston Martin,False,HARD,Bahrain_Grand_Prix,19,22.0,0,,1.8881556095867063,0.36770496567521493
2023,Bahrain_Grand_Prix,R,BOT,1.0,Alfa Romeo,False,SOFT,Bahrain_Grand_Prix,8,6.0,1,6.0,inf,0.33921220567649524
2023,Bahrain_Grand_Prix,R,BOT,2.0,Alfa Romeo,False,HARD,Bahrain_Grand_Prix,13,17.0,0,,-0.12168584104066231,0.7482044517259527
2023,Bahrain_Grand_Prix,R,BOT,3.0,Alfa Romeo,False,HARD,Bahrain_Grand_Prix,24,27.0,0,,0.027351804604394014,0.25299893386750816
2023,Bahrain_Grand_Prix,R,DEV,1.0,AlphaTauri,False,SOFT,Bahrain_Grand_Prix,8,6.0,1,6.0,inf,0.5922194462181972
2023,Bahrain_Grand_Prix,R,DEV,2.0,AlphaTauri,False,HARD,Bahrain_Grand_Prix,14,12.0,1,12.0,5.508287671232756,0.40907016201017693
2023,Bahrain_Grand_Prix,R,DEV,3.0,AlphaTauri,False,HARD,Bahrain_Grand_Prix,25,28.0,0,,-0.3151040778685434,0.32109034225839417
2023,Bahrain_Grand_Prix,R,GAS,1.0,Alpine,False,SOFT,Bahrain_Grand_Prix,7,8.0,0,,0.47763157894722824,0.5465096859989361
2023,Bahrain_Grand_Prix,R,GAS,2.0,Alpine,False,HARD,Bahrain_Grand_Prix,14,15.0,0,,0.2435186619172878,0.5831916295853267
2023,Bahrain_Grand_Prix,R,GAS,3.0,Alpine,False,HARD,Bahrain_Grand_Prix,12,14.0,0,,2.871272727272494,0.15333483714627993
2023,Bahrain_Grand_Prix,R,GAS,4.0,Alpine,False,SOFT,Bahrain_Grand_Prix,15,16.0,0,,1.2030567685589528,0.29263896412011725
2023,Bahrain_Grand_Prix,R,HAM,1.0,Mercedes,False,SOFT,Bahrain_Grand_Prix,10,9.0,1,9.0,3.9069219440364242,0.4873226218154605
2023,Bahrain_Grand_Prix,R,HAM,2.0,Mercedes,False,HARD,Bahrain_Grand_Prix,16,17.0,0,,-0.22835093708878293,0.6977871632991771
2023,Bahrain_Grand_Prix,R,HAM,3.0,Mercedes,False,HARD,Bahrain_Grand_Prix,21,26.0,0,,0.09846931838094175,0.39141300200127765
2023,Bahrain_Grand_Prix,R,HUL,1.0,Haas F1 Team,False,SOFT,Bahrain_Grand_Prix,9,10.0,1,10.0,3.3992606284661577,0.575513645325411
2023,Bahrain_Grand_Prix,R,HUL,2.0,Haas F1 Team,False,HARD,Bahrain_Grand_Prix,12,14.0,0,,0.30350795531481034,0.6294138579255607
2023,Bahrain_Grand_Prix,R,HUL,3.0,Haas F1 Team,False,HARD,Bahrain_Grand_Prix,12,13.0,0,,0.2255405383584155,0.7719105123973733
2023,Bahrain_Grand_Prix,R,HUL,4.0,Haas F1 Team,False,SOFT,Bahrain_Grand_Prix,13,18.0,0,,0.967816575515414,0.8284918459590456
2023,Bahrain_Grand_Prix,R,LEC,1.0,Ferrari,False,SOFT,Bahrain_Grand_Prix,11,12.0,0,,inf,0.9125237668663287
2023,Bahrain_Grand_Prix,R,LEC,2.0,Ferrari,False,HARD,Bahrain_Grand_Prix,17,19.0,0,,-2.0677841552303766,0.4341334298792618
2023,Bahrain_Grand_Prix,R,LEC,3.0,Ferrari,False,HARD,Bahrain_Grand_Prix,4,6.0,0,,,
2023,Bahrain_Grand_Prix,R,MAG,1.0,Haas F1 Team,False,HARD,Bahrain_Grand_Prix,11,14.0,0,,-0.4509981851178706,0.22869029988500197
2023,Bahrain_Grand_Prix,R,MAG,2.0,Haas F1 Team,False,HARD,Bahrain_Grand_Prix,12,13.0,0,,0.36659350039632166,0.4003939504353249
2023,Bahrain_Grand_Prix,R,MAG,3.0,Haas F1 Team,False,SOFT,Bahrain_Grand_Prix,8,6.0,1,6.0,inf,0.5981715084520692
2023,Bahrain_Grand_Prix,R,MAG,4.0,Haas F1 Team,False,SOFT,Bahrain_Grand_Prix,14,15.0,0,,1.6065640321019092,0.08939836749055133
2023,Bahrain_Grand_Prix,R,NOR,1.0,McLaren,False,SOFT,Bahrain_Grand_Prix,6,9.0,0,,,
2023,Bahrain_Grand_Prix,R,NOR,2.0,McLaren,False,HARD,Bahrain_Grand_Prix,5,6.0,0,,,
2023,Bahrain_Grand_Prix,R,NOR,3.0,McLaren,False,SOFT,Bahrain_Grand_Prix,8,12.0,0,,0.07127429805619234,0.6502569815943059
2023,Bahrain_Grand_Prix,R,NOR,4.0,McLaren,False,MEDIUM,Bahrain_Grand_Prix,8,9.0,0,,2.5703240058909724,0.5658654431866228
2023,Bahrain_Grand_Prix,R,NOR,5.0,McLaren,False,HARD,Bahrain_Grand_Prix,6,9.0,0,,,
2023,Bahrain_Grand_Prix,R,NOR,6.0,McLaren,False,SOFT,Bahrain_Grand_Prix,4,10.0,0,,,
2023,Bahrain_Grand_Prix,R,OCO,1.0,Alpine,False,SOFT,Bahrain_Grand_Prix,10,8.0,1,8.0,inf,0.9676524231900651
2023,Bahrain_Grand_Prix,R,OCO,3.0,Alpine,False,HARD,Bahrain_Grand_Prix,15,19.0,0,,-2.3243496163203785,0.26095639280759725
2023,Bahrain_Grand_Prix,R,OCO,4.0,Alpine,False,HARD,Bahrain_Grand_Prix,6,7.0,0,,,
2023,Bahrain_Grand_Prix,R,PER,1.0,Red Bull Racing,True,SOFT,Bahrain_Grand_Prix,15,19.0,0,,-3.439412189833442,0.48868472052224815
2023,Bahrain_Grand_Prix,R,PER,2.0,Red Bull Racing,True,SOFT,Bahrain_Grand_Prix,15,18.0,0,,0.9882115712734391,0.16564492004619827
2023,Bahrain_Grand_Prix,R,PER,3.0,Red Bull Racing,True,HARD,Bahrain_Grand_Prix,19,22.0,0,,-3.202536944781894,0.3548575972917414
2023,Bahrain_Grand_Prix,R,PIA,1.0,McLaren,False,SOFT,Bahrain_Grand_Prix,11,12.0,0,,-1.3959124087590509,0.7358226680998775
2023,Bahrain_Grand_Prix,R,RUS,1.0,Mercedes,False,SOFT,Bahrain_Grand_Prix,11,8.0,1,8.0,inf,0.6424839614523905
2023,Bahrain_Grand_Prix,R,RUS,2.0,Mercedes,False,HARD,Bahrain_Grand_Prix,15,17.0,0,,0.014722614901894164,0.8376632097576984
2023,Bahrain_Grand_Prix,R,RUS,3.0,Mercedes,False,HARD,Bahrain_Grand_Prix,22,25.0,0,,0.29354907309696665,0.4201871406504079
2023,Bahrain_Grand_Prix,R,SAI,1.0,Ferrari,False,SOFT,Bahrain_Grand_Prix,11,8.0,1,8.0,7.634615384608452,0.4863439854767302
2023,Bahrain_Grand_Prix,R,SAI,2.0,Ferrari,False,HARD,Bahrain_Grand_Prix,16,17.0,0,,2.076666666670613,0.17552746208740108
2023,Bahrain_Grand_Prix,R,SAI,3.0,Ferrari,False,HARD,Bahrain_Grand_Prix,23,25.0,0,,inf,0.4088392321824926
2023,Bahrain_Grand_Prix,R,SAR,1.0,Williams,False,SOFT,Bahrain_Grand_Prix,10,11.0,0,,2.0920733351304444,0.4621686083626891
2023,Bahrain_Grand_Prix,R,SAR,2.0,Williams,False,SOFT,Bahrain_Grand_Prix,16,17.0,0,,0.15092721324174022,0.4250198840556942
2023,Bahrain_Grand_Prix,R,SAR,3.0,Williams,False,HARD,Bahrain_Grand_Prix,8,9.0,0,,0.7344720496895093,0.8187668437371987
2023,Bahrain_Grand_Prix,R,SAR,4.0,Williams,False,SOFT,Bahrain_Grand_Prix,12,15.0,0,,0.2934549075093125,0.7041383784166778
2023,Bahrain_Grand_Prix,R,STR,1.0,Aston Martin,False,SOFT,Bahrain_Grand_Prix,13,17.0,0,,-4.52530933633306,0.5173202952217126
2023,Bahrain_Grand_Prix,R,STR,2.0,Aston Martin,False,HARD,Bahrain_Grand_Prix,12,14.0,0,,0.47688971499375893,0.3613018138085814
2023,Bahrain_Grand_Prix,R,STR,3.0,Aston Martin,False,HARD,Bahrain_Grand_Prix,23,26.0,0,,0.18822231433447878,0.4363264710628079
2023,Bahrain_Grand_Prix,R,TSU,1.0,AlphaTauri,False,SOFT,Bahrain_Grand_Prix,7,9.0,0,,0.05990990990991861,0.39972330472976286
2023,Bahrain_Grand_Prix,R,TSU,2.0,AlphaTauri,False,HARD,Bahrain_Grand_Prix,14,15.0,0,,inf,0.4450540371113168
2023,Bahrain_Grand_Prix,R,TSU,3.0,AlphaTauri,False,HARD,Bahrain_Grand_Prix,12,13.0,0,,2.1920920201292415,0.26435050468792104
2023,Bahrain_Grand_Prix,R,TSU,4.0,AlphaTauri,False,SOFT,Bahrain_Grand_Prix,15,19.0,0,,1.2460461044645483,0.4171699902366584
2023,Bahrain_Grand_Prix,R,VER,1.0,Red Bull Racing,True,SOFT,Bahrain_Grand_Prix,12,16.0,0,,11.508547008538018,0.6997495435522669
2023,Bahrain_Grand_Prix,R,VER,2.0,Red Bull Racing,True,SOFT,Bahrain_Grand_Prix,20,21.0,0,,inf,0.5596073079166278
2023,Bahrain_Grand_Prix,R,VER,3.0,Red Bull Racing,True,HARD,Bahrain_Grand_Prix,17,20.0,0,,0.006512804299828277,0.3230969506695752
2023,Bahrain_Grand_Prix,R,ZHO,1.0,Alfa Romeo,False,SOFT,Bahrain_Grand_Prix,10,11.0,0,,inf,0.5831105646698027
2023,Bahrain_Grand_Prix,R,ZHO,2.0,Alfa Romeo,False,HARD,Bahrain_Grand_Prix,17,10.0,1,10.0,inf,0.4799478457365621
2023,Bahrain_Grand_Prix,R,ZHO,3.0,Alfa Romeo,False,SOFT,Bahrain_Grand_Prix,18,24.0,0,,0.2528852223184539,0.511115955933782
2023,Belgian_Grand_Prix,R,ALB,1.0,Williams,False,SOFT,Belgian_Grand_Prix,4,6.0,0,,,
2023,Belgian_Grand_Prix,R,ALB,2.0,Williams,False,MEDIUM,Belgian_Grand_Prix,13,15.0,0,,0.47568569883336054,0.36529769914707305
2023,Belgian_Grand_Prix,R,ALB,3.0,Williams,False,MEDIUM,Belgian_Grand_Prix,8,9.0,0,,1.937527691626082,0.14337578066480652
2023,Belgian_Grand_Prix,R,ALB,4.0,Williams,False,SOFT,Belgian_Grand_Prix,7,10.0,0,,0.055205415499536586,0.33048862312071214
2023,Belgian_Grand_Prix,R,ALO,1.0,Aston Martin,False,MEDIUM,Belgian_Grand_Prix,7,9.0,0,,inf,0.4881774202728519
2023,Belgian_Grand_Prix,R,ALO,2.0,Aston Martin,False,MEDIUM,Belgian_Grand_Prix,16,18.0,0,,-2.7673467056348002,0.7371403927080551
2023,Belgian_Grand_Prix,R,ALO,3.0,Aston Martin,False,SOFT,Belgian_Grand_Prix,12,14.0,0,,-0.419107457797935,0.2366630454245076
2023,Belgian_Grand_Prix,R,BOT,2.0,Alfa Romeo,False,MEDIUM,Belgian_Grand_Prix,16,17.0,0,,-1.9295714626843736,0.28776116927152207
2023,Belgian_Grand_Prix,R,BOT,3.0,Alfa Romeo,False,MEDIUM,Belgian_Grand_Prix,18,19.0,0,,0.007336726530715651,0.9202939033557469
2023,Belgian_Grand_Prix,R,GAS,1.0,Alpine,False,SOFT,Belgian_Grand_Prix,18,22.0,0,,0.672941283402974,0.7453409576661075
2023,Belgian_Grand_Prix,R,GAS,2.0,Alpine,False,MEDIUM,Belgian_Grand_Prix,19,20.0,0,,0.08285955070779052,0.6016872713067803
2023,Belgian_Grand_Prix,R,HAM,1.0,Mercedes,False,SOFT,Belgian_Grand_Prix,10,6.0,1,6.0,inf,0.46843383472420846
2023,Belgian_Grand_Prix,R,HAM,2.0,Mercedes,False,MEDIUM,Belgian_Grand_Prix,10,14.0,0,,0.14536138079825564,0.9042156896230817
2023,Belgian_Grand_Prix,R,HAM,3.0,Mercedes,False,SOFT,Belgian_Grand_Prix,13,14.0,0,,0.21835274009185116,0.2517023559957747
2023,Belgian_Grand_Prix,R,HUL,1.0,Haas F1 Team,False,MEDIUM,Belgian_Grand_Prix,9,11.0,0,,-1.7016949152542902,0.596231823908148
2023,Belgian_Grand_Prix,R,HUL,2.0,Haas F1 Team,False,SOFT,Belgian_Grand_Prix,6,11.0,0,,,
2023,Belgian_Grand_Prix,R,HUL,3.0,Haas F1 Team,False,SOFT,Belgian_Grand_Prix,12,19.0,0,,0.9258670902832831,0.3562596995182097
2023,Belgian_Grand_Prix,R,LEC,1.0,Ferrari,False,SOFT,Belgian_Grand_Prix,11,12.0,0,,-2.8708860759486163,0.6766853858354283
2023,Belgian_Grand_Prix,R,LEC,2.0,Ferrari,False,MEDIUM,Belgian_Grand_Prix,10,14.0,0,,0.0901844682304654,0.9551498814592823
2023,Belgian_Grand_Prix,R,LEC,3.0,Ferrari,False,SOFT,Belgian_Grand_Prix,14,15.0,0,,0.18974808324204784,0.3647251602827524
2023,Belgian_Grand_Prix,R,MAG,2.0,Haas F1 Team,False,MEDIUM,Belgian_Grand_Prix,16,19.0,0,,-2.7637233346784837,0.6028455656302346
2023,Belgian_Grand_Prix,R,MAG,3.0,Haas F1 Team,False,MEDIUM,Belgian_Grand_Prix,17,18.0,0,,0.40485359117962205,0.26798241839440473
2023,Belgian_Grand_Prix,R,NOR,2.0,McLaren,False,HARD,Belgian_Grand_Prix,10,11.0,0,,1.3525820584643835,0.6645506841804856
2023,Belgian_Grand_Prix,R,NOR,3.0,McLaren,False,SOFT,Belgian_Grand_Prix,23,26.0,0,,0.1392227654668704,0.44366874632132713
2023,Belgian_Grand_Prix,R,OCO,2.0,Alpine,False,MEDIUM,Belgian_Grand_Prix,17,18.0,0,,-2.756761131343638,0.6065158244801708
2023,Belgian_Grand_Prix,R,OCO,3.0,Alpine,False,SOFT,Belgian_Grand_Prix,16,18.0,0,,-0.11821375311605133,0.7917824968186237
2023,Belgian_Grand_Prix,R,PER,1.0,Red Bull Racing,True,SOFT,Belgian_Grand_Prix,11,12.0,0,,1.8005093378606485,0.620141079275098
2023,Belgian_Grand_Prix,R,PER,2.0,Red Bull Racing,True,MEDIUM,Belgian_Grand_Prix,11,15.0,0,,0.5349904397705468,0.7570745773127011
2023,Belgian_Grand_Prix,R,PER,3.0,Red Bull Racing,True,SOFT,Belgian_Grand_Prix,13,14.0,0,,-0.01912410322304996,0.6075951123026428
2023,Belgian_Grand_Prix,R,RIC,2.0,AlphaTauri,False,MEDIUM,Belgian_Grand_Prix,15,13.0,1,13.0,3.4200218447515707,0.48582343129573574
2023,Belgian_Grand_Prix,R,RIC,3.0,AlphaTauri,False,MEDIUM,Belgian_Grand_Prix,20,21.0,0,,-2.5320212937569697,0.3587132947011004
2023,Belgian_Grand_Prix,R,RUS,1.0,Mercedes,False,MEDIUM,Belgian_Grand_Prix,19,21.0,0,,inf,0.5625281120413121
2023,Belgian_Grand_Prix,R,RUS,2.0,Mercedes,False,SOFT,Belgian_Grand_Prix,20,21.0,0,,0.16703232739320314,0.7146551134639879
2023,Belgian_Grand_Prix,R,SAI,1.0,Ferrari,False,SOFT,Belgian_Grand_Prix,2,3.0,0,,,
2023,Belgian_Grand_Prix,R,SAI,2.0,Ferrari,False,MEDIUM,Belgian_Grand_Prix,11,15.0,0,,0.48277190852054735,0.2896599634483037
2023,Belgian_Grand_Prix,R,SAR,1.0,Williams,False,SOFT,Belgian_Grand_Prix,5,7.0,0,,,
2023,Belgian_Grand_Prix,R,SAR,2.0,Williams,False,MEDIUM,Belgian_Grand_Prix,13,15.0,0,,0.5497865943282871,0.3743927794537295
2023,Belgian_Grand_Prix,R,SAR,3.0,Williams,False,MEDIUM,Belgian_Grand_Prix,8,9.0,0,,0.450779896013824,0.2644706050194832
2023,Belgian_Grand_Prix,R,SAR,4.0,Williams,False,SOFT,Belgian_Grand_Prix,8,9.0,0,,-0.4179678116742547,0.6087671958322232
2023,Belgian_Grand_Prix,R,STR,1.0,Aston Martin,False,MEDIUM,Belgian_Grand_Prix,17,19.0,0,,0.5195505370724562,0.6277233841710409
2023,Belgian_Grand_Prix,R,STR,2.0,Aston Martin,False,SOFT,Belgian_Grand_Prix,21,23.0,0,,0.33426009741797547,0.11114123688000345
2023,Belgian_Grand_Prix,R,TSU,1.0,AlphaTauri,False,MEDIUM,Belgian_Grand_Prix,5,8.0,0,,,
2023,Belgian_Grand_Prix,R,TSU,2.0,AlphaTauri,False,MEDIUM,Belgian_Grand_Prix,12,14.0,0,,-1.1351882593953024,0.6226641610996242
2023,Belgian_Grand_Prix,R,TSU,3.0,AlphaTauri,False,SOFT,Belgian_Grand_Prix,18,19.0,0,,-2.2379292060995657,0.3415375783760162
2023,Belgian_Grand_Prix,R,VER,1.0,Red Bull Racing,True,SOFT,Belgian_Grand_Prix,11,13.0,0,,inf,0.6043718804598266
2023,Belgian_Grand_Prix,R,VER,2.0,Red Bull Racing,True,MEDIUM,Belgian_Grand_Prix,11,15.0,0,,0.31498815341529296,0.7934497150070122
2023,Belgian_Grand_Prix,R,VER,3.0,Red Bull Racing,True,SOFT,Belgian_Grand_Prix,10,13.0,0,,-0.06800881972923055,0.8828954780892045
2023,Belgian_Grand_Prix,R,ZHO,1.0,Alfa Romeo,False,SOFT,Belgian_Grand_Prix,4,6.0,0,,,
2023,Belgian_Grand_Prix,R,ZHO,2.0,Alfa Romeo,False,MEDIUM,Belgian_Grand_Prix,14,17.0,0,,-0.5708556021322966,0.677948178043766
2023,Belgian_Grand_Prix,R,ZHO,3.0,Alfa Romeo,False,SOFT,Belgian_Grand_Prix,14,18.0,0,,-0.8659726216496181,0.6193222509058544
2023,Belgian_Grand_Prix,S,ALB,1.0,Williams,False,INTERMEDIATE,Belgian_Grand_Prix,6,13.0,0,,,
2023,Belgian_Grand_Prix,S,BOT,1.0,Alfa Romeo,False,INTERMEDIATE,Belgian_Grand_Prix,6,13.0,0,,,
2023,Belgian_Grand_Prix,S,GAS,1.0,Alpine,False,INTERMEDIATE,Belgian_Grand_Prix,6,15.0,0,,,
2023,Belgian_Grand_Prix,S,HAM,1.0,Mercedes,False,INTERMEDIATE,Belgian_Grand_Prix,6,10.0,0,,,
2023,Belgian_Grand_Prix,S,HUL,1.0,Haas F1 Team,False,INTERMEDIATE,Belgian_Grand_Prix,5,10.0,0,,,
2023,Belgian_Grand_Prix,S,LEC,2.0,Ferrari,False,INTERMEDIATE,Belgian_Grand_Prix,5,12.0,0,,,
2023,Belgian_Grand_Prix,S,MAG,2.0,Haas F1 Team,False,INTERMEDIATE,Belgian_Grand_Prix,5,12.0,0,,,
2023,Belgian_Grand_Prix,S,NOR,2.0,McLaren,False,INTERMEDIATE,Belgian_Grand_Prix,5,9.0,0,,,
2023,Belgian_Grand_Prix,S,OCO,2.0,Alpine,False,INTERMEDIATE,Belgian_Grand_Prix,5,12.0,0,,,
2023,Belgian_Grand_Prix,S,PIA,1.0,McLaren,False,INTERMEDIATE,Belgian_Grand_Prix,6,13.0,0,,,
2023,Belgian_Grand_Prix,S,RIC,1.0,AlphaTauri,False,WET,Belgian_Grand_Prix,6,10.0,0,,,
2023,Belgian_Grand_Prix,S,RUS,2.0,Mercedes,False,INTERMEDIATE,Belgian_Grand_Prix,5,9.0,0,,,
2023,Belgian_Grand_Prix,S,SAI,1.0,Ferrari,False,INTERMEDIATE,Belgian_Grand_Prix,6,13.0,0,,,
2023,Belgian_Grand_Prix,S,SAR,2.0,Williams,False,INTERMEDIATE,Belgian_Grand_Prix,5,12.0,0,,,
2023,Belgian_Grand_Prix,S,STR,1.0,Aston Martin,False,INTERMEDIATE,Belgian_Grand_Prix,6,13.0,0,,,
2023,Belgian_Grand_Prix,S,TSU,2.0,AlphaTauri,False,INTERMEDIATE,Belgian_Grand_Prix,5,12.0,0,,,
2023,Belgian_Grand_Prix,S,VER,2.0,Red Bull Racing,True,INTERMEDIATE,Belgian_Grand_Prix,5,9.0,0,,,
2023,Belgian_Grand_Prix,S,ZHO,2.0,Alfa Romeo,False,INTERMEDIATE,Belgian_Grand_Prix,5,13.0,0,,,
2023,British_Grand_Prix,R,ALB,1.0,Williams,False,MEDIUM,British_Grand_Prix,28,31.0,0,,-25.84452926202152,0.4256552230650723
2023,British_Grand_Prix,R,ALB,2.0,Williams,False,SOFT,British_Grand_Prix,13,23.0,0,,inf,0.6409917073972268
2023,British_Grand_Prix,R,ALO,1.0,Aston Martin,False,MEDIUM,British_Grand_Prix,29,32.0,0,,-0.134648471276853,0.689524965978828
2023,British_Grand_Prix,R,ALO,2.0,Aston Martin,False,SOFT,British_Grand_Prix,13,21.0,0,,1.0267062314541107,0.2970988557460409
2023,British_Grand_Prix,R,BOT,1.0,Alfa Romeo,False,HARD,British_Grand_Prix,27,31.0,0,,inf,0.5802349300204038
2023,British_Grand_Prix,R,BOT,2.0,Alfa Romeo,False,SOFT,British_Grand_Prix,13,19.0,0,,inf,0.4013305579210266
2023,British_Grand_Prix,R,DEV,1.0,AlphaTauri,False,SOFT,British_Grand_Prix,22,26.0,0,,-0.09869781041750755,0.3764387872017066
2023,British_Grand_Prix,R,DEV,3.0,AlphaTauri,False,SOFT,British_Grand_Prix,13,19.0,0,,inf,0.48475824643523274
2023,British_Grand_Prix,R,GAS,1.0,Alpine,False,MEDIUM,British_Grand_Prix,28,30.0,0,,-0.15346903488947083,0.43521951143548465
2023,British_Grand_Prix,R,GAS,2.0,Alpine,False,SOFT,British_Grand_Prix,6,16.0,0,,,
2023,British_Grand_Prix,R,HAM,1.0,Mercedes,False,MEDIUM,British_Grand_Prix,27,31.0,0,,-0.9588775268389023,0.35205169312641665
2023,British_Grand_Prix,R,HAM,2.0,Mercedes,False,SOFT,British_Grand_Prix,13,14.0,1,14.0,inf,0.6211204990748267
2023,British_Grand_Prix,R,HUL,1.0,Haas F1 Team,False,HARD,British_Grand_Prix,4,6.0,0,,,
2023,British_Grand_Prix,R,HUL,2.0,Haas F1 Team,False,MEDIUM,British_Grand_Prix,23,24.0,0,,-0.26046232024827254,0.5480148246510054
2023,British_Grand_Prix,R,HUL,3.0,Haas F1 Team,False,SOFT,British_Grand_Prix,13,19.0,0,,inf,0.29633298396845525
2023,British_Grand_Prix,R,LEC,1.0,Ferrari,False,MEDIUM,British_Grand_Prix,15,17.0,0,,-0.014815692781800421,0.5530919678106339
2023,British_Grand_Prix,R,LEC,2.0,Ferrari,False,HARD,British_Grand_Prix,12,13.0,0,,0.334343434343361,0.22290365635054815
2023,British_Grand_Prix,R,LEC,3.0,Ferrari,False,MEDIUM,British_Grand_Prix,13,19.0,0,,inf,0.35542253798354084
2023,British_Grand_Prix,R,MAG,1.0,Haas F1 Team,False,MEDIUM,British_Grand_Prix,27,31.0,0,,inf,0.17783067988038714
2023,British_Grand_Prix,R,NOR,1.0,McLaren,False,MEDIUM,British_Grand_Prix,31,32.0,0,,inf,0.16569336066872897
2023,British_Grand_Prix,R,NOR,2.0,McLaren,False,HARD,British_Grand_Prix,13,18.0,0,,inf,0.528446844383275
2023,British_Grand_Prix,R,OCO,1.0,Alpine,False,SOFT,British_Grand_Prix,6,8.0,0,,,
2023,British_Grand_Prix,R,PER,1.0,Red Bull Racing,True,MEDIUM,British_Grand_Prix,23,27.0,0,,inf,0.28839514009944667
2023,British_Grand_Prix,R,PER,2.0,Red Bull Racing,True,SOFT,British_Grand_Prix,15,23.0,0,,-0.5811071781658563,0.7595303438185109
2023,British_Grand_Prix,R,PIA,1.0,McLaren,False,MEDIUM,British_Grand_Prix,26,28.0,0,,0.14877892030847145,0.4049882798748121
2023,British_Grand_Prix,R,PIA,2.0,McLaren,False,HARD,British_Grand_Prix,13,22.0,0,,inf,0.5223830112848646
2023,British_Grand_Prix,R,RUS,1.0,Mercedes,False,SOFT,British_Grand_Prix,25,30.0,0,,-0.0630233482641346,0.3613765762875501
2023,British_Grand_Prix,R,RUS,2.0,Mercedes,False,MEDIUM,British_Grand_Prix,15,23.0,0,,inf,0.38129360792176825
2023,British_Grand_Prix,R,SAI,1.0,Ferrari,False,MEDIUM,British_Grand_Prix,23,25.0,0,,-0.11011018111315786,0.2943012535949118
2023,British_Grand_Prix,R,SAI,2.0,Ferrari,False,HARD,British_Grand_Prix,16,25.0,0,,inf,0.5508695381490457
2023,British_Grand_Prix,R,SAR,1.0,Williams,False,MEDIUM,British_Grand_Prix,25,28.0,0,,inf,0.37278416692901833
2023,British_Grand_Prix,R,SAR,2.0,Williams,False,SOFT,British_Grand_Prix,14,22.0,0,,-0.05431743174317299,0.3767114401060113
2023,British_Grand_Prix,R,STR,1.0,Aston Martin,False,MEDIUM,British_Grand_Prix,28,31.0,0,,0.35973929236495406,0.37150187422125813
2023,British_Grand_Prix,R,STR,2.0,Aston Martin,False,SOFT,British_Grand_Prix,13,23.0,0,,inf,0.6284144669956623
2023,British_Grand_Prix,R,TSU,1.0,AlphaTauri,False,SOFT,British_Grand_Prix,11,13.0,0,,-0.10753776985702847,0.6918648609690343
2023,British_Grand_Prix,R,TSU,2.0,AlphaTauri,False,HARD,British_Grand_Prix,16,17.0,0,,0.16557734204796684,0.30856662318192807
2023,British_Grand_Prix,R,TSU,3.0,AlphaTauri,False,SOFT,British_Grand_Prix,13,19.0,0,,inf,0.6829872997378895
2023,British_Grand_Prix,R,VER,1.0,Red Bull Racing,True,MEDIUM,British_Grand_Prix,30,32.0,0,,-3.441929924886899,0.35923438871985297
2023,British_Grand_Prix,R,VER,2.0,Red Bull Racing,True,SOFT,British_Grand_Prix,13,21.0,0,,0.702901998097204,0.6152485786345518
2023,British_Grand_Prix,R,ZHO,1.0,Alfa Romeo,False,MEDIUM,British_Grand_Prix,20,23.0,0,,-0.26453731055742596,0.32278477191383403
2023,British_Grand_Prix,R,ZHO,2.0,Alfa Romeo,False,HARD,British_Grand_Prix,6,7.0,0,,,
2023,British_Grand_Prix,R,ZHO,4.0,Alfa Romeo,False,SOFT,British_Grand_Prix,13,18.0,0,,inf,0.3139354658426557
2023,Canadian_Grand_Prix,R,ALB,1.0,Williams,False,MEDIUM,Canadian_Grand_Prix,7,12.0,0,,inf,0.08177631492510752
2023,Canadian_Grand_Prix,R,ALB,2.0,Williams,False,HARD,Canadian_Grand_Prix,49,57.0,0,,-0.16235681109912456,0.375218967980874
2023,Canadian_Grand_Prix,R,ALO,1.0,Aston Martin,False,MEDIUM,Canadian_Grand_Prix,8,11.0,0,,-1.3000606183068222,0.8480797136881594
2023,Canadian_Grand_Prix,R,ALO,2.0,Aston Martin,False,HARD,Canadian_Grand_Prix,23,28.0,0,,-0.6902893025344351,0.22725789551484593
2023,Canadian_Grand_Prix,R,ALO,3.0,Aston Martin,False,HARD,Canadian_Grand_Prix,24,28.0,0,,inf,0.3253571271813709
2023,Canadian_Grand_Prix,R,BOT,1.0,Alfa Romeo,False,HARD,Canadian_Grand_Prix,23,35.0,0,,-0.17854598281209832,0.5605759897310069
2023,Canadian_Grand_Prix,R,BOT,2.0,Alfa Romeo,False,MEDIUM,Canadian_Grand_Prix,31,33.0,0,,-19.835080669223643,0.4310257593702589
2023,Canadian_Grand_Prix,R,DEV,1.0,AlphaTauri,False,MEDIUM,Canadian_Grand_Prix,6,10.0,0,,,
2023,Canadian_Grand_Prix,R,DEV,2.0,AlphaTauri,False,HARD,Canadian_Grand_Prix,30,38.0,0,,inf,0.3001095166699154
2023,Canadian_Grand_Prix,R,DEV,3.0,AlphaTauri,False,HARD,Canadian_Grand_Prix,17,18.0,0,,-3.036647727272765,0.8200856439433579
2023,Canadian_Grand_Prix,R,GAS,1.0,Alpine,False,SOFT,Canadian_Grand_Prix,5,9.0,0,,,
2023,Canadian_Grand_Prix,R,GAS,2.0,Alpine,False,HARD,Canadian_Grand_Prix,15,22.0,0,,inf,0.390853109321136
2023,Canadian_Grand_Prix,R,GAS,3.0,Alpine,False,HARD,Canadian_Grand_Prix,32,36.0,0,,-0.25730472966944373,0.3153674655534114
2023,Canadian_Grand_Prix,R,HAM,1.0,Mercedes,False,MEDIUM,Canadian_Grand_Prix,8,11.0,0,,-2.7058823529414315,0.46907220302026315
2023,Canadian_Grand_Prix,R,HAM,2.0,Mercedes,False,HARD,Canadian_Grand_Prix,22,10.0,1,10.0,inf,0.23217195960397863
2023,Canadian_Grand_Prix,R,HAM,3.0,Mercedes,False,MEDIUM,Canadian_Grand_Prix,26,29.0,0,,1.3130736750581933,0.3806192960643703
2023,Canadian_Grand_Prix,R,HUL,1.0,Haas F1 Team,False,MEDIUM,Canadian_Grand_Prix,6,10.0,0,,,
2023,Canadian_Grand_Prix,R,HUL,2.0,Haas F1 Team,False,HARD,Canadian_Grand_Prix,13,19.0,0,,inf,0.36590216172695034
2023,Canadian_Grand_Prix,R,HUL,3.0,Haas F1 Team,False,HARD,Canadian_Grand_Prix,35,37.0,0,,4.515573431949367,0.16112865416125116
2023,Canadian_Grand_Prix,R,LEC,1.0,Ferrari,False,MEDIUM,Canadian_Grand_Prix,25,38.0,0,,inf,0.7859713900129042
2023,Canadian_Grand_Prix,R,LEC,2.0,Ferrari,False,HARD,Canadian_Grand_Prix,28,26.0,1,26.0,inf,0.3354462957478594
2023,Canadian_Grand_Prix,R,MAG,1.0,Haas F1 Team,False,HARD,Canadian_Grand_Prix,24,34.0,0,,0.6826473018106589,0.31710863737149503
2023,Canadian_Grand_Prix,R,MAG,2.0,Haas F1 Team,False,MEDIUM,Canadian_Grand_Prix,13,17.0,0,,inf,0.6345232901112522
2023,Canadian_Grand_Prix,R,MAG,3.0,Haas F1 Team,False,MEDIUM,Canadian_Grand_Prix,14,15.0,0,,-0.053912355326936535,0.618133164333622
2023,Canadian_Grand_Prix,R,NOR,1.0,McLaren,False,MEDIUM,Canadian_Grand_Prix,8,11.0,0,,-10.949265687589431,0.5281264022970464
2023,Canadian_Grand_Prix,R,NOR,2.0,McLaren,False,HARD,Canadian_Grand_Prix,17,22.0,0,,inf,0.6522155770328314
2023,Canadian_Grand_Prix,R,NOR,3.0,McLaren,False,HARD,Canadian_Grand_Prix,30,35.0,0,,inf,0.21506669753612864
2023,Canadian_Grand_Prix,R,OCO,1.0,Alpine,False,MEDIUM,Canadian_Grand_Prix,8,11.0,0,,inf,0.04914538862944798
2023,Canadian_Grand_Prix,R,OCO,2.0,Alpine,False,HARD,Canadian_Grand_Prix,17,23.0,0,,inf,0.4891397487984542
2023,Canadian_Grand_Prix,R,OCO,3.0,Alpine,False,HARD,Canadian_Grand_Prix,31,33.0,0,,inf,0.3063385186120805
2023,Canadian_Grand_Prix,R,PER,1.0,Red Bull Racing,True,HARD,Canadian_Grand_Prix,22,36.0,0,,0.38585844246492385,0.7944005674434862
2023,Canadian_Grand_Prix,R,PER,2.0,Red Bull Racing,True,MEDIUM,Canadian_Grand_Prix,28,30.0,0,,inf,0.3598874450549202
2023,Canadian_Grand_Prix,R,PIA,1.0,McLaren,False,MEDIUM,Canadian_Grand_Prix,8,11.0,0,,inf,0.45948142680993864
2023,Canadian_Grand_Prix,R,PIA,2.0,McLaren,False,HARD,Canadian_Grand_Prix,18,24.0,0,,0.08077620054364003,0.6054939363791881
2023,Canadian_Grand_Prix,R,PIA,3.0,McLaren,False,HARD,Canadian_Grand_Prix,28,32.0,0,,inf,0.3495151039848282
2023,Canadian_Grand_Prix,R,RUS,1.0,Mercedes,False,MEDIUM,Canadian_Grand_Prix,8,11.0,0,,inf,0.4421573200264926
2023,Canadian_Grand_Prix,R,RUS,2.0,Mercedes,False,HARD,Canadian_Grand_Prix,33,41.0,0,,-8.291889865937422,0.3016554913851765
2023,Canadian_Grand_Prix,R,SAI,1.0,Ferrari,False,MEDIUM,Canadian_Grand_Prix,24,37.0,0,,inf,0.7983929345032729
2023,Canadian_Grand_Prix,R,SAI,2.0,Ferrari,False,HARD,Canadian_Grand_Prix,27,31.0,0,,20.906097124436283,0.2604028527466528
2023,Canadian_Grand_Prix,R,SAR,1.0,Williams,False,MEDIUM,Canadian_Grand_Prix,4,6.0,0,,,
2023,Canadian_Grand_Prix,R,STR,1.0,Aston Martin,False,MEDIUM,Canadian_Grand_Prix,6,10.0,0,,,
2023,Canadian_Grand_Prix,R,STR,2.0,Aston Martin,False,HARD,Canadian_Grand_Prix,9,15.0,0,,inf,0.5048982969208374
2023,Canadian_Grand_Prix,R,STR,3.0,Aston Martin,False,HARD,Canadian_Grand_Prix,37,42.0,0,,inf,0.4855341407161353
2023,Canadian_Grand_Prix,R,TSU,2.0,AlphaTauri,False,HARD,Canadian_Grand_Prix,24,32.0,0,,0.12764686195561367,0.47194257429566394
2023,Canadian_Grand_Prix,R,VER,1.0,Red Bull Racing,True,MEDIUM,Canadian_Grand_Prix,8,11.0,0,,inf,0.5567214868468463
2023,Canadian_Grand_Prix,R,VER,2.0,Red Bull Racing,True,HARD,Canadian_Grand_Prix,25,29.0,0,,inf,0.2627808667818194
2023,Canadian_Grand_Prix,R,VER,3.0,Red Bull Racing,True,MEDIUM,Canadian_Grand_Prix,25,27.0,0,,inf,0.3068293574166635
2023,Canadian_Grand_Prix,R,ZHO,1.0,Alfa Romeo,False,MEDIUM,Canadian_Grand_Prix,7,11.0,0,,-0.7169698777214227,0.5827154449546784
2023,Canadian_Grand_Prix,R,ZHO,2.0,Alfa Romeo,False,HARD,Canadian_Grand_Prix,13,19.0,0,,0.03304911732917286,0.39987989327780676
2023,Canadian_Grand_Prix,R,ZHO,3.0,Alfa Romeo,False,HARD,Canadian_Grand_Prix,31,36.0,0,,inf,0.4141018145154831
2023,Dutch_Grand_Prix,R,ALB,1.0,Williams,False,SOFT,Dutch_Grand_Prix,27,43.0,0,,-0.20009576498063522,0.653668772589385
2023,Dutch_Grand_Prix,R,ALB,2.0,Williams,False,MEDIUM,Dutch_Grand_Prix,13,16.0,0,,inf,0.48314534792812586
2023,Dutch_Grand_Prix,R,ALB,5.0,Williams,False,INTERMEDIATE,Dutch_Grand_Prix,4,13.0,0,,,
2023,Dutch_Grand_Prix,R,ALO,2.0,Aston Martin,False,INTERMEDIATE,Dutch_Grand_Prix,5,7.0,0,,,
2023,Dutch_Grand_Prix,R,ALO,3.0,Aston Martin,False,SOFT,Dutch_Grand_Prix,26,37.0,0,,inf,0.6546152858528441
2023,Dutch_Grand_Prix,R,ALO,4.0,Aston Martin,False,SOFT,Dutch_Grand_Prix,10,14.0,0,,1.02348336594915,0.5780335012466129
2023,Dutch_Grand_Prix,R,ALO,6.0,Aston Martin,False,INTERMEDIATE,Dutch_Grand_Prix,5,13.0,0,,,
2023,Dutch_Grand_Prix,R,BOT,1.0,Alfa Romeo,False,SOFT,Dutch_Grand_Prix,5,15.0,0,,,
2023,Dutch_Grand_Prix,R,BOT,2.0,Alfa Romeo,False,MEDIUM,Dutch_Grand_Prix,23,30.0,0,,inf,0.4409830629110408
2023,Dutch_Grand_Prix,R,BOT,3.0,Alfa Romeo,False,SOFT,Dutch_Grand_Prix,10,11.0,0,,0.46653694737318113,0.5660920557787599
2023,Dutch_Grand_Prix,R,BOT,6.0,Alfa Romeo,False,INTERMEDIATE,Dutch_Grand_Prix,3,8.0,0,,,
2023,Dutch_Grand_Prix,R,GAS,2.0,Alpine,False,INTERMEDIATE,Dutch_Grand_Prix,7,15.0,0,,inf,0.4986959547335917
2023,Dutch_Grand_Prix,R,GAS,3.0,Alpine,False,SOFT,Dutch_Grand_Prix,24,34.0,0,,inf,0.723243630401545
2023,Dutch_Grand_Prix,R,GAS,4.0,Alpine,False,SOFT,Dutch_Grand_Prix,10,13.0,0,,0.5040665434381156,0.3862236209029504
2023,Dutch_Grand_Prix,R,GAS,6.0,Alpine,False,INTERMEDIATE,Dutch_Grand_Prix,4,11.0,0,,,
2023,Dutch_Grand_Prix,R,HAM,3.0,Mercedes,False,SOFT,Dutch_Grand_Prix,24,35.0,0,,-0.1359569942744115,0.5554337054305833
2023,Dutch_Grand_Prix,R,HAM,4.0,Mercedes,False,SOFT,Dutch_Grand_Prix,8,14.0,0,,3.873263888889002,0.5015213691446986
2023,Dutch_Grand_Prix,R,HAM,6.0,Mercedes,False,INTERMEDIATE,Dutch_Grand_Prix,4,13.0,0,,,
2023,Dutch_Grand_Prix,R,HUL,1.0,Haas F1 Team,False,SOFT,Dutch_Grand_Prix,6,15.0,0,,,
2023,Dutch_Grand_Prix,R,HUL,2.0,Haas F1 Team,False,MEDIUM,Dutch_Grand_Prix,25,31.0,0,,inf,0.43107868448672126
2023,Dutch_Grand_Prix,R,HUL,3.0,Haas F1 Team,False,SOFT,Dutch_Grand_Prix,9,11.0,0,,inf,0.5011707623118599
2023,Dutch_Grand_Prix,R,HUL,6.0,Haas F1 Team,False,INTERMEDIATE,Dutch_Grand_Prix,4,12.0,0,,,
2023,Dutch_Grand_Prix,R,LAW,2.0,AlphaTauri,False,INTERMEDIATE,Dutch_Grand_Prix,7,13.0,0,,inf,0.5807254431102893
2023,Dutch_Grand_Prix,R,LAW,4.0,AlphaTauri,False,MEDIUM,Dutch_Grand_Prix,22,28.0,0,,21.418840815005467,0.2655619121307828
2023,Dutch_Grand_Prix,R,LAW,5.0,AlphaTauri,False,SOFT,Dutch_Grand_Prix,11,12.0,0,,-1.3762988908345712,0.47390937518365606
2023,Dutch_Grand_Prix,R,LAW,8.0,AlphaTauri,False,INTERMEDIATE,Dutch_Grand_Prix,5,15.0,0,,,
2023,Dutch_Grand_Prix,R,LEC,2.0,Ferrari,False,INTERMEDIATE,Dutch_Grand_Prix,7,9.0,0,,inf,0.3575252806905867
2023,Dutch_Grand_Prix,R,LEC,3.0,Ferrari,False,SOFT,Dutch_Grand_Prix,21,29.0,0,,-0.029429904439877773,0.3461037396374607
2023,Dutch_Grand_Prix,R,MAG,2.0,Haas F1 Team,False,INTERMEDIATE,Dutch_Grand_Prix,4,7.0,0,,,
2023,Dutch_Grand_Prix,R,MAG,3.0,Haas F1 Team,False,SOFT,Dutch_Grand_Prix,14,25.0,0,,-0.7481777481778006,0.4037430276606826
2023,Dutch_Grand_Prix,R,MAG,4.0,Haas F1 Team,False,MEDIUM,Dutch_Grand_Prix,21,24.0,0,,3.062131865406377,0.3584352093981048
2023,Dutch_Grand_Prix,R,MAG,7.0,Haas F1 Team,False,INTERMEDIATE,Dutch_Grand_Prix,4,11.0,0,,,
2023,Dutch_Grand_Prix,R,NOR,2.0,McLaren,False,INTERMEDIATE,Dutch_Grand_Prix,5,6.0,0,,,
2023,Dutch_Grand_Prix,R,NOR,3.0,McLaren,False,SOFT,Dutch_Grand_Prix,22,32.0,0,,-0.2045832725692375,0.7484200936206529
2023,Dutch_Grand_Prix,R,NOR,4.0,McLaren,False,SOFT,Dutch_Grand_Prix,15,20.0,0,,inf,0.7058476002668191
2023,Dutch_Grand_Prix,R,NOR,7.0,McLaren,False,INTERMEDIATE,Dutch_Grand_Prix,5,19.0,0,,,
2023,Dutch_Grand_Prix,R,OCO,2.0,Alpine,False,INTERMEDIATE,Dutch_Grand_Prix,5,7.0,0,,,
2023,Dutch_Grand_Prix,R,OCO,3.0,Alpine,False,SOFT,Dutch_Grand_Prix,20,32.0,0,,inf,0.5239939617367116
2023,Dutch_Grand_Prix,R,OCO,4.0,Alpine,False,SOFT,Dutch_Grand_Prix,12,17.0,0,,11.778378766141723,0.48286095631586967
2023,Dutch_Grand_Prix,R,OCO,7.0,Alpine,False,INTERMEDIATE,Dutch_Grand_Prix,4,8.0,0,,,
2023,Dutch_Grand_Prix,R,PER,2.0,Red Bull Racing,True,INTERMEDIATE,Dutch_Grand_Prix,8,10.0,0,,0.25583240755435227,0.5805783477295006
2023,Dutch_Grand_Prix,R,PER,3.0,Red Bull Racing,True,SOFT,Dutch_Grand_Prix,23,32.0,0,,inf,0.578945744713034
2023,Dutch_Grand_Prix,R,PER,4.0,Red Bull Racing,True,SOFT,Dutch_Grand_Prix,13,15.0,0,,-2.20870567886995,0.6908657071127822
2023,Dutch_Grand_Prix,R,PER,7.0,Red Bull Racing,True,INTERMEDIATE,Dutch_Grand_Prix,5,14.0,0,,,
2023,Dutch_Grand_Prix,R,PIA,1.0,McLaren,False,SOFT,Dutch_Grand_Prix,4,14.0,0,,,
2023,Dutch_Grand_Prix,R,PIA,2.0,McLaren,False,SOFT,Dutch_Grand_Prix,22,30.0,0,,-0.3322714681440307,0.41602058343605847
2023,Dutch_Grand_Prix,R,PIA,3.0,McLaren,False,MEDIUM,Dutch_Grand_Prix,12,13.0,0,,inf,0.7434261492550002
2023,Dutch_Grand_Prix,R,PIA,6.0,McLaren,False,INTERMEDIATE,Dutch_Grand_Prix,4,12.0,0,,,
2023,Dutch_Grand_Prix,R,RUS,4.0,Mercedes,False,HARD,Dutch_Grand_Prix,29,43.0,0,,inf,0.3968005072254537
2023,Dutch_Grand_Prix,R,SAI,2.0,Ferrari,False,INTERMEDIATE,Dutch_Grand_Prix,5,7.0,0,,,
2023,Dutch_Grand_Prix,R,SAI,3.0,Ferrari,False,SOFT,Dutch_Grand_Prix,20,30.0,0,,-0.2679518848209297,0.6842431134932117
2023,Dutch_Grand_Prix,R,SAI,4.0,Ferrari,False,SOFT,Dutch_Grand_Prix,17,20.0,0,,0.6355490947535508,0.4631153231729896
2023,Dutch_Grand_Prix,R,SAI,6.0,Ferrari,False,INTERMEDIATE,Dutch_Grand_Prix,4,11.0,0,,,
2023,Dutch_Grand_Prix,R,SAR,1.0,Williams,False,SOFT,Dutch_Grand_Prix,3,14.0,0,,,
2023,Dutch_Grand_Prix,R,STR,3.0,Aston Martin,False,SOFT,Dutch_Grand_Prix,4,6.0,0,,,
2023,Dutch_Grand_Prix,R,STR,4.0,Aston Martin,False,MEDIUM,Dutch_Grand_Prix,11,17.0,0,,inf,0.7248055393639837
2023,Dutch_Grand_Prix,R,STR,5.0,Aston Martin,False,SOFT,Dutch_Grand_Prix,24,25.0,0,,0.23218151775140528,0.6319721247188377
2023,Dutch_Grand_Prix,R,STR,8.0,Aston Martin,False,INTERMEDIATE,Dutch_Grand_Prix,4,13.0,0,,,
2023,Dutch_Grand_Prix,R,TSU,2.0,AlphaTauri,False,INTERMEDIATE,Dutch_Grand_Prix,6,13.0,0,,,
2023,Dutch_Grand_Prix,R,TSU,3.0,AlphaTauri,False,SOFT,Dutch_Grand_Prix,37,49.0,0,,inf,0.5539369646918876
2023,Dutch_Grand_Prix,R,TSU,6.0,AlphaTauri,False,INTERMEDIATE,Dutch_Grand_Prix,4,13.0,0,,,
2023,Dutch_Grand_Prix,R,VER,2.0,Red Bull Racing,True,INTERMEDIATE,Dutch_Grand_Prix,6,8.0,0,,,
2023,Dutch_Grand_Prix,R,VER,3.0,Red Bull Racing,True,SOFT,Dutch_Grand_Prix,27,37.0,0,,inf,0.765232640051329
2023,Dutch_Grand_Prix,R,VER,4.0,Red Bull Racing,True,SOFT,Dutch_Grand_Prix,10,12.0,0,,1.6319648093844497,0.5600992477284572
2023,Dutch_Grand_Prix,R,VER,7.0,Red Bull Racing,True,INTERMEDIATE,Dutch_Grand_Prix,5,11.0,0,,,
2023,Dutch_Grand_Prix,R,ZHO,2.0,Alfa Romeo,False,INTERMEDIATE,Dutch_Grand_Prix,6,8.0,0,,,
2023,Dutch_Grand_Prix,R,ZHO,3.0,Alfa Romeo,False,MEDIUM,Dutch_Grand_Prix,15,26.0,0,,inf,0.6602612055319196
2023,Dutch_Grand_Prix,R,ZHO,4.0,Alfa Romeo,False,SOFT,Dutch_Grand_Prix,19,22.0,0,,0.3487169933315872,0.5525879542736861
2023,Hungarian_Grand_Prix,R,ALB,1.0,Williams,False,MEDIUM,Hungarian_Grand_Prix,4,7.0,0,,,
2023,Hungarian_Grand_Prix,R,ALB,2.0,Williams,False,HARD,Hungarian_Grand_Prix,21,25.0,0,,-1.9010005265931083,0.2888034160263401
2023,Hungarian_Grand_Prix,R,ALB,3.0,Williams,False,HARD,Hungarian_Grand_Prix,36,37.0,0,,-0.05215100128709321,0.3644944540733159
2023,Hungarian_Grand_Prix,R,ALO,1.0,Aston Martin,False,MEDIUM,Hungarian_Grand_Prix,17,22.0,0,,-0.21967910012602987,0.43432932393476603
2023,Hungarian_Grand_Prix,R,ALO,2.0,Aston Martin,False,HARD,Hungarian_Grand_Prix,20,26.0,0,,inf,0.5028870920806359
2023,Hungarian_Grand_Prix,R,ALO,3.0,Aston Martin,False,HARD,Hungarian_Grand_Prix,23,26.0,0,,inf,0.7025959054938837
2023,Hungarian_Grand_Prix,R,BOT,1.0,Alfa Romeo,False,MEDIUM,Hungarian_Grand_Prix,6,11.0,0,,,
2023,Hungarian_Grand_Prix,R,BOT,2.0,Alfa Romeo,False,HARD,Hungarian_Grand_Prix,29,35.0,0,,-0.02865355805244205,0.3751779024709332
2023,Hungarian_Grand_Prix,R,BOT,3.0,Alfa Romeo,False,HARD,Hungarian_Grand_Prix,27,31.0,0,,-7.058160753433327,0.3845529711264902
2023,Hungarian_Grand_Prix,R,HAM,1.0,Mercedes,False,MEDIUM,Hungarian_Grand_Prix,13,18.0,0,,22.318264014466546,0.22784553056072498
2023,Hungarian_Grand_Prix,R,HAM,2.0,Mercedes,False,HARD,Hungarian_Grand_Prix,29,32.0,0,,inf,0.6089895214019213
2023,Hungarian_Grand_Prix,R,HAM,3.0,Mercedes,False,MEDIUM,Hungarian_Grand_Prix,19,23.0,0,,inf,0.4328298000809178
2023,Hungarian_Grand_Prix,R,HUL,1.0,Haas F1 Team,False,MEDIUM,Hungarian_Grand_Prix,13,18.0,0,,inf,0.7775513205232198
2023,Hungarian_Grand_Prix,R,HUL,2.0,Haas F1 Team,False,HARD,Hungarian_Grand_Prix,20,24.0,0,,1.0025227542541169,0.3002034018328274
2023,Hungarian_Grand_Prix,R,HUL,3.0,Haas F1 Team,False,HARD,Hungarian_Grand_Prix,29,35.0,0,,-7.694375068362942,0.31013865502359017
2023,Hungarian_Grand_Prix,R,LEC,1.0,Ferrari,False,MEDIUM,Hungarian_Grand_Prix,14,19.0,0,,inf,0.5584651715408815
2023,Hungarian_Grand_Prix,R,LEC,2.0,Ferrari,False,HARD,Hungarian_Grand_Prix,24,25.0,0,,0.3231149194039157,0.4231471136875831
2023,Hungarian_Grand_Prix,R,LEC,3.0,Ferrari,False,HARD,Hungarian_Grand_Prix,25,30.0,0,,inf,0.5889365448298555
2023,Hungarian_Grand_Prix,R,MAG,1.0,Haas F1 Team,False,MEDIUM,Hungarian_Grand_Prix,10,13.0,0,,inf,0.28191164426176984
2023,Hungarian_Grand_Prix,R,MAG,2.0,Haas F1 Team,False,HARD,Hungarian_Grand_Prix,25,29.0,0,,0.9533074945516617,0.08022291774579744
2023,Hungarian_Grand_Prix,R,MAG,3.0,Haas F1 Team,False,HARD,Hungarian_Grand_Prix,25,32.0,0,,-12.195285399551075,0.22134706908479373
2023,Hungarian_Grand_Prix,R,NOR,1.0,McLaren,False,MEDIUM,Hungarian_Grand_Prix,14,16.0,0,,inf,0.4141560796645187
2023,Hungarian_Grand_Prix,R,NOR,2.0,McLaren,False,HARD,Hungarian_Grand_Prix,25,10.0,1,10.0,37.09548750995323,0.23631268510132564
2023,Hungarian_Grand_Prix,R,NOR,3.0,McLaren,False,MEDIUM,Hungarian_Grand_Prix,24,28.0,0,,0.825569877223918,0.5508611512380103
2023,Hungarian_Grand_Prix,R,PER,1.0,Red Bull Racing,True,HARD,Hungarian_Grand_Prix,20,26.0,0,,inf,0.2744009358580509
2023,Hungarian_Grand_Prix,R,PER,2.0,Red Bull Racing,True,MEDIUM,Hungarian_Grand_Prix,15,19.0,1,19.0,inf,0.6302397871159322
2023,Hungarian_Grand_Prix,R,PER,3.0,Red Bull Racing,True,MEDIUM,Hungarian_Grand_Prix,26,30.0,0,,inf,0.5783742103792878
2023,Hungarian_Grand_Prix,R,PIA,1.0,McLaren,False,MEDIUM,Hungarian_Grand_Prix,16,19.0,0,,inf,0.6597967369144707
2023,Hungarian_Grand_Prix,R,PIA,2.0,McLaren,False,HARD,Hungarian_Grand_Prix,21,23.0,0,,1.609292781972107,0.42218366792475964
2023,Hungarian_Grand_Prix,R,PIA,3.0,McLaren,False,MEDIUM,Hungarian_Grand_Prix,25,30.0,0,,1.072946551610416,0.1870084293499175
2023,Hungarian_Grand_Prix,R,RIC,1.0,AlphaTauri,False,MEDIUM,Hungarian_Grand_Prix,14,20.0,0,,inf,0.47686192444731745
2023,Hungarian_Grand_Prix,R,RIC,2.0,AlphaTauri,False,HARD,Hungarian_Grand_Prix,9,13.0,0,,0.2965517241379122,0.28332046678539896
2023,Hungarian_Grand_Prix,R,RIC,3.0,AlphaTauri,False,MEDIUM,Hungarian_Grand_Prix,37,42.0,0,,-69.93301897650682,0.27022012383485516
2023,Hungarian_Grand_Prix,R,RUS,1.0,Mercedes,False,HARD,Hungarian_Grand_Prix,24,27.0,0,,inf,0.1977797351017368
2023,Hungarian_Grand_Prix,R,RUS,2.0,Mercedes,False,MEDIUM,Hungarian_Grand_Prix,15,17.0,0,,-0.018694839354805034,0.4748356094499061
2023,Hungarian_Grand_Prix,R,RUS,3.0,Mercedes,False,MEDIUM,Hungarian_Grand_Prix,22,23.0,0,,-0.7429884365336735,0.6592443835360888
2023,Hungarian_Grand_Prix,R,SAI,1.0,Ferrari,False,SOFT,Hungarian_Grand_Prix,12,14.0,0,,inf,0.4856319213134652
2023,Hungarian_Grand_Prix,R,SAI,2.0,Ferrari,False,HARD,Hungarian_Grand_Prix,25,28.0,0,,0.661677352853856,0.5789059483492431
2023,Hungarian_Grand_Prix,R,SAI,3.0,Ferrari,False,HARD,Hungarian_Grand_Prix,24,28.0,0,,-7.457153242661725,0.4466053772558469
2023,Hungarian_Grand_Prix,R,SAR,1.0,Williams,False,MEDIUM,Hungarian_Grand_Prix,9,12.0,0,,inf,0.3065928998789516
2023,Hungarian_Grand_Prix,R,SAR,2.0,Williams,False,HARD,Hungarian_Grand_Prix,19,11.0,1,11.0,inf,0.700491896956753
2023,Hungarian_Grand_Prix,R,SAR,3.0,Williams,False,HARD,Hungarian_Grand_Prix,31,32.0,0,,-18.96192587140768,0.26420700107184464
2023,Hungarian_Grand_Prix,R,STR,1.0,Aston Martin,False,SOFT,Hungarian_Grand_Prix,6,8.0,0,,,
2023,Hungarian_Grand_Prix,R,STR,2.0,Aston Martin,False,HARD,Hungarian_Grand_Prix,23,29.0,0,,-9.032391326172064,0.37427150808844334
2023,Hungarian_Grand_Prix,R,STR,3.0,Aston Martin,False,HARD,Hungarian_Grand_Prix,33,38.0,0,,inf,0.5479939422138749
2023,Hungarian_Grand_Prix,R,TSU,1.0,AlphaTauri,False,SOFT,Hungarian_Grand_Prix,6,8.0,0,,,
2023,Hungarian_Grand_Prix,R,TSU,2.0,AlphaTauri,False,HARD,Hungarian_Grand_Prix,33,37.0,0,,1.4274123691004694,0.5273321208190352
2023,Hungarian_Grand_Prix,R,TSU,3.0,AlphaTauri,False,MEDIUM,Hungarian_Grand_Prix,21,24.0,0,,-6.347725520431145,0.39693485483660973
2023,Hungarian_Grand_Prix,R,VER,1.0,Red Bull Racing,True,MEDIUM,Hungarian_Grand_Prix,21,25.0,0,,inf,0.45714004423060717
2023,Hungarian_Grand_Prix,R,VER,2.0,Red Bull Racing,True,HARD,Hungarian_Grand_Prix,25,27.0,0,,inf,0.2545142896511069
2023,Hungarian_Grand_Prix,R,VER,3.0,Red Bull Racing,True,MEDIUM,Hungarian_Grand_Prix,14,21.0,0,,-0.040375751722919635,0.7624929637639927
2023,Hungarian_Grand_Prix,R,ZHO,1.0,Alfa Romeo,False,MEDIUM,Hungarian_Grand_Prix,7,12.0,0,,inf,0.19890792952298184
2023,Hungarian_Grand_Prix,R,ZHO,2.0,Alfa Romeo,False,HARD,Hungarian_Grand_Prix,26,32.0,0,,0.08199098673893411,0.7660585706900794
2023,Hungarian_Grand_Prix,R,ZHO,3.0,Alfa Romeo,False,HARD,Hungarian_Grand_Prix,29,35.0,0,,inf,0.2303478594108394
2023,Italian_Grand_Prix,R,ALB,1.0,Williams,False,MEDIUM,Italian_Grand_Prix,13,13.0,1,13.0,inf,0.7658952801050447
2023,Italian_Grand_Prix,R,ALB,2.0,Williams,False,HARD,Italian_Grand_Prix,34,38.0,0,,inf,0.32177778640704807
2023,Italian_Grand_Prix,R,ALO,1.0,Aston Martin,False,MEDIUM,Italian_Grand_Prix,18,20.0,0,,12.411527683548393,0.44075751190745605
2023,Italian_Grand_Prix,R,ALO,2.0,Aston Martin,False,HARD,Italian_Grand_Prix,28,32.0,0,,inf,0.818127472120644
2023,Italian_Grand_Prix,R,BOT,1.0,Alfa Romeo,False,HARD,Italian_Grand_Prix,23,27.0,0,,-13.769917315171156,0.24452469757152154
2023,Italian_Grand_Prix,R,BOT,2.0,Alfa Romeo,False,MEDIUM,Italian_Grand_Prix,24,28.0,0,,0.30525625925202915,0.4478609233103694
2023,Italian_Grand_Prix,R,GAS,1.0,Alpine,False,MEDIUM,Italian_Grand_Prix,6,9.0,0,,,
2023,Italian_Grand_Prix,R,GAS,2.0,Alpine,False,HARD,Italian_Grand_Prix,19,14.0,1,14.0,inf,0.369701981854076
2023,Italian_Grand_Prix,R,GAS,3.0,Alpine,False,MEDIUM,Italian_Grand_Prix,15,16.0,1,16.0,inf,0.6613462760747776
2023,Italian_Grand_Prix,R,HAM,1.0,Mercedes,False,HARD,Italian_Grand_Prix,24,13.0,1,13.0,inf,0.36536284836213156
2023,Italian_Grand_Prix,R,HAM,2.0,Mercedes,False,MEDIUM,Italian_Grand_Prix,21,23.0,0,,-1.1022555665453801,0.3681523223872747
2023,Italian_Grand_Prix,R,HUL,1.0,Haas F1 Team,False,MEDIUM,Italian_Grand_Prix,12,16.0,0,,inf,0.42103176924473307
2023,Italian_Grand_Prix,R,HUL,2.0,Haas F1 Team,False,HARD,Italian_Grand_Prix,23,19.0,1,19.0,8.112634330526488,0.33787510829442563
2023,Italian_Grand_Prix,R,HUL,3.0,Haas F1 Team,False,MEDIUM,Italian_Grand_Prix,10,14.0,0,,-5.316578483245955,0.7793178403613433
2023,Italian_Grand_Prix,R,LAW,1.0,AlphaTauri,False,MEDIUM,Italian_Grand_Prix,11,15.0,0,,inf,0.8766019040195479
2023,Italian_Grand_Prix,R,LAW,2.0,AlphaTauri,False,HARD,Italian_Grand_Prix,18,22.0,0,,0.6723708901679986,0.16178120765166726
2023,Italian_Grand_Prix,R,LAW,3.0,AlphaTauri,False,MEDIUM,Italian_Grand_Prix,16,17.0,1,17.0,inf,0.38712766926922815
2023,Italian_Grand_Prix,R,LEC,1.0,Ferrari,False,MEDIUM,Italian_Grand_Prix,17,19.0,0,,0.6477068201381472,0.2559378300740462
2023,Italian_Grand_Prix,R,LEC,2.0,Ferrari,False,HARD,Italian_Grand_Prix,29,30.0,0,,1.8844376471702122,0.43039685421982676
2023,Italian_Grand_Prix,R,MAG,1.0,Haas F1 Team,False,HARD,Italian_Grand_Prix,8,15.0,0,,inf,0.9868035084445246
2023,Italian_Grand_Prix,R,MAG,2.0,Haas F1 Team,False,MEDIUM,Italian_Grand_Prix,17,20.0,0,,0.18832252085264045,0.6217315868647976
2023,Italian_Grand_Prix,R,MAG,3.0,Haas F1 Team,False,MEDIUM,Italian_Grand_Prix,15,17.0,0,,1.0572159955721692,0.4417799496503209
2023,Italian_Grand_Prix,R,NOR,1.0,McLaren,False,MEDIUM,Italian_Grand_Prix,19,12.0,1,12.0,inf,0.3833053111319182
2023,Italian_Grand_Prix,R,NOR,2.0,McLaren,False,HARD,Italian_Grand_Prix,27,32.0,0,,-3.2833456153280527,0.24910548810369207
2023,Italian_Grand_Prix,R,OCO,1.0,Alpine,False,MEDIUM,Italian_Grand_Prix,20,23.0,0,,0.8769019068213495,0.27299113080599424
2023,Italian_Grand_Prix,R,OCO,2.0,Alpine,False,HARD,Italian_Grand_Prix,13,17.0,0,,inf,0.6627426315762726
2023,Italian_Grand_Prix,R,PER,1.0,Red Bull Racing,True,MEDIUM,Italian_Grand_Prix,18,20.0,0,,-0.5324973876697887,0.6786934289482422
2023,Italian_Grand_Prix,R,PER,2.0,Red Bull Racing,True,HARD,Italian_Grand_Prix,28,29.0,0,,inf,0.43455752778551937
2023,Italian_Grand_Prix,R,PIA,1.0,McLaren,False,MEDIUM,Italian_Grand_Prix,20,11.0,1,11.0,inf,0.5417742625771342
2023,Italian_Grand_Prix,R,PIA,2.0,McLaren,False,HARD,Italian_Grand_Prix,16,22.0,0,,1.09238451935084,0.25191344869918375
2023,Italian_Grand_Prix,R,PIA,3.0,McLaren,False,MEDIUM,Italian_Grand_Prix,8,12.0,0,,-1.3540551667353538,0.7527656244758979
2023,Italian_Grand_Prix,R,RUS,1.0,Mercedes,False,MEDIUM,Italian_Grand_Prix,16,18.0,0,,0.5953461975028305,0.11083608277985554
2023,Italian_Grand_Prix,R,RUS,2.0,Mercedes,False,HARD,Italian_Grand_Prix,30,34.0,0,,inf,0.583471171392589
2023,Italian_Grand_Prix,R,SAI,1.0,Ferrari,False,MEDIUM,Italian_Grand_Prix,17,18.0,0,,-2.5230187464799774,0.6233198307218659
2023,Italian_Grand_Prix,R,SAI,2.0,Ferrari,False,HARD,Italian_Grand_Prix,29,22.0,1,22.0,3.995279687149692,0.5138687779702896
2023,Italian_Grand_Prix,R,SAR,1.0,Williams,False,MEDIUM,Italian_Grand_Prix,12,16.0,0,,inf,0.6682914127153037
2023,Italian_Grand_Prix,R,SAR,2.0,Williams,False,HARD,Italian_Grand_Prix,35,39.0,0,,28.19155984444909,0.2753976258778938
2023,Italian_Grand_Prix,R,STR,1.0,Aston Martin,False,MEDIUM,Italian_Grand_Prix,16,12.0,1,12.0,inf,0.5672567714110291
2023,Italian_Grand_Prix,R,STR,2.0,Aston Martin,False,HARD,Italian_Grand_Prix,29,34.0,0,,24.422583658279898,0.3407993539292243
2023,Italian_Grand_Prix,R,VER,1.0,Red Bull Racing,True,MEDIUM,Italian_Grand_Prix,17,19.0,0,,-1.8554417268363348,0.42909320557465996
2023,Italian_Grand_Prix,R,VER,2.0,Red Bull Racing,True,HARD,Italian_Grand_Prix,26,27.0,1,27.0,36.23230490018359,0.8822056823000558
2023,Italian_Grand_Prix,R,ZHO,1.0,Alfa Romeo,False,MEDIUM,Italian_Grand_Prix,7,10.0,0,,inf,0.8952404553066333
2023,Italian_Grand_Prix,R,ZHO,2.0,Alfa Romeo,False,HARD,Italian_Grand_Prix,18,24.0,0,,0.317516743159546,0.337538330248906
2023,Italian_Grand_Prix,R,ZHO,3.0,Alfa Romeo,False,MEDIUM,Italian_Grand_Prix,15,17.0,0,,31.53822310326815,0.24259608860068094
2023,Japanese_Grand_Prix,R,ALB,2.0,Williams,False,MEDIUM,Japanese_Grand_Prix,8,11.0,0,,inf,0.6870508992361749
2023,Japanese_Grand_Prix,R,ALB,3.0,Williams,False,SOFT,Japanese_Grand_Prix,11,12.0,0,,0.07787814579382164,0.7305460837341373
2023,Japanese_Grand_Prix,R,ALO,1.0,Aston Martin,False,SOFT,Japanese_Grand_Prix,6,13.0,0,,,
2023,Japanese_Grand_Prix,R,ALO,2.0,Aston Martin,False,HARD,Japanese_Grand_Prix,9,13.0,0,,-0.6758362676056424,0.6049623610724277
2023,Japanese_Grand_Prix,R,ALO,3.0,Aston Martin,False,HARD,Japanese_Grand_Prix,25,27.0,0,,2.030116335161722,0.20723688317963337
2023,Japanese_Grand_Prix,R,GAS,1.0,Alpine,False,MEDIUM,Japanese_Grand_Prix,11,17.0,0,,inf,0.16072592954598236
2023,Japanese_Grand_Prix,R,GAS,2.0,Alpine,False,HARD,Japanese_Grand_Prix,13,15.0,0,,0.08097007516664531,0.7131232963275855
2023,Japanese_Grand_Prix,R,GAS,3.0,Alpine,False,HARD,Japanese_Grand_Prix,17,18.0,0,,0.23619505494503995,0.3679200672178819
2023,Japanese_Grand_Prix,R,HAM,1.0,Mercedes,False,MEDIUM,Japanese_Grand_Prix,10,15.0,0,,inf,0.4651678046255578
2023,Japanese_Grand_Prix,R,HAM,2.0,Mercedes,False,HARD,Japanese_Grand_Prix,15,17.0,0,,0.07368456785931805,0.4489798989150726
2023,Japanese_Grand_Prix,R,HAM,3.0,Mercedes,False,HARD,Japanese_Grand_Prix,17,18.0,0,,-2.064995097352564,0.6701446563036356
2023,Japanese_Grand_Prix,R,HUL,2.0,Haas F1 Team,False,MEDIUM,Japanese_Grand_Prix,7,12.0,0,,0.1606924847393168,0.264214342335716
2023,Japanese_Grand_Prix,R,HUL,3.0,Haas F1 Team,False,HARD,Japanese_Grand_Prix,13,15.0,0,,10.534351145039107,0.6235868507237755
2023,Japanese_Grand_Prix,R,HUL,4.0,Haas F1 Team,False,MEDIUM,Japanese_Grand_Prix,12,14.0,0,,inf,0.5738519529255224
2023,Japanese_Grand_Prix,R,LAW,1.0,AlphaTauri,False,SOFT,Japanese_Grand_Prix,5,9.0,0,,,
2023,Japanese_Grand_Prix,R,LAW,2.0,AlphaTauri,False,MEDIUM,Japanese_Grand_Prix,11,14.0,0,,-0.3133956129881528,0.23735093365054596
2023,Japanese_Grand_Prix,R,LAW,3.0,AlphaTauri,False,HARD,Japanese_Grand_Prix,25,26.0,0,,0.008985739022384373,0.4900806948804369
2023,Japanese_Grand_Prix,R,LEC,1.0,Ferrari,False,MEDIUM,Japanese_Grand_Prix,11,16.0,0,,0.03736848235428568,0.5701361767013189
2023,Japanese_Grand_Prix,R,LEC,2.0,Ferrari,False,MEDIUM,Japanese_Grand_Prix,14,16.0,0,,-2.700610997963672,0.47083208721738196
2023,Japanese_Grand_Prix,R,LEC,3.0,Ferrari,False,HARD,Japanese_Grand_Prix,17,18.0,0,,inf,0.4513257818247887
2023,Japanese_Grand_Prix,R,MAG,1.0,Haas F1 Team,False,MEDIUM,Japanese_Grand_Prix,7,11.0,0,,1.9390134529146958,0.366743441396297
2023,Japanese_Grand_Prix,R,MAG,2.0,Haas F1 Team,False,HARD,Japanese_Grand_Prix,16,18.0,0,,3.5165936578780883,0.353456153210405
2023,Japanese_Grand_Prix,R,MAG,3.0,Haas F1 Team,False,HARD,Japanese_Grand_Prix,19,20.0,0,,-38.01504102096216,0.6984420961235515
2023,Japanese_Grand_Prix,R,NOR,1.0,McLaren,False,MEDIUM,Japanese_Grand_Prix,11,16.0,0,,0.05820388016334493,0.8182408623608254
2023,Japanese_Grand_Prix,R,NOR,2.0,McLaren,False,HARD,Japanese_Grand_Prix,16,18.0,0,,0.15551605991488218,0.7877777007522457
2023,Japanese_Grand_Prix,R,NOR,3.0,McLaren,False,HARD,Japanese_Grand_Prix,14,16.0,0,,-3.1285314848255927,0.669182642253327
2023,Japanese_Grand_Prix,R,OCO,2.0,Alpine,False,HARD,Japanese_Grand_Prix,21,26.0,0,,inf,0.3573779032394453
2023,Japanese_Grand_Prix,R,OCO,3.0,Alpine,False,HARD,Japanese_Grand_Prix,23,24.0,0,,-12.87995891425712,0.6089124377943184
2023,Japanese_Grand_Prix,R,PER,2.0,Red Bull Racing,True,HARD,Japanese_Grand_Prix,7,9.0,0,,5.173154362415925,0.5240180630080009
2023,Japanese_Grand_Prix,R,PIA,1.0,McLaren,False,MEDIUM,Japanese_Grand_Prix,8,9.0,1,9.0,3.169312169312555,0.5740717601552485
2023,Japanese_Grand_Prix,R,PIA,2.0,McLaren,False,HARD,Japanese_Grand_Prix,20,21.0,0,,-4.999564459930769,0.5151053163637265
2023,Japanese_Grand_Prix,R,PIA,3.0,McLaren,False,HARD,Japanese_Grand_Prix,16,17.0,0,,1.3213788300835994,0.5614388710871765
2023,Japanese_Grand_Prix,R,RUS,1.0,Mercedes,False,MEDIUM,Japanese_Grand_Prix,18,23.0,0,,inf,0.2256057230484549
2023,Japanese_Grand_Prix,R,RUS,2.0,Mercedes,False,HARD,Japanese_Grand_Prix,27,28.0,0,,-14.001823917712953,0.5752992374907281
2023,Japanese_Grand_Prix,R,SAI,1.0,Ferrari,False,MEDIUM,Japanese_Grand_Prix,12,17.0,0,,-0.41702772963603896,0.7215300898171777
2023,Japanese_Grand_Prix,R,SAI,2.0,Ferrari,False,MEDIUM,Japanese_Grand_Prix,17,19.0,0,,0.33720930232572854,0.6211184771285443
2023,Japanese_Grand_Prix,R,SAI,3.0,Ferrari,False,HARD,Japanese_Grand_Prix,12,14.0,0,,-1.7730342384888131,0.7495176922636367
2023,Japanese_Grand_Prix,R,SAR,3.0,Williams,False,MEDIUM,Japanese_Grand_Prix,8,15.0,0,,0.4213950602923585,0.6236463472444569
2023,Japanese_Grand_Prix,R,STR,1.0,Aston Martin,False,SOFT,Japanese_Grand_Prix,8,12.0,0,,inf,0.18587250153417412
2023,Japanese_Grand_Prix,R,TSU,2.0,AlphaTauri,False,MEDIUM,Japanese_Grand_Prix,17,20.0,0,,1.0898759513115281,0.5685580237530868
2023,Japanese_Grand_Prix,R,TSU,3.0,AlphaTauri,False,HARD,Japanese_Grand_Prix,20,21.0,0,,5.504151257622626,0.1977990813773673
2023,Japanese_Grand_Prix,R,VER,1.0,Red Bull Racing,True,MEDIUM,Japanese_Grand_Prix,10,15.0,0,,0.0837915417490571,0.7378097124396159
2023,Japanese_Grand_Prix,R,VER,2.0,Red Bull Racing,True,MEDIUM,Japanese_Grand_Prix,19,20.0,0,,0.7771533432731811,0.5228293920954984
2023,Japanese_Grand_Prix,R,VER,3.0,Red Bull Racing,True,HARD,Japanese_Grand_Prix,12,15.0,0,,0.42251959011453905,0.68627819881388
2023,Japanese_Grand_Prix,R,ZHO,2.0,Alfa Romeo,False,SOFT,Japanese_Grand_Prix,5,8.0,0,,,
2023,Japanese_Grand_Prix,R,ZHO,3.0,Alfa Romeo,False,SOFT,Japanese_Grand_Prix,15,18.0,0,,0.6824504211882599,0.42074352312354657
2023,Japanese_Grand_Prix,R,ZHO,4.0,Alfa Romeo,False,HARD,Japanese_Grand_Prix,21,22.0,0,,inf,0.39027302903337996
2023,Las_Vegas_Grand_Prix,R,ALB,1.0,Williams,False,MEDIUM,Las_Vegas_Grand_Prix,8,15.0,0,,inf,0.9896169750723598
2023,Las_Vegas_Grand_Prix,R,ALB,2.0,Williams,False,HARD,Las_Vegas_Grand_Prix,26,33.0,0,,inf,0.42798135380794394
2023,Las_Vegas_Grand_Prix,R,ALO,2.0,Aston Martin,False,HARD,Las_Vegas_Grand_Prix,16,25.0,0,,inf,0.36602480571931584
2023,Las_Vegas_Grand_Prix,R,ALO,3.0,Aston Martin,False,HARD,Las_Vegas_Grand_Prix,19,23.0,0,,inf,0.30200010789774034
2023,Las_Vegas_Grand_Prix,R,BOT,2.0,Alfa Romeo,False,HARD,Las_Vegas_Grand_Prix,16,22.0,0,,inf,0.25100501991005586
2023,Las_Vegas_Grand_Prix,R,BOT,3.0,Alfa Romeo,False,MEDIUM,Las_Vegas_Grand_Prix,17,25.0,0,,-0.8809470914508064,0.6923106748986949
2023,Las_Vegas_Grand_Prix,R,GAS,1.0,Alpine,False,MEDIUM,Las_Vegas_Grand_Prix,9,16.0,0,,inf,0.8680711294967015
2023,Las_Vegas_Grand_Prix,R,GAS,2.0,Alpine,False,HARD,Las_Vegas_Grand_Prix,23,32.0,0,,inf,0.5183390668844635
2023,Las_Vegas_Grand_Prix,R,HAM,1.0,Mercedes,False,HARD,Las_Vegas_Grand_Prix,9,16.0,0,,inf,0.7312650929610611
2023,Las_Vegas_Grand_Prix,R,HAM,2.0,Mercedes,False,MEDIUM,Las_Vegas_Grand_Prix,5,8.0,0,,,
2023,Las_Vegas_Grand_Prix,R,HAM,3.0,Mercedes,False,HARD,Las_Vegas_Grand_Prix,17,23.0,0,,-0.6216203667878977,0.5147016804427126
2023,Las_Vegas_Grand_Prix,R,HUL,1.0,Haas F1 Team,False,MEDIUM,Las_Vegas_Grand_Prix,4,11.0,0,,,
2023,Las_Vegas_Grand_Prix,R,HUL,2.0,Haas F1 Team,False,HARD,Las_Vegas_Grand_Prix,10,13.0,0,,-0.2991141219385179,0.6130335959529888
2023,Las_Vegas_Grand_Prix,R,HUL,3.0,Haas F1 Team,False,HARD,Las_Vegas_Grand_Prix,14,19.0,0,,inf,0.3918825232023673
2023,Las_Vegas_Grand_Prix,R,LEC,1.0,Ferrari,False,MEDIUM,Las_Vegas_Grand_Prix,13,20.0,0,,inf,0.5618136894071794
2023,Las_Vegas_Grand_Prix,R,LEC,2.0,Ferrari,False,HARD,Las_Vegas_Grand_Prix,20,28.0,0,,inf,0.1851789949189378
2023,Las_Vegas_Grand_Prix,R,MAG,1.0,Haas F1 Team,False,MEDIUM,Las_Vegas_Grand_Prix,6,13.0,0,,,
2023,Las_Vegas_Grand_Prix,R,MAG,2.0,Haas F1 Team,False,HARD,Las_Vegas_Grand_Prix,9,11.0,0,,73.99999999995049,0.8300225933905873
2023,Las_Vegas_Grand_Prix,R,MAG,3.0,Haas F1 Team,False,HARD,Las_Vegas_Grand_Prix,19,23.0,0,,-96.72173913047419,0.42495916750041385
2023,Las_Vegas_Grand_Prix,R,OCO,1.0,Alpine,False,MEDIUM,Las_Vegas_Grand_Prix,12,19.0,0,,inf,0.8916962833123802
2023,Las_Vegas_Grand_Prix,R,OCO,2.0,Alpine,False,HARD,Las_Vegas_Grand_Prix,21,29.0,0,,-0.4256929904859668,0.48289437605668273
2023,Las_Vegas_Grand_Prix,R,PER,2.0,Red Bull Racing,True,HARD,Las_Vegas_Grand_Prix,16,24.0,0,,inf,0.5086374625391673
2023,Las_Vegas_Grand_Prix,R,PER,3.0,Red Bull Racing,True,HARD,Las_Vegas_Grand_Prix,19,23.0,0,,-0.5850518276051351,0.4959784676573547
2023,Las_Vegas_Grand_Prix,R,PIA,1.0,McLaren,False,HARD,Las_Vegas_Grand_Prix,8,16.0,0,,inf,0.6928323354612997
2023,Las_Vegas_Grand_Prix,R,PIA,2.0,McLaren,False,HARD,Las_Vegas_Grand_Prix,20,27.0,0,,-0.1639492910709396,0.5890454201079757
2023,Las_Vegas_Grand_Prix,R,PIA,3.0,McLaren,False,MEDIUM,Las_Vegas_Grand_Prix,5,7.0,0,,,
2023,Las_Vegas_Grand_Prix,R,RIC,1.0,AlphaTauri,False,MEDIUM,Las_Vegas_Grand_Prix,9,16.0,0,,inf,0.18005080586323843
2023,Las_Vegas_Grand_Prix,R,RIC,2.0,AlphaTauri,False,HARD,Las_Vegas_Grand_Prix,22,32.0,0,,-0.021340527120172485,0.3660147630602255
2023,Las_Vegas_Grand_Prix,R,RUS,1.0,Mercedes,False,MEDIUM,Las_Vegas_Grand_Prix,7,14.0,0,,inf,0.6940433174195754
2023,Las_Vegas_Grand_Prix,R,RUS,2.0,Mercedes,False,HARD,Las_Vegas_Grand_Prix,6,10.0,0,,,
2023,Las_Vegas_Grand_Prix,R,RUS,3.0,Mercedes,False,HARD,Las_Vegas_Grand_Prix,18,23.0,0,,inf,0.5416821273063231
2023,Las_Vegas_Grand_Prix,R,SAI,2.0,Ferrari,False,HARD,Las_Vegas_Grand_Prix,15,12.0,1,12.0,inf,0.34999612348454995
2023,Las_Vegas_Grand_Prix,R,SAI,3.0,Ferrari,False,HARD,Las_Vegas_Grand_Prix,18,23.0,0,,-1.8800551724138892,0.4327433129680837
2023,Las_Vegas_Grand_Prix,R,SAR,1.0,Williams,False,MEDIUM,Las_Vegas_Grand_Prix,7,14.0,0,,inf,0.5260422759553695
2023,Las_Vegas_Grand_Prix,R,SAR,2.0,Williams,False,HARD,Las_Vegas_Grand_Prix,26,34.0,0,,inf,0.36766776687081837
2023,Las_Vegas_Grand_Prix,R,STR,2.0,Aston Martin,False,HARD,Las_Vegas_Grand_Prix,16,23.0,0,,inf,0.5214166707869532
2023,Las_Vegas_Grand_Prix,R,STR,3.0,Aston Martin,False,HARD,Las_Vegas_Grand_Prix,19,23.0,0,,inf,0.34438076841343135
2023,Las_Vegas_Grand_Prix,R,TSU,2.0,AlphaTauri,False,MEDIUM,Las_Vegas_Grand_Prix,9,7.0,1,7.0,inf,0.7791437749688961
2023,Las_Vegas_Grand_Prix,R,TSU,3.0,AlphaTauri,False,HARD,Las_Vegas_Grand_Prix,16,25.0,0,,inf,0.7957159182129023
2023,Las_Vegas_Grand_Prix,R,VER,1.0,Red Bull Racing,True,MEDIUM,Las_Vegas_Grand_Prix,9,15.0,0,,inf,0.92279850286597
2023,Las_Vegas_Grand_Prix,R,VER,2.0,Red Bull Racing,True,HARD,Las_Vegas_Grand_Prix,7,9.0,0,,inf,0.43768418779239027
2023,Las_Vegas_Grand_Prix,R,VER,3.0,Red Bull Racing,True,HARD,Las_Vegas_Grand_Prix,18,23.0,0,,inf,0.7547923432725373
2023,Las_Vegas_Grand_Prix,R,ZHO,1.0,Alfa Romeo,False,HARD,Las_Vegas_Grand_Prix,18,25.0,0,,inf,0.5667178803614811
2023,Las_Vegas_Grand_Prix,R,ZHO,2.0,Alfa Romeo,False,MEDIUM,Las_Vegas_Grand_Prix,19,11.0,1,11.0,inf,0.22256280534638256
2023,Mexico_City_Grand_Prix,R,ALB,1.0,Williams,False,HARD,Mexico_City_Grand_Prix,27,32.0,0,,0.7431184480365114,0.40806864173860447
2023,Mexico_City_Grand_Prix,R,ALB,3.0,Williams,False,MEDIUM,Mexico_City_Grand_Prix,31,37.0,0,,-0.716389540480328,0.8313823463844644
2023,Mexico_City_Grand_Prix,R,ALO,1.0,Aston Martin,False,MEDIUM,Mexico_City_Grand_Prix,23,29.0,0,,-12.963928726640468,0.45075810652646753
2023,Mexico_City_Grand_Prix,R,ALO,3.0,Aston Martin,False,HARD,Mexico_City_Grand_Prix,9,18.0,0,,inf,0.549442639995113
2023,Mexico_City_Grand_Prix,R,BOT,1.0,Alfa Romeo,False,MEDIUM,Mexico_City_Grand_Prix,25,30.0,0,,2.575056405728846,0.4969386067568109
2023,Mexico_City_Grand_Prix,R,BOT,3.0,Alfa Romeo,False,HARD,Mexico_City_Grand_Prix,34,39.0,0,,-40.71633237822092,0.5616681405196373
2023,Mexico_City_Grand_Prix,R,GAS,1.0,Alpine,False,MEDIUM,Mexico_City_Grand_Prix,23,27.0,0,,inf,0.5433475241309519
2023,Mexico_City_Grand_Prix,R,GAS,3.0,Alpine,False,HARD,Mexico_City_Grand_Prix,34,42.0,0,,inf,0.4930622198493538
2023,Mexico_City_Grand_Prix,R,HAM,1.0,Mercedes,False,MEDIUM,Mexico_City_Grand_Prix,19,23.0,0,,0.9760601456725428,0.13780285262265735
2023,Mexico_City_Grand_Prix,R,HAM,2.0,Mercedes,False,HARD,Mexico_City_Grand_Prix,6,8.0,0,,,
2023,Mexico_City_Grand_Prix,R,HAM,3.0,Mercedes,False,MEDIUM,Mexico_City_Grand_Prix,33,40.0,0,,1.8755495525808459,0.2456105831580664
2023,Mexico_City_Grand_Prix,R,HUL,1.0,Haas F1 Team,False,MEDIUM,Mexico_City_Grand_Prix,18,22.0,0,,-0.427213529011538,0.4989333819895399
2023,Mexico_City_Grand_Prix,R,HUL,2.0,Haas F1 Team,False,HARD,Mexico_City_Grand_Prix,4,9.0,0,,,
2023,Mexico_City_Grand_Prix,R,HUL,3.0,Haas F1 Team,False,MEDIUM,Mexico_City_Grand_Prix,33,36.0,0,,1.8726176036713744,0.3927955938356742
2023,Mexico_City_Grand_Prix,R,LEC,1.0,Ferrari,False,MEDIUM,Mexico_City_Grand_Prix,26,30.0,0,,1.688429378593002,0.23016989611993185
2023,Mexico_City_Grand_Prix,R,LEC,3.0,Ferrari,False,HARD,Mexico_City_Grand_Prix,34,39.0,0,,inf,0.30627561069521747
2023,Mexico_City_Grand_Prix,R,MAG,1.0,Haas F1 Team,False,MEDIUM,Mexico_City_Grand_Prix,17,22.0,0,,-0.3527737239428094,0.7332893331232713
2023,Mexico_City_Grand_Prix,R,MAG,2.0,Haas F1 Team,False,HARD,Mexico_City_Grand_Prix,2,4.0,0,,,
2023,Mexico_City_Grand_Prix,R,NOR,1.0,McLaren,False,SOFT,Mexico_City_Grand_Prix,3,10.0,0,,,
2023,Mexico_City_Grand_Prix,R,NOR,2.0,McLaren,False,HARD,Mexico_City_Grand_Prix,19,21.0,0,,0.0814169670840041,0.30610577460874383
2023,Mexico_City_Grand_Prix,R,NOR,4.0,McLaren,False,MEDIUM,Mexico_City_Grand_Prix,30,37.0,0,,inf,0.3955217803149552
2023,Mexico_City_Grand_Prix,R,OCO,1.0,Alpine,False,HARD,Mexico_City_Grand_Prix,26,31.0,0,,1.5386368209255161,0.3689923463526677
2023,Mexico_City_Grand_Prix,R,OCO,2.0,Alpine,False,MEDIUM,Mexico_City_Grand_Prix,32,36.0,0,,0.7410832545482674,0.5107573477495064
2023,Mexico_City_Grand_Prix,R,PIA,1.0,McLaren,False,MEDIUM,Mexico_City_Grand_Prix,20,24.0,0,,0.303001419804398,0.27981453515706844
2023,Mexico_City_Grand_Prix,R,PIA,2.0,McLaren,False,HARD,Mexico_City_Grand_Prix,5,7.0,0,,,
2023,Mexico_City_Grand_Prix,R,PIA,3.0,McLaren,False,MEDIUM,Mexico_City_Grand_Prix,33,39.0,0,,-0.03575831899852112,0.24532972744137205
2023,Mexico_City_Grand_Prix,R,RIC,1.0,AlphaTauri,False,MEDIUM,Mexico_City_Grand_Prix,21,26.0,0,,inf,0.0966054244365271
2023,Mexico_City_Grand_Prix,R,RIC,3.0,AlphaTauri,False,HARD,Mexico_City_Grand_Prix,34,43.0,0,,1.9512269378312042,0.24154348188570363
2023,Mexico_City_Grand_Prix,R,RUS,1.0,Mercedes,False,MEDIUM,Mexico_City_Grand_Prix,21,25.0,0,,0.19331665255376512,0.2573381022579808
2023,Mexico_City_Grand_Prix,R,RUS,2.0,Mercedes,False,HARD,Mexico_City_Grand_Prix,4,6.0,0,,,
2023,Mexico_City_Grand_Prix,R,RUS,3.0,Mercedes,False,MEDIUM,Mexico_City_Grand_Prix,34,41.0,0,,inf,0.6383176740489099
2023,Mexico_City_Grand_Prix,R,SAI,1.0,Ferrari,False,MEDIUM,Mexico_City_Grand_Prix,25,29.0,0,,1.0502617577898465,0.3131820835981182
2023,Mexico_City_Grand_Prix,R,SAI,3.0,Ferrari,False,HARD,Mexico_City_Grand_Prix,34,40.0,0,,0.07327071407831606,0.2802026165635421
2023,Mexico_City_Grand_Prix,R,SAR,1.0,Williams,False,MEDIUM,Mexico_City_Grand_Prix,16,21.0,0,,0.7941288233258814,0.2113577750662013
2023,Mexico_City_Grand_Prix,R,SAR,2.0,Williams,False,HARD,Mexico_City_Grand_Prix,3,7.0,0,,,
2023,Mexico_City_Grand_Prix,R,SAR,3.0,Williams,False,MEDIUM,Mexico_City_Grand_Prix,31,36.0,0,,2.576323598989243,0.1987056151173566
2023,Mexico_City_Grand_Prix,R,STR,1.0,Aston Martin,False,MEDIUM,Mexico_City_Grand_Prix,24,30.0,0,,-1.6853166714001175,0.2020143167203395
2023,Mexico_City_Grand_Prix,R,STR,3.0,Aston Martin,False,HARD,Mexico_City_Grand_Prix,29,36.0,0,,1.4213174836177778,0.3733803655232451
2023,Mexico_City_Grand_Prix,R,TSU,1.0,AlphaTauri,False,MEDIUM,Mexico_City_Grand_Prix,2,7.0,0,,,
2023,Mexico_City_Grand_Prix,R,TSU,2.0,AlphaTauri,False,HARD,Mexico_City_Grand_Prix,21,23.0,0,,-4.648284567590816,0.3504033380962877
2023,Mexico_City_Grand_Prix,R,TSU,3.0,AlphaTauri,False,HARD,Mexico_City_Grand_Prix,30,36.0,0,,3.856097958563535,0.42186359425620773
2023,Mexico_City_Grand_Prix,R,VER,1.0,Red Bull Racing,True,MEDIUM,Mexico_City_Grand_Prix,15,11.0,1,11.0,inf,0.7217781409489522
2023,Mexico_City_Grand_Prix,R,VER,2.0,Red Bull Racing,True,HARD,Mexico_City_Grand_Prix,10,13.0,0,,4.127839314724218,0.5216075486056001
2023,Mexico_City_Grand_Prix,R,VER,4.0,Red Bull Racing,True,HARD,Mexico_City_Grand_Prix,33,37.0,0,,1.4883512959281304,0.3318915643673304
2023,Mexico_City_Grand_Prix,R,ZHO,1.0,Alfa Romeo,False,MEDIUM,Mexico_City_Grand_Prix,15,20.0,0,,-0.21039238220319606,0.7010383197846954
2023,Mexico_City_Grand_Prix,R,ZHO,2.0,Alfa Romeo,False,HARD,Mexico_City_Grand_Prix,6,10.0,0,,,
2023,Mexico_City_Grand_Prix,R,ZHO,3.0,Alfa Romeo,False,HARD,Mexico_City_Grand_Prix,34,49.0,0,,inf,0.29586110457094694
2023,Miami_Grand_Prix,R,ALB,1.0,Williams,False,MEDIUM,Miami_Grand_Prix,17,21.0,0,,inf,0.19632482478649174
2023,Miami_Grand_Prix,R,ALB,2.0,Williams,False,HARD,Miami_Grand_Prix,33,34.0,0,,-23.224859698175127,0.37204641507046105
2023,Miami_Grand_Prix,R,ALO,1.0,Aston Martin,False,MEDIUM,Miami_Grand_Prix,18,24.0,0,,inf,0.58544392538337
2023,Miami_Grand_Prix,R,ALO,2.0,Aston Martin,False,HARD,Miami_Grand_Prix,26,33.0,0,,inf,0.5542974378301243
2023,Miami_Grand_Prix,R,BOT,1.0,Alfa Romeo,False,MEDIUM,Miami_Grand_Prix,10,14.0,0,,inf,0.5506729253669002
2023,Miami_Grand_Prix,R,BOT,2.0,Alfa Romeo,False,HARD,Miami_Grand_Prix,37,41.0,0,,inf,0.28169402245827746
2023,Miami_Grand_Prix,R,DEV,1.0,AlphaTauri,False,MEDIUM,Miami_Grand_Prix,11,14.0,0,,inf,0.22723479473909117
2023,Miami_Grand_Prix,R,DEV,2.0,AlphaTauri,False,HARD,Miami_Grand_Prix,37,41.0,0,,-0.25132490154000364,0.8036887123680059
2023,Miami_Grand_Prix,R,GAS,1.0,Alpine,False,MEDIUM,Miami_Grand_Prix,12,14.0,0,,1.1851706358948713,0.48915132698733327
2023,Miami_Grand_Prix,R,GAS,2.0,Alpine,False,HARD,Miami_Grand_Prix,40,41.0,0,,inf,0.3021800046871087
2023,Miami_Grand_Prix,R,HAM,1.0,Mercedes,False,HARD,Miami_Grand_Prix,29,36.0,0,,inf,0.14760151600206142
2023,Miami_Grand_Prix,R,HAM,2.0,Mercedes,False,MEDIUM,Miami_Grand_Prix,16,19.0,0,,inf,0.29726260653045977
2023,Miami_Grand_Prix,R,HUL,1.0,Haas F1 Team,False,HARD,Miami_Grand_Prix,28,32.0,0,,inf,0.18663680034629745
2023,Miami_Grand_Prix,R,HUL,2.0,Haas F1 Team,False,MEDIUM,Miami_Grand_Prix,20,23.0,0,,-0.29735129289689316,0.6058877066207168
2023,Miami_Grand_Prix,R,LEC,1.0,Ferrari,False,MEDIUM,Miami_Grand_Prix,12,16.0,0,,inf,0.8564488121581204
2023,Miami_Grand_Prix,R,LEC,2.0,Ferrari,False,HARD,Miami_Grand_Prix,34,39.0,0,,0.9871692060946621,0.24569079049715406
2023,Miami_Grand_Prix,R,MAG,1.0,Haas F1 Team,False,MEDIUM,Miami_Grand_Prix,9,13.0,0,,inf,0.27950311570744724
2023,Miami_Grand_Prix,R,MAG,2.0,Haas F1 Team,False,HARD,Miami_Grand_Prix,39,42.0,0,,-4.760693749015928,0.39608152210680136
2023,Miami_Grand_Prix,R,NOR,2.0,McLaren,False,HARD,Miami_Grand_Prix,50,52.0,0,,inf,0.17618476961425306
2023,Miami_Grand_Prix,R,OCO,1.0,Alpine,False,HARD,Miami_Grand_Prix,34,38.0,0,,inf,0.1657346454407084
2023,Miami_Grand_Prix,R,OCO,2.0,Alpine,False,MEDIUM,Miami_Grand_Prix,15,17.0,0,,-2.6615487316425397,0.655815453876543
2023,Miami_Grand_Prix,R,PER,1.0,Red Bull Racing,True,MEDIUM,Miami_Grand_Prix,13,19.0,0,,inf,0.6515823967730313
2023,Miami_Grand_Prix,R,PER,2.0,Red Bull Racing,True,HARD,Miami_Grand_Prix,33,36.0,0,,inf,0.2402248442374461
2023,Miami_Grand_Prix,R,PIA,2.0,McLaren,False,HARD,Miami_Grand_Prix,43,50.0,0,,-0.6243803779689222,0.3234659346087392
2023,Miami_Grand_Prix,R,RUS,1.0,Mercedes,False,MEDIUM,Miami_Grand_Prix,12,16.0,0,,inf,0.5057276730006747
2023,Miami_Grand_Prix,R,RUS,2.0,Mercedes,False,HARD,Miami_Grand_Prix,33,39.0,0,,inf,0.08978793394691875
2023,Miami_Grand_Prix,R,SAI,1.0,Ferrari,False,MEDIUM,Miami_Grand_Prix,13,17.0,0,,inf,0.5762144420306659
2023,Miami_Grand_Prix,R,SAI,2.0,Ferrari,False,HARD,Miami_Grand_Prix,34,38.0,0,,-1.125992044919766,0.292450766708215
2023,Miami_Grand_Prix,R,SAR,2.0,Williams,False,HARD,Miami_Grand_Prix,48,53.0,0,,inf,0.22161433610346512
2023,Miami_Grand_Prix,R,STR,1.0,Aston Martin,False,HARD,Miami_Grand_Prix,37,42.0,0,,inf,0.2061720573995138
2023,Miami_Grand_Prix,R,STR,2.0,Aston Martin,False,MEDIUM,Miami_Grand_Prix,13,15.0,0,,-0.9620563035496729,0.8418011892454808
2023,Miami_Grand_Prix,R,TSU,1.0,AlphaTauri,False,HARD,Miami_Grand_Prix,30,35.0,0,,-1.5356101802714561,0.3660277188357213
2023,Miami_Grand_Prix,R,TSU,2.0,AlphaTauri,False,MEDIUM,Miami_Grand_Prix,15,20.0,0,,inf,0.3174899358088438
2023,Miami_Grand_Prix,R,VER,1.0,Red Bull Racing,True,HARD,Miami_Grand_Prix,37,44.0,0,,inf,0.21800371537609273
2023,Miami_Grand_Prix,R,VER,2.0,Red Bull Racing,True,MEDIUM,Miami_Grand_Prix,7,11.0,0,,inf,0.5091944590997659
2023,Miami_Grand_Prix,R,ZHO,1.0,Alfa Romeo,False,HARD,Miami_Grand_Prix,27,30.0,0,,-25.283884445559757,0.7397756151588752
2023,Miami_Grand_Prix,R,ZHO,2.0,Alfa Romeo,False,MEDIUM,Miami_Grand_Prix,23,25.0,0,,-4.688174982916166,0.6331602645866672
2023,Monaco_Grand_Prix,R,ALB,1.0,Williams,False,MEDIUM,Monaco_Grand_Prix,13,17.0,0,,inf,0.6537557984033077
2023,Monaco_Grand_Prix,R,ALB,2.0,Williams,False,HARD,Monaco_Grand_Prix,30,32.0,0,,0.19143021165815202,0.662033518398007
2023,Monaco_Grand_Prix,R,ALB,3.0,Williams,False,INTERMEDIATE,Monaco_Grand_Prix,21,24.0,0,,-0.41313350635687146,0.6021528391624735
2023,Monaco_Grand_Prix,R,ALO,1.0,Aston Martin,False,HARD,Monaco_Grand_Prix,49,51.0,1,51.0,inf,0.9406719590801654
2023,Monaco_Grand_Prix,R,ALO,3.0,Aston Martin,False,INTERMEDIATE,Monaco_Grand_Prix,19,22.0,0,,-1.1270781099324982,0.38895472422277
2023,Monaco_Grand_Prix,R,BOT,1.0,Alfa Romeo,False,HARD,Monaco_Grand_Prix,45,50.0,0,,inf,0.26438386371299405
2023,Monaco_Grand_Prix,R,BOT,2.0,Alfa Romeo,False,INTERMEDIATE,Monaco_Grand_Prix,24,25.0,0,,-0.16163574208866252,0.7702800956227699
2023,Monaco_Grand_Prix,R,DEV,1.0,AlphaTauri,False,MEDIUM,Monaco_Grand_Prix,47,49.0,1,49.0,inf,0.814982735018033
2023,Monaco_Grand_Prix,R,DEV,2.0,AlphaTauri,False,INTERMEDIATE,Monaco_Grand_Prix,20,23.0,0,,inf,0.1832214762205724
2023,Monaco_Grand_Prix,R,GAS,1.0,Alpine,False,HARD,Monaco_Grand_Prix,41,46.0,0,,inf,0.40275912801441144
2023,Monaco_Grand_Prix,R,GAS,2.0,Alpine,False,MEDIUM,Monaco_Grand_Prix,3,4.0,0,,,
2023,Monaco_Grand_Prix,R,GAS,3.0,Alpine,False,INTERMEDIATE,Monaco_Grand_Prix,20,23.0,0,,inf,0.30635620156278154
2023,Monaco_Grand_Prix,R,HAM,1.0,Mercedes,False,MEDIUM,Monaco_Grand_Prix,26,30.0,0,,inf,0.20285615273912014
2023,Monaco_Grand_Prix,R,HAM,2.0,Mercedes,False,HARD,Monaco_Grand_Prix,16,20.0,0,,5.439791303274076,0.2553645120336473
2023,Monaco_Grand_Prix,R,HAM,3.0,Mercedes,False,INTERMEDIATE,Monaco_Grand_Prix,20,23.0,0,,inf,0.30118696399173367
2023,Monaco_Grand_Prix,R,HUL,2.0,Haas F1 Team,False,HARD,Monaco_Grand_Prix,50,48.0,1,48.0,256.7172119016211,0.6923205631656855
2023,Monaco_Grand_Prix,R,HUL,4.0,Haas F1 Team,False,WET,Monaco_Grand_Prix,14,16.0,0,,inf,0.36356489568730466
2023,Monaco_Grand_Prix,R,LEC,1.0,Ferrari,False,HARD,Monaco_Grand_Prix,39,43.0,0,,inf,0.548955262328273
2023,Monaco_Grand_Prix,R,LEC,2.0,Ferrari,False,MEDIUM,Monaco_Grand_Prix,6,7.0,0,,,
2023,Monaco_Grand_Prix,R,LEC,3.0,Ferrari,False,INTERMEDIATE,Monaco_Grand_Prix,19,22.0,0,,inf,0.3508458679191088
2023,Monaco_Grand_Prix,R,MAG,1.0,Haas F1 Team,False,HARD,Monaco_Grand_Prix,47,49.0,1,49.0,inf,0.8368774107380924
2023,Monaco_Grand_Prix,R,MAG,2.0,Haas F1 Team,False,WET,Monaco_Grand_Prix,12,11.0,1,11.0,inf,0.3989336352322302
2023,Monaco_Grand_Prix,R,NOR,1.0,McLaren,False,MEDIUM,Monaco_Grand_Prix,45,49.0,0,,inf,0.2482588499339052
2023,Monaco_Grand_Prix,R,NOR,3.0,McLaren,False,INTERMEDIATE,Monaco_Grand_Prix,19,22.0,0,,inf,0.7499781394810381
2023,Monaco_Grand_Prix,R,OCO,1.0,Alpine,False,MEDIUM,Monaco_Grand_Prix,26,31.0,0,,inf,0.4286164037708742
2023,Monaco_Grand_Prix,R,OCO,2.0,Alpine,False,HARD,Monaco_Grand_Prix,18,19.0,0,,inf,0.8061896418856732
2023,Monaco_Grand_Prix,R,OCO,3.0,Alpine,False,INTERMEDIATE,Monaco_Grand_Prix,20,23.0,0,,inf,0.549141066944682
2023,Monaco_Grand_Prix,R,PER,2.0,Red Bull Racing,True,HARD,Monaco_Grand_Prix,28,32.0,0,,0.5210923803466728,0.8012473790572947
2023,Monaco_Grand_Prix,R,PER,3.0,Red Bull Racing,True,MEDIUM,Monaco_Grand_Prix,14,16.0,0,,1.6208981857836926,0.3401781990710022
2023,Monaco_Grand_Prix,R,PER,5.0,Red Bull Racing,True,WET,Monaco_Grand_Prix,11,12.0,0,,inf,0.5512094567376862
2023,Monaco_Grand_Prix,R,PIA,1.0,McLaren,False,HARD,Monaco_Grand_Prix,47,49.0,1,49.0,inf,0.8014636149828056
2023,Monaco_Grand_Prix,R,PIA,2.0,McLaren,False,INTERMEDIATE,Monaco_Grand_Prix,19,22.0,0,,inf,0.6503895378218763
2023,Monaco_Grand_Prix,R,RUS,1.0,Mercedes,False,HARD,Monaco_Grand_Prix,48,50.0,1,50.0,inf,0.9665474551773695
2023,Monaco_Grand_Prix,R,RUS,2.0,Mercedes,False,INTERMEDIATE,Monaco_Grand_Prix,20,23.0,0,,-1.484552584670214,0.4058862234783345
2023,Monaco_Grand_Prix,R,SAI,1.0,Ferrari,False,HARD,Monaco_Grand_Prix,28,32.0,0,,inf,0.2932498029964314
2023,Monaco_Grand_Prix,R,SAI,2.0,Ferrari,False,MEDIUM,Monaco_Grand_Prix,16,18.0,0,,99.70800206886821,0.45905837260912435
2023,Monaco_Grand_Prix,R,SAI,3.0,Ferrari,False,INTERMEDIATE,Monaco_Grand_Prix,19,22.0,0,,inf,0.21442455929043647
2023,Monaco_Grand_Prix,R,SAR,1.0,Williams,False,MEDIUM,Monaco_Grand_Prix,17,19.0,0,,1.1901192690665836,0.4080962910127957
2023,Monaco_Grand_Prix,R,SAR,3.0,Williams,False,SOFT,Monaco_Grand_Prix,26,27.0,0,,12.571731377768913,0.33181059182321776
2023,Monaco_Grand_Prix,R,SAR,4.0,Williams,False,INTERMEDIATE,Monaco_Grand_Prix,20,23.0,0,,inf,0.38230124859572945
2023,Monaco_Grand_Prix,R,STR,1.0,Aston Martin,False,HARD,Monaco_Grand_Prix,45,51.0,0,,0.03326109120118658,0.24430568845862222
2023,Monaco_Grand_Prix,R,TSU,1.0,AlphaTauri,False,MEDIUM,Monaco_Grand_Prix,48,49.0,1,49.0,inf,0.8944645057686726
2023,Monaco_Grand_Prix,R,TSU,2.0,AlphaTauri,False,INTERMEDIATE,Monaco_Grand_Prix,19,22.0,0,,inf,0.481087912240846
2023,Monaco_Grand_Prix,R,VER,1.0,Red Bull Racing,True,MEDIUM,Monaco_Grand_Prix,49,50.0,1,50.0,2876.857971510476,0.8616833863680855
2023,Monaco_Grand_Prix,R,VER,2.0,Red Bull Racing,True,INTERMEDIATE,Monaco_Grand_Prix,19,22.0,0,,inf,0.4158104583204936
2023,Monaco_Grand_Prix,R,ZHO,2.0,Alfa Romeo,False,HARD,Monaco_Grand_Prix,49,47.0,1,47.0,265.9795883115172,0.4808294983906244
2023,Monaco_Grand_Prix,R,ZHO,3.0,Alfa Romeo,False,INTERMEDIATE,Monaco_Grand_Prix,21,24.0,0,,inf,0.5586238761005486
2023,Qatar_Grand_Prix,R,ALB,1.0,Williams,False,MEDIUM,Qatar_Grand_Prix,11,17.0,0,,inf,0.7198108979371101
2023,Qatar_Grand_Prix,R,ALB,2.0,Williams,False,MEDIUM,Qatar_Grand_Prix,8,12.0,0,,inf,0.2089254961174682
2023,Qatar_Grand_Prix,R,ALB,3.0,Williams,False,HARD,Qatar_Grand_Prix,9,12.0,0,,inf,0.2198172244954821
2023,Qatar_Grand_Prix,R,ALB,4.0,Williams,False,HARD,Qatar_Grand_Prix,11,12.0,0,,-1.6065834279228384,0.5216477632564042
2023,Qatar_Grand_Prix,R,ALO,1.0,Aston Martin,False,MEDIUM,Qatar_Grand_Prix,6,15.0,0,,,
2023,Qatar_Grand_Prix,R,ALO,2.0,Aston Martin,False,MEDIUM,Qatar_Grand_Prix,13,19.0,0,,inf,0.22529052504872157
2023,Qatar_Grand_Prix,R,ALO,3.0,Aston Martin,False,HARD,Qatar_Grand_Prix,13,17.0,0,,inf,0.4849746924598423
2023,Qatar_Grand_Prix,R,ALO,4.0,Aston Martin,False,MEDIUM,Qatar_Grand_Prix,10,12.0,0,,-0.005928282244072786,0.7320135561257415
2023,Qatar_Grand_Prix,R,BOT,2.0,Alfa Romeo,False,MEDIUM,Qatar_Grand_Prix,13,17.0,0,,1.098159509202761,0.2771235274254746
2023,Qatar_Grand_Prix,R,BOT,3.0,Alfa Romeo,False,HARD,Qatar_Grand_Prix,15,17.0,0,,inf,0.2824463134480405
2023,Qatar_Grand_Prix,R,BOT,4.0,Alfa Romeo,False,HARD,Qatar_Grand_Prix,15,18.0,0,,inf,0.48577424826414745
2023,Qatar_Grand_Prix,R,GAS,1.0,Alpine,False,MEDIUM,Qatar_Grand_Prix,6,17.0,0,,,
2023,Qatar_Grand_Prix,R,GAS,2.0,Alpine,False,MEDIUM,Qatar_Grand_Prix,13,19.0,0,,-3.100789313903666,0.5553909112743112
2023,Qatar_Grand_Prix,R,GAS,3.0,Alpine,False,HARD,Qatar_Grand_Prix,15,17.0,0,,2.3309608540924454,0.7658928581183029
2023,Qatar_Grand_Prix,R,GAS,4.0,Alpine,False,MEDIUM,Qatar_Grand_Prix,7,12.0,0,,-9.632653061229878,0.17095635897450606
2023,Qatar_Grand_Prix,R,HUL,1.0,Haas F1 Team,False,MEDIUM,Qatar_Grand_Prix,8,19.0,0,,inf,0.5082940832889948
2023,Qatar_Grand_Prix,R,HUL,2.0,Haas F1 Team,False,HARD,Qatar_Grand_Prix,11,13.0,0,,-3.778729157278838,0.6787709804643399
2023,Qatar_Grand_Prix,R,HUL,3.0,Haas F1 Team,False,MEDIUM,Qatar_Grand_Prix,10,17.0,0,,-0.37266032525316883,0.6839423165197245
2023,Qatar_Grand_Prix,R,HUL,4.0,Haas F1 Team,False,HARD,Qatar_Grand_Prix,12,16.0,0,,inf,0.5161957160323352
2023,Qatar_Grand_Prix,R,LAW,2.0,AlphaTauri,False,HARD,Qatar_Grand_Prix,13,17.0,0,,inf,0.6433376293879443
2023,Qatar_Grand_Prix,R,LAW,3.0,AlphaTauri,False,HARD,Qatar_Grand_Prix,14,17.0,0,,inf,0.3913142194969925
2023,Qatar_Grand_Prix,R,LAW,4.0,AlphaTauri,False,MEDIUM,Qatar_Grand_Prix,10,16.0,0,,-4.325727291052093,0.625466798158993
2023,Qatar_Grand_Prix,R,LEC,1.0,Ferrari,False,MEDIUM,Qatar_Grand_Prix,7,19.0,0,,inf,0.48290871155370513
2023,Qatar_Grand_Prix,R,LEC,2.0,Ferrari,False,MEDIUM,Qatar_Grand_Prix,11,19.0,0,,inf,0.40528160312544487
2023,Qatar_Grand_Prix,R,LEC,3.0,Ferrari,False,HARD,Qatar_Grand_Prix,14,17.0,0,,inf,0.35461958672768185
2023,Qatar_Grand_Prix,R,LEC,4.0,Ferrari,False,MEDIUM,Qatar_Grand_Prix,12,13.0,0,,6.723209169053972,0.16208377589447248
2023,Qatar_Grand_Prix,R,MAG,2.0,Haas F1 Team,False,MEDIUM,Qatar_Grand_Prix,12,17.0,0,,inf,0.24248620593082915
2023,Qatar_Grand_Prix,R,MAG,3.0,Haas F1 Team,False,HARD,Qatar_Grand_Prix,14,17.0,0,,-10.123843416371843,0.5141315807263515
2023,Qatar_Grand_Prix,R,MAG,4.0,Haas F1 Team,False,HARD,Qatar_Grand_Prix,14,16.0,0,,0.6876094432372966,0.48991786116234753
2023,Qatar_Grand_Prix,R,NOR,1.0,McLaren,False,MEDIUM,Qatar_Grand_Prix,8,19.0,0,,inf,0.8199828635003005
2023,Qatar_Grand_Prix,R,NOR,2.0,McLaren,False,MEDIUM,Qatar_Grand_Prix,12,19.0,0,,inf,0.5443052226206128
2023,Qatar_Grand_Prix,R,NOR,3.0,McLaren,False,MEDIUM,Qatar_Grand_Prix,14,16.0,0,,inf,0.0739495459278945
2023,Qatar_Grand_Prix,R,NOR,4.0,McLaren,False,HARD,Qatar_Grand_Prix,11,12.0,0,,0.05801526717560568,0.7583802605238904
2023,Qatar_Grand_Prix,R,OCO,1.0,Alpine,False,MEDIUM,Qatar_Grand_Prix,5,16.0,0,,,
2023,Qatar_Grand_Prix,R,OCO,2.0,Alpine,False,MEDIUM,Qatar_Grand_Prix,13,19.0,0,,inf,0.6444455467342606
2023,Qatar_Grand_Prix,R,OCO,3.0,Alpine,False,HARD,Qatar_Grand_Prix,13,17.0,0,,-3.342258815106443,0.7233599393223938
2023,Qatar_Grand_Prix,R,OCO,4.0,Alpine,False,MEDIUM,Qatar_Grand_Prix,11,13.0,0,,3.3124782759820044,0.5176309597911481
2023,Qatar_Grand_Prix,R,PER,1.0,Red Bull Racing,True,HARD,Qatar_Grand_Prix,9,16.0,0,,-13.9675572519081,0.7910844998934524
2023,Qatar_Grand_Prix,R,PER,2.0,Red Bull Racing,True,MEDIUM,Qatar_Grand_Prix,12,19.0,0,,inf,0.4326685222697019
2023,Qatar_Grand_Prix,R,PER,3.0,Red Bull Racing,True,MEDIUM,Qatar_Grand_Prix,10,17.0,0,,inf,0.3580463904302043
2023,Qatar_Grand_Prix,R,PER,4.0,Red Bull Racing,True,MEDIUM,Qatar_Grand_Prix,10,13.0,0,,inf,0.623388703764912
2023,Qatar_Grand_Prix,R,PIA,1.0,McLaren,False,MEDIUM,Qatar_Grand_Prix,7,17.0,0,,inf,0.46225582297848045
2023,Qatar_Grand_Prix,R,PIA,2.0,McLaren,False,MEDIUM,Qatar_Grand_Prix,11,19.0,0,,inf,0.3433302147344252
2023,Qatar_Grand_Prix,R,PIA,3.0,McLaren,False,MEDIUM,Qatar_Grand_Prix,14,17.0,0,,inf,0.6976012522641332
2023,Qatar_Grand_Prix,R,PIA,4.0,McLaren,False,HARD,Qatar_Grand_Prix,12,7.0,1,7.0,inf,0.5097264320887441
2023,Qatar_Grand_Prix,R,RUS,2.0,Mercedes,False,MEDIUM,Qatar_Grand_Prix,8,19.0,0,,inf,0.4723149398498495
2023,Qatar_Grand_Prix,R,RUS,3.0,Mercedes,False,MEDIUM,Qatar_Grand_Prix,11,17.0,0,,inf,0.7687532930898784
2023,Qatar_Grand_Prix,R,RUS,4.0,Mercedes,False,HARD,Qatar_Grand_Prix,16,17.0,0,,inf,0.2732079940690341
2023,Qatar_Grand_Prix,R,RUS,5.0,Mercedes,False,SOFT,Qatar_Grand_Prix,4,9.0,0,,,
2023,Qatar_Grand_Prix,R,SAR,1.0,Williams,False,MEDIUM,Qatar_Grand_Prix,6,12.0,0,,,
2023,Qatar_Grand_Prix,R,SAR,2.0,Williams,False,MEDIUM,Qatar_Grand_Prix,11,12.0,0,,-0.546252285191971,0.5079589278551704
2023,Qatar_Grand_Prix,R,SAR,3.0,Williams,False,HARD,Qatar_Grand_Prix,11,7.0,1,7.0,inf,0.33699742988403397
2023,Qatar_Grand_Prix,R,STR,2.0,Aston Martin,False,MEDIUM,Qatar_Grand_Prix,13,17.0,0,,-0.08846153846153314,0.5224357170774783
2023,Qatar_Grand_Prix,R,STR,3.0,Aston Martin,False,HARD,Qatar_Grand_Prix,15,17.0,0,,inf,0.08546162802998387
2023,Qatar_Grand_Prix,R,STR,4.0,Aston Martin,False,MEDIUM,Qatar_Grand_Prix,15,17.0,0,,-18.399366085578748,0.5259281083609427
2023,Qatar_Grand_Prix,R,TSU,2.0,AlphaTauri,False,MEDIUM,Qatar_Grand_Prix,10,12.0,0,,1.153175591531809,0.5900364899648125
2023,Qatar_Grand_Prix,R,TSU,3.0,AlphaTauri,False,HARD,Qatar_Grand_Prix,16,17.0,0,,2.4301341842579123,0.4116024028136541
2023,Qatar_Grand_Prix,R,TSU,4.0,AlphaTauri,False,HARD,Qatar_Grand_Prix,14,15.0,0,,7.044198895026826,0.09307186384540884
2023,Qatar_Grand_Prix,R,VER,1.0,Red Bull Racing,True,MEDIUM,Qatar_Grand_Prix,11,19.0,0,,-487.58181818551213,0.6846088585453606
2023,Qatar_Grand_Prix,R,VER,2.0,Red Bull Racing,True,MEDIUM,Qatar_Grand_Prix,13,19.0,0,,inf,0.8344925338699601
2023,Qatar_Grand_Prix,R,VER,3.0,Red Bull Racing,True,HARD,Qatar_Grand_Prix,14,12.0,1,12.0,inf,0.6256332705249888
2023,Qatar_Grand_Prix,R,ZHO,1.0,Alfa Romeo,False,MEDIUM,Qatar_Grand_Prix,11,17.0,0,,-7.691897654581894,0.12418358871149555
2023,Qatar_Grand_Prix,R,ZHO,2.0,Alfa Romeo,False,HARD,Qatar_Grand_Prix,13,16.0,0,,-0.020107238605905284,0.2806176099761868
2023,Qatar_Grand_Prix,R,ZHO,3.0,Alfa Romeo,False,HARD,Qatar_Grand_Prix,13,16.0,0,,inf,0.6993655895348081
2023,Qatar_Grand_Prix,S,ALB,1.0,Williams,False,MEDIUM,Qatar_Grand_Prix,8,24.0,0,,inf,0.7075786819007049
2023,Qatar_Grand_Prix,S,ALO,1.0,Aston Martin,False,SOFT,Qatar_Grand_Prix,8,21.0,0,,5.129893238434269,0.08274198894785947
2023,Qatar_Grand_Prix,S,BOT,1.0,Alfa Romeo,False,MEDIUM,Qatar_Grand_Prix,8,23.0,0,,inf,0.41282628256228654
2023,Qatar_Grand_Prix,S,GAS,1.0,Alpine,False,SOFT,Qatar_Grand_Prix,8,21.0,0,,2.6796193497223455,0.23193072352092378
2023,Qatar_Grand_Prix,S,HAM,1.0,Mercedes,False,MEDIUM,Qatar_Grand_Prix,8,25.0,0,,inf,0.6672509066115758
2023,Qatar_Grand_Prix,S,LEC,1.0,Ferrari,False,SOFT,Qatar_Grand_Prix,8,24.0,0,,0.7037617554859329,0.3283094254625899
2023,Qatar_Grand_Prix,S,NOR,1.0,McLaren,False,MEDIUM,Qatar_Grand_Prix,8,21.0,0,,inf,0.8913058060028003
2023,Qatar_Grand_Prix,S,PIA,1.0,McLaren,False,MEDIUM,Qatar_Grand_Prix,8,20.0,0,,-10.264781491000127,0.5846393874676371
2023,Qatar_Grand_Prix,S,RUS,1.0,Mercedes,False,SOFT,Qatar_Grand_Prix,8,21.0,0,,-1.869104102707192,0.9255318680603084
2023,Qatar_Grand_Prix,S,SAI,1.0,Ferrari,False,SOFT,Qatar_Grand_Prix,8,18.0,0,,0.5538598047914649,0.49359626289674313
2023,Qatar_Grand_Prix,S,TSU,1.0,AlphaTauri,False,MEDIUM,Qatar_Grand_Prix,8,24.0,0,,inf,0.7511195348834425
2023,Qatar_Grand_Prix,S,VER,1.0,Red Bull Racing,True,MEDIUM,Qatar_Grand_Prix,5,18.0,0,,,
2023,Saudi_Arabian_Grand_Prix,R,ALB,1.0,Williams,False,MEDIUM,Saudi_Arabian_Grand_Prix,13,16.0,0,,1.4851548095874116,0.7279811422578961
2023,Saudi_Arabian_Grand_Prix,R,ALB,2.0,Williams,False,HARD,Saudi_Arabian_Grand_Prix,5,9.0,0,,,
2023,Saudi_Arabian_Grand_Prix,R,ALO,1.0,Aston Martin,False,MEDIUM,Saudi_Arabian_Grand_Prix,14,17.0,0,,inf,0.8664579161701276
2023,Saudi_Arabian_Grand_Prix,R,ALO,2.0,Aston Martin,False,HARD,Saudi_Arabian_Grand_Prix,26,32.0,0,,inf,0.6266170571179158
2023,Saudi_Arabian_Grand_Prix,R,BOT,1.0,Alfa Romeo,False,MEDIUM,Saudi_Arabian_Grand_Prix,6,8.0,0,,,
2023,Saudi_Arabian_Grand_Prix,R,BOT,2.0,Alfa Romeo,False,HARD,Saudi_Arabian_Grand_Prix,6,7.0,0,,,
2023,Saudi_Arabian_Grand_Prix,R,BOT,3.0,Alfa Romeo,False,MEDIUM,Saudi_Arabian_Grand_Prix,11,17.0,0,,0.0029314051202091926,0.6897708660750346
2023,Saudi_Arabian_Grand_Prix,R,BOT,4.0,Alfa Romeo,False,SOFT,Saudi_Arabian_Grand_Prix,10,13.0,0,,4.006026485829442,0.5932383488297345
2023,Saudi_Arabian_Grand_Prix,R,DEV,1.0,AlphaTauri,False,MEDIUM,Saudi_Arabian_Grand_Prix,13,16.0,0,,-0.95794792737231,0.7610934120520024
2023,Saudi_Arabian_Grand_Prix,R,DEV,2.0,AlphaTauri,False,HARD,Saudi_Arabian_Grand_Prix,26,32.0,0,,inf,0.49848275591670155
2023,Saudi_Arabian_Grand_Prix,R,GAS,1.0,Alpine,False,MEDIUM,Saudi_Arabian_Grand_Prix,11,13.0,0,,inf,0.8082934423964813
2023,Saudi_Arabian_Grand_Prix,R,GAS,2.0,Alpine,False,HARD,Saudi_Arabian_Grand_Prix,27,35.0,0,,inf,0.5617010936515182
2023,Saudi_Arabian_Grand_Prix,R,HAM,1.0,Mercedes,False,HARD,Saudi_Arabian_Grand_Prix,14,17.0,0,,inf,0.5792506802160075
2023,Saudi_Arabian_Grand_Prix,R,HAM,2.0,Mercedes,False,MEDIUM,Saudi_Arabian_Grand_Prix,26,31.0,0,,inf,0.38501750086828523
2023,Saudi_Arabian_Grand_Prix,R,HUL,1.0,Haas F1 Team,False,MEDIUM,Saudi_Arabian_Grand_Prix,7,10.0,0,,inf,0.09715242808886335
2023,Saudi_Arabian_Grand_Prix,R,HUL,2.0,Haas F1 Team,False,HARD,Saudi_Arabian_Grand_Prix,28,38.0,0,,inf,0.3209384235101764
2023,Saudi_Arabian_Grand_Prix,R,LEC,1.0,Ferrari,False,SOFT,Saudi_Arabian_Grand_Prix,10,15.0,0,,-0.3891529214425457,0.3332598956167914
2023,Saudi_Arabian_Grand_Prix,R,LEC,2.0,Ferrari,False,HARD,Saudi_Arabian_Grand_Prix,27,33.0,0,,inf,0.493136224711575
2023,Saudi_Arabian_Grand_Prix,R,MAG,1.0,Haas F1 Team,False,MEDIUM,Saudi_Arabian_Grand_Prix,5,7.0,0,,,
2023,Saudi_Arabian_Grand_Prix,R,MAG,2.0,Haas F1 Team,False,HARD,Saudi_Arabian_Grand_Prix,31,41.0,0,,-0.3366379088981472,0.36734136966694525
2023,Saudi_Arabian_Grand_Prix,R,NOR,2.0,McLaren,False,HARD,Saudi_Arabian_Grand_Prix,12,8.0,1,8.0,inf,0.7641302213227376
2023,Saudi_Arabian_Grand_Prix,R,NOR,3.0,McLaren,False,MEDIUM,Saudi_Arabian_Grand_Prix,25,30.0,0,,inf,0.35312212899161444
2023,Saudi_Arabian_Grand_Prix,R,OCO,1.0,Alpine,False,MEDIUM,Saudi_Arabian_Grand_Prix,13,15.0,0,,-7.658703071673632,0.3646354339503215
2023,Saudi_Arabian_Grand_Prix,R,OCO,2.0,Alpine,False,HARD,Saudi_Arabian_Grand_Prix,27,33.0,0,,inf,0.2623884895866441
2023,Saudi_Arabian_Grand_Prix,R,PER,1.0,Red Bull Racing,True,MEDIUM,Saudi_Arabian_Grand_Prix,13,17.0,0,,inf,0.5606538210510998
2023,Saudi_Arabian_Grand_Prix,R,PER,2.0,Red Bull Racing,True,HARD,Saudi_Arabian_Grand_Prix,27,31.0,0,,inf,0.5305798027581201
2023,Saudi_Arabian_Grand_Prix,R,PIA,2.0,McLaren,False,HARD,Saudi_Arabian_Grand_Prix,40,48.0,0,,-0.35733314152030077,0.6625783041412798
2023,Saudi_Arabian_Grand_Prix,R,RUS,1.0,Mercedes,False,MEDIUM,Saudi_Arabian_Grand_Prix,15,17.0,0,,inf,0.4171850403270574
2023,Saudi_Arabian_Grand_Prix,R,RUS,2.0,Mercedes,False,HARD,Saudi_Arabian_Grand_Prix,25,31.0,0,,inf,0.1770894592315333
2023,Saudi_Arabian_Grand_Prix,R,SAI,1.0,Ferrari,False,MEDIUM,Saudi_Arabian_Grand_Prix,12,14.0,0,,inf,0.8634874035370113
2023,Saudi_Arabian_Grand_Prix,R,SAI,2.0,Ferrari,False,HARD,Saudi_Arabian_Grand_Prix,27,34.0,0,,inf,0.32048289881323944
2023,Saudi_Arabian_Grand_Prix,R,SAR,1.0,Williams,False,HARD,Saudi_Arabian_Grand_Prix,14,16.0,0,,-0.6042897508348566,0.7105643885956586
2023,Saudi_Arabian_Grand_Prix,R,SAR,2.0,Williams,False,MEDIUM,Saudi_Arabian_Grand_Prix,26,31.0,0,,inf,0.4051238243431983
2023,Saudi_Arabian_Grand_Prix,R,STR,1.0,Aston Martin,False,MEDIUM,Saudi_Arabian_Grand_Prix,10,12.0,0,,1.997976049924497,0.18394279753263357
2023,Saudi_Arabian_Grand_Prix,R,TSU,1.0,AlphaTauri,False,MEDIUM,Saudi_Arabian_Grand_Prix,12,16.0,0,,inf,0.3258186276381565
2023,Saudi_Arabian_Grand_Prix,R,TSU,2.0,AlphaTauri,False,HARD,Saudi_Arabian_Grand_Prix,25,32.0,0,,inf,0.6559182516774683
2023,Saudi_Arabian_Grand_Prix,R,VER,1.0,Red Bull Racing,True,MEDIUM,Saudi_Arabian_Grand_Prix,11,17.0,0,,inf,0.3375789079340693
2023,Saudi_Arabian_Grand_Prix,R,VER,2.0,Red Bull Racing,True,HARD,Saudi_Arabian_Grand_Prix,26,31.0,0,,inf,0.6235615165711343
2023,Saudi_Arabian_Grand_Prix,R,ZHO,1.0,Alfa Romeo,False,MEDIUM,Saudi_Arabian_Grand_Prix,8,10.0,0,,inf,0.4799031832589179
2023,Saudi_Arabian_Grand_Prix,R,ZHO,3.0,Alfa Romeo,False,MEDIUM,Saudi_Arabian_Grand_Prix,25,31.0,0,,inf,0.360769554408285
2023,Singapore_Grand_Prix,R,ALB,1.0,Williams,False,MEDIUM,Singapore_Grand_Prix,13,19.0,0,,inf,0.7905366740629571
2023,Singapore_Grand_Prix,R,ALB,2.0,Williams,False,HARD,Singapore_Grand_Prix,18,22.0,0,,inf,0.3856437185807283
2023,Singapore_Grand_Prix,R,ALB,3.0,Williams,False,MEDIUM,Singapore_Grand_Prix,13,18.0,0,,0.9118044102545301,0.2341981755409166
2023,Singapore_Grand_Prix,R,ALO,1.0,Aston Martin,False,MEDIUM,Singapore_Grand_Prix,15,19.0,0,,inf,0.562810120982816
2023,Singapore_Grand_Prix,R,ALO,2.0,Aston Martin,False,HARD,Singapore_Grand_Prix,18,22.0,0,,inf,0.5706528379497322
2023,Singapore_Grand_Prix,R,ALO,3.0,Aston Martin,False,SOFT,Singapore_Grand_Prix,14,16.0,1,16.0,8.770863343442109,0.30958578832429157
2023,Singapore_Grand_Prix,R,BOT,1.0,Alfa Romeo,False,HARD,Singapore_Grand_Prix,33,39.0,0,,0.32653875136720095,0.2594205769143124
2023,Singapore_Grand_Prix,R,BOT,2.0,Alfa Romeo,False,MEDIUM,Singapore_Grand_Prix,8,11.0,0,,-1.078960797958669,0.8953247678368835
2023,Singapore_Grand_Prix,R,GAS,1.0,Alpine,False,MEDIUM,Singapore_Grand_Prix,16,19.0,0,,0.2774274905423004,0.6312332913295132
2023,Singapore_Grand_Prix,R,GAS,2.0,Alpine,False,HARD,Singapore_Grand_Prix,29,41.0,0,,0.09852111597606707,0.4759114377457028
2023,Singapore_Grand_Prix,R,HAM,1.0,Mercedes,False,MEDIUM,Singapore_Grand_Prix,14,19.0,0,,-16.122813156053326,0.7735463702710507
2023,Singapore_Grand_Prix,R,HAM,2.0,Mercedes,False,HARD,Singapore_Grand_Prix,18,22.0,0,,inf,0.40401320460659373
2023,Singapore_Grand_Prix,R,HAM,3.0,Mercedes,False,MEDIUM,Singapore_Grand_Prix,14,17.0,0,,2.7035323822665953,0.625080631932899
2023,Singapore_Grand_Prix,R,HUL,1.0,Haas F1 Team,False,MEDIUM,Singapore_Grand_Prix,16,19.0,0,,0.009308152165295057,0.6835419956626932
2023,Singapore_Grand_Prix,R,HUL,2.0,Haas F1 Team,False,HARD,Singapore_Grand_Prix,34,41.0,0,,inf,0.4001920572437882
2023,Singapore_Grand_Prix,R,LAW,1.0,AlphaTauri,False,MEDIUM,Singapore_Grand_Prix,16,19.0,0,,0.39446252317544117,0.6900227288489809
2023,Singapore_Grand_Prix,R,LAW,2.0,AlphaTauri,False,HARD,Singapore_Grand_Prix,31,41.0,0,,13.812569934279159,0.4746335572203242
2023,Singapore_Grand_Prix,R,LEC,1.0,Ferrari,False,SOFT,Singapore_Grand_Prix,18,22.0,0,,inf,0.2704472262753455
2023,Singapore_Grand_Prix,R,LEC,2.0,Ferrari,False,HARD,Singapore_Grand_Prix,33,41.0,0,,inf,0.7215246395803212
2023,Singapore_Grand_Prix,R,MAG,1.0,Haas F1 Team,False,MEDIUM,Singapore_Grand_Prix,15,19.0,0,,inf,0.5669558351977818
2023,Singapore_Grand_Prix,R,MAG,2.0,Haas F1 Team,False,HARD,Singapore_Grand_Prix,17,22.0,0,,inf,0.6030771333255264
2023,Singapore_Grand_Prix,R,MAG,3.0,Haas F1 Team,False,SOFT,Singapore_Grand_Prix,16,21.0,0,,inf,0.807066502589092
2023,Singapore_Grand_Prix,R,NOR,1.0,McLaren,False,MEDIUM,Singapore_Grand_Prix,15,19.0,0,,inf,0.60235433954672
2023,Singapore_Grand_Prix,R,NOR,2.0,McLaren,False,HARD,Singapore_Grand_Prix,34,41.0,0,,inf,0.7245966853669228
2023,Singapore_Grand_Prix,R,OCO,1.0,Alpine,False,MEDIUM,Singapore_Grand_Prix,15,19.0,0,,inf,0.7055744336295392
2023,Singapore_Grand_Prix,R,OCO,2.0,Alpine,False,HARD,Singapore_Grand_Prix,18,22.0,0,,inf,0.49886239915653635
2023,Singapore_Grand_Prix,R,PER,1.0,Red Bull Racing,True,HARD,Singapore_Grand_Prix,31,38.0,0,,5.438851305019976,0.25994048639294437
2023,Singapore_Grand_Prix,R,PER,2.0,Red Bull Racing,True,MEDIUM,Singapore_Grand_Prix,16,22.0,0,,-21.731501057081548,0.6206565497631219
2023,Singapore_Grand_Prix,R,PIA,1.0,McLaren,False,MEDIUM,Singapore_Grand_Prix,14,19.0,0,,inf,0.6075853937411805
2023,Singapore_Grand_Prix,R,PIA,2.0,McLaren,False,HARD,Singapore_Grand_Prix,29,41.0,0,,-0.037872131973652245,0.4317132070721594
2023,Singapore_Grand_Prix,R,RUS,1.0,Mercedes,False,MEDIUM,Singapore_Grand_Prix,15,19.0,0,,inf,0.49252415494349344
2023,Singapore_Grand_Prix,R,RUS,2.0,Mercedes,False,HARD,Singapore_Grand_Prix,20,23.0,0,,-0.02858404149652047,0.4664021269447995
2023,Singapore_Grand_Prix,R,RUS,3.0,Mercedes,False,MEDIUM,Singapore_Grand_Prix,16,17.0,0,,1.1932162982226837,0.47283922425297165
2023,Singapore_Grand_Prix,R,SAI,1.0,Ferrari,False,MEDIUM,Singapore_Grand_Prix,14,19.0,0,,-5.557315548144997,0.7035745039337685
2023,Singapore_Grand_Prix,R,SAI,2.0,Ferrari,False,HARD,Singapore_Grand_Prix,32,41.0,0,,inf,0.7399204946953553
2023,Singapore_Grand_Prix,R,SAR,1.0,Williams,False,MEDIUM,Singapore_Grand_Prix,13,18.0,0,,inf,0.7493030403795997
2023,Singapore_Grand_Prix,R,SAR,2.0,Williams,False,HARD,Singapore_Grand_Prix,20,23.0,0,,inf,0.6812397608161386
2023,Singapore_Grand_Prix,R,SAR,3.0,Williams,False,MEDIUM,Singapore_Grand_Prix,17,15.0,1,15.0,10.49280258519343,0.47108183272539805
2023,Singapore_Grand_Prix,R,VER,1.0,Red Bull Racing,True,HARD,Singapore_Grand_Prix,33,39.0,0,,inf,0.28029286417719834
2023,Singapore_Grand_Prix,R,VER,2.0,Red Bull Racing,True,MEDIUM,Singapore_Grand_Prix,16,21.0,0,,inf,0.28104356499440153
2023,Singapore_Grand_Prix,R,ZHO,2.0,Alfa Romeo,False,HARD,Singapore_Grand_Prix,16,17.0,0,,0.17398383974930787,0.3955300816629216
2023,Singapore_Grand_Prix,R,ZHO,3.0,Alfa Romeo,False,MEDIUM,Singapore_Grand_Prix,32,32.0,1,32.0,inf,0.44301105395125656
2023,Spanish_Grand_Prix,R,ALB,1.0,Williams,False,SOFT,Spanish_Grand_Prix,13,15.0,0,,inf,0.7503281176181056
2023,Spanish_Grand_Prix,R,ALB,2.0,Williams,False,HARD,Spanish_Grand_Prix,19,20.0,0,,-127.5474537037416,0.4741676215940391
2023,Spanish_Grand_Prix,R,ALB,3.0,Williams,False,MEDIUM,Spanish_Grand_Prix,25,27.0,0,,inf,0.7566139241030059
2023,Spanish_Grand_Prix,R,ALO,1.0,Aston Martin,False,SOFT,Spanish_Grand_Prix,17,21.0,0,,inf,0.5043216251174693
2023,Spanish_Grand_Prix,R,ALO,2.0,Aston Martin,False,SOFT,Spanish_Grand_Prix,23,27.0,0,,inf,0.44877129462253446
2023,Spanish_Grand_Prix,R,ALO,3.0,Aston Martin,False,HARD,Spanish_Grand_Prix,20,21.0,0,,-3.886089813800306,0.2693772917314645
2023,Spanish_Grand_Prix,R,BOT,2.0,Alfa Romeo,False,HARD,Spanish_Grand_Prix,30,33.0,0,,0.2561029493197431,0.346963771732785
2023,Spanish_Grand_Prix,R,BOT,3.0,Alfa Romeo,False,HARD,Spanish_Grand_Prix,20,25.0,0,,2.9988379858420884,0.3453665156250145
2023,Spanish_Grand_Prix,R,DEV,1.0,AlphaTauri,False,SOFT,Spanish_Grand_Prix,6,8.0,0,,,
2023,Spanish_Grand_Prix,R,DEV,2.0,AlphaTauri,False,HARD,Spanish_Grand_Prix,26,28.0,0,,-0.2801635881403334,0.5027118247916705
2023,Spanish_Grand_Prix,R,DEV,3.0,AlphaTauri,False,MEDIUM,Spanish_Grand_Prix,23,26.0,0,,-11.809201088560897,0.16923828913030456
2023,Spanish_Grand_Prix,R,GAS,1.0,Alpine,False,SOFT,Spanish_Grand_Prix,16,21.0,0,,0.05495532148938924,0.44422095500623465
2023,Spanish_Grand_Prix,R,GAS,2.0,Alpine,False,MEDIUM,Spanish_Grand_Prix,16,19.0,0,,-2.2932884399550506,0.38379378760602845
2023,Spanish_Grand_Prix,R,GAS,3.0,Alpine,False,HARD,Spanish_Grand_Prix,25,26.0,0,,0.11157453180644926,0.3117550733865872
2023,Spanish_Grand_Prix,R,HAM,1.0,Mercedes,False,SOFT,Spanish_Grand_Prix,21,26.0,0,,inf,0.7109712371135991
2023,Spanish_Grand_Prix,R,HAM,2.0,Mercedes,False,MEDIUM,Spanish_Grand_Prix,23,25.0,0,,inf,0.587117819323462
2023,Spanish_Grand_Prix,R,HAM,3.0,Mercedes,False,SOFT,Spanish_Grand_Prix,12,18.0,0,,14.475921980003456,0.715802489446323
2023,Spanish_Grand_Prix,R,HUL,1.0,Haas F1 Team,False,SOFT,Spanish_Grand_Prix,6,10.0,0,,,
2023,Spanish_Grand_Prix,R,HUL,2.0,Haas F1 Team,False,MEDIUM,Spanish_Grand_Prix,14,17.0,0,,-0.29087899280205326,0.7215857719012976
2023,Spanish_Grand_Prix,R,HUL,3.0,Haas F1 Team,False,HARD,Spanish_Grand_Prix,15,16.0,0,,-0.7532347504620361,0.5453866531845746
2023,Spanish_Grand_Prix,R,HUL,4.0,Haas F1 Team,False,MEDIUM,Spanish_Grand_Prix,20,21.0,0,,inf,0.35985409655555056
2023,Spanish_Grand_Prix,R,LEC,1.0,Ferrari,False,HARD,Spanish_Grand_Prix,13,15.0,0,,3.301943844492334,0.23949305488659967
2023,Spanish_Grand_Prix,R,LEC,2.0,Ferrari,False,SOFT,Spanish_Grand_Prix,22,24.0,0,,0.06269183360271362,0.6170238257457131
2023,Spanish_Grand_Prix,R,LEC,3.0,Ferrari,False,HARD,Spanish_Grand_Prix,23,49.0,0,,0.3082851471476574,0.4803363635657861
2023,Spanish_Grand_Prix,R,MAG,1.0,Haas F1 Team,False,SOFT,Spanish_Grand_Prix,7,9.0,0,,inf,0.19209291830921382
2023,Spanish_Grand_Prix,R,MAG,2.0,Haas F1 Team,False,MEDIUM,Spanish_Grand_Prix,12,13.0,0,,0.36858894894298977,0.45615751230785706
2023,Spanish_Grand_Prix,R,MAG,3.0,Haas F1 Team,False,HARD,Spanish_Grand_Prix,16,17.0,0,,-1.4084204240071143,0.19972492324284427
2023,Spanish_Grand_Prix,R,MAG,4.0,Haas F1 Team,False,MEDIUM,Spanish_Grand_Prix,21,22.0,0,,8.94389887311904,0.40509659331807385
2023,Spanish_Grand_Prix,R,NOR,2.0,McLaren,False,HARD,Spanish_Grand_Prix,19,20.0,0,,-0.10061200178233706,0.5715187294688688
2023,Spanish_Grand_Prix,R,NOR,3.0,McLaren,False,MEDIUM,Spanish_Grand_Prix,26,27.0,0,,-3.1859166650058053,0.44204005936387275
2023,Spanish_Grand_Prix,R,NOR,4.0,McLaren,False,SOFT,Spanish_Grand_Prix,12,17.0,0,,-2.4111159169549836,0.7517789609317427
2023,Spanish_Grand_Prix,R,OCO,1.0,Alpine,False,SOFT,Spanish_Grand_Prix,11,15.0,0,,inf,0.5752712317405169
2023,Spanish_Grand_Prix,R,OCO,2.0,Alpine,False,MEDIUM,Spanish_Grand_Prix,20,21.0,0,,inf,0.3716989068882818
2023,Spanish_Grand_Prix,R,OCO,3.0,Alpine,False,HARD,Spanish_Grand_Prix,28,30.0,0,,0.07032142274432888,0.27422635977533016
2023,Spanish_Grand_Prix,R,PER,1.0,Red Bull Racing,True,MEDIUM,Spanish_Grand_Prix,23,26.0,0,,inf,0.4668408004204051
2023,Spanish_Grand_Prix,R,PER,2.0,Red Bull Racing,True,HARD,Spanish_Grand_Prix,20,22.0,0,,0.07128795388771789,0.23954092654082476
2023,Spanish_Grand_Prix,R,PER,3.0,Red Bull Racing,True,SOFT,Spanish_Grand_Prix,14,15.0,0,,0.7493089873523793,0.6139090260620647
2023,Spanish_Grand_Prix,R,PIA,1.0,McLaren,False,SOFT,Spanish_Grand_Prix,14,18.0,0,,inf,0.3355815212861738
2023,Spanish_Grand_Prix,R,PIA,2.0,McLaren,False,HARD,Spanish_Grand_Prix,20,21.0,0,,-0.03155915451702792,0.6970778664184722
2023,Spanish_Grand_Prix,R,PIA,3.0,McLaren,False,MEDIUM,Spanish_Grand_Prix,23,25.0,0,,0.1230356318768114,0.3888641545606385
2023,Spanish_Grand_Prix,R,RUS,1.0,Mercedes,False,SOFT,Spanish_Grand_Prix,21,24.0,0,,inf,0.30881784869945705
2023,Spanish_Grand_Prix,R,RUS,2.0,Mercedes,False,MEDIUM,Spanish_Grand_Prix,18,19.0,0,,-0.679274229490216,0.6990782924318003
2023,Spanish_Grand_Prix,R,RUS,3.0,Mercedes,False,SOFT,Spanish_Grand_Prix,19,20.0,1,20.0,inf,0.5813853865323062
2023,Spanish_Grand_Prix,R,SAI,1.0,Ferrari,False,SOFT,Spanish_Grand_Prix,13,17.0,0,,9.086956521740955,0.15347565532203775
2023,Spanish_Grand_Prix,R,SAI,2.0,Ferrari,False,MEDIUM,Spanish_Grand_Prix,24,25.0,0,,-18.23121517486635,0.439806710816458
2023,Spanish_Grand_Prix,R,SAI,3.0,Ferrari,False,HARD,Spanish_Grand_Prix,21,24.0,0,,inf,0.19693509811090637
2023,Spanish_Grand_Prix,R,SAR,1.0,Williams,False,MEDIUM,Spanish_Grand_Prix,13,16.0,0,,7.22566824402181,0.48070660507756124
2023,Spanish_Grand_Prix,R,SAR,2.0,Williams,False,HARD,Spanish_Grand_Prix,17,18.0,0,,4.611207729468558,0.1756360560522856
2023,Spanish_Grand_Prix,R,SAR,3.0,Williams,False,HARD,Spanish_Grand_Prix,27,28.0,0,,-6.772167449860061,0.39588055427582663
2023,Spanish_Grand_Prix,R,STR,1.0,Aston Martin,False,SOFT,Spanish_Grand_Prix,12,16.0,0,,inf,0.6218958880978137
2023,Spanish_Grand_Prix,R,STR,2.0,Aston Martin,False,SOFT,Spanish_Grand_Prix,18,22.0,0,,inf,0.24478343243298883
2023,Spanish_Grand_Prix,R,STR,3.0,Aston Martin,False,HARD,Spanish_Grand_Prix,27,31.0,0,,-0.1066522552816592,0.36871027446353105
2023,Spanish_Grand_Prix,R,TSU,1.0,AlphaTauri,False,SOFT,Spanish_Grand_Prix,7,9.0,0,,-4.186666666667003,0.15194807181879322
2023,Spanish_Grand_Prix,R,TSU,2.0,AlphaTauri,False,HARD,Spanish_Grand_Prix,21,23.0,0,,24.86819963811566,0.5284518343246991
2023,Spanish_Grand_Prix,R,TSU,3.0,AlphaTauri,False,MEDIUM,Spanish_Grand_Prix,28,31.0,0,,-0.7297673254140646,0.2903285138194446
2023,Spanish_Grand_Prix,R,VER,1.0,Red Bull Racing,True,MEDIUM,Spanish_Grand_Prix,24,25.0,0,,inf,0.29715177942993903
2023,Spanish_Grand_Prix,R,VER,2.0,Red Bull Racing,True,HARD,Spanish_Grand_Prix,24,25.0,0,,-4.999039161175502,0.4411090704837732
2023,Spanish_Grand_Prix,R,VER,3.0,Red Bull Racing,True,SOFT,Spanish_Grand_Prix,10,15.0,0,,1.2432973189275656,0.38758788716197873
2023,Spanish_Grand_Prix,R,ZHO,1.0,Alfa Romeo,False,SOFT,Spanish_Grand_Prix,5,8.0,0,,,
2023,Spanish_Grand_Prix,R,ZHO,2.0,Alfa Romeo,False,HARD,Spanish_Grand_Prix,23,26.0,0,,-1.2937685054912345,0.5931835171714259
2023,Spanish_Grand_Prix,R,ZHO,3.0,Alfa Romeo,False,HARD,Spanish_Grand_Prix,28,29.0,0,,0.9453904390019444,0.27322543496415885
2023,São_Paulo_Grand_Prix,R,ALO,3.0,Aston Martin,False,SOFT,São_Paulo_Grand_Prix,20,25.0,0,,inf,0.23600885650416137
2023,São_Paulo_Grand_Prix,R,ALO,4.0,Aston Martin,False,MEDIUM,São_Paulo_Grand_Prix,19,21.0,0,,inf,0.4914524338763452
2023,São_Paulo_Grand_Prix,R,ALO,5.0,Aston Martin,False,SOFT,São_Paulo_Grand_Prix,19,23.0,0,,inf,0.6977584512207967
2023,São_Paulo_Grand_Prix,R,BOT,3.0,Alfa Romeo,False,SOFT,São_Paulo_Grand_Prix,12,15.0,0,,inf,0.5194921214178946
2023,São_Paulo_Grand_Prix,R,BOT,4.0,Alfa Romeo,False,MEDIUM,São_Paulo_Grand_Prix,17,20.0,0,,1.121614967996051,0.36503534182414954
2023,São_Paulo_Grand_Prix,R,GAS,3.0,Alpine,False,SOFT,São_Paulo_Grand_Prix,21,11.0,1,11.0,inf,0.38828156759517973
2023,São_Paulo_Grand_Prix,R,GAS,4.0,Alpine,False,MEDIUM,São_Paulo_Grand_Prix,17,19.0,0,,0.3562966374942236,0.5475767976935254
2023,São_Paulo_Grand_Prix,R,GAS,5.0,Alpine,False,SOFT,São_Paulo_Grand_Prix,23,24.0,0,,0.5826168517292589,0.631961090857966
2023,São_Paulo_Grand_Prix,R,HAM,3.0,Mercedes,False,SOFT,São_Paulo_Grand_Prix,13,18.0,0,,inf,0.66655428271566
2023,São_Paulo_Grand_Prix,R,HAM,4.0,Mercedes,False,MEDIUM,São_Paulo_Grand_Prix,22,27.0,0,,0.1760617669353173,0.37456850293249133
2023,São_Paulo_Grand_Prix,R,HAM,5.0,Mercedes,False,SOFT,São_Paulo_Grand_Prix,23,17.0,1,17.0,inf,0.8194936728987082
2023,São_Paulo_Grand_Prix,R,HUL,3.0,Haas F1 Team,False,SOFT,São_Paulo_Grand_Prix,15,21.0,0,,-2.043281653746727,0.8024160615057708
2023,São_Paulo_Grand_Prix,R,HUL,4.0,Haas F1 Team,False,SOFT,São_Paulo_Grand_Prix,21,27.0,0,,-96.28198198199497,0.4311786140313837
2023,São_Paulo_Grand_Prix,R,HUL,5.0,Haas F1 Team,False,SOFT,São_Paulo_Grand_Prix,19,26.0,0,,inf,0.2863229346542835
2023,São_Paulo_Grand_Prix,R,NOR,3.0,McLaren,False,SOFT,São_Paulo_Grand_Prix,18,24.0,0,,0.010532027038386613,0.7801231598051394
2023,São_Paulo_Grand_Prix,R,NOR,4.0,McLaren,False,MEDIUM,São_Paulo_Grand_Prix,28,13.0,1,13.0,inf,0.528817097398713
2023,São_Paulo_Grand_Prix,R,NOR,5.0,McLaren,False,SOFT,São_Paulo_Grand_Prix,9,14.0,0,,0.00962738456052014,0.8229527777649653
2023,São_Paulo_Grand_Prix,R,OCO,3.0,Alpine,False,SOFT,São_Paulo_Grand_Prix,9,14.0,0,,inf,0.7467958744037375
2023,São_Paulo_Grand_Prix,R,OCO,4.0,Alpine,False,MEDIUM,São_Paulo_Grand_Prix,14,16.0,0,,0.4366267626559577,0.5917614321847388
2023,São_Paulo_Grand_Prix,R,OCO,5.0,Alpine,False,SOFT,São_Paulo_Grand_Prix,18,22.0,0,,0.2876038862226425,0.13062892264289974
2023,São_Paulo_Grand_Prix,R,OCO,6.0,Alpine,False,SOFT,São_Paulo_Grand_Prix,17,18.0,0,,-2.82620266120794,0.41639289132538515
2023,São_Paulo_Grand_Prix,R,PER,3.0,Red Bull Racing,True,SOFT,São_Paulo_Grand_Prix,15,20.0,0,,inf,0.2599248679901443
2023,São_Paulo_Grand_Prix,R,PER,4.0,Red Bull Racing,True,MEDIUM,São_Paulo_Grand_Prix,22,16.0,1,16.0,inf,0.572765907630074
2023,São_Paulo_Grand_Prix,R,PER,5.0,Red Bull Racing,True,SOFT,São_Paulo_Grand_Prix,22,27.0,0,,inf,0.31418382718052623
2023,São_Paulo_Grand_Prix,R,PIA,3.0,McLaren,False,MEDIUM,São_Paulo_Grand_Prix,19,22.0,0,,-0.8356279053199532,0.6037960500004323
2023,São_Paulo_Grand_Prix,R,PIA,4.0,McLaren,False,SOFT,São_Paulo_Grand_Prix,26,13.0,1,13.0,inf,0.5161422323773075
2023,São_Paulo_Grand_Prix,R,PIA,5.0,McLaren,False,SOFT,São_Paulo_Grand_Prix,14,21.0,0,,inf,0.22023490066598153
2023,São_Paulo_Grand_Prix,R,RIC,3.0,AlphaTauri,False,SOFT,São_Paulo_Grand_Prix,21,27.0,0,,0.648730539590395,0.37059628869387345
2023,São_Paulo_Grand_Prix,R,RIC,4.0,AlphaTauri,False,MEDIUM,São_Paulo_Grand_Prix,26,28.0,0,,-7.668794892256519,0.2862146773004765
2023,São_Paulo_Grand_Prix,R,RIC,5.0,AlphaTauri,False,SOFT,São_Paulo_Grand_Prix,9,14.0,0,,inf,0.7345121040274359
2023,São_Paulo_Grand_Prix,R,RUS,3.0,Mercedes,False,SOFT,São_Paulo_Grand_Prix,14,19.0,0,,-2.6121019108279646,0.533044795194105
2023,São_Paulo_Grand_Prix,R,RUS,4.0,Mercedes,False,MEDIUM,São_Paulo_Grand_Prix,19,25.0,0,,2.0668800912865497,0.1940940787868276
2023,São_Paulo_Grand_Prix,R,RUS,5.0,Mercedes,False,SOFT,São_Paulo_Grand_Prix,8,14.0,0,,inf,0.27046104006239463
2023,São_Paulo_Grand_Prix,R,SAI,3.0,Ferrari,False,SOFT,São_Paulo_Grand_Prix,21,27.0,0,,-0.9544848215367989,0.37195907286792484
2023,São_Paulo_Grand_Prix,R,SAI,4.0,Ferrari,False,MEDIUM,São_Paulo_Grand_Prix,23,24.0,0,,-2.4817657917247824,0.5668914766052803
2023,São_Paulo_Grand_Prix,R,SAI,5.0,Ferrari,False,SOFT,São_Paulo_Grand_Prix,18,22.0,0,,0.5734890109890982,0.8778756681723803
2023,São_Paulo_Grand_Prix,R,SAR,3.0,Williams,False,SOFT,São_Paulo_Grand_Prix,11,9.0,1,9.0,inf,0.5815174383888587
2023,São_Paulo_Grand_Prix,R,SAR,4.0,Williams,False,SOFT,São_Paulo_Grand_Prix,25,26.0,0,,3.7481119502443985,0.3244162721274212
2023,São_Paulo_Grand_Prix,R,SAR,5.0,Williams,False,SOFT,São_Paulo_Grand_Prix,24,25.0,0,,-117.03328159804,0.43211968442025755
2023,São_Paulo_Grand_Prix,R,STR,3.0,Aston Martin,False,SOFT,São_Paulo_Grand_Prix,17,10.0,1,10.0,inf,0.4808833170300129
2023,São_Paulo_Grand_Prix,R,STR,4.0,Aston Martin,False,MEDIUM,São_Paulo_Grand_Prix,28,29.0,0,,-2.5120536386924597,0.25515918698154433
2023,São_Paulo_Grand_Prix,R,STR,5.0,Aston Martin,False,SOFT,São_Paulo_Grand_Prix,16,20.0,0,,inf,0.363623870675417
2023,São_Paulo_Grand_Prix,R,TSU,3.0,AlphaTauri,False,SOFT,São_Paulo_Grand_Prix,19,23.0,0,,-0.0969966362325642,0.458362799683181
2023,São_Paulo_Grand_Prix,R,TSU,4.0,AlphaTauri,False,MEDIUM,São_Paulo_Grand_Prix,26,28.0,0,,-3.094682157228777,0.44987958045631343
2023,São_Paulo_Grand_Prix,R,TSU,5.0,AlphaTauri,False,SOFT,São_Paulo_Grand_Prix,13,13.0,1,13.0,inf,0.9281527623890773
2023,São_Paulo_Grand_Prix,R,VER,3.0,Red Bull Racing,True,SOFT,São_Paulo_Grand_Prix,22,27.0,0,,0.971553603188008,0.4181220545925933
2023,São_Paulo_Grand_Prix,R,VER,4.0,Red Bull Racing,True,MEDIUM,São_Paulo_Grand_Prix,24,13.0,1,13.0,inf,0.5332295809155887
2023,São_Paulo_Grand_Prix,R,VER,5.0,Red Bull Racing,True,SOFT,São_Paulo_Grand_Prix,9,14.0,0,,inf,0.5061630234879828
2023,São_Paulo_Grand_Prix,R,ZHO,3.0,Alfa Romeo,False,SOFT,São_Paulo_Grand_Prix,9,9.0,1,9.0,inf,0.7413364535536929
2023,São_Paulo_Grand_Prix,R,ZHO,4.0,Alfa Romeo,False,MEDIUM,São_Paulo_Grand_Prix,4,6.0,0,,,
2023,São_Paulo_Grand_Prix,S,ALB,1.0,Williams,False,SOFT,São_Paulo_Grand_Prix,22,8.0,1,8.0,inf,0.5120835496878341
2023,São_Paulo_Grand_Prix,S,ALO,1.0,Aston Martin,False,SOFT,São_Paulo_Grand_Prix,22,26.0,0,,-0.5915892420538027,0.5387459220526732
2023,São_Paulo_Grand_Prix,S,BOT,1.0,Alfa Romeo,False,SOFT,São_Paulo_Grand_Prix,19,23.0,0,,1.3158809700042995,0.5412505516029286
2023,São_Paulo_Grand_Prix,S,GAS,1.0,Alpine,False,SOFT,São_Paulo_Grand_Prix,22,26.0,0,,-0.0007323778619031787,0.48656164263979695
2023,São_Paulo_Grand_Prix,S,HAM,1.0,Mercedes,False,SOFT,São_Paulo_Grand_Prix,21,26.0,0,,1.4303418331422881,0.259777007842303
2023,São_Paulo_Grand_Prix,S,HUL,1.0,Haas F1 Team,False,MEDIUM,São_Paulo_Grand_Prix,21,27.0,0,,1.637830998184632,0.2200936081834691
2023,São_Paulo_Grand_Prix,S,LEC,1.0,Ferrari,False,SOFT,São_Paulo_Grand_Prix,22,26.0,0,,-0.52099038844836,0.5592607573681071
2023,São_Paulo_Grand_Prix,S,MAG,1.0,Haas F1 Team,False,MEDIUM,São_Paulo_Grand_Prix,22,27.0,0,,0.11109595972686521,0.5911181133737782
2023,São_Paulo_Grand_Prix,S,NOR,1.0,McLaren,False,SOFT,São_Paulo_Grand_Prix,22,26.0,0,,0.7670851844697333,0.22039093338215676
2023,São_Paulo_Grand_Prix,S,OCO,1.0,Alpine,False,SOFT,São_Paulo_Grand_Prix,22,26.0,0,,0.10632513157129733,0.49116123349583896
2023,São_Paulo_Grand_Prix,S,PER,1.0,Red Bull Racing,True,SOFT,São_Paulo_Grand_Prix,22,26.0,0,,-0.4655514731052268,0.5187282225946822
2023,São_Paulo_Grand_Prix,S,PIA,1.0,McLaren,False,SOFT,São_Paulo_Grand_Prix,22,26.0,0,,0.4659925790608806,0.5453395865064943
2023,São_Paulo_Grand_Prix,S,RIC,1.0,AlphaTauri,False,SOFT,São_Paulo_Grand_Prix,21,23.0,0,,-6.342409650274989,0.6760609047121898
2023,São_Paulo_Grand_Prix,S,RUS,1.0,Mercedes,False,SOFT,São_Paulo_Grand_Prix,20,26.0,0,,0.10653644507953608,0.6840880230749823
2023,São_Paulo_Grand_Prix,S,SAI,1.0,Ferrari,False,SOFT,São_Paulo_Grand_Prix,22,26.0,0,,0.24200628346383818,0.47991729879716927
2023,São_Paulo_Grand_Prix,S,SAR,1.0,Williams,False,MEDIUM,São_Paulo_Grand_Prix,19,23.0,0,,0.96006476411088,0.40529707874523585
2023,São_Paulo_Grand_Prix,S,STR,1.0,Aston Martin,False,SOFT,São_Paulo_Grand_Prix,22,8.0,1,8.0,inf,0.20212996327606209
2023,São_Paulo_Grand_Prix,S,TSU,1.0,AlphaTauri,False,SOFT,São_Paulo_Grand_Prix,22,23.0,0,,-0.6123188405797197,0.3993250470508667
2023,São_Paulo_Grand_Prix,S,VER,1.0,Red Bull Racing,True,SOFT,São_Paulo_Grand_Prix,22,26.0,0,,-0.6077527944253884,0.6420400311848841
2023,São_Paulo_Grand_Prix,S,ZHO,1.0,Alfa Romeo,False,SOFT,São_Paulo_Grand_Prix,21,23.0,0,,1.086888509670098,0.36694200133604726
2023,United_States_Grand_Prix,R,ALB,1.0,Williams,False,MEDIUM,United_States_Grand_Prix,7,12.0,0,,inf,0.5173328170696831
2023,United_States_Grand_Prix,R,ALB,2.0,Williams,False,HARD,United_States_Grand_Prix,16,18.0,0,,inf,0.7619175080172264
2023,United_States_Grand_Prix,R,ALB,3.0,Williams,False,MEDIUM,United_States_Grand_Prix,25,28.0,1,28.0,inf,0.6814880350672017
2023,United_States_Grand_Prix,R,ALO,1.0,Aston Martin,False,MEDIUM,United_States_Grand_Prix,14,18.0,0,,1.1504115692493992,0.6098775164458277
2023,United_States_Grand_Prix,R,ALO,2.0,Aston Martin,False,MEDIUM,United_States_Grand_Prix,21,22.0,0,,-0.06347590523624037,0.5385964323398442
2023,United_States_Grand_Prix,R,ALO,3.0,Aston Martin,False,HARD,United_States_Grand_Prix,3,5.0,0,,,
2023,United_States_Grand_Prix,R,BOT,1.0,Alfa Romeo,False,MEDIUM,United_States_Grand_Prix,5,9.0,0,,,
2023,United_States_Grand_Prix,R,BOT,2.0,Alfa Romeo,False,HARD,United_States_Grand_Prix,16,17.0,0,,inf,0.6420828778711908
2023,United_States_Grand_Prix,R,BOT,3.0,Alfa Romeo,False,HARD,United_States_Grand_Prix,26,27.0,0,,-0.10423021060274616,0.5259683666015948
2023,United_States_Grand_Prix,R,GAS,1.0,Alpine,False,MEDIUM,United_States_Grand_Prix,14,17.0,0,,0.32377850162866145,0.41314295173210597
2023,United_States_Grand_Prix,R,GAS,2.0,Alpine,False,MEDIUM,United_States_Grand_Prix,17,18.0,0,,18.12597327135391,0.4168193760725304
2023,United_States_Grand_Prix,R,GAS,3.0,Alpine,False,HARD,United_States_Grand_Prix,16,18.0,0,,0.6378181818181863,0.581168902929335
2023,United_States_Grand_Prix,R,HAM,1.0,Mercedes,False,MEDIUM,United_States_Grand_Prix,17,19.0,0,,22.1265503156304,0.4108253311595756
2023,United_States_Grand_Prix,R,HAM,2.0,Mercedes,False,HARD,United_States_Grand_Prix,15,17.0,0,,-4.779066813447565,0.5026125372347326
2023,United_States_Grand_Prix,R,HAM,3.0,Mercedes,False,MEDIUM,United_States_Grand_Prix,16,17.0,0,,inf,0.5941766371968661
2023,United_States_Grand_Prix,R,HUL,1.0,Haas F1 Team,False,HARD,United_States_Grand_Prix,14,18.0,0,,inf,0.3422203641573277
2023,United_States_Grand_Prix,R,HUL,2.0,Haas F1 Team,False,MEDIUM,United_States_Grand_Prix,12,14.0,0,,3.2447295130391276,0.8096293173022575
2023,United_States_Grand_Prix,R,HUL,3.0,Haas F1 Team,False,MEDIUM,United_States_Grand_Prix,20,27.0,0,,-5.7099236641220505,0.3864740907077191
2023,United_States_Grand_Prix,R,LEC,1.0,Ferrari,False,MEDIUM,United_States_Grand_Prix,21,22.0,0,,0.5426992487695308,0.47701371832190576
2023,United_States_Grand_Prix,R,LEC,2.0,Ferrari,False,HARD,United_States_Grand_Prix,29,29.0,1,29.0,inf,0.29031136945878855
2023,United_States_Grand_Prix,R,MAG,1.0,Haas F1 Team,False,MEDIUM,United_States_Grand_Prix,5,9.0,0,,,
2023,United_States_Grand_Prix,R,MAG,2.0,Haas F1 Team,False,HARD,United_States_Grand_Prix,15,18.0,0,,inf,0.7085855607070608
2023,United_States_Grand_Prix,R,MAG,3.0,Haas F1 Team,False,MEDIUM,United_States_Grand_Prix,23,22.0,1,22.0,inf,0.6434283155928794
2023,United_States_Grand_Prix,R,NOR,1.0,McLaren,False,MEDIUM,United_States_Grand_Prix,15,16.0,0,,0.22287996463975226,0.28909003791074567
2023,United_States_Grand_Prix,R,NOR,2.0,McLaren,False,HARD,United_States_Grand_Prix,15,16.0,0,,3.4806015244111466,0.3694050184240286
2023,United_States_Grand_Prix,R,NOR,3.0,McLaren,False,HARD,United_States_Grand_Prix,19,21.0,0,,-2.5995491459785094,0.5054498686864256
2023,United_States_Grand_Prix,R,PER,1.0,Red Bull Racing,True,MEDIUM,United_States_Grand_Prix,13,16.0,0,,0.137514947276882,0.6990038810979029
2023,United_States_Grand_Prix,R,PER,2.0,Red Bull Racing,True,MEDIUM,United_States_Grand_Prix,18,19.0,0,,inf,0.2966390870370434
2023,United_States_Grand_Prix,R,PER,3.0,Red Bull Racing,True,HARD,United_States_Grand_Prix,17,18.0,0,,0.054072992455704384,0.5511742480178411
2023,United_States_Grand_Prix,R,PIA,1.0,McLaren,False,MEDIUM,United_States_Grand_Prix,7,6.0,1,6.0,inf,0.4844150319464151
2023,United_States_Grand_Prix,R,RIC,1.0,AlphaTauri,False,MEDIUM,United_States_Grand_Prix,17,21.0,0,,inf,0.6638397394290878
2023,United_States_Grand_Prix,R,RIC,2.0,AlphaTauri,False,HARD,United_States_Grand_Prix,20,24.0,0,,9.416337588805181,0.3395142340567195
2023,United_States_Grand_Prix,R,RIC,3.0,AlphaTauri,False,SOFT,United_States_Grand_Prix,3,7.0,0,,,
2023,United_States_Grand_Prix,R,RUS,1.0,Mercedes,False,MEDIUM,United_States_Grand_Prix,17,20.0,0,,0.07441567850791639,0.4669280323266653
2023,United_States_Grand_Prix,R,RUS,2.0,Mercedes,False,HARD,United_States_Grand_Prix,16,17.0,0,,0.06393500116904528,0.29788392701456895
2023,United_States_Grand_Prix,R,RUS,3.0,Mercedes,False,MEDIUM,United_States_Grand_Prix,15,16.0,0,,inf,0.7035672034138701
2023,United_States_Grand_Prix,R,SAI,1.0,Ferrari,False,MEDIUM,United_States_Grand_Prix,15,16.0,0,,0.13328460038985973,0.5084609093843909
2023,United_States_Grand_Prix,R,SAI,2.0,Ferrari,False,MEDIUM,United_States_Grand_Prix,15,17.0,0,,0.014499785928348656,0.7327759925371364
2023,United_States_Grand_Prix,R,SAI,3.0,Ferrari,False,HARD,United_States_Grand_Prix,19,20.0,0,,18.334020618556107,0.61855623453126
2023,United_States_Grand_Prix,R,SAR,1.0,Williams,False,MEDIUM,United_States_Grand_Prix,6,10.0,0,,,
2023,United_States_Grand_Prix,R,SAR,2.0,Williams,False,HARD,United_States_Grand_Prix,18,20.0,0,,inf,0.4478919717746987
2023,United_States_Grand_Prix,R,SAR,3.0,Williams,False,MEDIUM,United_States_Grand_Prix,22,23.0,0,,3.642905519809974,0.20864622284046766
2023,United_States_Grand_Prix,R,STR,1.0,Aston Martin,False,HARD,United_States_Grand_Prix,14,19.0,0,,0.4409722222221958,0.6364504189957191
2023,United_States_Grand_Prix,R,STR,2.0,Aston Martin,False,MEDIUM,United_States_Grand_Prix,14,19.0,0,,inf,0.5877378328084342
2023,United_States_Grand_Prix,R,STR,3.0,Aston Martin,False,MEDIUM,United_States_Grand_Prix,12,15.0,0,,1.6886446886448083,0.46205878554713453
2023,United_States_Grand_Prix,R,TSU,1.0,AlphaTauri,False,MEDIUM,United_States_Grand_Prix,13,16.0,0,,7.621276595743363,0.44331065337679737
2023,United_States_Grand_Prix,R,TSU,2.0,AlphaTauri,False,HARD,United_States_Grand_Prix,15,16.0,0,,-0.9047323827237719,0.5366241659219895
2023,United_States_Grand_Prix,R,TSU,3.0,AlphaTauri,False,MEDIUM,United_States_Grand_Prix,15,19.0,0,,-0.9584368958852142,0.4928131464490065
2023,United_States_Grand_Prix,R,VER,1.0,Red Bull Racing,True,MEDIUM,United_States_Grand_Prix,13,15.0,0,,inf,0.48772435813356296
2023,United_States_Grand_Prix,R,VER,2.0,Red Bull Racing,True,MEDIUM,United_States_Grand_Prix,17,18.0,0,,-0.7421404682273777,0.7552312187733378
2023,United_States_Grand_Prix,R,VER,3.0,Red Bull Racing,True,HARD,United_States_Grand_Prix,18,20.0,0,,10.529577642495703,0.45116494436227167
2023,United_States_Grand_Prix,R,ZHO,1.0,Alfa Romeo,False,MEDIUM,United_States_Grand_Prix,5,8.0,0,,,
2023,United_States_Grand_Prix,R,ZHO,2.0,Alfa Romeo,False,HARD,United_States_Grand_Prix,16,13.0,1,13.0,987.6428571255261,0.3372620391396895
2023,United_States_Grand_Prix,R,ZHO,3.0,Alfa Romeo,False,HARD,United_States_Grand_Prix,24,27.0,0,,-0.11020255117860242,0.26841451325963556
2023,United_States_Grand_Prix,S,ALB,1.0,Williams,False,MEDIUM,United_States_Grand_Prix,13,18.0,0,,inf,0.5952133516059348
2023,United_States_Grand_Prix,S,ALO,1.0,Aston Martin,False,MEDIUM,United_States_Grand_Prix,16,21.0,0,,inf,0.3652948214076033
2023,United_States_Grand_Prix,S,BOT,1.0,Alfa Romeo,False,MEDIUM,United_States_Grand_Prix,17,24.0,0,,inf,0.5695607186857702
2023,United_States_Grand_Prix,S,GAS,1.0,Alpine,False,MEDIUM,United_States_Grand_Prix,15,21.0,0,,inf,0.31317781344895584
2023,United_States_Grand_Prix,S,HAM,1.0,Mercedes,False,MEDIUM,United_States_Grand_Prix,17,21.0,0,,0.6265783905534307,0.5731212339424482
2023,United_States_Grand_Prix,S,HUL,1.0,Haas F1 Team,False,MEDIUM,United_States_Grand_Prix,16,18.0,0,,-0.7518067133665607,0.552630181095182
2023,United_States_Grand_Prix,S,LEC,1.0,Ferrari,False,MEDIUM,United_States_Grand_Prix,17,23.0,0,,5.068861646234912,0.5698327679562158
2023,United_States_Grand_Prix,S,MAG,1.0,Haas F1 Team,False,MEDIUM,United_States_Grand_Prix,17,24.0,0,,inf,0.758026338509049
2023,United_States_Grand_Prix,S,NOR,1.0,McLaren,False,MEDIUM,United_States_Grand_Prix,17,23.0,0,,1.7093210586877436,0.34003133267590196
2023,United_States_Grand_Prix,S,OCO,1.0,Alpine,False,MEDIUM,United_States_Grand_Prix,17,21.0,0,,inf,0.4316255634665981
2023,United_States_Grand_Prix,S,PER,1.0,Red Bull Racing,True,MEDIUM,United_States_Grand_Prix,16,23.0,0,,inf,0.4564899049488274
2023,United_States_Grand_Prix,S,PIA,1.0,McLaren,False,MEDIUM,United_States_Grand_Prix,17,23.0,0,,-1.452243958572808,0.36021648528250777
2023,United_States_Grand_Prix,S,RIC,1.0,AlphaTauri,False,MEDIUM,United_States_Grand_Prix,17,24.0,0,,inf,0.49322823026165924
2023,United_States_Grand_Prix,S,RUS,1.0,Mercedes,False,MEDIUM,United_States_Grand_Prix,16,21.0,0,,inf,0.35228100011732816
2023,United_States_Grand_Prix,S,SAI,1.0,Ferrari,False,SOFT,United_States_Grand_Prix,17,21.0,0,,-4.583243048032432,0.6766317514814523
2023,United_States_Grand_Prix,S,SAR,1.0,Williams,False,MEDIUM,United_States_Grand_Prix,17,13.0,1,13.0,inf,0.4509940251035145
2023,United_States_Grand_Prix,S,STR,1.0,Aston Martin,False,MEDIUM,United_States_Grand_Prix,14,21.0,0,,67.24423963129522,0.15567682420270362
2023,United_States_Grand_Prix,S,TSU,1.0,AlphaTauri,False,MEDIUM,United_States_Grand_Prix,16,23.0,0,,-0.39189240100968453,0.794791750163359
2023,United_States_Grand_Prix,S,VER,1.0,Red Bull Racing,True,MEDIUM,United_States_Grand_Prix,17,21.0,0,,-0.8308752858517234,0.5677749649784212
2023,United_States_Grand_Prix,S,ZHO,1.0,Alfa Romeo,False,MEDIUM,United_States_Grand_Prix,17,23.0,0,,-0.6627118644067762,0.6439292425232176
2024,Abu_Dhabi_Grand_Prix,R,ALB,1.0,Williams,False,MEDIUM,Abu_Dhabi_Grand_Prix,8,11.0,0,,0.24503311258278657,0.7435599799378523
2024,Abu_Dhabi_Grand_Prix,R,ALB,2.0,Williams,False,HARD,Abu_Dhabi_Grand_Prix,42,36.0,1,36.0,inf,0.7176495938918322
2024,Abu_Dhabi_Grand_Prix,R,ALO,1.0,Aston Martin,False,MEDIUM,Abu_Dhabi_Grand_Prix,9,13.0,0,,2.16578661844474,0.35931415710904174
2024,Abu_Dhabi_Grand_Prix,R,ALO,2.0,Aston Martin,False,HARD,Abu_Dhabi_Grand_Prix,22,24.0,0,,1.0769720257471251,0.35057683953748003
2024,Abu_Dhabi_Grand_Prix,R,ALO,3.0,Aston Martin,False,HARD,Abu_Dhabi_Grand_Prix,17,21.0,0,,0.0655962312666002,0.3949372393335842
2024,Abu_Dhabi_Grand_Prix,R,BOT,2.0,Kick Sauber,False,HARD,Abu_Dhabi_Grand_Prix,22,23.0,0,,1.3839059215775131,0.5363995933709542
2024,Abu_Dhabi_Grand_Prix,R,COL,2.0,Williams,False,HARD,Abu_Dhabi_Grand_Prix,19,22.0,0,,0.018161696375769087,0.5718189565649198
2024,Abu_Dhabi_Grand_Prix,R,DOO,1.0,Alpine,False,MEDIUM,Abu_Dhabi_Grand_Prix,18,21.0,0,,-4.68603439291263,0.5407867711372885
2024,Abu_Dhabi_Grand_Prix,R,DOO,2.0,Alpine,False,HARD,Abu_Dhabi_Grand_Prix,30,34.0,0,,inf,0.23398635195601647
2024,Abu_Dhabi_Grand_Prix,R,GAS,1.0,Alpine,False,MEDIUM,Abu_Dhabi_Grand_Prix,10,13.0,0,,0.3068609022556574,0.5741781677907586
2024,Abu_Dhabi_Grand_Prix,R,GAS,2.0,Alpine,False,HARD,Abu_Dhabi_Grand_Prix,39,43.0,0,,0.0112360447240359,0.4701873074872436
2024,Abu_Dhabi_Grand_Prix,R,HAM,1.0,Mercedes,False,HARD,Abu_Dhabi_Grand_Prix,30,33.0,0,,-0.11862420862507049,0.6239209515033223
2024,Abu_Dhabi_Grand_Prix,R,HAM,2.0,Mercedes,False,MEDIUM,Abu_Dhabi_Grand_Prix,22,24.0,0,,0.03757539203861482,0.4689838199435333
2024,Abu_Dhabi_Grand_Prix,R,HUL,1.0,Haas F1 Team,False,MEDIUM,Abu_Dhabi_Grand_Prix,9,9.0,1,9.0,3.3987441130301645,0.6765756572971262
2024,Abu_Dhabi_Grand_Prix,R,HUL,2.0,Haas F1 Team,False,HARD,Abu_Dhabi_Grand_Prix,41,44.0,0,,0.10044014203215305,0.2311012484407739
2024,Abu_Dhabi_Grand_Prix,R,LAW,1.0,RB,False,MEDIUM,Abu_Dhabi_Grand_Prix,19,22.0,0,,0.26879632897989464,0.6690510335237431
2024,Abu_Dhabi_Grand_Prix,R,LAW,4.0,RB,False,HARD,Abu_Dhabi_Grand_Prix,25,32.0,0,,inf,0.3034804549484175
2024,Abu_Dhabi_Grand_Prix,R,LEC,1.0,Ferrari,False,MEDIUM,Abu_Dhabi_Grand_Prix,16,19.0,0,,0.5303619140150446,0.5467209164665172
2024,Abu_Dhabi_Grand_Prix,R,LEC,2.0,Ferrari,False,HARD,Abu_Dhabi_Grand_Prix,33,37.0,0,,inf,0.4698821504165566
2024,Abu_Dhabi_Grand_Prix,R,MAG,1.0,Haas F1 Team,False,MEDIUM,Abu_Dhabi_Grand_Prix,8,11.0,0,,0.2608243851749117,0.7195766550283993
2024,Abu_Dhabi_Grand_Prix,R,MAG,2.0,Haas F1 Team,False,HARD,Abu_Dhabi_Grand_Prix,15,16.0,0,,0.6083537581696838,0.23579571852999107
2024,Abu_Dhabi_Grand_Prix,R,MAG,4.0,Haas F1 Team,False,SOFT,Abu_Dhabi_Grand_Prix,19,24.0,0,,0.2716426016588438,0.2959961629190082
2024,Abu_Dhabi_Grand_Prix,R,NOR,1.0,McLaren,False,MEDIUM,Abu_Dhabi_Grand_Prix,22,25.0,0,,0.08511021142600624,0.3149798920600055
2024,Abu_Dhabi_Grand_Prix,R,NOR,2.0,McLaren,False,HARD,Abu_Dhabi_Grand_Prix,28,31.0,0,,inf,0.3199087784227825
2024,Abu_Dhabi_Grand_Prix,R,PIA,2.0,McLaren,False,HARD,Abu_Dhabi_Grand_Prix,26,27.0,0,,0.6442384105960048,0.4829106472476374
2024,Abu_Dhabi_Grand_Prix,R,PIA,3.0,McLaren,False,HARD,Abu_Dhabi_Grand_Prix,23,25.0,0,,0.03305459041717048,0.5393666641473771
2024,Abu_Dhabi_Grand_Prix,R,RUS,1.0,Mercedes,False,MEDIUM,Abu_Dhabi_Grand_Prix,22,26.0,0,,0.6985180924206699,0.31517240423445736
2024,Abu_Dhabi_Grand_Prix,R,RUS,2.0,Mercedes,False,HARD,Abu_Dhabi_Grand_Prix,30,31.0,0,,inf,0.26034818180017905
2024,Abu_Dhabi_Grand_Prix,R,SAI,1.0,Ferrari,False,MEDIUM,Abu_Dhabi_Grand_Prix,21,24.0,0,,28.434185022066337,0.14793940572513872
2024,Abu_Dhabi_Grand_Prix,R,SAI,2.0,Ferrari,False,HARD,Abu_Dhabi_Grand_Prix,30,32.0,0,,inf,0.22997579736740786
2024,Abu_Dhabi_Grand_Prix,R,STR,1.0,Aston Martin,False,MEDIUM,Abu_Dhabi_Grand_Prix,7,11.0,0,,0.2755927475592668,0.8926600733686595
2024,Abu_Dhabi_Grand_Prix,R,STR,2.0,Aston Martin,False,HARD,Abu_Dhabi_Grand_Prix,19,9.0,1,9.0,inf,0.30745179626627883
2024,Abu_Dhabi_Grand_Prix,R,STR,3.0,Aston Martin,False,HARD,Abu_Dhabi_Grand_Prix,21,24.0,0,,inf,0.4588147653968116
2024,Abu_Dhabi_Grand_Prix,R,TSU,1.0,RB,False,MEDIUM,Abu_Dhabi_Grand_Prix,18,21.0,0,,-3.5930816782843773,0.5784516370634346
2024,Abu_Dhabi_Grand_Prix,R,TSU,2.0,RB,False,HARD,Abu_Dhabi_Grand_Prix,31,34.0,0,,inf,0.26867761104899995
2024,Abu_Dhabi_Grand_Prix,R,VER,1.0,Red Bull Racing,True,MEDIUM,Abu_Dhabi_Grand_Prix,25,28.0,0,,-2.662467780824039,0.4333460105530253
2024,Abu_Dhabi_Grand_Prix,R,VER,2.0,Red Bull Racing,True,HARD,Abu_Dhabi_Grand_Prix,25,28.0,0,,-0.24254225741212102,0.23041803726397572
2024,Abu_Dhabi_Grand_Prix,R,ZHO,1.0,Kick Sauber,False,MEDIUM,Abu_Dhabi_Grand_Prix,8,11.0,0,,1.3874256584538451,0.13383171801702987
2024,Abu_Dhabi_Grand_Prix,R,ZHO,2.0,Kick Sauber,False,HARD,Abu_Dhabi_Grand_Prix,25,26.0,0,,-14.89628432956715,0.6061386462620216
2024,Abu_Dhabi_Grand_Prix,R,ZHO,3.0,Kick Sauber,False,HARD,Abu_Dhabi_Grand_Prix,16,17.0,0,,-0.9953867991482694,0.7091614818403313
2024,Australian_Grand_Prix,R,ALB,2.0,Williams,False,HARD,Australian_Grand_Prix,15,20.0,0,,0.9026668076122593,0.42255017274707657
2024,Australian_Grand_Prix,R,ALB,3.0,Williams,False,HARD,Australian_Grand_Prix,22,22.0,1,22.0,inf,0.47009690080222055
2024,Australian_Grand_Prix,R,ALO,1.0,Aston Martin,False,HARD,Australian_Grand_Prix,14,17.0,0,,2.5981170932645945,0.36562051386172084
2024,Australian_Grand_Prix,R,ALO,2.0,Aston Martin,False,MEDIUM,Australian_Grand_Prix,21,24.0,0,,inf,0.443486866618124
2024,Australian_Grand_Prix,R,ALO,3.0,Aston Martin,False,HARD,Australian_Grand_Prix,13,16.0,0,,inf,0.5128011417347124
2024,Australian_Grand_Prix,R,BOT,1.0,Kick Sauber,False,MEDIUM,Australian_Grand_Prix,5,8.0,0,,,
2024,Australian_Grand_Prix,R,BOT,2.0,Kick Sauber,False,HARD,Australian_Grand_Prix,22,28.0,0,,inf,0.3026495555208888
2024,Australian_Grand_Prix,R,BOT,3.0,Kick Sauber,False,HARD,Australian_Grand_Prix,17,19.0,0,,0.17889674557511737,0.3498904103649257
2024,Australian_Grand_Prix,R,GAS,1.0,Alpine,False,MEDIUM,Australian_Grand_Prix,14,16.0,0,,inf,0.2319785545792092
2024,Australian_Grand_Prix,R,GAS,2.0,Alpine,False,HARD,Australian_Grand_Prix,20,20.0,1,20.0,438.0431034471241,0.39164317176138597
2024,Australian_Grand_Prix,R,GAS,3.0,Alpine,False,HARD,Australian_Grand_Prix,11,14.0,0,,inf,0.21501330921539888
2024,Australian_Grand_Prix,R,HAM,1.0,Mercedes,False,SOFT,Australian_Grand_Prix,4,6.0,0,,,
2024,Australian_Grand_Prix,R,HAM,2.0,Mercedes,False,HARD,Australian_Grand_Prix,6,8.0,0,,,
2024,Australian_Grand_Prix,R,HUL,1.0,Haas F1 Team,False,HARD,Australian_Grand_Prix,14,16.0,0,,-60.37058823526079,0.5491413186870576
2024,Australian_Grand_Prix,R,HUL,2.0,Haas F1 Team,False,MEDIUM,Australian_Grand_Prix,16,17.0,0,,-1.010962821734983,0.7787329785813687
2024,Australian_Grand_Prix,R,HUL,3.0,Haas F1 Team,False,HARD,Australian_Grand_Prix,17,21.0,0,,inf,0.5871005486043185
2024,Australian_Grand_Prix,R,LEC,1.0,Ferrari,False,MEDIUM,Australian_Grand_Prix,7,8.0,0,,inf,0.8920515980493046
2024,Australian_Grand_Prix,R,LEC,2.0,Ferrari,False,HARD,Australian_Grand_Prix,20,24.0,0,,inf,0.41122439810289
2024,Australian_Grand_Prix,R,LEC,3.0,Ferrari,False,HARD,Australian_Grand_Prix,19,23.0,0,,inf,0.42842036966379593
2024,Australian_Grand_Prix,R,MAG,1.0,Haas F1 Team,False,MEDIUM,Australian_Grand_Prix,4,6.0,0,,,
2024,Australian_Grand_Prix,R,MAG,2.0,Haas F1 Team,False,HARD,Australian_Grand_Prix,21,25.0,0,,inf,0.39761730988400135
2024,Australian_Grand_Prix,R,MAG,3.0,Haas F1 Team,False,HARD,Australian_Grand_Prix,18,20.0,1,20.0,inf,0.542120147075957
2024,Australian_Grand_Prix,R,NOR,1.0,McLaren,False,MEDIUM,Australian_Grand_Prix,12,13.0,0,,inf,0.6831967276236875
2024,Australian_Grand_Prix,R,NOR,2.0,McLaren,False,HARD,Australian_Grand_Prix,22,26.0,0,,inf,0.2326146027966461
2024,Australian_Grand_Prix,R,NOR,3.0,McLaren,False,HARD,Australian_Grand_Prix,15,18.0,0,,inf,0.7095512704522102
2024,Australian_Grand_Prix,R,OCO,1.0,Alpine,False,MEDIUM,Australian_Grand_Prix,6,8.0,0,,,
2024,Australian_Grand_Prix,R,OCO,2.0,Alpine,False,HARD,Australian_Grand_Prix,5,6.0,0,,,
2024,Australian_Grand_Prix,R,OCO,3.0,Alpine,False,HARD,Australian_Grand_Prix,24,25.0,0,,-12.010467980293994,0.5243245759005395
2024,Australian_Grand_Prix,R,OCO,4.0,Alpine,False,HARD,Australian_Grand_Prix,12,20.0,0,,0.16112650046167754,0.6907282141463007
2024,Australian_Grand_Prix,R,PER,1.0,Red Bull Racing,True,MEDIUM,Australian_Grand_Prix,11,13.0,0,,inf,0.7574522859666992
2024,Australian_Grand_Prix,R,PER,2.0,Red Bull Racing,True,HARD,Australian_Grand_Prix,16,20.0,0,,7.064049586778747,0.5486867503492918
2024,Australian_Grand_Prix,R,PER,3.0,Red Bull Racing,True,HARD,Australian_Grand_Prix,17,21.0,0,,inf,0.8520161327568186
2024,Australian_Grand_Prix,R,PIA,1.0,McLaren,False,MEDIUM,Australian_Grand_Prix,6,8.0,0,,,
2024,Australian_Grand_Prix,R,PIA,2.0,McLaren,False,HARD,Australian_Grand_Prix,24,30.0,0,,58.91325939413868,0.42552395326094256
2024,Australian_Grand_Prix,R,PIA,3.0,McLaren,False,HARD,Australian_Grand_Prix,15,18.0,0,,inf,0.46047797039612137
2024,Australian_Grand_Prix,R,RIC,2.0,RB,False,HARD,Australian_Grand_Prix,19,23.0,0,,0.8730844497413949,0.23563768744936275
2024,Australian_Grand_Prix,R,RIC,3.0,RB,False,HARD,Australian_Grand_Prix,20,27.0,0,,inf,0.7133877606548872
2024,Australian_Grand_Prix,R,RUS,1.0,Mercedes,False,MEDIUM,Australian_Grand_Prix,6,7.0,0,,,
2024,Australian_Grand_Prix,R,RUS,2.0,Mercedes,False,HARD,Australian_Grand_Prix,30,36.0,0,,inf,0.2943470992776751
2024,Australian_Grand_Prix,R,RUS,3.0,Mercedes,False,HARD,Australian_Grand_Prix,10,11.0,0,,0.20983238656287,0.3224212743621005
2024,Australian_Grand_Prix,R,SAI,1.0,Ferrari,False,MEDIUM,Australian_Grand_Prix,12,15.0,0,,inf,0.8822201708550954
2024,Australian_Grand_Prix,R,SAI,2.0,Ferrari,False,HARD,Australian_Grand_Prix,21,24.0,0,,inf,0.3840175808328687
2024,Australian_Grand_Prix,R,SAI,3.0,Ferrari,False,HARD,Australian_Grand_Prix,13,12.0,1,12.0,inf,0.5872289412963566
2024,Australian_Grand_Prix,R,STR,1.0,Aston Martin,False,MEDIUM,Australian_Grand_Prix,6,8.0,0,,,
2024,Australian_Grand_Prix,R,STR,2.0,Aston Martin,False,HARD,Australian_Grand_Prix,25,29.0,0,,0.11381316705048655,0.6496598964773757
2024,Australian_Grand_Prix,R,STR,3.0,Aston Martin,False,HARD,Australian_Grand_Prix,15,20.0,0,,inf,0.8197330956630109
2024,Australian_Grand_Prix,R,TSU,1.0,RB,False,MEDIUM,Australian_Grand_Prix,6,8.0,0,,,
2024,Australian_Grand_Prix,R,TSU,2.0,RB,False,HARD,Australian_Grand_Prix,23,26.0,0,,0.3491140308582271,0.3258669216260714
2024,Australian_Grand_Prix,R,TSU,3.0,RB,False,HARD,Australian_Grand_Prix,16,20.0,0,,inf,0.9136214253134805
2024,Australian_Grand_Prix,R,ZHO,2.0,Kick Sauber,False,HARD,Australian_Grand_Prix,24,29.0,0,,-0.2330689769484206,0.3286318780439039
2024,Australian_Grand_Prix,R,ZHO,3.0,Kick Sauber,False,HARD,Australian_Grand_Prix,15,20.0,0,,2.1412940740694935,0.1817634797593851
2024,Austrian_Grand_Prix,R,ALB,1.0,Williams,False,MEDIUM,Austrian_Grand_Prix,9,11.0,0,,2.845753899480068,0.27352867911254064
2024,Austrian_Grand_Prix,R,ALB,2.0,Williams,False,HARD,Austrian_Grand_Prix,25,26.0,0,,1.0732075126814713,0.11541987307241647
2024,Austrian_Grand_Prix,R,ALB,3.0,Williams,False,HARD,Austrian_Grand_Prix,28,30.0,0,,-11.615478025314378,0.4724911218960235
2024,Austrian_Grand_Prix,R,ALO,1.0,Aston Martin,False,MEDIUM,Austrian_Grand_Prix,8,13.0,0,,inf,0.254778380906129
2024,Austrian_Grand_Prix,R,ALO,2.0,Aston Martin,False,MEDIUM,Austrian_Grand_Prix,22,24.0,0,,0.7660705518529801,0.22451303188229593
2024,Austrian_Grand_Prix,R,ALO,3.0,Aston Martin,False,HARD,Austrian_Grand_Prix,29,33.0,0,,-2.0416549405281086,0.25089180072295025
2024,Austrian_Grand_Prix,R,BOT,1.0,Kick Sauber,False,MEDIUM,Austrian_Grand_Prix,16,18.0,0,,inf,0.5037067166928939
2024,Austrian_Grand_Prix,R,BOT,2.0,Kick Sauber,False,HARD,Austrian_Grand_Prix,20,22.0,0,,3.2459339413382713,0.5589341305480667
2024,Austrian_Grand_Prix,R,BOT,3.0,Kick Sauber,False,HARD,Austrian_Grand_Prix,22,27.0,0,,0.004496589101544743,0.419193229867788
2024,Austrian_Grand_Prix,R,GAS,1.0,Alpine,False,MEDIUM,Austrian_Grand_Prix,18,7.0,1,7.0,inf,0.42566156202874333
2024,Austrian_Grand_Prix,R,GAS,2.0,Alpine,False,HARD,Austrian_Grand_Prix,19,21.0,0,,0.5701430124612916,0.6480066750696604
2024,Austrian_Grand_Prix,R,GAS,3.0,Alpine,False,MEDIUM,Austrian_Grand_Prix,25,28.0,0,,1.780026096948228,0.4019448948622123
2024,Austrian_Grand_Prix,R,HAM,1.0,Mercedes,False,MEDIUM,Austrian_Grand_Prix,18,20.0,0,,inf,0.19056136195142048
2024,Austrian_Grand_Prix,R,HAM,2.0,Mercedes,False,HARD,Austrian_Grand_Prix,30,31.0,0,,-1.3902777018620869,0.1511811471043151
2024,Austrian_Grand_Prix,R,HAM,3.0,Mercedes,False,MEDIUM,Austrian_Grand_Prix,13,17.0,0,,inf,0.7225822500006566
2024,Austrian_Grand_Prix,R,HUL,1.0,Haas F1 Team,False,MEDIUM,Austrian_Grand_Prix,8,10.0,0,,0.4426450742240006,0.6084289119852153
2024,Austrian_Grand_Prix,R,HUL,2.0,Haas F1 Team,False,HARD,Austrian_Grand_Prix,25,27.0,0,,0.14848466598285914,0.37132692666763206
2024,Austrian_Grand_Prix,R,HUL,3.0,Haas F1 Team,False,HARD,Austrian_Grand_Prix,27,31.0,0,,-6.432054126330114,0.331203054435847
2024,Austrian_Grand_Prix,R,LEC,2.0,Ferrari,False,HARD,Austrian_Grand_Prix,12,9.0,1,9.0,3.093706293706389,0.2383798867840965
2024,Austrian_Grand_Prix,R,LEC,3.0,Ferrari,False,MEDIUM,Austrian_Grand_Prix,13,16.0,0,,inf,0.47987391619951314
2024,Austrian_Grand_Prix,R,LEC,4.0,Ferrari,False,MEDIUM,Austrian_Grand_Prix,16,18.0,0,,2.979037267080752,0.3067920750061004
2024,Austrian_Grand_Prix,R,LEC,5.0,Ferrari,False,MEDIUM,Austrian_Grand_Prix,17,25.0,0,,inf,0.4557789844643895
2024,Austrian_Grand_Prix,R,MAG,1.0,Haas F1 Team,False,MEDIUM,Austrian_Grand_Prix,8,6.0,1,6.0,inf,0.8497805724577938
2024,Austrian_Grand_Prix,R,MAG,2.0,Haas F1 Team,False,HARD,Austrian_Grand_Prix,25,27.0,0,,-0.3141377913214044,0.3957400857029821
2024,Austrian_Grand_Prix,R,MAG,3.0,Haas F1 Team,False,HARD,Austrian_Grand_Prix,27,32.0,0,,-0.42257416596525676,0.41227069788225706
2024,Austrian_Grand_Prix,R,NOR,1.0,McLaren,False,MEDIUM,Austrian_Grand_Prix,20,22.0,0,,0.24182670911641133,0.38736016180634775
2024,Austrian_Grand_Prix,R,NOR,2.0,McLaren,False,HARD,Austrian_Grand_Prix,26,27.0,0,,0.8147656162136158,0.12569926039034138
2024,Austrian_Grand_Prix,R,NOR,3.0,McLaren,False,MEDIUM,Austrian_Grand_Prix,8,12.0,0,,0.8252560665429696,0.11071411709371667
2024,Austrian_Grand_Prix,R,OCO,1.0,Alpine,False,MEDIUM,Austrian_Grand_Prix,16,18.0,0,,1.2284340881146056,0.5875950968919703
2024,Austrian_Grand_Prix,R,OCO,2.0,Alpine,False,HARD,Austrian_Grand_Prix,21,23.0,0,,1.1498598221792091,0.26515217179417355
2024,Austrian_Grand_Prix,R,OCO,3.0,Alpine,False,MEDIUM,Austrian_Grand_Prix,25,27.0,0,,-1.2724214865235157,0.41114761755290663
2024,Austrian_Grand_Prix,R,PER,1.0,Red Bull Racing,True,MEDIUM,Austrian_Grand_Prix,18,6.0,1,6.0,3.068845684228896,0.6767840217620011
2024,Austrian_Grand_Prix,R,PER,2.0,Red Bull Racing,True,HARD,Austrian_Grand_Prix,28,29.0,0,,84.5782271239857,0.18886189534487205
2024,Austrian_Grand_Prix,R,PER,3.0,Red Bull Racing,True,MEDIUM,Austrian_Grand_Prix,16,24.0,0,,-1.901563614754486,0.7405518315483368
2024,Austrian_Grand_Prix,R,PIA,1.0,McLaren,False,MEDIUM,Austrian_Grand_Prix,23,24.0,0,,-2.8915972345329406,0.5639817825719216
2024,Austrian_Grand_Prix,R,PIA,2.0,McLaren,False,HARD,Austrian_Grand_Prix,22,25.0,0,,-1.080001145573777,0.4133002077574589
2024,Austrian_Grand_Prix,R,PIA,3.0,McLaren,False,MEDIUM,Austrian_Grand_Prix,17,19.0,0,,1.2066556938586646,0.5958804736786579
2024,Austrian_Grand_Prix,R,RIC,1.0,RB,False,MEDIUM,Austrian_Grand_Prix,7,9.0,0,,inf,0.5816086880711795
2024,Austrian_Grand_Prix,R,RIC,2.0,RB,False,HARD,Austrian_Grand_Prix,25,26.0,0,,0.7746291580375899,0.18650907953125118
2024,Austrian_Grand_Prix,R,RIC,3.0,RB,False,HARD,Austrian_Grand_Prix,30,33.0,0,,-12.740871284701264,0.15027099092764473
2024,Austrian_Grand_Prix,R,RUS,1.0,Mercedes,False,MEDIUM,Austrian_Grand_Prix,20,21.0,0,,0.944208334038781,0.4173082645593396
2024,Austrian_Grand_Prix,R,RUS,2.0,Mercedes,False,MEDIUM,Austrian_Grand_Prix,22,23.0,0,,0.9636363636363688,0.2757938171997527
2024,Austrian_Grand_Prix,R,RUS,3.0,Mercedes,False,HARD,Austrian_Grand_Prix,22,24.0,0,,1.6846958870197446,0.5210503250729365
2024,Austrian_Grand_Prix,R,SAI,1.0,Ferrari,False,MEDIUM,Austrian_Grand_Prix,20,6.0,1,6.0,inf,0.2626920932689002
2024,Austrian_Grand_Prix,R,SAI,2.0,Ferrari,False,HARD,Austrian_Grand_Prix,23,24.0,0,,0.9373260990539531,0.3434534447576906
2024,Austrian_Grand_Prix,R,SAI,3.0,Ferrari,False,MEDIUM,Austrian_Grand_Prix,21,23.0,0,,-10.082755402660265,0.5394770570998414
2024,Austrian_Grand_Prix,R,SAR,2.0,Williams,False,MEDIUM,Austrian_Grand_Prix,17,24.0,0,,0.6707533050636727,0.1262637618210641
2024,Austrian_Grand_Prix,R,SAR,3.0,Williams,False,HARD,Austrian_Grand_Prix,22,28.0,0,,-3.198843529907842,0.4287395895303923
2024,Austrian_Grand_Prix,R,SAR,4.0,Williams,False,MEDIUM,Austrian_Grand_Prix,15,20.0,0,,16.80259154165752,0.7386437632482086
2024,Austrian_Grand_Prix,R,STR,1.0,Aston Martin,False,MEDIUM,Austrian_Grand_Prix,17,12.0,1,12.0,2.7710306406685694,0.3525436277606652
2024,Austrian_Grand_Prix,R,STR,2.0,Aston Martin,False,MEDIUM,Austrian_Grand_Prix,21,22.0,0,,-6.91303650649442,0.597978054622831
2024,Austrian_Grand_Prix,R,STR,3.0,Aston Martin,False,HARD,Austrian_Grand_Prix,24,27.0,0,,-3.531212289611687,0.22440915377229173
2024,Austrian_Grand_Prix,R,TSU,1.0,RB,False,MEDIUM,Austrian_Grand_Prix,19,20.0,0,,inf,0.678556452730567
2024,Austrian_Grand_Prix,R,TSU,2.0,RB,False,HARD,Austrian_Grand_Prix,21,22.0,0,,-1.3799392097265974,0.5203461547443083
2024,Austrian_Grand_Prix,R,TSU,3.0,RB,False,HARD,Austrian_Grand_Prix,20,25.0,0,,-5.2289693118375205,0.46660480461367226
2024,Austrian_Grand_Prix,R,VER,1.0,Red Bull Racing,True,MEDIUM,Austrian_Grand_Prix,21,22.0,0,,0.18886858043941754,0.25964081701743735
2024,Austrian_Grand_Prix,R,VER,2.0,Red Bull Racing,True,HARD,Austrian_Grand_Prix,26,27.0,0,,-0.8219178614332511,0.45200380817364355
2024,Austrian_Grand_Prix,R,VER,3.0,Red Bull Racing,True,MEDIUM,Austrian_Grand_Prix,11,15.0,0,,-0.5865051903113115,0.3200488793260271
2024,Austrian_Grand_Prix,R,ZHO,1.0,Kick Sauber,False,HARD,Austrian_Grand_Prix,25,27.0,0,,0.595560702567063,0.17799653688970485
2024,Austrian_Grand_Prix,R,ZHO,2.0,Kick Sauber,False,MEDIUM,Austrian_Grand_Prix,17,22.0,0,,10.829669002695276,0.29764645050350297
2024,Austrian_Grand_Prix,R,ZHO,3.0,Kick Sauber,False,HARD,Austrian_Grand_Prix,15,18.0,0,,0.0014411158567641266,0.5461604852328138
2024,Austrian_Grand_Prix,S,ALB,1.0,Williams,False,MEDIUM,Austrian_Grand_Prix,21,28.0,0,,inf,0.5188746297216482
2024,Austrian_Grand_Prix,S,ALO,1.0,Aston Martin,False,MEDIUM,Austrian_Grand_Prix,21,28.0,0,,45.66533093823483,0.41077309703069653
2024,Austrian_Grand_Prix,S,BOT,1.0,Kick Sauber,False,MEDIUM,Austrian_Grand_Prix,19,22.0,0,,-5.097073942269812,0.48094545700624225
2024,Austrian_Grand_Prix,S,GAS,1.0,Alpine,False,MEDIUM,Austrian_Grand_Prix,21,25.0,0,,inf,0.668385217284207
2024,Austrian_Grand_Prix,S,HAM,1.0,Mercedes,False,MEDIUM,Austrian_Grand_Prix,21,26.0,0,,1.2245985435073288,0.37262114243424677
2024,Austrian_Grand_Prix,S,HUL,1.0,Haas F1 Team,False,MEDIUM,Austrian_Grand_Prix,21,28.0,0,,inf,0.8511751927310367
2024,Austrian_Grand_Prix,S,LEC,1.0,Ferrari,False,MEDIUM,Austrian_Grand_Prix,21,26.0,0,,0.24074074074085083,0.37021305884927336
2024,Austrian_Grand_Prix,S,MAG,1.0,Haas F1 Team,False,MEDIUM,Austrian_Grand_Prix,21,25.0,0,,inf,0.617259720997958
2024,Austrian_Grand_Prix,S,NOR,1.0,McLaren,False,MEDIUM,Austrian_Grand_Prix,21,26.0,0,,0.12363302879291302,0.5635992402859342
2024,Austrian_Grand_Prix,S,OCO,1.0,Alpine,False,MEDIUM,Austrian_Grand_Prix,21,28.0,0,,inf,0.7131607143536934
2024,Austrian_Grand_Prix,S,PER,1.0,Red Bull Racing,True,MEDIUM,Austrian_Grand_Prix,21,21.0,1,21.0,inf,0.4739380762800823
2024,Austrian_Grand_Prix,S,PIA,1.0,McLaren,False,MEDIUM,Austrian_Grand_Prix,21,14.0,1,14.0,2.173716451838843,0.5163858592901375
2024,Austrian_Grand_Prix,S,RIC,1.0,RB,False,MEDIUM,Austrian_Grand_Prix,21,28.0,0,,inf,0.8130819089475055
2024,Austrian_Grand_Prix,S,RUS,1.0,Mercedes,False,MEDIUM,Austrian_Grand_Prix,21,25.0,0,,0.9843793390724854,0.36415775247620563
2024,Austrian_Grand_Prix,S,SAI,1.0,Ferrari,False,MEDIUM,Austrian_Grand_Prix,21,25.0,0,,0.4385950454088553,0.49970233935675246
2024,Austrian_Grand_Prix,S,SAR,1.0,Williams,False,MEDIUM,Austrian_Grand_Prix,20,25.0,0,,-5.370517557927998,0.7071020480190144
2024,Austrian_Grand_Prix,S,STR,1.0,Aston Martin,False,MEDIUM,Austrian_Grand_Prix,21,25.0,0,,inf,0.699588059160816
2024,Austrian_Grand_Prix,S,TSU,1.0,RB,False,MEDIUM,Austrian_Grand_Prix,20,25.0,0,,0.17158627309800256,0.24609740457944726
2024,Austrian_Grand_Prix,S,VER,1.0,Red Bull Racing,True,MEDIUM,Austrian_Grand_Prix,21,27.0,0,,0.2820292051246697,0.5401051326220808
2024,Austrian_Grand_Prix,S,ZHO,1.0,Kick Sauber,False,MEDIUM,Austrian_Grand_Prix,19,22.0,0,,0.3899401982469205,0.3454890461534277
2024,Azerbaijan_Grand_Prix,R,ALB,1.0,Williams,False,HARD,Azerbaijan_Grand_Prix,26,30.0,0,,inf,0.6373063100669726
2024,Azerbaijan_Grand_Prix,R,ALB,2.0,Williams,False,MEDIUM,Azerbaijan_Grand_Prix,15,18.0,0,,1.840028256750986,0.5354286431437965
2024,Azerbaijan_Grand_Prix,R,ALO,1.0,Aston Martin,False,MEDIUM,Azerbaijan_Grand_Prix,9,11.0,0,,inf,0.39739020672836334
2024,Azerbaijan_Grand_Prix,R,ALO,2.0,Aston Martin,False,HARD,Azerbaijan_Grand_Prix,34,39.0,0,,-7.774263338058598,0.657394726784876
2024,Azerbaijan_Grand_Prix,R,BEA,1.0,Haas F1 Team,False,MEDIUM,Azerbaijan_Grand_Prix,11,13.0,0,,inf,0.1567732919700428
2024,Azerbaijan_Grand_Prix,R,BEA,2.0,Haas F1 Team,False,HARD,Azerbaijan_Grand_Prix,30,35.0,0,,inf,0.6109389241772288
2024,Azerbaijan_Grand_Prix,R,BOT,1.0,Kick Sauber,False,MEDIUM,Azerbaijan_Grand_Prix,6,11.0,0,,,
2024,Azerbaijan_Grand_Prix,R,BOT,2.0,Kick Sauber,False,HARD,Azerbaijan_Grand_Prix,34,35.0,1,35.0,inf,0.5991473268441577
2024,Azerbaijan_Grand_Prix,R,COL,1.0,Williams,False,MEDIUM,Azerbaijan_Grand_Prix,6,9.0,0,,,
2024,Azerbaijan_Grand_Prix,R,COL,2.0,Williams,False,HARD,Azerbaijan_Grand_Prix,33,39.0,0,,-1.7549220453331096,0.6369711534067622
2024,Azerbaijan_Grand_Prix,R,GAS,1.0,Alpine,False,HARD,Azerbaijan_Grand_Prix,44,49.0,0,,-0.4474663890257118,0.3807011738431664
2024,Azerbaijan_Grand_Prix,R,HAM,1.0,Mercedes,False,MEDIUM,Azerbaijan_Grand_Prix,8,11.0,0,,inf,0.8844205325526749
2024,Azerbaijan_Grand_Prix,R,HAM,2.0,Mercedes,False,HARD,Azerbaijan_Grand_Prix,33,37.0,0,,inf,0.34905899189122397
2024,Azerbaijan_Grand_Prix,R,HUL,1.0,Haas F1 Team,False,MEDIUM,Azerbaijan_Grand_Prix,11,14.0,0,,inf,0.3411476703871995
2024,Azerbaijan_Grand_Prix,R,HUL,2.0,Haas F1 Team,False,HARD,Azerbaijan_Grand_Prix,31,34.0,0,,4.360217155266299,0.2796209266411713
2024,Azerbaijan_Grand_Prix,R,LEC,1.0,Ferrari,False,MEDIUM,Azerbaijan_Grand_Prix,13,12.0,1,12.0,inf,0.83047882242313
2024,Azerbaijan_Grand_Prix,R,LEC,2.0,Ferrari,False,HARD,Azerbaijan_Grand_Prix,30,33.0,0,,23.110012303906473,0.2638778312816405
2024,Azerbaijan_Grand_Prix,R,NOR,1.0,McLaren,False,HARD,Azerbaijan_Grand_Prix,31,36.0,0,,inf,0.5456904044129816
2024,Azerbaijan_Grand_Prix,R,NOR,2.0,McLaren,False,MEDIUM,Azerbaijan_Grand_Prix,11,12.0,0,,0.40697048049984547,0.5662372929719521
2024,Azerbaijan_Grand_Prix,R,OCO,1.0,Alpine,False,HARD,Azerbaijan_Grand_Prix,43,51.0,0,,inf,0.10751968192369457
2024,Azerbaijan_Grand_Prix,R,PER,1.0,Red Bull Racing,True,MEDIUM,Azerbaijan_Grand_Prix,10,12.0,0,,inf,0.8052040264622957
2024,Azerbaijan_Grand_Prix,R,PER,2.0,Red Bull Racing,True,HARD,Azerbaijan_Grand_Prix,32,36.0,0,,1.7989468885356135,0.3529907308766702
2024,Azerbaijan_Grand_Prix,R,PIA,1.0,McLaren,False,MEDIUM,Azerbaijan_Grand_Prix,12,11.0,1,11.0,inf,0.6020920036708172
2024,Azerbaijan_Grand_Prix,R,PIA,2.0,McLaren,False,HARD,Azerbaijan_Grand_Prix,32,35.0,0,,inf,0.5771785746404029
2024,Azerbaijan_Grand_Prix,R,RIC,1.0,RB,False,HARD,Azerbaijan_Grand_Prix,45,49.0,0,,-0.2632229640048294,0.7050280210114409
2024,Azerbaijan_Grand_Prix,R,RUS,1.0,Mercedes,False,MEDIUM,Azerbaijan_Grand_Prix,9,11.0,0,,inf,0.5486080399140475
2024,Azerbaijan_Grand_Prix,R,RUS,2.0,Mercedes,False,HARD,Azerbaijan_Grand_Prix,33,37.0,0,,-1.5972876741019173,0.7234976286907316
2024,Azerbaijan_Grand_Prix,R,SAI,1.0,Ferrari,False,MEDIUM,Azerbaijan_Grand_Prix,13,10.0,1,10.0,inf,0.6456135774017392
2024,Azerbaijan_Grand_Prix,R,SAI,2.0,Ferrari,False,HARD,Azerbaijan_Grand_Prix,29,32.0,0,,inf,0.4518013729007055
2024,Azerbaijan_Grand_Prix,R,STR,2.0,Aston Martin,False,HARD,Azerbaijan_Grand_Prix,18,21.0,0,,inf,0.3366954047774023
2024,Azerbaijan_Grand_Prix,R,STR,3.0,Aston Martin,False,HARD,Azerbaijan_Grand_Prix,21,23.0,0,,inf,0.451437194280576
2024,Azerbaijan_Grand_Prix,R,TSU,1.0,RB,False,MEDIUM,Azerbaijan_Grand_Prix,7,12.0,0,,inf,0.6227062181897323
2024,Azerbaijan_Grand_Prix,R,VER,1.0,Red Bull Racing,True,MEDIUM,Azerbaijan_Grand_Prix,9,11.0,0,,inf,0.6810471643117286
2024,Azerbaijan_Grand_Prix,R,VER,2.0,Red Bull Racing,True,HARD,Azerbaijan_Grand_Prix,34,36.0,0,,-1.1112346787827811,0.5531681954427168
2024,Azerbaijan_Grand_Prix,R,ZHO,1.0,Kick Sauber,False,HARD,Azerbaijan_Grand_Prix,28,34.0,0,,inf,0.4185905311061906
2024,Azerbaijan_Grand_Prix,R,ZHO,2.0,Kick Sauber,False,MEDIUM,Azerbaijan_Grand_Prix,14,16.0,0,,inf,0.6017364001923721
2024,Bahrain_Grand_Prix,R,ALB,1.0,Williams,False,SOFT,Bahrain_Grand_Prix,13,14.0,0,,inf,0.42276682814758226
2024,Bahrain_Grand_Prix,R,ALB,2.0,Williams,False,HARD,Bahrain_Grand_Prix,19,20.0,0,,-0.3008466412031984,0.5709126285747247
2024,Bahrain_Grand_Prix,R,ALB,3.0,Williams,False,HARD,Bahrain_Grand_Prix,18,19.0,0,,-16.00551571980319,0.6640629496714033
2024,Bahrain_Grand_Prix,R,ALO,1.0,Aston Martin,False,SOFT,Bahrain_Grand_Prix,13,17.0,0,,inf,0.2323881638965534
2024,Bahrain_Grand_Prix,R,ALO,2.0,Aston Martin,False,HARD,Bahrain_Grand_Prix,24,25.0,0,,24.86007502001996,0.32908701102979515
2024,Bahrain_Grand_Prix,R,ALO,3.0,Aston Martin,False,HARD,Bahrain_Grand_Prix,13,15.0,0,,1.21940500338074,0.5413537705465941
2024,Bahrain_Grand_Prix,R,BOT,1.0,Kick Sauber,False,SOFT,Bahrain_Grand_Prix,9,11.0,0,,0.5904084762303392,0.3754159369366062
2024,Bahrain_Grand_Prix,R,BOT,2.0,Kick Sauber,False,HARD,Bahrain_Grand_Prix,13,17.0,0,,0.35421131634908576,0.7871743496609015
2024,Bahrain_Grand_Prix,R,BOT,3.0,Kick Sauber,False,HARD,Bahrain_Grand_Prix,22,25.0,0,,0.4696261639597423,0.4182101452632624
2024,Bahrain_Grand_Prix,R,GAS,1.0,Alpine,False,SOFT,Bahrain_Grand_Prix,10,11.0,0,,inf,0.5374086546817419
2024,Bahrain_Grand_Prix,R,GAS,2.0,Alpine,False,HARD,Bahrain_Grand_Prix,17,18.0,0,,1.4801346801346413,0.28506578465659416
2024,Bahrain_Grand_Prix,R,GAS,3.0,Alpine,False,HARD,Bahrain_Grand_Prix,10,11.0,0,,0.10767738359180228,0.3642982939547934
2024,Bahrain_Grand_Prix,R,GAS,4.0,Alpine,False,SOFT,Bahrain_Grand_Prix,11,12.0,0,,0.9028944911297607,0.595366716434535
2024,Bahrain_Grand_Prix,R,HAM,1.0,Mercedes,False,SOFT,Bahrain_Grand_Prix,10,14.0,0,,inf,0.29562098073303855
2024,Bahrain_Grand_Prix,R,HAM,2.0,Mercedes,False,HARD,Bahrain_Grand_Prix,17,20.0,0,,inf,0.6614135331727868
2024,Bahrain_Grand_Prix,R,HAM,3.0,Mercedes,False,HARD,Bahrain_Grand_Prix,21,23.0,0,,-85.49104938238884,0.4384645021465558
2024,Bahrain_Grand_Prix,R,HUL,2.0,Haas F1 Team,False,HARD,Bahrain_Grand_Prix,17,18.0,0,,0.34299864051267187,0.5762398402122025
2024,Bahrain_Grand_Prix,R,HUL,3.0,Haas F1 Team,False,HARD,Bahrain_Grand_Prix,19,20.0,0,,-18.56028057868379,0.19471711402484684
2024,Bahrain_Grand_Prix,R,HUL,4.0,Haas F1 Team,False,SOFT,Bahrain_Grand_Prix,13,15.0,0,,inf,0.7292509533315679
2024,Bahrain_Grand_Prix,R,LEC,1.0,Ferrari,False,SOFT,Bahrain_Grand_Prix,9,13.0,0,,-1.839182818229518,0.5613566671410398
2024,Bahrain_Grand_Prix,R,LEC,2.0,Ferrari,False,HARD,Bahrain_Grand_Prix,21,22.0,0,,0.038392310049011884,0.6515775114834532
2024,Bahrain_Grand_Prix,R,LEC,3.0,Ferrari,False,HARD,Bahrain_Grand_Prix,20,22.0,0,,0.14527438832827527,0.5778952750961756
2024,Bahrain_Grand_Prix,R,MAG,1.0,Haas F1 Team,False,SOFT,Bahrain_Grand_Prix,9,10.0,0,,inf,0.8538269970799272
2024,Bahrain_Grand_Prix,R,MAG,2.0,Haas F1 Team,False,HARD,Bahrain_Grand_Prix,18,20.0,0,,0.0499378297543366,0.5878249303439256
2024,Bahrain_Grand_Prix,R,MAG,3.0,Haas F1 Team,False,HARD,Bahrain_Grand_Prix,22,23.0,0,,1.1922100971725977,0.1298138087032207
2024,Bahrain_Grand_Prix,R,NOR,1.0,McLaren,False,SOFT,Bahrain_Grand_Prix,11,15.0,0,,inf,0.7688322391114434
2024,Bahrain_Grand_Prix,R,NOR,2.0,McLaren,False,HARD,Bahrain_Grand_Prix,18,19.0,0,,inf,0.6113376047348732
2024,Bahrain_Grand_Prix,R,NOR,3.0,McLaren,False,HARD,Bahrain_Grand_Prix,21,23.0,0,,0.2820572062289079,0.3576191142000271
2024,Bahrain_Grand_Prix,R,OCO,1.0,Alpine,False,SOFT,Bahrain_Grand_Prix,8,9.0,0,,inf,0.8462399950679246
2024,Bahrain_Grand_Prix,R,OCO,2.0,Alpine,False,HARD,Bahrain_Grand_Prix,18,19.0,0,,-0.027067775686561133,0.47226153613557664
2024,Bahrain_Grand_Prix,R,OCO,3.0,Alpine,False,HARD,Bahrain_Grand_Prix,23,25.0,0,,-4.017292198860374,0.14918476117829832
2024,Bahrain_Grand_Prix,R,PER,1.0,Red Bull Racing,True,SOFT,Bahrain_Grand_Prix,10,14.0,0,,-0.07469456876738277,0.9147033855797511
2024,Bahrain_Grand_Prix,R,PER,2.0,Red Bull Racing,True,HARD,Bahrain_Grand_Prix,21,23.0,0,,0.12833577692924816,0.4676209002520516
2024,Bahrain_Grand_Prix,R,PER,3.0,Red Bull Racing,True,SOFT,Bahrain_Grand_Prix,19,20.0,0,,-1.6318719554627632,0.5380209171391619
2024,Bahrain_Grand_Prix,R,PIA,1.0,McLaren,False,SOFT,Bahrain_Grand_Prix,10,14.0,0,,inf,0.845286455612573
2024,Bahrain_Grand_Prix,R,PIA,2.0,McLaren,False,HARD,Bahrain_Grand_Prix,20,21.0,0,,0.816957385736339,0.3601030550516608
2024,Bahrain_Grand_Prix,R,PIA,3.0,McLaren,False,HARD,Bahrain_Grand_Prix,21,22.0,0,,1.3772159470778906,0.3281368609607037
2024,Bahrain_Grand_Prix,R,RIC,1.0,RB,False,SOFT,Bahrain_Grand_Prix,11,15.0,0,,inf,0.5852129852429427
2024,Bahrain_Grand_Prix,R,RIC,2.0,RB,False,HARD,Bahrain_Grand_Prix,20,21.0,0,,0.12442097461552501,0.6456434473509239
2024,Bahrain_Grand_Prix,R,RIC,3.0,RB,False,SOFT,Bahrain_Grand_Prix,19,13.0,1,13.0,3.6495650891932963,0.4923862925205233
2024,Bahrain_Grand_Prix,R,RUS,1.0,Mercedes,False,SOFT,Bahrain_Grand_Prix,9,13.0,0,,-0.06164502164501122,0.7275428103428444
2024,Bahrain_Grand_Prix,R,RUS,2.0,Mercedes,False,HARD,Bahrain_Grand_Prix,16,19.0,0,,inf,0.41137118512575543
2024,Bahrain_Grand_Prix,R,RUS,3.0,Mercedes,False,HARD,Bahrain_Grand_Prix,23,25.0,0,,inf,0.6484690520122495
2024,Bahrain_Grand_Prix,R,SAI,1.0,Ferrari,False,SOFT,Bahrain_Grand_Prix,12,16.0,0,,-0.8174967234600491,0.8017209215798511
2024,Bahrain_Grand_Prix,R,SAI,2.0,Ferrari,False,HARD,Bahrain_Grand_Prix,18,20.0,0,,0.12871840094061052,0.5348421077026628
2024,Bahrain_Grand_Prix,R,SAI,3.0,Ferrari,False,HARD,Bahrain_Grand_Prix,19,21.0,0,,inf,0.3924091851995814
2024,Bahrain_Grand_Prix,R,SAR,1.0,Williams,False,SOFT,Bahrain_Grand_Prix,8,5.0,1,5.0,inf,0.25148340784325107
2024,Bahrain_Grand_Prix,R,SAR,2.0,Williams,False,HARD,Bahrain_Grand_Prix,11,17.0,0,,-342.0730769218957,0.7636142493180859
2024,Bahrain_Grand_Prix,R,SAR,3.0,Williams,False,HARD,Bahrain_Grand_Prix,8,11.0,0,,0.8217711218836137,0.515755173033463
2024,Bahrain_Grand_Prix,R,SAR,4.0,Williams,False,SOFT,Bahrain_Grand_Prix,12,13.0,0,,0.2697312697312482,0.8153429304687201
2024,Bahrain_Grand_Prix,R,STR,1.0,Aston Martin,False,SOFT,Bahrain_Grand_Prix,7,8.0,0,,0.1273209549070703,0.7694122060061915
2024,Bahrain_Grand_Prix,R,STR,2.0,Aston Martin,False,HARD,Bahrain_Grand_Prix,15,17.0,0,,0.2922452428182925,0.619567265545599
2024,Bahrain_Grand_Prix,R,STR,3.0,Aston Martin,False,HARD,Bahrain_Grand_Prix,28,29.0,0,,-2.0048933500627424,0.39043655982095743
2024,Bahrain_Grand_Prix,R,TSU,1.0,RB,False,SOFT,Bahrain_Grand_Prix,12,13.0,0,,inf,0.7401860945171937
2024,Bahrain_Grand_Prix,R,TSU,2.0,RB,False,HARD,Bahrain_Grand_Prix,18,19.0,0,,-0.3202545862972502,0.6510123791171499
2024,Bahrain_Grand_Prix,R,TSU,3.0,RB,False,HARD,Bahrain_Grand_Prix,18,21.0,0,,-7.836906714461991,0.4902566573481806
2024,Bahrain_Grand_Prix,R,VER,1.0,Red Bull Racing,True,SOFT,Bahrain_Grand_Prix,15,19.0,0,,-0.024923794154564177,0.7722760536349296
2024,Bahrain_Grand_Prix,R,VER,2.0,Red Bull Racing,True,HARD,Bahrain_Grand_Prix,18,10.0,1,10.0,14.010278557554086,0.5804983541094842
2024,Bahrain_Grand_Prix,R,VER,3.0,Red Bull Racing,True,SOFT,Bahrain_Grand_Prix,15,19.0,0,,0.25926161424399485,0.49426801369504686
2024,Bahrain_Grand_Prix,R,ZHO,1.0,Kick Sauber,False,SOFT,Bahrain_Grand_Prix,7,8.0,0,,inf,0.6366890537807676
2024,Bahrain_Grand_Prix,R,ZHO,2.0,Kick Sauber,False,HARD,Bahrain_Grand_Prix,15,18.0,0,,0.11592837562352915,0.8579372468318648
2024,Bahrain_Grand_Prix,R,ZHO,3.0,Kick Sauber,False,HARD,Bahrain_Grand_Prix,24,27.0,0,,1.4717199409967234,0.3325961076214954
2024,Belgian_Grand_Prix,R,ALB,1.0,Williams,False,MEDIUM,Belgian_Grand_Prix,5,7.0,0,,,
2024,Belgian_Grand_Prix,R,ALB,2.0,Williams,False,MEDIUM,Belgian_Grand_Prix,13,14.0,0,,-0.0062046250550723565,0.6892850503799702
2024,Belgian_Grand_Prix,R,ALB,3.0,Williams,False,HARD,Belgian_Grand_Prix,19,20.0,0,,inf,0.3265154107287969
2024,Belgian_Grand_Prix,R,ALO,1.0,Aston Martin,False,MEDIUM,Belgian_Grand_Prix,10,12.0,0,,-1.0363036303630329,0.6634610359845706
2024,Belgian_Grand_Prix,R,ALO,2.0,Aston Martin,False,MEDIUM,Belgian_Grand_Prix,25,30.0,0,,-2.274456608069892,0.5710502249631076
2024,Belgian_Grand_Prix,R,BOT,1.0,Kick Sauber,False,MEDIUM,Belgian_Grand_Prix,8,10.0,0,,inf,0.6533492091757367
2024,Belgian_Grand_Prix,R,BOT,2.0,Kick Sauber,False,HARD,Belgian_Grand_Prix,21,23.0,0,,-0.305396872877799,0.44084347577490796
2024,Belgian_Grand_Prix,R,BOT,3.0,Kick Sauber,False,MEDIUM,Belgian_Grand_Prix,7,8.0,0,,-0.30263852242746475,0.5508510089121397
2024,Belgian_Grand_Prix,R,GAS,1.0,Alpine,False,MEDIUM,Belgian_Grand_Prix,6,8.0,0,,,
2024,Belgian_Grand_Prix,R,GAS,2.0,Alpine,False,HARD,Belgian_Grand_Prix,17,18.0,0,,-0.23112475759534898,0.7597558761458025
2024,Belgian_Grand_Prix,R,GAS,3.0,Alpine,False,HARD,Belgian_Grand_Prix,14,15.0,0,,-2.1721937770774575,0.34919770408845857
2024,Belgian_Grand_Prix,R,HAM,1.0,Mercedes,False,MEDIUM,Belgian_Grand_Prix,9,10.0,0,,inf,0.3566427649178513
2024,Belgian_Grand_Prix,R,HAM,2.0,Mercedes,False,HARD,Belgian_Grand_Prix,13,14.0,0,,inf,0.6604268296365177
2024,Belgian_Grand_Prix,R,HAM,3.0,Mercedes,False,HARD,Belgian_Grand_Prix,16,17.0,0,,inf,0.7449071493741845
2024,Belgian_Grand_Prix,R,HUL,1.0,Haas F1 Team,False,MEDIUM,Belgian_Grand_Prix,4,6.0,0,,,
2024,Belgian_Grand_Prix,R,HUL,2.0,Haas F1 Team,False,HARD,Belgian_Grand_Prix,11,12.0,0,,1.2547461368653154,0.1072780713494165
2024,Belgian_Grand_Prix,R,HUL,3.0,Haas F1 Team,False,MEDIUM,Belgian_Grand_Prix,22,23.0,0,,0.001714373653432427,0.36240817093139693
2024,Belgian_Grand_Prix,R,LEC,1.0,Ferrari,False,MEDIUM,Belgian_Grand_Prix,10,11.0,0,,inf,0.6565477091836014
2024,Belgian_Grand_Prix,R,LEC,2.0,Ferrari,False,HARD,Belgian_Grand_Prix,11,7.0,1,7.0,inf,0.8455028703112368
2024,Belgian_Grand_Prix,R,LEC,3.0,Ferrari,False,HARD,Belgian_Grand_Prix,17,18.0,0,,inf,0.6014213506227422
2024,Belgian_Grand_Prix,R,MAG,1.0,Haas F1 Team,False,MEDIUM,Belgian_Grand_Prix,14,16.0,0,,-1.5499525854856975,0.7957884464950823
2024,Belgian_Grand_Prix,R,MAG,2.0,Haas F1 Team,False,HARD,Belgian_Grand_Prix,21,26.0,0,,-0.004011972682053138,0.382209579742221
2024,Belgian_Grand_Prix,R,NOR,1.0,McLaren,False,MEDIUM,Belgian_Grand_Prix,12,14.0,0,,-2.897746747064226,0.750603462939485
2024,Belgian_Grand_Prix,R,NOR,2.0,McLaren,False,HARD,Belgian_Grand_Prix,12,13.0,0,,-2.032413608357724,0.8093868647465358
2024,Belgian_Grand_Prix,R,NOR,3.0,McLaren,False,HARD,Belgian_Grand_Prix,13,14.0,0,,0.13805083805082527,0.6754553224492643
2024,Belgian_Grand_Prix,R,OCO,1.0,Alpine,False,MEDIUM,Belgian_Grand_Prix,9,11.0,0,,-0.44589000591375716,0.6646992487973311
2024,Belgian_Grand_Prix,R,OCO,2.0,Alpine,False,HARD,Belgian_Grand_Prix,15,17.0,0,,-0.3304559270516605,0.7590086089648935
2024,Belgian_Grand_Prix,R,OCO,3.0,Alpine,False,HARD,Belgian_Grand_Prix,10,13.0,0,,-0.011199279644330951,0.9336019258409289
2024,Belgian_Grand_Prix,R,PER,1.0,Red Bull Racing,True,MEDIUM,Belgian_Grand_Prix,9,10.0,0,,inf,0.41150067572088833
2024,Belgian_Grand_Prix,R,PER,2.0,Red Bull Racing,True,MEDIUM,Belgian_Grand_Prix,8,9.0,0,,inf,0.6283550468911928
2024,Belgian_Grand_Prix,R,PER,3.0,Red Bull Racing,True,HARD,Belgian_Grand_Prix,19,20.0,0,,-1.3170521785906684,0.16846988532329255
2024,Belgian_Grand_Prix,R,PIA,1.0,McLaren,False,MEDIUM,Belgian_Grand_Prix,9,10.0,0,,inf,0.3270618325092887
2024,Belgian_Grand_Prix,R,PIA,2.0,McLaren,False,HARD,Belgian_Grand_Prix,16,18.0,0,,5.329788531924483,0.5891175558445049
2024,Belgian_Grand_Prix,R,PIA,3.0,McLaren,False,HARD,Belgian_Grand_Prix,11,13.0,0,,-0.07442679256201834,0.8846878292361028
2024,Belgian_Grand_Prix,R,RIC,1.0,RB,False,SOFT,Belgian_Grand_Prix,5,7.0,0,,,
2024,Belgian_Grand_Prix,R,RIC,2.0,RB,False,MEDIUM,Belgian_Grand_Prix,11,12.0,0,,84.10769230726747,0.4566355696351889
2024,Belgian_Grand_Prix,R,RIC,3.0,RB,False,SOFT,Belgian_Grand_Prix,19,22.0,0,,0.8558075496762545,0.1958034298951786
2024,Belgian_Grand_Prix,R,RUS,1.0,Mercedes,False,MEDIUM,Belgian_Grand_Prix,8,9.0,0,,6.59999999999776,0.07811029354972915
2024,Belgian_Grand_Prix,R,RUS,2.0,Mercedes,False,HARD,Belgian_Grand_Prix,30,33.0,0,,-0.19378431619095893,0.43708388809857696
2024,Belgian_Grand_Prix,R,SAI,1.0,Ferrari,False,HARD,Belgian_Grand_Prix,16,19.0,0,,inf,0.3522868987200282
2024,Belgian_Grand_Prix,R,SAI,2.0,Ferrari,False,MEDIUM,Belgian_Grand_Prix,6,7.0,0,,,
2024,Belgian_Grand_Prix,R,SAI,3.0,Ferrari,False,HARD,Belgian_Grand_Prix,14,15.0,0,,-1.294674141555728,0.7889044217243582
2024,Belgian_Grand_Prix,R,SAR,1.0,Williams,False,MEDIUM,Belgian_Grand_Prix,5,7.0,0,,,
2024,Belgian_Grand_Prix,R,SAR,2.0,Williams,False,MEDIUM,Belgian_Grand_Prix,14,15.0,0,,0.5019339865910255,0.20891122468862802
2024,Belgian_Grand_Prix,R,SAR,3.0,Williams,False,HARD,Belgian_Grand_Prix,16,19.0,0,,-109.04525222555408,0.20767759037782174
2024,Belgian_Grand_Prix,R,STR,1.0,Aston Martin,False,MEDIUM,Belgian_Grand_Prix,9,11.0,0,,inf,0.5666496623519106
2024,Belgian_Grand_Prix,R,STR,2.0,Aston Martin,False,MEDIUM,Belgian_Grand_Prix,28,31.0,0,,inf,0.5020848330970356
2024,Belgian_Grand_Prix,R,TSU,1.0,RB,False,MEDIUM,Belgian_Grand_Prix,12,14.0,0,,-4.211363369015347,0.8177550003459473
2024,Belgian_Grand_Prix,R,TSU,2.0,RB,False,SOFT,Belgian_Grand_Prix,24,28.0,0,,-0.10674228576282682,0.6261643365619147
2024,Belgian_Grand_Prix,R,VER,1.0,Red Bull Racing,True,MEDIUM,Belgian_Grand_Prix,8,9.0,0,,1.8436018957344964,0.34044083596597047
2024,Belgian_Grand_Prix,R,VER,2.0,Red Bull Racing,True,HARD,Belgian_Grand_Prix,15,17.0,0,,-1.7047825079193166,0.8692226825455772
2024,Belgian_Grand_Prix,R,VER,3.0,Red Bull Racing,True,MEDIUM,Belgian_Grand_Prix,14,15.0,0,,0.5646825396825393,0.6732206666973595
2024,British_Grand_Prix,R,ALB,1.0,Williams,False,MEDIUM,British_Grand_Prix,21,25.0,0,,inf,0.3963270979566017
2024,British_Grand_Prix,R,ALB,2.0,Williams,False,INTERMEDIATE,British_Grand_Prix,9,10.0,0,,-2.3481512255920047,0.8870479656926648
2024,British_Grand_Prix,R,ALB,3.0,Williams,False,MEDIUM,British_Grand_Prix,11,13.0,0,,inf,0.7227621541533011
2024,British_Grand_Prix,R,ALO,1.0,Aston Martin,False,MEDIUM,British_Grand_Prix,22,25.0,0,,inf,0.4176401965151446
2024,British_Grand_Prix,R,ALO,2.0,Aston Martin,False,INTERMEDIATE,British_Grand_Prix,8,10.0,0,,-2.1217011262397203,0.9115378155296849
2024,British_Grand_Prix,R,ALO,3.0,Aston Martin,False,MEDIUM,British_Grand_Prix,11,10.0,1,10.0,inf,0.846202043835842
2024,British_Grand_Prix,R,BOT,1.0,Kick Sauber,False,MEDIUM,British_Grand_Prix,21,25.0,0,,12.835236415156503,0.4476189331157508
2024,British_Grand_Prix,R,BOT,2.0,Kick Sauber,False,INTERMEDIATE,British_Grand_Prix,9,10.0,0,,-1.1531934588090182,0.7748148669844904
2024,British_Grand_Prix,R,BOT,3.0,Kick Sauber,False,SOFT,British_Grand_Prix,9,13.0,0,,1.0642062689585978,0.31881941810078196
2024,British_Grand_Prix,R,HAM,1.0,Mercedes,False,MEDIUM,British_Grand_Prix,22,25.0,0,,14.61596843935292,0.36813807939786075
2024,British_Grand_Prix,R,HAM,2.0,Mercedes,False,INTERMEDIATE,British_Grand_Prix,9,10.0,0,,-1.5708843988075192,0.8559399941695754
2024,British_Grand_Prix,R,HAM,3.0,Mercedes,False,SOFT,British_Grand_Prix,11,14.0,0,,inf,0.6116206563831058
2024,British_Grand_Prix,R,HUL,1.0,Haas F1 Team,False,MEDIUM,British_Grand_Prix,23,25.0,0,,4.368175418588428,0.3417981229856483
2024,British_Grand_Prix,R,HUL,2.0,Haas F1 Team,False,INTERMEDIATE,British_Grand_Prix,9,12.0,0,,-5.415082956259356,0.9549747147906036
2024,British_Grand_Prix,R,HUL,3.0,Haas F1 Team,False,SOFT,British_Grand_Prix,11,15.0,0,,inf,0.7592059501682678
2024,British_Grand_Prix,R,LEC,1.0,Ferrari,False,MEDIUM,British_Grand_Prix,16,15.0,1,15.0,inf,0.9009329885796995
2024,British_Grand_Prix,R,LEC,2.0,Ferrari,False,INTERMEDIATE,British_Grand_Prix,5,7.0,0,,,
2024,British_Grand_Prix,R,LEC,3.0,Ferrari,False,INTERMEDIATE,British_Grand_Prix,8,9.0,0,,-1.283961117861465,0.7858000709196126
2024,British_Grand_Prix,R,LEC,4.0,Ferrari,False,SOFT,British_Grand_Prix,10,13.0,0,,inf,0.42169112434982664
2024,British_Grand_Prix,R,MAG,1.0,Haas F1 Team,False,MEDIUM,British_Grand_Prix,22,25.0,0,,inf,0.3698814269798238
2024,British_Grand_Prix,R,MAG,2.0,Haas F1 Team,False,INTERMEDIATE,British_Grand_Prix,8,9.0,0,,-0.6405870796255556,0.6211071231091394
2024,British_Grand_Prix,R,MAG,3.0,Haas F1 Team,False,SOFT,British_Grand_Prix,11,14.0,0,,inf,0.5715594635544717
2024,British_Grand_Prix,R,NOR,1.0,McLaren,False,MEDIUM,British_Grand_Prix,20,25.0,0,,23.780936380918355,0.3179582867654863
2024,British_Grand_Prix,R,NOR,2.0,McLaren,False,INTERMEDIATE,British_Grand_Prix,9,11.0,0,,-2.885970744680894,0.9580591507223208
2024,British_Grand_Prix,R,NOR,3.0,McLaren,False,SOFT,British_Grand_Prix,11,11.0,1,11.0,3.138255033556694,0.5058554671542986
2024,British_Grand_Prix,R,OCO,1.0,Alpine,False,SOFT,British_Grand_Prix,13,13.0,1,13.0,7.1000827129864295,0.6990522586396192
2024,British_Grand_Prix,R,OCO,4.0,Alpine,False,INTERMEDIATE,British_Grand_Prix,10,11.0,0,,-1.5941301106489782,0.8323223208677164
2024,British_Grand_Prix,R,OCO,5.0,Alpine,False,MEDIUM,British_Grand_Prix,8,11.0,0,,inf,0.031181799983319256
2024,British_Grand_Prix,R,PER,1.0,Red Bull Racing,True,HARD,British_Grand_Prix,16,14.0,1,14.0,25.16873735914378,0.7500311908345608
2024,British_Grand_Prix,R,PER,2.0,Red Bull Racing,True,INTERMEDIATE,British_Grand_Prix,5,7.0,0,,,
2024,British_Grand_Prix,R,PER,3.0,Red Bull Racing,True,INTERMEDIATE,British_Grand_Prix,7,8.0,0,,-0.49322371699053075,0.9049468920404621
2024,British_Grand_Prix,R,PER,4.0,Red Bull Racing,True,MEDIUM,British_Grand_Prix,6,9.0,0,,,
2024,British_Grand_Prix,R,PIA,1.0,McLaren,False,MEDIUM,British_Grand_Prix,22,25.0,0,,2.903693134377957,0.34701503719259486
2024,British_Grand_Prix,R,PIA,2.0,McLaren,False,INTERMEDIATE,British_Grand_Prix,8,9.0,0,,-1.450765171503947,0.8744982731977452
2024,British_Grand_Prix,R,PIA,3.0,McLaren,False,MEDIUM,British_Grand_Prix,11,13.0,0,,inf,0.13649994653121275
2024,British_Grand_Prix,R,RIC,1.0,RB,False,MEDIUM,British_Grand_Prix,22,25.0,0,,11.298128138325893,0.4362007040694663
2024,British_Grand_Prix,R,RIC,2.0,RB,False,INTERMEDIATE,British_Grand_Prix,9,10.0,0,,-2.771458117890302,0.5004951193259188
2024,British_Grand_Prix,R,RIC,3.0,RB,False,SOFT,British_Grand_Prix,9,12.0,0,,inf,0.609822613173421
2024,British_Grand_Prix,R,RUS,1.0,Mercedes,False,MEDIUM,British_Grand_Prix,22,25.0,0,,-63.930875132366886,0.46681983963699786
2024,British_Grand_Prix,R,SAI,1.0,Ferrari,False,MEDIUM,British_Grand_Prix,23,25.0,0,,-32.93090809438403,0.3076440719284592
2024,British_Grand_Prix,R,SAI,2.0,Ferrari,False,INTERMEDIATE,British_Grand_Prix,9,12.0,0,,-58.363636363643444,0.9389591371468183
2024,British_Grand_Prix,R,SAI,3.0,Ferrari,False,HARD,British_Grand_Prix,8,10.0,0,,inf,0.44788925650606287
2024,British_Grand_Prix,R,SAR,1.0,Williams,False,MEDIUM,British_Grand_Prix,22,25.0,0,,inf,0.3418151162777327
2024,British_Grand_Prix,R,SAR,2.0,Williams,False,INTERMEDIATE,British_Grand_Prix,9,10.0,0,,-1.5094943460635644,0.9334861955487307
2024,British_Grand_Prix,R,SAR,3.0,Williams,False,SOFT,British_Grand_Prix,10,7.0,1,7.0,9.02764976958051,0.5370866675140739
2024,British_Grand_Prix,R,STR,1.0,Aston Martin,False,MEDIUM,British_Grand_Prix,23,25.0,0,,-25.717905405391473,0.4112363877767593
2024,British_Grand_Prix,R,STR,2.0,Aston Martin,False,INTERMEDIATE,British_Grand_Prix,9,12.0,0,,-6.394241417497189,0.9514586516219985
2024,British_Grand_Prix,R,STR,3.0,Aston Martin,False,MEDIUM,British_Grand_Prix,11,12.0,0,,inf,0.537413478468357
2024,British_Grand_Prix,R,TSU,1.0,RB,False,MEDIUM,British_Grand_Prix,23,25.0,0,,inf,0.3450648158707565
2024,British_Grand_Prix,R,TSU,2.0,RB,False,INTERMEDIATE,British_Grand_Prix,8,10.0,0,,-1.8958946335995743,0.9227214119419073
2024,British_Grand_Prix,R,TSU,3.0,RB,False,SOFT,British_Grand_Prix,11,6.0,1,6.0,inf,0.5554098672791566
2024,British_Grand_Prix,R,VER,1.0,Red Bull Racing,True,MEDIUM,British_Grand_Prix,23,25.0,0,,-20.185420024123957,0.42620127397156604
2024,British_Grand_Prix,R,VER,2.0,Red Bull Racing,True,INTERMEDIATE,British_Grand_Prix,9,11.0,0,,-4.564965197215872,0.6688688339349546
2024,British_Grand_Prix,R,VER,3.0,Red Bull Racing,True,HARD,British_Grand_Prix,11,13.0,0,,inf,0.2986394900865824
2024,British_Grand_Prix,R,ZHO,1.0,Kick Sauber,False,SOFT,British_Grand_Prix,8,6.0,1,6.0,inf,0.5807652361955449
2024,British_Grand_Prix,R,ZHO,2.0,Kick Sauber,False,MEDIUM,British_Grand_Prix,2,3.0,0,,,
2024,British_Grand_Prix,R,ZHO,3.0,Kick Sauber,False,INTERMEDIATE,British_Grand_Prix,3,6.0,0,,,
2024,British_Grand_Prix,R,ZHO,4.0,Kick Sauber,False,INTERMEDIATE,British_Grand_Prix,9,10.0,0,,-1.5271129610359355,0.5942413534366148
2024,British_Grand_Prix,R,ZHO,5.0,Kick Sauber,False,SOFT,British_Grand_Prix,9,13.0,0,,5.17777777777819,0.4532273552883678
2024,Canadian_Grand_Prix,R,ALB,1.0,Williams,False,INTERMEDIATE,Canadian_Grand_Prix,18,24.0,0,,inf,0.4547254896291824
2024,Canadian_Grand_Prix,R,ALB,2.0,Williams,False,INTERMEDIATE,Canadian_Grand_Prix,14,18.0,0,,-0.5087598145870725,0.49358327143113323
2024,Canadian_Grand_Prix,R,ALB,3.0,Williams,False,MEDIUM,Canadian_Grand_Prix,2,7.0,0,,,
2024,Canadian_Grand_Prix,R,ALO,1.0,Aston Martin,False,INTERMEDIATE,Canadian_Grand_Prix,18,24.0,0,,inf,0.7251748015382096
2024,Canadian_Grand_Prix,R,ALO,2.0,Aston Martin,False,INTERMEDIATE,Canadian_Grand_Prix,14,18.0,0,,-0.34010367315088197,0.8162419724368772
2024,Canadian_Grand_Prix,R,ALO,3.0,Aston Martin,False,HARD,Canadian_Grand_Prix,10,25.0,0,,inf,0.5816828276353231
2024,Canadian_Grand_Prix,R,BOT,1.0,Kick Sauber,False,INTERMEDIATE,Canadian_Grand_Prix,28,41.0,0,,inf,0.8326379549328213
2024,Canadian_Grand_Prix,R,BOT,2.0,Kick Sauber,False,MEDIUM,Canadian_Grand_Prix,10,27.0,0,,inf,0.6968813865204851
2024,Canadian_Grand_Prix,R,GAS,1.0,Alpine,False,INTERMEDIATE,Canadian_Grand_Prix,17,24.0,0,,-3.718933755396767,0.1584750309523481
2024,Canadian_Grand_Prix,R,GAS,2.0,Alpine,False,INTERMEDIATE,Canadian_Grand_Prix,10,14.0,0,,-0.5058341928829234,0.5327562025118878
2024,Canadian_Grand_Prix,R,GAS,3.0,Alpine,False,HARD,Canadian_Grand_Prix,11,29.0,0,,inf,0.7015583786951146
2024,Canadian_Grand_Prix,R,HAM,1.0,Mercedes,False,INTERMEDIATE,Canadian_Grand_Prix,17,24.0,0,,inf,0.5539776623552581
2024,Canadian_Grand_Prix,R,HAM,2.0,Mercedes,False,INTERMEDIATE,Canadian_Grand_Prix,13,17.0,0,,-0.2634897874645489,0.7986630258124982
2024,Canadian_Grand_Prix,R,HAM,3.0,Mercedes,False,MEDIUM,Canadian_Grand_Prix,4,10.0,0,,,
2024,Canadian_Grand_Prix,R,HAM,4.0,Mercedes,False,HARD,Canadian_Grand_Prix,7,15.0,0,,inf,0.7276263177033626
2024,Canadian_Grand_Prix,R,HUL,1.0,Haas F1 Team,False,WET,Canadian_Grand_Prix,9,11.0,0,,13.741007194242,0.6023990125291704
2024,Canadian_Grand_Prix,R,HUL,2.0,Haas F1 Team,False,INTERMEDIATE,Canadian_Grand_Prix,10,11.0,0,,-2.9151590767308817,0.4247394059985432
2024,Canadian_Grand_Prix,R,HUL,3.0,Haas F1 Team,False,INTERMEDIATE,Canadian_Grand_Prix,13,18.0,0,,-0.3626979789774245,0.6294681895780646
2024,Canadian_Grand_Prix,R,HUL,4.0,Haas F1 Team,False,MEDIUM,Canadian_Grand_Prix,10,25.0,0,,inf,0.5074923105366858
2024,Canadian_Grand_Prix,R,LEC,1.0,Ferrari,False,INTERMEDIATE,Canadian_Grand_Prix,18,24.0,0,,inf,0.6187824421566585
2024,Canadian_Grand_Prix,R,LEC,4.0,Ferrari,False,INTERMEDIATE,Canadian_Grand_Prix,8,9.0,0,,-0.2953497164461239,0.8952385194845656
2024,Canadian_Grand_Prix,R,MAG,1.0,Haas F1 Team,False,WET,Canadian_Grand_Prix,4,6.0,0,,,
2024,Canadian_Grand_Prix,R,MAG,2.0,Haas F1 Team,False,INTERMEDIATE,Canadian_Grand_Prix,15,17.0,0,,inf,0.5644399310413311
2024,Canadian_Grand_Prix,R,MAG,3.0,Haas F1 Team,False,INTERMEDIATE,Canadian_Grand_Prix,11,15.0,0,,-0.39663512702927306,0.558590734188662
2024,Canadian_Grand_Prix,R,MAG,4.0,Haas F1 Team,False,MEDIUM,Canadian_Grand_Prix,3,10.0,0,,,
2024,Canadian_Grand_Prix,R,MAG,5.0,Haas F1 Team,False,MEDIUM,Canadian_Grand_Prix,8,15.0,0,,inf,0.6813972244666806
2024,Canadian_Grand_Prix,R,NOR,1.0,McLaren,False,INTERMEDIATE,Canadian_Grand_Prix,18,24.0,0,,inf,0.5369834600689003
2024,Canadian_Grand_Prix,R,NOR,2.0,McLaren,False,INTERMEDIATE,Canadian_Grand_Prix,17,20.0,0,,-0.23042207720870972,0.6263859483541921
2024,Canadian_Grand_Prix,R,NOR,3.0,McLaren,False,MEDIUM,Canadian_Grand_Prix,10,22.0,0,,inf,0.7805148414944351
2024,Canadian_Grand_Prix,R,OCO,1.0,Alpine,False,INTERMEDIATE,Canadian_Grand_Prix,32,43.0,0,,inf,0.8959626364457852
2024,Canadian_Grand_Prix,R,OCO,2.0,Alpine,False,MEDIUM,Canadian_Grand_Prix,12,25.0,0,,inf,0.3484462632363666
2024,Canadian_Grand_Prix,R,PER,1.0,Red Bull Racing,True,INTERMEDIATE,Canadian_Grand_Prix,18,24.0,0,,inf,0.454632860716184
2024,Canadian_Grand_Prix,R,PER,2.0,Red Bull Racing,True,INTERMEDIATE,Canadian_Grand_Prix,12,17.0,0,,-0.8290428142896104,0.581852332724908
2024,Canadian_Grand_Prix,R,PER,3.0,Red Bull Racing,True,MEDIUM,Canadian_Grand_Prix,2,8.0,0,,,
2024,Canadian_Grand_Prix,R,PIA,1.0,McLaren,False,INTERMEDIATE,Canadian_Grand_Prix,19,24.0,0,,inf,0.8039010670285898
2024,Canadian_Grand_Prix,R,PIA,2.0,McLaren,False,INTERMEDIATE,Canadian_Grand_Prix,14,18.0,0,,-0.6259034651105249,0.5667450349603518
2024,Canadian_Grand_Prix,R,PIA,3.0,McLaren,False,MEDIUM,Canadian_Grand_Prix,13,25.0,0,,-0.22532500323438137,0.8485316583494058
2024,Canadian_Grand_Prix,R,RIC,1.0,RB,False,INTERMEDIATE,Canadian_Grand_Prix,18,24.0,0,,inf,0.6634742878589066
2024,Canadian_Grand_Prix,R,RIC,2.0,RB,False,INTERMEDIATE,Canadian_Grand_Prix,13,16.0,0,,-0.9345167652859809,0.6366422382387907
2024,Canadian_Grand_Prix,R,RIC,3.0,RB,False,MEDIUM,Canadian_Grand_Prix,13,27.0,0,,-0.6887925203898904,0.89871788624387
2024,Canadian_Grand_Prix,R,RUS,1.0,Mercedes,False,INTERMEDIATE,Canadian_Grand_Prix,19,24.0,0,,inf,0.7700913530386324
2024,Canadian_Grand_Prix,R,RUS,2.0,Mercedes,False,INTERMEDIATE,Canadian_Grand_Prix,15,19.0,0,,-0.2149272444726996,0.6237954295483724
2024,Canadian_Grand_Prix,R,RUS,3.0,Mercedes,False,HARD,Canadian_Grand_Prix,3,8.0,0,,,
2024,Canadian_Grand_Prix,R,RUS,4.0,Mercedes,False,MEDIUM,Canadian_Grand_Prix,8,15.0,0,,inf,0.5414082311331869
2024,Canadian_Grand_Prix,R,SAI,1.0,Ferrari,False,INTERMEDIATE,Canadian_Grand_Prix,18,24.0,0,,inf,0.49424275185672506
2024,Canadian_Grand_Prix,R,SAI,2.0,Ferrari,False,INTERMEDIATE,Canadian_Grand_Prix,13,17.0,0,,-4.018578643579012,0.5715298409218612
2024,Canadian_Grand_Prix,R,SAI,3.0,Ferrari,False,MEDIUM,Canadian_Grand_Prix,3,8.0,0,,,
2024,Canadian_Grand_Prix,R,SAR,1.0,Williams,False,INTERMEDIATE,Canadian_Grand_Prix,17,23.0,0,,inf,0.41383735931547966
2024,Canadian_Grand_Prix,R,STR,1.0,Aston Martin,False,INTERMEDIATE,Canadian_Grand_Prix,18,24.0,0,,-10.79482831707987,0.584536633013056
2024,Canadian_Grand_Prix,R,STR,2.0,Aston Martin,False,INTERMEDIATE,Canadian_Grand_Prix,14,18.0,0,,-0.5493312174110313,0.6131417246685064
2024,Canadian_Grand_Prix,R,STR,3.0,Aston Martin,False,HARD,Canadian_Grand_Prix,10,26.0,0,,inf,0.6160737962472614
2024,Canadian_Grand_Prix,R,TSU,1.0,RB,False,INTERMEDIATE,Canadian_Grand_Prix,32,43.0,0,,inf,0.7759984689068042
2024,Canadian_Grand_Prix,R,TSU,2.0,RB,False,MEDIUM,Canadian_Grand_Prix,11,25.0,0,,0.8996286481296086,0.6201958107308927
2024,Canadian_Grand_Prix,R,VER,1.0,Red Bull Racing,True,INTERMEDIATE,Canadian_Grand_Prix,19,24.0,0,,inf,0.5068249804031816
2024,Canadian_Grand_Prix,R,VER,2.0,Red Bull Racing,True,INTERMEDIATE,Canadian_Grand_Prix,15,19.0,0,,-0.18680039042229885,0.714547239204378
2024,Canadian_Grand_Prix,R,VER,3.0,Red Bull Racing,True,MEDIUM,Canadian_Grand_Prix,12,24.0,0,,-0.9638471349184707,0.7683120323932361
2024,Canadian_Grand_Prix,R,ZHO,1.0,Kick Sauber,False,INTERMEDIATE,Canadian_Grand_Prix,17,23.0,0,,inf,0.6733334473495669
2024,Canadian_Grand_Prix,R,ZHO,2.0,Kick Sauber,False,INTERMEDIATE,Canadian_Grand_Prix,14,19.0,0,,-0.42274381981778375,0.4666307346130829
2024,Canadian_Grand_Prix,R,ZHO,3.0,Kick Sauber,False,MEDIUM,Canadian_Grand_Prix,2,7.0,0,,,
2024,Canadian_Grand_Prix,R,ZHO,4.0,Kick Sauber,False,MEDIUM,Canadian_Grand_Prix,6,16.0,0,,,
2024,Chinese_Grand_Prix,R,ALB,1.0,Williams,False,MEDIUM,Chinese_Grand_Prix,7,5.0,1,5.0,inf,0.46016179901616966
2024,Chinese_Grand_Prix,R,ALB,2.0,Williams,False,MEDIUM,Chinese_Grand_Prix,9,11.0,0,,0.19000127210277523,0.8294085737421651
2024,Chinese_Grand_Prix,R,ALB,3.0,Williams,False,HARD,Chinese_Grand_Prix,24,32.0,0,,inf,0.4914585257870431
2024,Chinese_Grand_Prix,R,ALO,1.0,Aston Martin,False,MEDIUM,Chinese_Grand_Prix,7,10.0,0,,0.7627494456761672,0.4329796063129988
2024,Chinese_Grand_Prix,R,ALO,2.0,Aston Martin,False,HARD,Chinese_Grand_Prix,7,9.0,0,,0.8466666666666982,0.38365890181154
2024,Chinese_Grand_Prix,R,ALO,3.0,Aston Martin,False,SOFT,Chinese_Grand_Prix,11,12.0,1,12.0,inf,0.5235957955249249
2024,Chinese_Grand_Prix,R,ALO,4.0,Aston Martin,False,MEDIUM,Chinese_Grand_Prix,8,12.0,0,,0.9886837403216263,0.2825415948669903
2024,Chinese_Grand_Prix,R,BOT,1.0,Kick Sauber,False,MEDIUM,Chinese_Grand_Prix,7,8.0,0,,inf,0.06531750597098572
2024,Chinese_Grand_Prix,R,BOT,2.0,Kick Sauber,False,HARD,Chinese_Grand_Prix,9,10.0,0,,0.06497695852533791,0.5713407041693259
2024,Chinese_Grand_Prix,R,GAS,1.0,Alpine,False,MEDIUM,Chinese_Grand_Prix,9,5.0,1,5.0,inf,0.6088807733264263
2024,Chinese_Grand_Prix,R,GAS,2.0,Alpine,False,HARD,Chinese_Grand_Prix,7,9.0,0,,0.33674242424239437,0.8335059312078472
2024,Chinese_Grand_Prix,R,GAS,3.0,Alpine,False,HARD,Chinese_Grand_Prix,6,14.0,0,,,
2024,Chinese_Grand_Prix,R,GAS,4.0,Alpine,False,MEDIUM,Chinese_Grand_Prix,16,17.0,0,,0.607478330250597,0.3400427651083027
2024,Chinese_Grand_Prix,R,HAM,1.0,Mercedes,False,SOFT,Chinese_Grand_Prix,6,8.0,0,,,
2024,Chinese_Grand_Prix,R,HAM,2.0,Mercedes,False,MEDIUM,Chinese_Grand_Prix,10,11.0,0,,1.5650535202772506,0.3926246188692405
2024,Chinese_Grand_Prix,R,HAM,3.0,Mercedes,False,HARD,Chinese_Grand_Prix,24,34.0,0,,0.9608270937670492,0.19109269054008485
2024,Chinese_Grand_Prix,R,HUL,1.0,Haas F1 Team,False,MEDIUM,Chinese_Grand_Prix,5,7.0,0,,,
2024,Chinese_Grand_Prix,R,HUL,2.0,Haas F1 Team,False,HARD,Chinese_Grand_Prix,11,12.0,0,,0.07240939719544222,0.3225396459024619
2024,Chinese_Grand_Prix,R,HUL,3.0,Haas F1 Team,False,HARD,Chinese_Grand_Prix,24,32.0,0,,0.21781212145291315,0.4334337845039355
2024,Chinese_Grand_Prix,R,LEC,1.0,Ferrari,False,MEDIUM,Chinese_Grand_Prix,19,20.0,0,,-0.06026526111690938,0.4879137752577127
2024,Chinese_Grand_Prix,R,LEC,2.0,Ferrari,False,HARD,Chinese_Grand_Prix,24,34.0,0,,0.3499384888401091,0.5772653958002378
2024,Chinese_Grand_Prix,R,MAG,1.0,Haas F1 Team,False,HARD,Chinese_Grand_Prix,14,16.0,0,,inf,0.34152523361441983
2024,Chinese_Grand_Prix,R,MAG,3.0,Haas F1 Team,False,MEDIUM,Chinese_Grand_Prix,23,24.0,1,24.0,inf,0.5820375243880866
2024,Chinese_Grand_Prix,R,NOR,1.0,McLaren,False,MEDIUM,Chinese_Grand_Prix,19,20.0,0,,0.19394445747341202,0.5500684055649905
2024,Chinese_Grand_Prix,R,NOR,2.0,McLaren,False,HARD,Chinese_Grand_Prix,24,33.0,0,,0.651753484573026,0.5099166915509676
2024,Chinese_Grand_Prix,R,OCO,1.0,Alpine,False,MEDIUM,Chinese_Grand_Prix,7,5.0,1,5.0,inf,0.7284376414867889
2024,Chinese_Grand_Prix,R,OCO,2.0,Alpine,False,HARD,Chinese_Grand_Prix,10,11.0,0,,0.18605111947690584,0.8250908655246356
2024,Chinese_Grand_Prix,R,OCO,3.0,Alpine,False,HARD,Chinese_Grand_Prix,24,32.0,0,,inf,0.3101649833241369
2024,Chinese_Grand_Prix,R,PER,1.0,Red Bull Racing,True,MEDIUM,Chinese_Grand_Prix,11,12.0,0,,0.19324244220507483,0.5292376927397073
2024,Chinese_Grand_Prix,R,PER,2.0,Red Bull Racing,True,HARD,Chinese_Grand_Prix,5,7.0,0,,,
2024,Chinese_Grand_Prix,R,PER,3.0,Red Bull Racing,True,HARD,Chinese_Grand_Prix,24,32.0,0,,0.6296774822652292,0.5904149350129335
2024,Chinese_Grand_Prix,R,PIA,1.0,McLaren,False,MEDIUM,Chinese_Grand_Prix,14,15.0,0,,-0.9964688461100157,0.6280140830017935
2024,Chinese_Grand_Prix,R,PIA,3.0,McLaren,False,HARD,Chinese_Grand_Prix,24,12.0,1,12.0,inf,0.31693484094575897
2024,Chinese_Grand_Prix,R,RIC,1.0,RB,False,MEDIUM,Chinese_Grand_Prix,12,13.0,0,,-2.1148036253774354,0.6585771570240541
2024,Chinese_Grand_Prix,R,RIC,2.0,RB,False,MEDIUM,Chinese_Grand_Prix,6,18.0,0,,,
2024,Chinese_Grand_Prix,R,RUS,1.0,Mercedes,False,MEDIUM,Chinese_Grand_Prix,9,10.0,0,,0.7889220960350569,0.10213783679074094
2024,Chinese_Grand_Prix,R,RUS,2.0,Mercedes,False,MEDIUM,Chinese_Grand_Prix,8,9.0,0,,0.5254302103249848,0.16613029129121512
2024,Chinese_Grand_Prix,R,RUS,3.0,Mercedes,False,HARD,Chinese_Grand_Prix,24,32.0,0,,inf,0.47199572496654413
2024,Chinese_Grand_Prix,R,SAI,1.0,Ferrari,False,MEDIUM,Chinese_Grand_Prix,15,16.0,0,,0.372439919497935,0.7366128994482184
2024,Chinese_Grand_Prix,R,SAI,2.0,Ferrari,False,HARD,Chinese_Grand_Prix,25,38.0,0,,0.5524328634516529,0.4996339791840607
2024,Chinese_Grand_Prix,R,SAR,1.0,Williams,False,SOFT,Chinese_Grand_Prix,10,11.0,0,,inf,0.21563326452367654
2024,Chinese_Grand_Prix,R,SAR,2.0,Williams,False,MEDIUM,Chinese_Grand_Prix,6,8.0,0,,,
2024,Chinese_Grand_Prix,R,SAR,3.0,Williams,False,HARD,Chinese_Grand_Prix,24,13.0,1,13.0,inf,0.3568737165643178
2024,Chinese_Grand_Prix,R,STR,1.0,Aston Martin,False,SOFT,Chinese_Grand_Prix,7,8.0,0,,0.2052173913042739,0.6821083074227715
2024,Chinese_Grand_Prix,R,STR,2.0,Aston Martin,False,MEDIUM,Chinese_Grand_Prix,10,11.0,0,,1.4074363992170977,0.1620878013882966
2024,Chinese_Grand_Prix,R,STR,5.0,Aston Martin,False,HARD,Chinese_Grand_Prix,19,25.0,0,,1.2525201444660325,0.4436674365949058
2024,Chinese_Grand_Prix,R,TSU,1.0,RB,False,SOFT,Chinese_Grand_Prix,6,7.0,0,,,
2024,Chinese_Grand_Prix,R,TSU,2.0,RB,False,MEDIUM,Chinese_Grand_Prix,10,9.0,1,9.0,2.921239268383655,0.26630149559489896
2024,Chinese_Grand_Prix,R,VER,1.0,Red Bull Racing,True,MEDIUM,Chinese_Grand_Prix,11,12.0,0,,0.24353362514923893,0.8113433069212718
2024,Chinese_Grand_Prix,R,VER,2.0,Red Bull Racing,True,HARD,Chinese_Grand_Prix,7,5.0,1,5.0,inf,0.254454201307894
2024,Chinese_Grand_Prix,R,VER,3.0,Red Bull Racing,True,HARD,Chinese_Grand_Prix,24,32.0,0,,1.1743714929901474,0.3000397895896754
2024,Chinese_Grand_Prix,R,ZHO,1.0,Kick Sauber,False,MEDIUM,Chinese_Grand_Prix,5,7.0,0,,,
2024,Chinese_Grand_Prix,R,ZHO,2.0,Kick Sauber,False,HARD,Chinese_Grand_Prix,11,12.0,0,,-0.08988916842318634,0.7496163647619121
2024,Chinese_Grand_Prix,R,ZHO,3.0,Kick Sauber,False,HARD,Chinese_Grand_Prix,8,16.0,0,,inf,0.4023979000957175
2024,Chinese_Grand_Prix,R,ZHO,4.0,Kick Sauber,False,SOFT,Chinese_Grand_Prix,14,15.0,0,,0.4508172697553518,0.5132176998901745
2024,Chinese_Grand_Prix,S,ALB,1.0,Williams,False,MEDIUM,Chinese_Grand_Prix,17,24.0,0,,inf,0.7962737969857349
2024,Chinese_Grand_Prix,S,ALO,1.0,Aston Martin,False,MEDIUM,Chinese_Grand_Prix,14,18.0,0,,0.1451471234080062,0.7148501669359087
2024,Chinese_Grand_Prix,S,BOT,1.0,Kick Sauber,False,MEDIUM,Chinese_Grand_Prix,17,22.0,0,,inf,0.5073832256811094
2024,Chinese_Grand_Prix,S,GAS,1.0,Alpine,False,MEDIUM,Chinese_Grand_Prix,15,18.0,0,,-1.92859365276934,0.47526951258709876
2024,Chinese_Grand_Prix,S,HAM,1.0,Mercedes,False,MEDIUM,Chinese_Grand_Prix,17,18.0,0,,0.09717055856902931,0.8348446661165767
2024,Chinese_Grand_Prix,S,HUL,1.0,Haas F1 Team,False,MEDIUM,Chinese_Grand_Prix,17,22.0,0,,inf,0.6123226592994526
2024,Chinese_Grand_Prix,S,LEC,1.0,Ferrari,False,MEDIUM,Chinese_Grand_Prix,17,22.0,0,,-4.4340698046749445,0.306396416763343
2024,Chinese_Grand_Prix,S,MAG,1.0,Haas F1 Team,False,MEDIUM,Chinese_Grand_Prix,17,22.0,0,,inf,0.3280132863194088
2024,Chinese_Grand_Prix,S,NOR,1.0,McLaren,False,MEDIUM,Chinese_Grand_Prix,17,18.0,0,,-0.8130293159608708,0.17323678760354494
2024,Chinese_Grand_Prix,S,OCO,1.0,Alpine,False,MEDIUM,Chinese_Grand_Prix,16,18.0,0,,-30.211740753344436,0.615109723651387
2024,Chinese_Grand_Prix,S,PER,1.0,Red Bull Racing,True,MEDIUM,Chinese_Grand_Prix,17,21.0,0,,-2.9130497476568173,0.6811283589222316
2024,Chinese_Grand_Prix,S,PIA,1.0,McLaren,False,MEDIUM,Chinese_Grand_Prix,17,10.0,1,10.0,inf,0.6575375294093967
2024,Chinese_Grand_Prix,S,RIC,1.0,RB,False,MEDIUM,Chinese_Grand_Prix,17,21.0,0,,inf,0.29344114343240923
2024,Chinese_Grand_Prix,S,RUS,1.0,Mercedes,False,SOFT,Chinese_Grand_Prix,16,6.0,1,6.0,inf,0.32180682916486325
2024,Chinese_Grand_Prix,S,SAI,1.0,Ferrari,False,MEDIUM,Chinese_Grand_Prix,17,18.0,0,,-0.9348580980966102,0.18819597840465413
2024,Chinese_Grand_Prix,S,SAR,1.0,Williams,False,MEDIUM,Chinese_Grand_Prix,17,24.0,0,,inf,0.8607585312699352
2024,Chinese_Grand_Prix,S,STR,1.0,Aston Martin,False,MEDIUM,Chinese_Grand_Prix,17,21.0,0,,-8.964051850859972,0.3555401294176658
2024,Chinese_Grand_Prix,S,TSU,1.0,RB,False,MEDIUM,Chinese_Grand_Prix,15,18.0,0,,0.5334689094167927,0.4227601719757648
2024,Chinese_Grand_Prix,S,VER,1.0,Red Bull Racing,True,MEDIUM,Chinese_Grand_Prix,17,21.0,0,,inf,0.277071571101548
2024,Chinese_Grand_Prix,S,ZHO,1.0,Kick Sauber,False,MEDIUM,Chinese_Grand_Prix,17,10.0,1,10.0,inf,0.5395268405632849
2024,Dutch_Grand_Prix,R,ALB,1.0,Williams,False,MEDIUM,Dutch_Grand_Prix,8,11.0,0,,inf,0.5601461374748697
2024,Dutch_Grand_Prix,R,ALB,2.0,Williams,False,HARD,Dutch_Grand_Prix,36,41.0,0,,-6.878270279754339,0.4914626538956103
2024,Dutch_Grand_Prix,R,ALB,3.0,Williams,False,MEDIUM,Dutch_Grand_Prix,12,16.0,0,,-0.031495607951902156,0.30038600159268675
2024,Dutch_Grand_Prix,R,ALO,1.0,Aston Martin,False,MEDIUM,Dutch_Grand_Prix,28,30.0,0,,-0.24460747853129844,0.288890595866047
2024,Dutch_Grand_Prix,R,ALO,2.0,Aston Martin,False,HARD,Dutch_Grand_Prix,30,39.0,0,,0.3099324406105923,0.21381364787768006
2024,Dutch_Grand_Prix,R,BOT,1.0,Kick Sauber,False,SOFT,Dutch_Grand_Prix,11,7.0,1,7.0,inf,0.3995646853244572
2024,Dutch_Grand_Prix,R,BOT,2.0,Kick Sauber,False,HARD,Dutch_Grand_Prix,26,27.0,0,,1.2408378111635296,0.23677341409991484
2024,Dutch_Grand_Prix,R,BOT,3.0,Kick Sauber,False,MEDIUM,Dutch_Grand_Prix,24,26.0,0,,0.3262612064269259,0.4275946941336468
2024,Dutch_Grand_Prix,R,GAS,1.0,Alpine,False,MEDIUM,Dutch_Grand_Prix,29,31.0,0,,-23.186476163915987,0.4096028202076356
2024,Dutch_Grand_Prix,R,GAS,2.0,Alpine,False,HARD,Dutch_Grand_Prix,32,38.0,0,,inf,0.3297908252911405
2024,Dutch_Grand_Prix,R,HAM,1.0,Mercedes,False,SOFT,Dutch_Grand_Prix,20,22.0,0,,1.037780006686721,0.594589393537163
2024,Dutch_Grand_Prix,R,HAM,2.0,Mercedes,False,HARD,Dutch_Grand_Prix,19,21.0,1,21.0,inf,0.7119383232631317
2024,Dutch_Grand_Prix,R,HAM,3.0,Mercedes,False,SOFT,Dutch_Grand_Prix,22,23.0,0,,1.3318468235365444,0.3446577398991608
2024,Dutch_Grand_Prix,R,HUL,1.0,Haas F1 Team,False,MEDIUM,Dutch_Grand_Prix,11,7.0,1,7.0,inf,0.5700604009690718
2024,Dutch_Grand_Prix,R,HUL,2.0,Haas F1 Team,False,HARD,Dutch_Grand_Prix,55,56.0,0,,inf,0.332725437031488
2024,Dutch_Grand_Prix,R,LEC,1.0,Ferrari,False,MEDIUM,Dutch_Grand_Prix,21,23.0,0,,2.110973597359395,0.25816678284447375
2024,Dutch_Grand_Prix,R,LEC,2.0,Ferrari,False,HARD,Dutch_Grand_Prix,43,47.0,0,,-0.20341067214876823,0.09225008016952249
2024,Dutch_Grand_Prix,R,MAG,1.0,Haas F1 Team,False,HARD,Dutch_Grand_Prix,35,39.0,0,,171.33391147027123,0.49337567996325826
2024,Dutch_Grand_Prix,R,MAG,2.0,Haas F1 Team,False,MEDIUM,Dutch_Grand_Prix,28,30.0,0,,0.5562181131555326,0.4848285273040698
2024,Dutch_Grand_Prix,R,NOR,1.0,McLaren,False,MEDIUM,Dutch_Grand_Prix,24,27.0,0,,-18.186885245942122,0.40719101496588067
2024,Dutch_Grand_Prix,R,NOR,2.0,McLaren,False,HARD,Dutch_Grand_Prix,42,43.0,0,,0.04024929424186532,0.20939410501609843
2024,Dutch_Grand_Prix,R,OCO,1.0,Alpine,False,MEDIUM,Dutch_Grand_Prix,26,29.0,0,,0.1689111408467906,0.20618767362250048
2024,Dutch_Grand_Prix,R,OCO,2.0,Alpine,False,HARD,Dutch_Grand_Prix,36,40.0,0,,9.008803238949053,0.10625481810227934
2024,Dutch_Grand_Prix,R,PER,1.0,Red Bull Racing,True,MEDIUM,Dutch_Grand_Prix,27,28.0,0,,0.04282025819267934,0.28303171719358977
2024,Dutch_Grand_Prix,R,PER,2.0,Red Bull Racing,True,HARD,Dutch_Grand_Prix,40,42.0,0,,-4.304084799860106,0.48031436167833796
2024,Dutch_Grand_Prix,R,PIA,1.0,McLaren,False,MEDIUM,Dutch_Grand_Prix,31,32.0,0,,56.04799467301125,0.39965465944348877
2024,Dutch_Grand_Prix,R,PIA,2.0,McLaren,False,HARD,Dutch_Grand_Prix,36,38.0,0,,-0.5532563499955097,0.82024186082686
2024,Dutch_Grand_Prix,R,RIC,1.0,RB,False,MEDIUM,Dutch_Grand_Prix,26,28.0,0,,0.11585144452253371,0.3088826288866868
2024,Dutch_Grand_Prix,R,RIC,2.0,RB,False,HARD,Dutch_Grand_Prix,37,41.0,0,,0.16377314021842304,0.458107243594183
2024,Dutch_Grand_Prix,R,RUS,1.0,Mercedes,False,MEDIUM,Dutch_Grand_Prix,23,24.0,0,,19.125514403304,0.6461068033238996
2024,Dutch_Grand_Prix,R,RUS,2.0,Mercedes,False,HARD,Dutch_Grand_Prix,23,28.0,0,,0.6743205589453655,0.38940107802962093
2024,Dutch_Grand_Prix,R,RUS,3.0,Mercedes,False,SOFT,Dutch_Grand_Prix,16,20.0,0,,0.19519094766619854,0.5605056751377372
2024,Dutch_Grand_Prix,R,SAI,1.0,Ferrari,False,MEDIUM,Dutch_Grand_Prix,26,29.0,0,,0.014168801954208969,0.2879412443159943
2024,Dutch_Grand_Prix,R,SAI,2.0,Ferrari,False,HARD,Dutch_Grand_Prix,37,41.0,0,,0.7244022243922109,0.24432166949805598
2024,Dutch_Grand_Prix,R,SAR,1.0,Williams,False,MEDIUM,Dutch_Grand_Prix,18,21.0,0,,inf,0.6575287132261768
2024,Dutch_Grand_Prix,R,SAR,2.0,Williams,False,HARD,Dutch_Grand_Prix,46,48.0,0,,-0.009339697864867734,0.23436341414543657
2024,Dutch_Grand_Prix,R,STR,1.0,Aston Martin,False,MEDIUM,Dutch_Grand_Prix,27,29.0,0,,0.46333333333333954,0.509101122409965
2024,Dutch_Grand_Prix,R,STR,2.0,Aston Martin,False,HARD,Dutch_Grand_Prix,37,40.0,0,,0.019289230017375678,0.37076591681639864
2024,Dutch_Grand_Prix,R,TSU,1.0,RB,False,SOFT,Dutch_Grand_Prix,10,13.0,0,,1.2613104524181225,0.13433771498548036
2024,Dutch_Grand_Prix,R,TSU,2.0,RB,False,MEDIUM,Dutch_Grand_Prix,15,17.0,0,,0.15396447799100582,0.5352391702847599
2024,Dutch_Grand_Prix,R,TSU,3.0,RB,False,HARD,Dutch_Grand_Prix,35,38.0,0,,1.661004823419734,0.2727296751995381
2024,Dutch_Grand_Prix,R,VER,1.0,Red Bull Racing,True,MEDIUM,Dutch_Grand_Prix,25,26.0,0,,2.3139865194223517,0.12691217655919892
2024,Dutch_Grand_Prix,R,VER,2.0,Red Bull Racing,True,HARD,Dutch_Grand_Prix,43,44.0,0,,0.4520802320209963,0.1703913450863921
2024,Dutch_Grand_Prix,R,ZHO,1.0,Kick Sauber,False,MEDIUM,Dutch_Grand_Prix,15,17.0,0,,0.3664921465969153,0.29441546760223075
2024,Dutch_Grand_Prix,R,ZHO,2.0,Kick Sauber,False,HARD,Dutch_Grand_Prix,28,32.0,0,,-1.5943326401521305,0.5327192056598261
2024,Dutch_Grand_Prix,R,ZHO,3.0,Kick Sauber,False,SOFT,Dutch_Grand_Prix,15,18.0,0,,1.8028332997879977,0.14716617074572672
2024,Emilia_Romagna_Grand_Prix,R,ALB,1.0,Williams,False,MEDIUM,Emilia_Romagna_Grand_Prix,5,7.0,0,,,
2024,Emilia_Romagna_Grand_Prix,R,ALB,3.0,Williams,False,MEDIUM,Emilia_Romagna_Grand_Prix,12,13.0,0,,-0.26854219948850305,0.3399753632798806
2024,Emilia_Romagna_Grand_Prix,R,ALB,5.0,Williams,False,MEDIUM,Emilia_Romagna_Grand_Prix,21,27.0,1,27.0,inf,0.4288079221398561
2024,Emilia_Romagna_Grand_Prix,R,ALO,1.0,Aston Martin,False,SOFT,Emilia_Romagna_Grand_Prix,4,6.0,0,,,
2024,Emilia_Romagna_Grand_Prix,R,ALO,2.0,Aston Martin,False,HARD,Emilia_Romagna_Grand_Prix,31,33.0,0,,0.04996545971516144,0.5396487066836784
2024,Emilia_Romagna_Grand_Prix,R,ALO,3.0,Aston Martin,False,MEDIUM,Emilia_Romagna_Grand_Prix,16,16.0,1,16.0,2.0467980990920394,0.5129066901589182
2024,Emilia_Romagna_Grand_Prix,R,BOT,1.0,Kick Sauber,False,MEDIUM,Emilia_Romagna_Grand_Prix,5,7.0,0,,,
2024,Emilia_Romagna_Grand_Prix,R,BOT,2.0,Kick Sauber,False,HARD,Emilia_Romagna_Grand_Prix,52,50.0,1,50.0,25.690860280816366,0.2818334226576499
2024,Emilia_Romagna_Grand_Prix,R,GAS,1.0,Alpine,False,SOFT,Emilia_Romagna_Grand_Prix,5,7.0,0,,,
2024,Emilia_Romagna_Grand_Prix,R,GAS,2.0,Alpine,False,HARD,Emilia_Romagna_Grand_Prix,20,21.0,0,,0.8864477076561182,0.3682010468290048
2024,Emilia_Romagna_Grand_Prix,R,GAS,3.0,Alpine,False,MEDIUM,Emilia_Romagna_Grand_Prix,29,31.0,0,,1.1665173875698924,0.3386966608505955
2024,Emilia_Romagna_Grand_Prix,R,HAM,1.0,Mercedes,False,MEDIUM,Emilia_Romagna_Grand_Prix,24,26.0,0,,33.891969425310066,0.5539159052395936
2024,Emilia_Romagna_Grand_Prix,R,HAM,2.0,Mercedes,False,HARD,Emilia_Romagna_Grand_Prix,32,35.0,0,,0.08742586188242826,0.3467885954137211
2024,Emilia_Romagna_Grand_Prix,R,HUL,1.0,Haas F1 Team,False,MEDIUM,Emilia_Romagna_Grand_Prix,11,12.0,0,,1.2763440860214346,0.29364344832168326
2024,Emilia_Romagna_Grand_Prix,R,HUL,2.0,Haas F1 Team,False,HARD,Emilia_Romagna_Grand_Prix,47,48.0,0,,0.21487341841119156,0.16478635644220882
2024,Emilia_Romagna_Grand_Prix,R,LEC,1.0,Ferrari,False,MEDIUM,Emilia_Romagna_Grand_Prix,23,24.0,0,,-0.0666919383371001,0.2882945558943339
2024,Emilia_Romagna_Grand_Prix,R,LEC,2.0,Ferrari,False,HARD,Emilia_Romagna_Grand_Prix,35,37.0,0,,1.6826404006113593,0.2356941307327026
2024,Emilia_Romagna_Grand_Prix,R,MAG,1.0,Haas F1 Team,False,MEDIUM,Emilia_Romagna_Grand_Prix,34,36.0,0,,0.4959041731066223,0.34501199130520577
2024,Emilia_Romagna_Grand_Prix,R,MAG,2.0,Haas F1 Team,False,HARD,Emilia_Romagna_Grand_Prix,20,24.0,0,,0.13312062221472057,0.2046088840315263
2024,Emilia_Romagna_Grand_Prix,R,NOR,1.0,McLaren,False,MEDIUM,Emilia_Romagna_Grand_Prix,20,21.0,0,,0.7715372907153548,0.30941227299713914
2024,Emilia_Romagna_Grand_Prix,R,NOR,2.0,McLaren,False,HARD,Emilia_Romagna_Grand_Prix,38,41.0,0,,inf,0.2983238664021792
2024,Emilia_Romagna_Grand_Prix,R,OCO,1.0,Alpine,False,MEDIUM,Emilia_Romagna_Grand_Prix,22,24.0,0,,0.2439700920635488,0.3595712217960231
2024,Emilia_Romagna_Grand_Prix,R,OCO,2.0,Alpine,False,HARD,Emilia_Romagna_Grand_Prix,31,36.0,0,,-60.83487329615144,0.44484023245109333
2024,Emilia_Romagna_Grand_Prix,R,PER,1.0,Red Bull Racing,True,HARD,Emilia_Romagna_Grand_Prix,33,36.0,0,,inf,0.22676614371657758
2024,Emilia_Romagna_Grand_Prix,R,PER,2.0,Red Bull Racing,True,MEDIUM,Emilia_Romagna_Grand_Prix,22,25.0,0,,0.3266069385927952,0.12408065635241015
2024,Emilia_Romagna_Grand_Prix,R,PIA,1.0,McLaren,False,MEDIUM,Emilia_Romagna_Grand_Prix,20,22.0,0,,0.2963387821432201,0.23111869877676564
2024,Emilia_Romagna_Grand_Prix,R,PIA,2.0,McLaren,False,HARD,Emilia_Romagna_Grand_Prix,38,40.0,0,,0.26582806901485334,0.5939792560088837
2024,Emilia_Romagna_Grand_Prix,R,RIC,1.0,RB,False,MEDIUM,Emilia_Romagna_Grand_Prix,8,10.0,0,,0.2953125000001006,0.644910762804024
2024,Emilia_Romagna_Grand_Prix,R,RIC,2.0,RB,False,HARD,Emilia_Romagna_Grand_Prix,49,50.0,0,,0.1768953186673158,0.24263789642561956
2024,Emilia_Romagna_Grand_Prix,R,RUS,1.0,Mercedes,False,MEDIUM,Emilia_Romagna_Grand_Prix,19,20.0,0,,3.228021978019991,0.3282730338453421
2024,Emilia_Romagna_Grand_Prix,R,RUS,2.0,Mercedes,False,HARD,Emilia_Romagna_Grand_Prix,29,30.0,0,,0.13738361447661723,0.49203637634959724
2024,Emilia_Romagna_Grand_Prix,R,RUS,3.0,Mercedes,False,MEDIUM,Emilia_Romagna_Grand_Prix,7,11.0,0,,1.091647956892605,0.36168804722551706
2024,Emilia_Romagna_Grand_Prix,R,SAI,1.0,Ferrari,False,MEDIUM,Emilia_Romagna_Grand_Prix,25,26.0,0,,-1.6512878044220525,0.630743206416962
2024,Emilia_Romagna_Grand_Prix,R,SAI,2.0,Ferrari,False,HARD,Emilia_Romagna_Grand_Prix,33,35.0,0,,inf,0.34065788055572815
2024,Emilia_Romagna_Grand_Prix,R,SAR,1.0,Williams,False,HARD,Emilia_Romagna_Grand_Prix,28,30.0,0,,-17.336543552251445,0.3479955357810943
2024,Emilia_Romagna_Grand_Prix,R,SAR,2.0,Williams,False,MEDIUM,Emilia_Romagna_Grand_Prix,26,30.0,0,,4.338189120895993,0.5163019053610536
2024,Emilia_Romagna_Grand_Prix,R,STR,1.0,Aston Martin,False,MEDIUM,Emilia_Romagna_Grand_Prix,34,37.0,0,,-11.051257485028891,0.3989994752145221
2024,Emilia_Romagna_Grand_Prix,R,STR,2.0,Aston Martin,False,HARD,Emilia_Romagna_Grand_Prix,23,23.0,1,23.0,inf,0.4825708923926771
2024,Emilia_Romagna_Grand_Prix,R,TSU,1.0,RB,False,MEDIUM,Emilia_Romagna_Grand_Prix,9,11.0,0,,0.6126126126125977,0.8058709733778346
2024,Emilia_Romagna_Grand_Prix,R,TSU,2.0,RB,False,HARD,Emilia_Romagna_Grand_Prix,46,49.0,0,,-144.2096778795771,0.18708245213781446
2024,Emilia_Romagna_Grand_Prix,R,VER,1.0,Red Bull Racing,True,MEDIUM,Emilia_Romagna_Grand_Prix,22,10.0,1,10.0,inf,0.3558676415407044
2024,Emilia_Romagna_Grand_Prix,R,VER,2.0,Red Bull Racing,True,HARD,Emilia_Romagna_Grand_Prix,37,38.0,0,,7.02442675979057,0.2252134567307308
2024,Emilia_Romagna_Grand_Prix,R,ZHO,1.0,Kick Sauber,False,HARD,Emilia_Romagna_Grand_Prix,30,32.0,0,,9.226960721091665,0.3352747538729435
2024,Emilia_Romagna_Grand_Prix,R,ZHO,2.0,Kick Sauber,False,MEDIUM,Emilia_Romagna_Grand_Prix,25,28.0,0,,-5.295716245381871,0.3712616316100064
2024,Hungarian_Grand_Prix,R,ALB,2.0,Williams,False,HARD,Hungarian_Grand_Prix,21,22.0,0,,0.7531751230244931,0.49625408363710294
2024,Hungarian_Grand_Prix,R,ALB,3.0,Williams,False,HARD,Hungarian_Grand_Prix,38,39.0,0,,-33.87645131532818,0.5412671226433042
2024,Hungarian_Grand_Prix,R,ALO,1.0,Aston Martin,False,SOFT,Hungarian_Grand_Prix,5,8.0,0,,,
2024,Hungarian_Grand_Prix,R,ALO,2.0,Aston Martin,False,MEDIUM,Hungarian_Grand_Prix,26,30.0,0,,2.6496200517877013,0.626083351222465
2024,Hungarian_Grand_Prix,R,ALO,3.0,Aston Martin,False,HARD,Hungarian_Grand_Prix,31,33.0,0,,inf,0.5229675681885487
2024,Hungarian_Grand_Prix,R,BOT,1.0,Kick Sauber,False,MEDIUM,Hungarian_Grand_Prix,11,16.0,0,,inf,0.7629755973136779
2024,Hungarian_Grand_Prix,R,BOT,2.0,Kick Sauber,False,HARD,Hungarian_Grand_Prix,22,28.0,0,,37.04987875396506,0.6701953868475632
2024,Hungarian_Grand_Prix,R,BOT,3.0,Kick Sauber,False,HARD,Hungarian_Grand_Prix,17,23.0,0,,5.433972467376729,0.42797361629792435
2024,Hungarian_Grand_Prix,R,GAS,1.0,Alpine,False,HARD,Hungarian_Grand_Prix,22,11.0,1,11.0,inf,0.2550528917577052
2024,Hungarian_Grand_Prix,R,HAM,1.0,Mercedes,False,MEDIUM,Hungarian_Grand_Prix,13,15.0,0,,inf,0.7351666140942639
2024,Hungarian_Grand_Prix,R,HAM,2.0,Mercedes,False,HARD,Hungarian_Grand_Prix,22,17.0,1,17.0,10.162784170639396,0.6837635023072937
2024,Hungarian_Grand_Prix,R,HAM,3.0,Mercedes,False,HARD,Hungarian_Grand_Prix,26,29.0,0,,inf,0.3444823231588285
2024,Hungarian_Grand_Prix,R,HUL,2.0,Haas F1 Team,False,HARD,Hungarian_Grand_Prix,22,26.0,0,,1.622305884523279,0.5099105290197778
2024,Hungarian_Grand_Prix,R,HUL,3.0,Haas F1 Team,False,HARD,Hungarian_Grand_Prix,37,39.0,0,,-54.825257778342284,0.5811001218528008
2024,Hungarian_Grand_Prix,R,LEC,1.0,Ferrari,False,MEDIUM,Hungarian_Grand_Prix,20,8.0,1,8.0,inf,0.47143172011120077
2024,Hungarian_Grand_Prix,R,LEC,2.0,Ferrari,False,HARD,Hungarian_Grand_Prix,13,16.0,0,,inf,0.6264081489620986
2024,Hungarian_Grand_Prix,R,LEC,3.0,Ferrari,False,MEDIUM,Hungarian_Grand_Prix,28,29.0,0,,inf,0.17950343678123298
2024,Hungarian_Grand_Prix,R,MAG,2.0,Haas F1 Team,False,HARD,Hungarian_Grand_Prix,26,27.0,0,,0.10611910560877205,0.45018064026241783
2024,Hungarian_Grand_Prix,R,MAG,3.0,Haas F1 Team,False,HARD,Hungarian_Grand_Prix,32,34.0,0,,-10.523709835761588,0.5852718744052686
2024,Hungarian_Grand_Prix,R,NOR,1.0,McLaren,False,MEDIUM,Hungarian_Grand_Prix,13,16.0,0,,0.2665128353042602,0.6425107987327328
2024,Hungarian_Grand_Prix,R,NOR,2.0,McLaren,False,HARD,Hungarian_Grand_Prix,25,17.0,1,17.0,inf,0.6886246426111035
2024,Hungarian_Grand_Prix,R,NOR,3.0,McLaren,False,MEDIUM,Hungarian_Grand_Prix,22,22.0,1,22.0,8.643596059113184,0.380834109704531
2024,Hungarian_Grand_Prix,R,OCO,2.0,Alpine,False,HARD,Hungarian_Grand_Prix,22,23.0,0,,0.2823234865203267,0.8112916483351964
2024,Hungarian_Grand_Prix,R,OCO,3.0,Alpine,False,HARD,Hungarian_Grand_Prix,29,33.0,0,,-20.374673376741786,0.46086000831031526
2024,Hungarian_Grand_Prix,R,PER,1.0,Red Bull Racing,True,HARD,Hungarian_Grand_Prix,21,27.0,0,,-30.039943100990193,0.3175676893893353
2024,Hungarian_Grand_Prix,R,PER,2.0,Red Bull Racing,True,MEDIUM,Hungarian_Grand_Prix,14,18.0,0,,1.8215853749907696,0.5330553484091376
2024,Hungarian_Grand_Prix,R,PER,3.0,Red Bull Racing,True,MEDIUM,Hungarian_Grand_Prix,21,22.0,0,,-0.789657295300611,0.4457001383859865
2024,Hungarian_Grand_Prix,R,PIA,1.0,McLaren,False,MEDIUM,Hungarian_Grand_Prix,16,17.0,0,,inf,0.4622120704969724
2024,Hungarian_Grand_Prix,R,PIA,2.0,McLaren,False,HARD,Hungarian_Grand_Prix,26,29.0,0,,inf,0.7175723071744499
2024,Hungarian_Grand_Prix,R,PIA,3.0,McLaren,False,MEDIUM,Hungarian_Grand_Prix,21,23.0,0,,-1.9479488310542596,0.2548905105559941
2024,Hungarian_Grand_Prix,R,RIC,1.0,RB,False,MEDIUM,Hungarian_Grand_Prix,3,6.0,0,,,
2024,Hungarian_Grand_Prix,R,RIC,2.0,RB,False,HARD,Hungarian_Grand_Prix,19,20.0,0,,-0.18352579878420394,0.526557901922354
2024,Hungarian_Grand_Prix,R,RIC,3.0,RB,False,HARD,Hungarian_Grand_Prix,36,40.0,0,,-50.585359949549854,0.5924366049729063
2024,Hungarian_Grand_Prix,R,RUS,1.0,Mercedes,False,HARD,Hungarian_Grand_Prix,27,32.0,0,,inf,0.4483052502497634
2024,Hungarian_Grand_Prix,R,RUS,2.0,Mercedes,False,MEDIUM,Hungarian_Grand_Prix,18,19.0,0,,inf,0.35888777385789167
2024,Hungarian_Grand_Prix,R,RUS,3.0,Mercedes,False,HARD,Hungarian_Grand_Prix,8,16.0,0,,0.6014629156009929,0.3382988360462672
2024,Hungarian_Grand_Prix,R,SAI,1.0,Ferrari,False,MEDIUM,Hungarian_Grand_Prix,17,20.0,0,,inf,0.612922492562436
2024,Hungarian_Grand_Prix,R,SAI,2.0,Ferrari,False,HARD,Hungarian_Grand_Prix,21,25.0,0,,inf,0.5809572642240834
2024,Hungarian_Grand_Prix,R,SAI,3.0,Ferrari,False,MEDIUM,Hungarian_Grand_Prix,20,22.0,0,,-0.762247492922577,0.3050727577764697
2024,Hungarian_Grand_Prix,R,SAR,1.0,Williams,False,MEDIUM,Hungarian_Grand_Prix,2,7.0,0,,,
2024,Hungarian_Grand_Prix,R,SAR,2.0,Williams,False,HARD,Hungarian_Grand_Prix,23,24.0,0,,-0.006376015922553393,0.7111629604069064
2024,Hungarian_Grand_Prix,R,SAR,3.0,Williams,False,HARD,Hungarian_Grand_Prix,27,29.0,0,,-13.10590337830152,0.4913670028721895
2024,Hungarian_Grand_Prix,R,STR,1.0,Aston Martin,False,SOFT,Hungarian_Grand_Prix,10,16.0,0,,inf,0.8672172135169179
2024,Hungarian_Grand_Prix,R,STR,2.0,Aston Martin,False,MEDIUM,Hungarian_Grand_Prix,28,31.0,0,,0.04991301483129508,0.5535913838148615
2024,Hungarian_Grand_Prix,R,STR,3.0,Aston Martin,False,HARD,Hungarian_Grand_Prix,23,25.0,0,,4.527350009276758,0.323268060795774
2024,Hungarian_Grand_Prix,R,TSU,1.0,RB,False,MEDIUM,Hungarian_Grand_Prix,22,28.0,0,,-1.3517934110413479,0.1533700616493495
2024,Hungarian_Grand_Prix,R,TSU,2.0,RB,False,HARD,Hungarian_Grand_Prix,38,40.0,0,,2.1831826856507393,0.4582878072340937
2024,Hungarian_Grand_Prix,R,VER,1.0,Red Bull Racing,True,MEDIUM,Hungarian_Grand_Prix,18,20.0,0,,-0.650218598362387,0.6152732995103616
2024,Hungarian_Grand_Prix,R,VER,2.0,Red Bull Racing,True,HARD,Hungarian_Grand_Prix,26,27.0,0,,0.940074942310112,0.6641180827275419
2024,Hungarian_Grand_Prix,R,VER,3.0,Red Bull Racing,True,MEDIUM,Hungarian_Grand_Prix,14,20.0,0,,0.49460424181762913,0.5949447009484765
2024,Hungarian_Grand_Prix,R,ZHO,1.0,Kick Sauber,False,MEDIUM,Hungarian_Grand_Prix,4,7.0,0,,,
2024,Hungarian_Grand_Prix,R,ZHO,2.0,Kick Sauber,False,HARD,Hungarian_Grand_Prix,27,24.0,1,24.0,19.3289084241894,0.6909004402160159
2024,Hungarian_Grand_Prix,R,ZHO,3.0,Kick Sauber,False,HARD,Hungarian_Grand_Prix,28,32.0,0,,-8.370633314955528,0.2870782411325099
2024,Italian_Grand_Prix,R,ALB,1.0,Williams,False,MEDIUM,Italian_Grand_Prix,12,16.0,0,,inf,0.8695265459960143
2024,Italian_Grand_Prix,R,ALB,2.0,Williams,False,HARD,Italian_Grand_Prix,29,35.0,0,,inf,0.5532681070133912
2024,Italian_Grand_Prix,R,ALO,1.0,Aston Martin,False,MEDIUM,Italian_Grand_Prix,9,12.0,0,,inf,0.6107744240429719
2024,Italian_Grand_Prix,R,ALO,2.0,Aston Martin,False,HARD,Italian_Grand_Prix,20,23.0,0,,0.2998736604124726,0.6645020044017476
2024,Italian_Grand_Prix,R,ALO,3.0,Aston Martin,False,HARD,Italian_Grand_Prix,15,19.0,0,,inf,0.8802933079625007
2024,Italian_Grand_Prix,R,BOT,1.0,Kick Sauber,False,HARD,Italian_Grand_Prix,28,33.0,0,,5.954985471149733,0.31416858508164974
2024,Italian_Grand_Prix,R,BOT,2.0,Kick Sauber,False,MEDIUM,Italian_Grand_Prix,11,19.0,0,,inf,0.37734047821892325
2024,Italian_Grand_Prix,R,COL,1.0,Williams,False,MEDIUM,Italian_Grand_Prix,12,15.0,0,,0.6525698097936111,0.22368757622594604
2024,Italian_Grand_Prix,R,COL,2.0,Williams,False,HARD,Italian_Grand_Prix,33,36.0,0,,-2.26653319910565,0.4782110825197832
2024,Italian_Grand_Prix,R,GAS,1.0,Alpine,False,MEDIUM,Italian_Grand_Prix,6,9.0,0,,,
2024,Italian_Grand_Prix,R,GAS,2.0,Alpine,False,HARD,Italian_Grand_Prix,18,19.0,0,,0.8459532205228695,0.23425177465872563
2024,Italian_Grand_Prix,R,GAS,3.0,Alpine,False,HARD,Italian_Grand_Prix,17,21.0,0,,-0.7177132460181495,0.7421389040893545
2024,Italian_Grand_Prix,R,HAM,1.0,Mercedes,False,MEDIUM,Italian_Grand_Prix,10,14.0,0,,15.083806818179264,0.6507836425359356
2024,Italian_Grand_Prix,R,HAM,2.0,Mercedes,False,HARD,Italian_Grand_Prix,15,21.0,0,,inf,0.7734835162533292
2024,Italian_Grand_Prix,R,HAM,3.0,Mercedes,False,HARD,Italian_Grand_Prix,10,14.0,0,,inf,0.34458096575791664
2024,Italian_Grand_Prix,R,HUL,2.0,Haas F1 Team,False,HARD,Italian_Grand_Prix,24,26.0,0,,inf,0.36472565671273904
2024,Italian_Grand_Prix,R,HUL,3.0,Haas F1 Team,False,HARD,Italian_Grand_Prix,16,19.0,0,,inf,0.24874853824320678
2024,Italian_Grand_Prix,R,LEC,1.0,Ferrari,False,MEDIUM,Italian_Grand_Prix,11,14.0,0,,inf,0.9063093192925318
2024,Italian_Grand_Prix,R,LEC,2.0,Ferrari,False,HARD,Italian_Grand_Prix,33,37.0,0,,inf,0.39801504029714957
2024,Italian_Grand_Prix,R,MAG,1.0,Haas F1 Team,False,MEDIUM,Italian_Grand_Prix,10,13.0,0,,inf,0.8147383645091559
2024,Italian_Grand_Prix,R,MAG,2.0,Haas F1 Team,False,HARD,Italian_Grand_Prix,29,38.0,0,,inf,0.40802717838581615
2024,Italian_Grand_Prix,R,NOR,1.0,McLaren,False,MEDIUM,Italian_Grand_Prix,10,13.0,0,,inf,0.7090499992435709
2024,Italian_Grand_Prix,R,NOR,2.0,McLaren,False,HARD,Italian_Grand_Prix,12,17.0,0,,inf,0.8453847477368699
2024,Italian_Grand_Prix,R,NOR,3.0,McLaren,False,HARD,Italian_Grand_Prix,13,20.0,0,,inf,0.265065212986355
2024,Italian_Grand_Prix,R,OCO,1.0,Alpine,False,HARD,Italian_Grand_Prix,25,30.0,0,,-5.529773090924485,0.3959807437763176
2024,Italian_Grand_Prix,R,OCO,2.0,Alpine,False,MEDIUM,Italian_Grand_Prix,19,20.0,0,,1.2670842236743318,0.3663469238102964
2024,Italian_Grand_Prix,R,PER,1.0,Red Bull Racing,True,HARD,Italian_Grand_Prix,18,13.0,1,13.0,inf,0.7648236499897255
2024,Italian_Grand_Prix,R,PER,2.0,Red Bull Racing,True,HARD,Italian_Grand_Prix,8,11.0,0,,inf,0.2871802897791593
2024,Italian_Grand_Prix,R,PER,3.0,Red Bull Racing,True,MEDIUM,Italian_Grand_Prix,15,17.0,0,,1.2808223394390625,0.5719467140281855
2024,Italian_Grand_Prix,R,PIA,1.0,McLaren,False,MEDIUM,Italian_Grand_Prix,12,15.0,0,,inf,0.9022937234245174
2024,Italian_Grand_Prix,R,PIA,2.0,McLaren,False,HARD,Italian_Grand_Prix,16,21.0,0,,inf,0.774204737171055
2024,Italian_Grand_Prix,R,PIA,3.0,McLaren,False,HARD,Italian_Grand_Prix,12,14.0,0,,-6.013374635568758,0.6977371395031025
2024,Italian_Grand_Prix,R,RIC,1.0,RB,False,MEDIUM,Italian_Grand_Prix,7,10.0,0,,inf,0.8475380779801024
2024,Italian_Grand_Prix,R,RIC,2.0,RB,False,HARD,Italian_Grand_Prix,36,42.0,0,,-10.28152034294457,0.3203689375288343
2024,Italian_Grand_Prix,R,RUS,1.0,Mercedes,False,MEDIUM,Italian_Grand_Prix,7,10.0,0,,inf,0.8904694234064023
2024,Italian_Grand_Prix,R,RUS,2.0,Mercedes,False,HARD,Italian_Grand_Prix,12,21.0,0,,1.027051973871039,0.40933686948550635
2024,Italian_Grand_Prix,R,RUS,3.0,Mercedes,False,HARD,Italian_Grand_Prix,13,19.0,0,,inf,0.6253529773156137
2024,Italian_Grand_Prix,R,SAI,1.0,Ferrari,False,MEDIUM,Italian_Grand_Prix,15,11.0,1,11.0,inf,0.6248658792422457
2024,Italian_Grand_Prix,R,SAI,2.0,Ferrari,False,HARD,Italian_Grand_Prix,29,33.0,0,,-18.391547914088562,0.49374152420423983
2024,Italian_Grand_Prix,R,STR,1.0,Aston Martin,False,HARD,Italian_Grand_Prix,14,16.0,1,16.0,inf,0.5440823141169979
2024,Italian_Grand_Prix,R,STR,2.0,Aston Martin,False,HARD,Italian_Grand_Prix,15,18.0,0,,inf,0.5445280137305835
2024,Italian_Grand_Prix,R,STR,3.0,Aston Martin,False,MEDIUM,Italian_Grand_Prix,10,14.0,0,,29.71475409837381,0.5383999016149849
2024,Italian_Grand_Prix,R,TSU,1.0,RB,False,HARD,Italian_Grand_Prix,2,5.0,0,,,
2024,Italian_Grand_Prix,R,VER,1.0,Red Bull Racing,True,HARD,Italian_Grand_Prix,18,14.0,1,14.0,inf,0.605855256777828
2024,Italian_Grand_Prix,R,VER,2.0,Red Bull Racing,True,HARD,Italian_Grand_Prix,17,18.0,0,,inf,0.5337689082146242
2024,Italian_Grand_Prix,R,VER,3.0,Red Bull Racing,True,MEDIUM,Italian_Grand_Prix,7,11.0,0,,0.5755876288659513,0.6320053020218223
2024,Italian_Grand_Prix,R,ZHO,1.0,Kick Sauber,False,MEDIUM,Italian_Grand_Prix,10,15.0,0,,4.908520710058968,0.5711110538884401
2024,Italian_Grand_Prix,R,ZHO,2.0,Kick Sauber,False,HARD,Italian_Grand_Prix,35,37.0,0,,-8.702589833889983,0.3262307821911902
2024,Japanese_Grand_Prix,R,ALO,2.0,Aston Martin,False,SOFT,Japanese_Grand_Prix,9,12.0,0,,-0.09601786378860643,0.8759835766804347
2024,Japanese_Grand_Prix,R,ALO,3.0,Aston Martin,False,MEDIUM,Japanese_Grand_Prix,17,19.0,0,,inf,0.631159167513371
2024,Japanese_Grand_Prix,R,ALO,4.0,Aston Martin,False,HARD,Japanese_Grand_Prix,18,19.0,0,,0.03457720143130519,0.32975076906178236
2024,Japanese_Grand_Prix,R,BOT,3.0,Kick Sauber,False,HARD,Japanese_Grand_Prix,11,15.0,0,,0.5811564355310473,0.47608159878477513
2024,Japanese_Grand_Prix,R,BOT,4.0,Kick Sauber,False,HARD,Japanese_Grand_Prix,27,29.0,0,,0.016166845185744537,0.30997106166078064
2024,Japanese_Grand_Prix,R,GAS,2.0,Alpine,False,HARD,Japanese_Grand_Prix,12,14.0,0,,0.5865455138130505,0.26363665217292864
2024,Japanese_Grand_Prix,R,GAS,3.0,Alpine,False,MEDIUM,Japanese_Grand_Prix,14,15.0,0,,inf,0.34269611749980816
2024,Japanese_Grand_Prix,R,GAS,4.0,Alpine,False,HARD,Japanese_Grand_Prix,14,16.0,1,16.0,inf,0.3109814612702551
2024,Japanese_Grand_Prix,R,HAM,2.0,Mercedes,False,HARD,Japanese_Grand_Prix,19,21.0,0,,-0.3125733822671913,0.27350503248649366
2024,Japanese_Grand_Prix,R,HAM,3.0,Mercedes,False,HARD,Japanese_Grand_Prix,14,15.0,0,,0.17232451093211434,0.458071793558698
2024,Japanese_Grand_Prix,R,HAM,4.0,Mercedes,False,MEDIUM,Japanese_Grand_Prix,12,14.0,0,,1.0603460603460277,0.2164490767008533
2024,Japanese_Grand_Prix,R,HUL,3.0,Haas F1 Team,False,HARD,Japanese_Grand_Prix,24,27.0,0,,0.1591074475098064,0.5068175031852553
2024,Japanese_Grand_Prix,R,HUL,4.0,Haas F1 Team,False,HARD,Japanese_Grand_Prix,17,18.0,0,,-4.902312630520805,0.6321264165294307
2024,Japanese_Grand_Prix,R,LEC,2.0,Ferrari,False,MEDIUM,Japanese_Grand_Prix,22,24.0,0,,-0.01447828257611322,0.5323207503749963
2024,Japanese_Grand_Prix,R,LEC,3.0,Ferrari,False,HARD,Japanese_Grand_Prix,23,26.0,0,,inf,0.3809463464658833
2024,Japanese_Grand_Prix,R,MAG,2.0,Haas F1 Team,False,MEDIUM,Japanese_Grand_Prix,18,20.0,0,,-0.9321221626800834,0.20206283613438916
2024,Japanese_Grand_Prix,R,MAG,3.0,Haas F1 Team,False,HARD,Japanese_Grand_Prix,28,29.0,0,,0.09191740935150844,0.5307612396081464
2024,Japanese_Grand_Prix,R,NOR,2.0,McLaren,False,MEDIUM,Japanese_Grand_Prix,7,10.0,0,,0.2649474689589181,0.5503006389159258
2024,Japanese_Grand_Prix,R,NOR,3.0,McLaren,False,HARD,Japanese_Grand_Prix,10,14.0,0,,-3.844725075528611,0.8599959893688951
2024,Japanese_Grand_Prix,R,NOR,4.0,McLaren,False,HARD,Japanese_Grand_Prix,24,26.0,0,,-0.41837612066516683,0.2338811983491576
2024,Japanese_Grand_Prix,R,OCO,2.0,Alpine,False,HARD,Japanese_Grand_Prix,15,17.0,0,,-0.9559797428906294,0.4433623206324583
2024,Japanese_Grand_Prix,R,OCO,3.0,Alpine,False,HARD,Japanese_Grand_Prix,11,13.0,0,,-0.12961941533370702,0.872352763456281
2024,Japanese_Grand_Prix,R,OCO,4.0,Alpine,False,MEDIUM,Japanese_Grand_Prix,14,18.0,0,,inf,0.5721182616066252
2024,Japanese_Grand_Prix,R,PER,2.0,Red Bull Racing,True,MEDIUM,Japanese_Grand_Prix,11,14.0,0,,0.30076530612244984,0.4132429524538314
2024,Japanese_Grand_Prix,R,PER,3.0,Red Bull Racing,True,MEDIUM,Japanese_Grand_Prix,14,17.0,0,,0.3663024321466489,0.6638442464323112
2024,Japanese_Grand_Prix,R,PER,4.0,Red Bull Racing,True,HARD,Japanese_Grand_Prix,18,19.0,0,,0.011734777400422338,0.6007437687598092
2024,Japanese_Grand_Prix,R,PIA,2.0,McLaren,False,MEDIUM,Japanese_Grand_Prix,8,11.0,0,,1.9032429558746298,0.5826816665558782
2024,Japanese_Grand_Prix,R,PIA,3.0,McLaren,False,HARD,Japanese_Grand_Prix,17,19.0,0,,-502.3030303129818,0.3936781435203635
2024,Japanese_Grand_Prix,R,PIA,4.0,McLaren,False,HARD,Japanese_Grand_Prix,19,20.0,0,,0.16941264827965552,0.4521339603178461
2024,Japanese_Grand_Prix,R,RUS,2.0,Mercedes,False,HARD,Japanese_Grand_Prix,17,20.0,0,,-2.2523640061006702,0.15709128134464162
2024,Japanese_Grand_Prix,R,RUS,3.0,Mercedes,False,HARD,Japanese_Grand_Prix,11,14.0,0,,-0.08782139053704856,0.857991286824817
2024,Japanese_Grand_Prix,R,RUS,4.0,Mercedes,False,MEDIUM,Japanese_Grand_Prix,14,16.0,0,,-1.9333686704914987,0.4043429331908689
2024,Japanese_Grand_Prix,R,SAI,2.0,Ferrari,False,MEDIUM,Japanese_Grand_Prix,11,13.0,0,,0.7226795096322787,0.2950580702105314
2024,Japanese_Grand_Prix,R,SAI,3.0,Ferrari,False,MEDIUM,Japanese_Grand_Prix,19,21.0,0,,0.06079907006841553,0.7121151177610697
2024,Japanese_Grand_Prix,R,SAI,4.0,Ferrari,False,HARD,Japanese_Grand_Prix,15,16.0,0,,0.1723684210526322,0.3804254448305151
2024,Japanese_Grand_Prix,R,SAR,2.0,Williams,False,HARD,Japanese_Grand_Prix,17,20.0,0,,-0.11118499302284882,0.47145362642317873
2024,Japanese_Grand_Prix,R,SAR,3.0,Williams,False,HARD,Japanese_Grand_Prix,7,11.0,0,,0.40973370064274905,0.7458446583397244
2024,Japanese_Grand_Prix,R,SAR,4.0,Williams,False,MEDIUM,Japanese_Grand_Prix,5,6.0,0,,,
2024,Japanese_Grand_Prix,R,SAR,5.0,Williams,False,SOFT,Japanese_Grand_Prix,9,10.0,0,,-0.8464893153074249,0.9200899872414445
2024,Japanese_Grand_Prix,R,STR,2.0,Aston Martin,False,SOFT,Japanese_Grand_Prix,7,10.0,0,,inf,0.862522166478295
2024,Japanese_Grand_Prix,R,STR,3.0,Aston Martin,False,MEDIUM,Japanese_Grand_Prix,7,6.0,1,6.0,5.393333333335038,0.5178734125638722
2024,Japanese_Grand_Prix,R,STR,4.0,Aston Martin,False,HARD,Japanese_Grand_Prix,10,8.0,1,8.0,5.519995629370332,0.7575894055583662
2024,Japanese_Grand_Prix,R,STR,5.0,Aston Martin,False,SOFT,Japanese_Grand_Prix,16,17.0,0,,-11.347243243244394,0.5093331585505056
2024,Japanese_Grand_Prix,R,TSU,3.0,RB,False,HARD,Japanese_Grand_Prix,9,14.0,0,,0.29978854625555224,0.4121074695875269
2024,Japanese_Grand_Prix,R,TSU,4.0,RB,False,HARD,Japanese_Grand_Prix,28,29.0,0,,-0.312314643329744,0.7718327332699451
2024,Japanese_Grand_Prix,R,VER,2.0,Red Bull Racing,True,MEDIUM,Japanese_Grand_Prix,12,15.0,0,,0.2518911581415845,0.6406568593249743
2024,Japanese_Grand_Prix,R,VER,3.0,Red Bull Racing,True,MEDIUM,Japanese_Grand_Prix,15,17.0,0,,inf,0.5268227913449699
2024,Japanese_Grand_Prix,R,VER,4.0,Red Bull Racing,True,HARD,Japanese_Grand_Prix,14,18.0,0,,1.2450154692335154,0.2934292854485665
2024,Las_Vegas_Grand_Prix,R,ALB,1.0,Williams,False,MEDIUM,Las_Vegas_Grand_Prix,4,8.0,0,,,
2024,Las_Vegas_Grand_Prix,R,ALB,2.0,Williams,False,HARD,Las_Vegas_Grand_Prix,12,15.0,0,,0.6389080423744613,0.6857381250345871
2024,Las_Vegas_Grand_Prix,R,ALO,2.0,Aston Martin,False,HARD,Las_Vegas_Grand_Prix,17,20.0,0,,inf,0.46290148367815365
2024,Las_Vegas_Grand_Prix,R,ALO,3.0,Aston Martin,False,HARD,Las_Vegas_Grand_Prix,21,26.0,0,,2.9074561801833725,0.386795755960655
2024,Las_Vegas_Grand_Prix,R,BOT,1.0,Kick Sauber,False,HARD,Las_Vegas_Grand_Prix,13,11.0,1,11.0,inf,0.7507162834105098
2024,Las_Vegas_Grand_Prix,R,BOT,2.0,Kick Sauber,False,MEDIUM,Las_Vegas_Grand_Prix,15,13.0,1,13.0,inf,0.7766548071776853
2024,Las_Vegas_Grand_Prix,R,BOT,3.0,Kick Sauber,False,HARD,Las_Vegas_Grand_Prix,10,13.0,0,,0.4646147097528724,0.6292045289160839
2024,Las_Vegas_Grand_Prix,R,COL,1.0,Williams,False,HARD,Las_Vegas_Grand_Prix,12,11.0,1,11.0,inf,0.7019325772293076
2024,Las_Vegas_Grand_Prix,R,COL,2.0,Williams,False,MEDIUM,Las_Vegas_Grand_Prix,7,9.0,0,,inf,0.97481113762928
2024,Las_Vegas_Grand_Prix,R,COL,3.0,Williams,False,HARD,Las_Vegas_Grand_Prix,20,23.0,0,,inf,0.48197427499822143
2024,Las_Vegas_Grand_Prix,R,GAS,1.0,Alpine,False,MEDIUM,Las_Vegas_Grand_Prix,8,6.0,1,6.0,inf,0.8525568990543481
2024,Las_Vegas_Grand_Prix,R,HAM,1.0,Mercedes,False,MEDIUM,Las_Vegas_Grand_Prix,10,12.0,0,,-20.77488986784298,0.6247218641506102
2024,Las_Vegas_Grand_Prix,R,HAM,2.0,Mercedes,False,HARD,Las_Vegas_Grand_Prix,11,14.0,0,,0.35170275269278517,0.259453557419249
2024,Las_Vegas_Grand_Prix,R,HAM,3.0,Mercedes,False,HARD,Las_Vegas_Grand_Prix,20,19.0,1,19.0,inf,0.8201359229883255
2024,Las_Vegas_Grand_Prix,R,HUL,1.0,Haas F1 Team,False,MEDIUM,Las_Vegas_Grand_Prix,11,13.0,0,,0.3235514485514501,0.4864942604094201
2024,Las_Vegas_Grand_Prix,R,HUL,2.0,Haas F1 Team,False,HARD,Las_Vegas_Grand_Prix,16,18.0,0,,inf,0.4398183984280542
2024,Las_Vegas_Grand_Prix,R,HUL,3.0,Haas F1 Team,False,HARD,Las_Vegas_Grand_Prix,13,16.0,0,,-0.7264131760878265,0.622859154319825
2024,Las_Vegas_Grand_Prix,R,LAW,1.0,RB,False,MEDIUM,Las_Vegas_Grand_Prix,8,7.0,1,7.0,inf,0.6065085582388167
2024,Las_Vegas_Grand_Prix,R,LAW,2.0,RB,False,HARD,Las_Vegas_Grand_Prix,24,27.0,0,,2.99804706382826,0.2700174315408207
2024,Las_Vegas_Grand_Prix,R,LAW,3.0,RB,False,HARD,Las_Vegas_Grand_Prix,9,12.0,0,,inf,0.7121993978285156
2024,Las_Vegas_Grand_Prix,R,LEC,1.0,Ferrari,False,MEDIUM,Las_Vegas_Grand_Prix,5,7.0,0,,,
2024,Las_Vegas_Grand_Prix,R,LEC,2.0,Ferrari,False,HARD,Las_Vegas_Grand_Prix,16,21.0,0,,inf,0.5973231083832521
2024,Las_Vegas_Grand_Prix,R,LEC,3.0,Ferrari,False,HARD,Las_Vegas_Grand_Prix,15,18.0,0,,inf,0.43630052124659163
2024,Las_Vegas_Grand_Prix,R,MAG,1.0,Haas F1 Team,False,MEDIUM,Las_Vegas_Grand_Prix,13,7.0,1,7.0,inf,0.4408388588392473
2024,Las_Vegas_Grand_Prix,R,MAG,2.0,Haas F1 Team,False,HARD,Las_Vegas_Grand_Prix,26,32.0,0,,inf,0.5830523750894039
2024,Las_Vegas_Grand_Prix,R,NOR,1.0,McLaren,False,MEDIUM,Las_Vegas_Grand_Prix,6,8.0,0,,,
2024,Las_Vegas_Grand_Prix,R,NOR,2.0,McLaren,False,HARD,Las_Vegas_Grand_Prix,16,20.0,0,,0.3244331524767154,0.5424334422160463
2024,Las_Vegas_Grand_Prix,R,NOR,3.0,McLaren,False,HARD,Las_Vegas_Grand_Prix,12,17.0,0,,inf,0.7376711721285737
2024,Las_Vegas_Grand_Prix,R,OCO,1.0,Alpine,False,MEDIUM,Las_Vegas_Grand_Prix,8,6.0,1,6.0,inf,0.9153350927144672
2024,Las_Vegas_Grand_Prix,R,OCO,3.0,Alpine,False,HARD,Las_Vegas_Grand_Prix,30,32.0,0,,inf,0.4163618188882971
2024,Las_Vegas_Grand_Prix,R,PER,1.0,Red Bull Racing,True,HARD,Las_Vegas_Grand_Prix,12,11.0,1,11.0,8.627252252251685,0.28998349399228324
2024,Las_Vegas_Grand_Prix,R,PER,2.0,Red Bull Racing,True,MEDIUM,Las_Vegas_Grand_Prix,12,14.0,0,,315.9533742327504,0.65143882261426
2024,Las_Vegas_Grand_Prix,R,PER,3.0,Red Bull Racing,True,HARD,Las_Vegas_Grand_Prix,14,17.0,0,,0.20384857322581668,0.5529864897210005
2024,Las_Vegas_Grand_Prix,R,PIA,1.0,McLaren,False,MEDIUM,Las_Vegas_Grand_Prix,7,6.0,1,6.0,inf,0.8257283410500157
2024,Las_Vegas_Grand_Prix,R,PIA,2.0,McLaren,False,HARD,Las_Vegas_Grand_Prix,13,14.0,0,,0.5497750281214359,0.7347882708040062
2024,Las_Vegas_Grand_Prix,R,PIA,3.0,McLaren,False,HARD,Las_Vegas_Grand_Prix,21,24.0,0,,-0.009896340221351791,0.5407700482478496
2024,Las_Vegas_Grand_Prix,R,RUS,1.0,Mercedes,False,MEDIUM,Las_Vegas_Grand_Prix,10,12.0,0,,inf,0.892903144191698
2024,Las_Vegas_Grand_Prix,R,RUS,2.0,Mercedes,False,HARD,Las_Vegas_Grand_Prix,18,20.0,0,,inf,0.5780420322675529
2024,Las_Vegas_Grand_Prix,R,RUS,3.0,Mercedes,False,HARD,Las_Vegas_Grand_Prix,14,18.0,0,,inf,0.8640453896305363
2024,Las_Vegas_Grand_Prix,R,SAI,1.0,Ferrari,False,MEDIUM,Las_Vegas_Grand_Prix,7,6.0,1,6.0,inf,0.892620327782326
2024,Las_Vegas_Grand_Prix,R,SAI,2.0,Ferrari,False,HARD,Las_Vegas_Grand_Prix,14,14.0,1,14.0,inf,0.7063178005917917
2024,Las_Vegas_Grand_Prix,R,SAI,3.0,Ferrari,False,HARD,Las_Vegas_Grand_Prix,17,21.0,0,,inf,0.6411588060478738
2024,Las_Vegas_Grand_Prix,R,STR,1.0,Aston Martin,False,MEDIUM,Las_Vegas_Grand_Prix,6,9.0,0,,,
2024,Las_Vegas_Grand_Prix,R,STR,2.0,Aston Martin,False,HARD,Las_Vegas_Grand_Prix,16,15.0,1,15.0,inf,0.6075616821494368
2024,Las_Vegas_Grand_Prix,R,STR,3.0,Aston Martin,False,HARD,Las_Vegas_Grand_Prix,19,22.0,0,,-0.20152043372791706,0.22149911065568692
2024,Las_Vegas_Grand_Prix,R,TSU,1.0,RB,False,MEDIUM,Las_Vegas_Grand_Prix,7,6.0,1,6.0,inf,0.5614871490334064
2024,Las_Vegas_Grand_Prix,R,TSU,2.0,RB,False,HARD,Las_Vegas_Grand_Prix,14,19.0,0,,-3.8229675537733883,0.46496660473146423
2024,Las_Vegas_Grand_Prix,R,TSU,3.0,RB,False,HARD,Las_Vegas_Grand_Prix,18,21.0,0,,inf,0.2124624629986914
2024,Las_Vegas_Grand_Prix,R,VER,1.0,Red Bull Racing,True,MEDIUM,Las_Vegas_Grand_Prix,8,10.0,0,,inf,0.9131457258726146
2024,Las_Vegas_Grand_Prix,R,VER,2.0,Red Bull Racing,True,HARD,Las_Vegas_Grand_Prix,13,15.0,0,,inf,0.7964920627885961
2024,Las_Vegas_Grand_Prix,R,VER,3.0,Red Bull Racing,True,HARD,Las_Vegas_Grand_Prix,18,19.0,1,19.0,inf,0.48949785550560154
2024,Las_Vegas_Grand_Prix,R,ZHO,1.0,Kick Sauber,False,MEDIUM,Las_Vegas_Grand_Prix,9,11.0,0,,inf,0.8797238298656802
2024,Las_Vegas_Grand_Prix,R,ZHO,2.0,Kick Sauber,False,HARD,Las_Vegas_Grand_Prix,20,23.0,0,,inf,0.6199305756421338
2024,Las_Vegas_Grand_Prix,R,ZHO,3.0,Kick Sauber,False,HARD,Las_Vegas_Grand_Prix,12,15.0,0,,inf,0.6025835781003355
2024,Mexico_City_Grand_Prix,R,ALO,1.0,Aston Martin,False,MEDIUM,Mexico_City_Grand_Prix,8,15.0,0,,1.02472293265144,0.30267766824904535
2024,Mexico_City_Grand_Prix,R,BOT,1.0,Kick Sauber,False,HARD,Mexico_City_Grand_Prix,42,49.0,0,,inf,0.26686258284574843
2024,Mexico_City_Grand_Prix,R,BOT,2.0,Kick Sauber,False,MEDIUM,Mexico_City_Grand_Prix,18,21.0,0,,inf,0.318898688065424
2024,Mexico_City_Grand_Prix,R,COL,1.0,Williams,False,HARD,Mexico_City_Grand_Prix,40,46.0,0,,-0.19208859274552495,0.2769338103900002
2024,Mexico_City_Grand_Prix,R,COL,2.0,Williams,False,MEDIUM,Mexico_City_Grand_Prix,19,22.0,0,,-0.03142335089286399,0.6570270764990935
2024,Mexico_City_Grand_Prix,R,GAS,1.0,Alpine,False,MEDIUM,Mexico_City_Grand_Prix,21,27.0,0,,inf,0.45597979159599555
2024,Mexico_City_Grand_Prix,R,GAS,2.0,Alpine,False,HARD,Mexico_City_Grand_Prix,37,41.0,0,,inf,0.20010079327738514
2024,Mexico_City_Grand_Prix,R,HAM,1.0,Mercedes,False,MEDIUM,Mexico_City_Grand_Prix,21,27.0,0,,0.13652979400767265,0.26938660156662414
2024,Mexico_City_Grand_Prix,R,HAM,2.0,Mercedes,False,HARD,Mexico_City_Grand_Prix,37,42.0,0,,-0.02077566823174117,0.190634110308376
2024,Mexico_City_Grand_Prix,R,HUL,1.0,Haas F1 Team,False,MEDIUM,Mexico_City_Grand_Prix,22,28.0,0,,inf,0.4101406141325322
2024,Mexico_City_Grand_Prix,R,HUL,2.0,Haas F1 Team,False,HARD,Mexico_City_Grand_Prix,34,40.0,0,,-0.1917766525552599,0.20740661236702262
2024,Mexico_City_Grand_Prix,R,LAW,1.0,RB,False,HARD,Mexico_City_Grand_Prix,32,38.0,0,,-22.667553793883382,0.175490832672279
2024,Mexico_City_Grand_Prix,R,LAW,2.0,RB,False,MEDIUM,Mexico_City_Grand_Prix,22,25.0,0,,0.8597359995314332,0.23060775633482852
2024,Mexico_City_Grand_Prix,R,LEC,1.0,Ferrari,False,MEDIUM,Mexico_City_Grand_Prix,24,30.0,0,,0.44066204953630417,0.5004722128552975
2024,Mexico_City_Grand_Prix,R,LEC,2.0,Ferrari,False,HARD,Mexico_City_Grand_Prix,34,37.0,0,,inf,0.42384254626253215
2024,Mexico_City_Grand_Prix,R,MAG,1.0,Haas F1 Team,False,MEDIUM,Mexico_City_Grand_Prix,23,29.0,0,,inf,0.3159319461293649
2024,Mexico_City_Grand_Prix,R,MAG,2.0,Haas F1 Team,False,HARD,Mexico_City_Grand_Prix,34,40.0,0,,inf,0.5784555590792728
2024,Mexico_City_Grand_Prix,R,NOR,1.0,McLaren,False,MEDIUM,Mexico_City_Grand_Prix,22,29.0,0,,0.1378588516746418,0.21835179593288784
2024,Mexico_City_Grand_Prix,R,NOR,2.0,McLaren,False,HARD,Mexico_City_Grand_Prix,34,40.0,0,,inf,0.27491008237723974
2024,Mexico_City_Grand_Prix,R,OCO,1.0,Alpine,False,HARD,Mexico_City_Grand_Prix,40,47.0,0,,-1.129245240430034,0.22823393097964068
2024,Mexico_City_Grand_Prix,R,OCO,2.0,Alpine,False,MEDIUM,Mexico_City_Grand_Prix,20,21.0,0,,21.987152034257974,0.2528503682985136
2024,Mexico_City_Grand_Prix,R,PER,1.0,Red Bull Racing,True,HARD,Mexico_City_Grand_Prix,12,15.0,1,15.0,inf,0.8787629258700476
2024,Mexico_City_Grand_Prix,R,PER,2.0,Red Bull Racing,True,MEDIUM,Mexico_City_Grand_Prix,20,22.0,0,,0.5405676461739085,0.33859980324129946
2024,Mexico_City_Grand_Prix,R,PER,3.0,Red Bull Racing,True,MEDIUM,Mexico_City_Grand_Prix,20,24.0,0,,4.542700963998351,0.24915639675792295
2024,Mexico_City_Grand_Prix,R,PIA,1.0,McLaren,False,MEDIUM,Mexico_City_Grand_Prix,31,38.0,0,,0.2804324689033692,0.3229962850967734
2024,Mexico_City_Grand_Prix,R,PIA,2.0,McLaren,False,HARD,Mexico_City_Grand_Prix,27,31.0,0,,-0.00887120649447873,0.28136289947680776
2024,Mexico_City_Grand_Prix,R,RUS,1.0,Mercedes,False,MEDIUM,Mexico_City_Grand_Prix,24,30.0,0,,inf,0.19870368628402177
2024,Mexico_City_Grand_Prix,R,RUS,2.0,Mercedes,False,HARD,Mexico_City_Grand_Prix,35,39.0,0,,inf,0.4991070612031447
2024,Mexico_City_Grand_Prix,R,SAI,1.0,Ferrari,False,MEDIUM,Mexico_City_Grand_Prix,25,31.0,0,,0.03823311538445115,0.4284849540797325
2024,Mexico_City_Grand_Prix,R,SAI,2.0,Ferrari,False,HARD,Mexico_City_Grand_Prix,33,38.0,0,,inf,0.30712479584871555
2024,Mexico_City_Grand_Prix,R,STR,1.0,Aston Martin,False,MEDIUM,Mexico_City_Grand_Prix,19,26.0,0,,-6.601407804501487,0.29596534294261195
2024,Mexico_City_Grand_Prix,R,STR,2.0,Aston Martin,False,HARD,Mexico_City_Grand_Prix,34,44.0,0,,inf,0.24730716126434943
2024,Mexico_City_Grand_Prix,R,VER,1.0,Red Bull Racing,True,MEDIUM,Mexico_City_Grand_Prix,17,25.0,0,,0.4170865677062026,0.3258903148105291
2024,Mexico_City_Grand_Prix,R,VER,2.0,Red Bull Racing,True,HARD,Mexico_City_Grand_Prix,39,44.0,0,,-0.03438036867174494,0.48721859607423557
2024,Mexico_City_Grand_Prix,R,ZHO,1.0,Kick Sauber,False,HARD,Mexico_City_Grand_Prix,36,43.0,0,,1.8217435829672135,0.2356502069034091
2024,Mexico_City_Grand_Prix,R,ZHO,2.0,Kick Sauber,False,MEDIUM,Mexico_City_Grand_Prix,22,27.0,0,,22.71672202597259,0.39305421466162505
2024,Miami_Grand_Prix,R,ALB,1.0,Williams,False,MEDIUM,Miami_Grand_Prix,7,9.0,0,,inf,0.18403555139975758
2024,Miami_Grand_Prix,R,ALB,2.0,Williams,False,HARD,Miami_Grand_Prix,30,39.0,1,39.0,inf,0.7253281354908024
2024,Miami_Grand_Prix,R,ALO,1.0,Aston Martin,False,HARD,Miami_Grand_Prix,19,22.0,0,,-44.26625226620124,0.638748513219996
2024,Miami_Grand_Prix,R,ALO,2.0,Aston Martin,False,MEDIUM,Miami_Grand_Prix,23,35.0,0,,inf,0.5652389778945396
2024,Miami_Grand_Prix,R,BOT,1.0,Kick Sauber,False,SOFT,Miami_Grand_Prix,8,10.0,0,,inf,0.8724204636215349
2024,Miami_Grand_Prix,R,BOT,2.0,Kick Sauber,False,HARD,Miami_Grand_Prix,13,16.0,0,,-3.28679042097695,0.5678106944116031
2024,Miami_Grand_Prix,R,BOT,3.0,Kick Sauber,False,MEDIUM,Miami_Grand_Prix,23,27.0,0,,-15.951537892409501,0.4021733371875923
2024,Miami_Grand_Prix,R,GAS,1.0,Alpine,False,MEDIUM,Miami_Grand_Prix,9,11.0,0,,4.214536928487464,0.7044041062709926
2024,Miami_Grand_Prix,R,GAS,2.0,Alpine,False,HARD,Miami_Grand_Prix,31,44.0,0,,-0.41041084082101204,0.4100141370155578
2024,Miami_Grand_Prix,R,HAM,1.0,Mercedes,False,HARD,Miami_Grand_Prix,20,25.0,0,,-0.218659998652199,0.3943208490904495
2024,Miami_Grand_Prix,R,HAM,2.0,Mercedes,False,MEDIUM,Miami_Grand_Prix,23,33.0,0,,-0.275884460367277,0.3688035880387987
2024,Miami_Grand_Prix,R,HUL,1.0,Haas F1 Team,False,MEDIUM,Miami_Grand_Prix,10,7.0,1,7.0,inf,0.37601132920568414
2024,Miami_Grand_Prix,R,HUL,2.0,Haas F1 Team,False,HARD,Miami_Grand_Prix,12,15.0,0,,1.3240690531194614,0.4937408297251208
2024,Miami_Grand_Prix,R,HUL,3.0,Haas F1 Team,False,MEDIUM,Miami_Grand_Prix,23,28.0,0,,inf,0.3676961393144811
2024,Miami_Grand_Prix,R,LEC,1.0,Ferrari,False,MEDIUM,Miami_Grand_Prix,15,18.0,0,,inf,0.1205937396127417
2024,Miami_Grand_Prix,R,LEC,2.0,Ferrari,False,HARD,Miami_Grand_Prix,27,37.0,0,,-0.19125281784102743,0.5073702205528072
2024,Miami_Grand_Prix,R,MAG,1.0,Haas F1 Team,False,HARD,Miami_Grand_Prix,18,21.0,0,,inf,0.5968495205935159
2024,Miami_Grand_Prix,R,MAG,4.0,Haas F1 Team,False,MEDIUM,Miami_Grand_Prix,24,28.0,0,,-0.45358662668560074,0.1958393099557371
2024,Miami_Grand_Prix,R,NOR,1.0,McLaren,False,MEDIUM,Miami_Grand_Prix,21,27.0,0,,-2.6024265644953775,0.7730199564108483
2024,Miami_Grand_Prix,R,NOR,2.0,McLaren,False,HARD,Miami_Grand_Prix,24,27.0,0,,inf,0.2549028082040654
2024,Miami_Grand_Prix,R,OCO,1.0,Alpine,False,MEDIUM,Miami_Grand_Prix,18,21.0,0,,44.97360248451051,0.2604305867132331
2024,Miami_Grand_Prix,R,OCO,2.0,Alpine,False,HARD,Miami_Grand_Prix,24,34.0,0,,inf,0.6346858984045517
2024,Miami_Grand_Prix,R,PER,1.0,Red Bull Racing,True,MEDIUM,Miami_Grand_Prix,15,16.0,0,,-8.652493867538395,0.6163204224541214
2024,Miami_Grand_Prix,R,PER,2.0,Red Bull Racing,True,HARD,Miami_Grand_Prix,5,10.0,0,,,
2024,Miami_Grand_Prix,R,PER,3.0,Red Bull Racing,True,MEDIUM,Miami_Grand_Prix,23,33.0,0,,-0.5398819768871825,0.33733105549693526
2024,Miami_Grand_Prix,R,PIA,1.0,McLaren,False,MEDIUM,Miami_Grand_Prix,24,26.0,0,,-2.0329018515484427,0.42908547733482394
2024,Miami_Grand_Prix,R,PIA,2.0,McLaren,False,HARD,Miami_Grand_Prix,6,12.0,0,,,
2024,Miami_Grand_Prix,R,PIA,3.0,McLaren,False,MEDIUM,Miami_Grand_Prix,15,22.0,0,,-1.871214381620139,0.7814756670496797
2024,Miami_Grand_Prix,R,RIC,1.0,RB,False,HARD,Miami_Grand_Prix,21,27.0,0,,-0.19011942860715586,0.3115215354354025
2024,Miami_Grand_Prix,R,RIC,2.0,RB,False,MEDIUM,Miami_Grand_Prix,24,33.0,0,,inf,0.2104281362550781
2024,Miami_Grand_Prix,R,RUS,1.0,Mercedes,False,MEDIUM,Miami_Grand_Prix,20,24.0,0,,1.1969866071427282,0.47186743424027044
2024,Miami_Grand_Prix,R,RUS,2.0,Mercedes,False,HARD,Miami_Grand_Prix,25,32.0,0,,inf,0.24031249787592604
2024,Miami_Grand_Prix,R,SAI,1.0,Ferrari,False,MEDIUM,Miami_Grand_Prix,22,26.0,0,,inf,0.34631829604984277
2024,Miami_Grand_Prix,R,SAI,2.0,Ferrari,False,HARD,Miami_Grand_Prix,23,29.0,0,,-0.403316529583394,0.2920091497830665
2024,Miami_Grand_Prix,R,SAR,1.0,Williams,False,MEDIUM,Miami_Grand_Prix,7,10.0,0,,-0.4641975308642601,0.180493563651782
2024,Miami_Grand_Prix,R,SAR,2.0,Williams,False,HARD,Miami_Grand_Prix,13,16.0,0,,inf,0.13157279210882922
2024,Miami_Grand_Prix,R,STR,1.0,Aston Martin,False,MEDIUM,Miami_Grand_Prix,8,11.0,0,,0.8479452054794855,0.543201424526053
2024,Miami_Grand_Prix,R,STR,2.0,Aston Martin,False,HARD,Miami_Grand_Prix,13,17.0,0,,inf,0.37580440597155335
2024,Miami_Grand_Prix,R,STR,3.0,Aston Martin,False,MEDIUM,Miami_Grand_Prix,21,28.0,0,,inf,0.6281864686388458
2024,Miami_Grand_Prix,R,TSU,1.0,RB,False,MEDIUM,Miami_Grand_Prix,21,27.0,0,,-0.2537602798922944,0.5349121482278719
2024,Miami_Grand_Prix,R,TSU,2.0,RB,False,HARD,Miami_Grand_Prix,22,28.0,0,,inf,0.3363359827558405
2024,Miami_Grand_Prix,R,VER,1.0,Red Bull Racing,True,MEDIUM,Miami_Grand_Prix,19,22.0,0,,inf,0.47615302499329404
2024,Miami_Grand_Prix,R,VER,2.0,Red Bull Racing,True,HARD,Miami_Grand_Prix,24,33.0,0,,inf,0.6199038272834907
2024,Miami_Grand_Prix,R,ZHO,1.0,Kick Sauber,False,MEDIUM,Miami_Grand_Prix,22,27.0,0,,inf,0.4144247879644411
2024,Miami_Grand_Prix,R,ZHO,2.0,Kick Sauber,False,SOFT,Miami_Grand_Prix,23,28.0,0,,inf,0.40999093443065393
2024,Miami_Grand_Prix,S,ALB,3.0,Williams,False,MEDIUM,Miami_Grand_Prix,14,18.0,0,,-32.19267857143678,0.5502073609131595
2024,Miami_Grand_Prix,S,ALO,3.0,Aston Martin,False,MEDIUM,Miami_Grand_Prix,14,22.0,0,,inf,0.435347418437812
2024,Miami_Grand_Prix,S,BOT,3.0,Kick Sauber,False,MEDIUM,Miami_Grand_Prix,14,18.0,0,,-1.954987452948334,0.48120788160974953
2024,Miami_Grand_Prix,S,GAS,3.0,Alpine,False,MEDIUM,Miami_Grand_Prix,14,18.0,0,,-5.699425654116081,0.7421827635294865
2024,Miami_Grand_Prix,S,HAM,3.0,Mercedes,False,MEDIUM,Miami_Grand_Prix,15,24.0,0,,-8.481879887270704,0.5915736358414835
2024,Miami_Grand_Prix,S,HUL,3.0,Haas F1 Team,False,MEDIUM,Miami_Grand_Prix,15,24.0,0,,inf,0.6122410398049517
2024,Miami_Grand_Prix,S,LEC,3.0,Ferrari,False,MEDIUM,Miami_Grand_Prix,15,18.0,0,,-0.6737256088337953,0.7857340526131237
2024,Miami_Grand_Prix,S,MAG,3.0,Haas F1 Team,False,MEDIUM,Miami_Grand_Prix,15,24.0,0,,-5.656231409874995,0.637567789015009
2024,Miami_Grand_Prix,S,OCO,3.0,Alpine,False,MEDIUM,Miami_Grand_Prix,14,18.0,0,,0.17570145903478648,0.3150810029063503
2024,Miami_Grand_Prix,S,PER,3.0,Red Bull Racing,True,MEDIUM,Miami_Grand_Prix,15,21.0,0,,inf,0.5175875546726386
2024,Miami_Grand_Prix,S,PIA,3.0,McLaren,False,MEDIUM,Miami_Grand_Prix,15,18.0,0,,0.22838461089379036,0.552989680989248
2024,Miami_Grand_Prix,S,RIC,3.0,RB,False,MEDIUM,Miami_Grand_Prix,14,18.0,0,,-0.44239107332629096,0.8368536219880198
2024,Miami_Grand_Prix,S,RUS,3.0,Mercedes,False,MEDIUM,Miami_Grand_Prix,15,24.0,0,,inf,0.5253408187251107
2024,Miami_Grand_Prix,S,SAI,3.0,Ferrari,False,MEDIUM,Miami_Grand_Prix,15,18.0,0,,-0.21008814887366695,0.5829753173657903
2024,Miami_Grand_Prix,S,SAR,3.0,Williams,False,SOFT,Miami_Grand_Prix,15,18.0,0,,-7.530997304582351,0.3499040223431347
2024,Miami_Grand_Prix,S,TSU,3.0,RB,False,SOFT,Miami_Grand_Prix,14,18.0,0,,-1.2464133385032883,0.7320191168474824
2024,Miami_Grand_Prix,S,VER,3.0,Red Bull Racing,True,MEDIUM,Miami_Grand_Prix,15,21.0,0,,-0.4312891409665655,0.837062385279632
2024,Miami_Grand_Prix,S,ZHO,3.0,Kick Sauber,False,MEDIUM,Miami_Grand_Prix,14,18.0,0,,-4.089494163424205,0.48331912252574566
2024,Monaco_Grand_Prix,R,ALB,2.0,Williams,False,HARD,Monaco_Grand_Prix,65,75.0,0,,inf,0.15069027392665318
2024,Monaco_Grand_Prix,R,ALO,2.0,Aston Martin,False,MEDIUM,Monaco_Grand_Prix,65,75.0,0,,-2.972321168351452,0.25038474798791127
2024,Monaco_Grand_Prix,R,BOT,2.0,Kick Sauber,False,MEDIUM,Monaco_Grand_Prix,9,13.0,0,,inf,0.5763609656479458
2024,Monaco_Grand_Prix,R,BOT,3.0,Kick Sauber,False,HARD,Monaco_Grand_Prix,51,61.0,0,,-0.31595767316846324,0.5781279343416255
2024,Monaco_Grand_Prix,R,GAS,2.0,Alpine,False,MEDIUM,Monaco_Grand_Prix,63,75.0,0,,inf,0.31017203486451445
2024,Monaco_Grand_Prix,R,HAM,2.0,Mercedes,False,MEDIUM,Monaco_Grand_Prix,39,49.0,0,,inf,0.29986653974207683
2024,Monaco_Grand_Prix,R,HAM,3.0,Mercedes,False,HARD,Monaco_Grand_Prix,21,27.0,0,,inf,0.11860649117676317
2024,Monaco_Grand_Prix,R,LEC,2.0,Ferrari,False,HARD,Monaco_Grand_Prix,64,76.0,0,,inf,0.27000166070758574
2024,Monaco_Grand_Prix,R,NOR,2.0,McLaren,False,HARD,Monaco_Grand_Prix,66,77.0,0,,inf,0.27205508976302023
2024,Monaco_Grand_Prix,R,PIA,2.0,McLaren,False,HARD,Monaco_Grand_Prix,66,77.0,0,,inf,0.23375926229715993
2024,Monaco_Grand_Prix,R,RIC,2.0,RB,False,HARD,Monaco_Grand_Prix,64,75.0,0,,-3.0058830802199044,0.18559928249743674
2024,Monaco_Grand_Prix,R,RUS,2.0,Mercedes,False,MEDIUM,Monaco_Grand_Prix,63,76.0,0,,inf,0.4372891406977518
2024,Monaco_Grand_Prix,R,SAI,2.0,Ferrari,False,HARD,Monaco_Grand_Prix,62,76.0,0,,inf,0.13579012798277534
2024,Monaco_Grand_Prix,R,SAR,2.0,Williams,False,HARD,Monaco_Grand_Prix,49,56.0,0,,inf,0.11002989377436885
2024,Monaco_Grand_Prix,R,SAR,3.0,Williams,False,MEDIUM,Monaco_Grand_Prix,13,18.0,0,,-2.021124239168851,0.6030187308183036
2024,Monaco_Grand_Prix,R,STR,2.0,Aston Martin,False,MEDIUM,Monaco_Grand_Prix,34,41.0,0,,inf,0.248847395056495
2024,Monaco_Grand_Prix,R,STR,4.0,Aston Martin,False,SOFT,Monaco_Grand_Prix,22,13.0,1,13.0,inf,0.38786181738768294
2024,Monaco_Grand_Prix,R,TSU,2.0,RB,False,HARD,Monaco_Grand_Prix,61,76.0,0,,inf,0.3365925183334121
2024,Monaco_Grand_Prix,R,VER,2.0,Red Bull Racing,True,MEDIUM,Monaco_Grand_Prix,42,50.0,0,,inf,0.35167172813261444
2024,Monaco_Grand_Prix,R,VER,3.0,Red Bull Racing,True,HARD,Monaco_Grand_Prix,23,26.0,0,,inf,0.5811253091597829
2024,Monaco_Grand_Prix,R,ZHO,2.0,Kick Sauber,False,HARD,Monaco_Grand_Prix,58,68.0,0,,80.04713225342702,0.4035111001857342
2024,Qatar_Grand_Prix,R,ALB,1.0,Williams,False,MEDIUM,Qatar_Grand_Prix,27,34.0,0,,inf,0.3281950465692143
2024,Qatar_Grand_Prix,R,ALB,4.0,Williams,False,SOFT,Qatar_Grand_Prix,12,19.0,0,,inf,0.5957421853019385
2024,Qatar_Grand_Prix,R,ALO,1.0,Aston Martin,False,MEDIUM,Qatar_Grand_Prix,26,34.0,0,,inf,0.5272998636236177
2024,Qatar_Grand_Prix,R,ALO,4.0,Aston Martin,False,MEDIUM,Qatar_Grand_Prix,13,26.0,0,,inf,0.8257220477826293
2024,Qatar_Grand_Prix,R,BOT,1.0,Kick Sauber,False,MEDIUM,Qatar_Grand_Prix,17,23.0,0,,inf,0.3868404025180698
2024,Qatar_Grand_Prix,R,BOT,2.0,Kick Sauber,False,HARD,Qatar_Grand_Prix,6,9.0,0,,,
2024,Qatar_Grand_Prix,R,BOT,4.0,Kick Sauber,False,MEDIUM,Qatar_Grand_Prix,14,29.0,0,,inf,0.5476181207958115
2024,Qatar_Grand_Prix,R,GAS,1.0,Alpine,False,MEDIUM,Qatar_Grand_Prix,25,34.0,0,,-0.7690470800985817,0.43425752209607377
2024,Qatar_Grand_Prix,R,GAS,4.0,Alpine,False,HARD,Qatar_Grand_Prix,13,21.0,0,,inf,0.8026877121878138
2024,Qatar_Grand_Prix,R,HAM,1.0,Mercedes,False,MEDIUM,Qatar_Grand_Prix,26,33.0,0,,inf,0.23424108117264816
2024,Qatar_Grand_Prix,R,HAM,5.0,Mercedes,False,HARD,Qatar_Grand_Prix,8,22.0,0,,inf,0.17389451336951697
2024,Qatar_Grand_Prix,R,HUL,2.0,Haas F1 Team,False,HARD,Qatar_Grand_Prix,23,29.0,0,,inf,0.32930562114054884
2024,Qatar_Grand_Prix,R,LAW,1.0,RB,False,MEDIUM,Qatar_Grand_Prix,28,34.0,0,,-3.543573667711613,0.41666074993974506
2024,Qatar_Grand_Prix,R,LAW,5.0,RB,False,SOFT,Qatar_Grand_Prix,13,16.0,0,,inf,0.5665884749892375
2024,Qatar_Grand_Prix,R,LEC,1.0,Ferrari,False,MEDIUM,Qatar_Grand_Prix,28,35.0,0,,inf,0.5035869529837826
2024,Qatar_Grand_Prix,R,LEC,4.0,Ferrari,False,HARD,Qatar_Grand_Prix,13,21.0,0,,inf,0.5041682407785724
2024,Qatar_Grand_Prix,R,MAG,1.0,Haas F1 Team,False,MEDIUM,Qatar_Grand_Prix,20,26.0,0,,-1.1931555641123455,0.35594065522110513
2024,Qatar_Grand_Prix,R,MAG,2.0,Haas F1 Team,False,HARD,Qatar_Grand_Prix,6,7.0,0,,,
2024,Qatar_Grand_Prix,R,MAG,4.0,Haas F1 Team,False,HARD,Qatar_Grand_Prix,14,29.0,0,,inf,0.7489288683536893
2024,Qatar_Grand_Prix,R,NOR,1.0,McLaren,False,MEDIUM,Qatar_Grand_Prix,28,34.0,0,,inf,0.7399572297139388
2024,Qatar_Grand_Prix,R,NOR,5.0,McLaren,False,HARD,Qatar_Grand_Prix,10,21.0,0,,inf,0.5877966204777644
2024,Qatar_Grand_Prix,R,PER,1.0,Red Bull Racing,True,MEDIUM,Qatar_Grand_Prix,28,34.0,0,,inf,0.655571306706462
2024,Qatar_Grand_Prix,R,PIA,1.0,McLaren,False,MEDIUM,Qatar_Grand_Prix,26,33.0,0,,inf,0.5398784499755777
2024,Qatar_Grand_Prix,R,PIA,4.0,McLaren,False,HARD,Qatar_Grand_Prix,13,22.0,0,,inf,0.5972512305899681
2024,Qatar_Grand_Prix,R,RUS,1.0,Mercedes,False,MEDIUM,Qatar_Grand_Prix,17,23.0,0,,inf,0.32351586805779425
2024,Qatar_Grand_Prix,R,RUS,2.0,Mercedes,False,HARD,Qatar_Grand_Prix,10,11.0,0,,-0.12068197013596228,0.47121075210929236
2024,Qatar_Grand_Prix,R,RUS,5.0,Mercedes,False,HARD,Qatar_Grand_Prix,13,21.0,0,,inf,0.7315362681509532
2024,Qatar_Grand_Prix,R,SAI,1.0,Ferrari,False,MEDIUM,Qatar_Grand_Prix,26,34.0,0,,inf,0.4782623882070916
2024,Qatar_Grand_Prix,R,SAI,4.0,Ferrari,False,HARD,Qatar_Grand_Prix,13,22.0,0,,inf,0.21990196689062538
2024,Qatar_Grand_Prix,R,TSU,1.0,RB,False,MEDIUM,Qatar_Grand_Prix,28,34.0,0,,-0.8622272310027175,0.424172165833371
2024,Qatar_Grand_Prix,R,TSU,5.0,RB,False,SOFT,Qatar_Grand_Prix,13,10.0,1,10.0,inf,0.7831568726171731
2024,Qatar_Grand_Prix,R,VER,1.0,Red Bull Racing,True,MEDIUM,Qatar_Grand_Prix,28,34.0,0,,inf,0.49069885187403106
2024,Qatar_Grand_Prix,R,VER,4.0,Red Bull Racing,True,HARD,Qatar_Grand_Prix,14,21.0,0,,inf,0.6478949806299225
2024,Qatar_Grand_Prix,R,ZHO,1.0,Kick Sauber,False,MEDIUM,Qatar_Grand_Prix,26,34.0,0,,inf,0.5095124826661681
2024,Qatar_Grand_Prix,R,ZHO,4.0,Kick Sauber,False,HARD,Qatar_Grand_Prix,13,21.0,0,,inf,0.7148611581955021
2024,Qatar_Grand_Prix,S,ALB,1.0,Williams,False,MEDIUM,Qatar_Grand_Prix,16,24.0,0,,inf,0.4706824073336392
2024,Qatar_Grand_Prix,S,ALO,1.0,Aston Martin,False,MEDIUM,Qatar_Grand_Prix,16,24.0,0,,inf,0.8138528449855734
2024,Qatar_Grand_Prix,S,BOT,1.0,Kick Sauber,False,MEDIUM,Qatar_Grand_Prix,13,22.0,0,,inf,0.5263903422321159
2024,Qatar_Grand_Prix,S,COL,1.0,Williams,False,MEDIUM,Qatar_Grand_Prix,11,14.0,0,,inf,0.48322826450936557
2024,Qatar_Grand_Prix,S,GAS,1.0,Alpine,False,MEDIUM,Qatar_Grand_Prix,17,25.0,0,,inf,0.3335249065414571
2024,Qatar_Grand_Prix,S,HAM,1.0,Mercedes,False,MEDIUM,Qatar_Grand_Prix,17,24.0,0,,inf,0.40492360140800726
2024,Qatar_Grand_Prix,S,HUL,1.0,Haas F1 Team,False,MEDIUM,Qatar_Grand_Prix,16,24.0,0,,inf,0.14354441635634616
2024,Qatar_Grand_Prix,S,LAW,1.0,RB,False,MEDIUM,Qatar_Grand_Prix,16,25.0,0,,inf,0.773832922885734
2024,Qatar_Grand_Prix,S,LEC,1.0,Ferrari,False,MEDIUM,Qatar_Grand_Prix,13,19.0,0,,inf,0.7926142242960142
2024,Qatar_Grand_Prix,S,MAG,1.0,Haas F1 Team,False,MEDIUM,Qatar_Grand_Prix,15,24.0,0,,inf,0.3653323305362347
2024,Qatar_Grand_Prix,S,NOR,1.0,McLaren,False,MEDIUM,Qatar_Grand_Prix,17,23.0,0,,inf,0.2824164839986863
2024,Qatar_Grand_Prix,S,OCO,1.0,Alpine,False,MEDIUM,Qatar_Grand_Prix,16,25.0,0,,inf,0.8523743042022256
2024,Qatar_Grand_Prix,S,PER,1.0,Red Bull Racing,True,MEDIUM,Qatar_Grand_Prix,8,16.0,0,,inf,0.19066653749037776
2024,Qatar_Grand_Prix,S,PIA,1.0,McLaren,False,MEDIUM,Qatar_Grand_Prix,17,23.0,0,,inf,0.4356530356114658
2024,Qatar_Grand_Prix,S,RUS,1.0,Mercedes,False,MEDIUM,Qatar_Grand_Prix,16,22.0,0,,inf,0.30117768999096667
2024,Qatar_Grand_Prix,S,SAI,1.0,Ferrari,False,MEDIUM,Qatar_Grand_Prix,15,19.0,0,,inf,0.446921221115005
2024,Qatar_Grand_Prix,S,STR,1.0,Aston Martin,False,MEDIUM,Qatar_Grand_Prix,16,24.0,0,,inf,0.8351099110725159
2024,Qatar_Grand_Prix,S,TSU,1.0,RB,False,MEDIUM,Qatar_Grand_Prix,16,25.0,0,,inf,0.7803009791173869
2024,Qatar_Grand_Prix,S,VER,1.0,Red Bull Racing,True,MEDIUM,Qatar_Grand_Prix,17,26.0,0,,inf,0.6352620175238286
2024,Qatar_Grand_Prix,S,ZHO,1.0,Kick Sauber,False,SOFT,Qatar_Grand_Prix,8,6.0,1,6.0,inf,0.3305754296664518
2024,Qatar_Grand_Prix,S,ZHO,2.0,Kick Sauber,False,MEDIUM,Qatar_Grand_Prix,7,16.0,0,,-5.777215189872116,0.3706389481958709
2024,Saudi_Arabian_Grand_Prix,R,ALB,1.0,Williams,False,MEDIUM,Saudi_Arabian_Grand_Prix,4,6.0,0,,,
2024,Saudi_Arabian_Grand_Prix,R,ALB,2.0,Williams,False,HARD,Saudi_Arabian_Grand_Prix,32,42.0,0,,-2.605160394850042,0.6261505811790599
2024,Saudi_Arabian_Grand_Prix,R,ALO,1.0,Aston Martin,False,MEDIUM,Saudi_Arabian_Grand_Prix,4,7.0,0,,,
2024,Saudi_Arabian_Grand_Prix,R,ALO,2.0,Aston Martin,False,HARD,Saudi_Arabian_Grand_Prix,36,43.0,0,,inf,0.576851141273107
2024,Saudi_Arabian_Grand_Prix,R,BEA,1.0,Ferrari,False,SOFT,Saudi_Arabian_Grand_Prix,4,6.0,0,,,
2024,Saudi_Arabian_Grand_Prix,R,BEA,2.0,Ferrari,False,HARD,Saudi_Arabian_Grand_Prix,34,42.0,0,,-0.22830078513050528,0.5381747562206797
2024,Saudi_Arabian_Grand_Prix,R,BOT,1.0,Kick Sauber,False,SOFT,Saudi_Arabian_Grand_Prix,4,6.0,0,,,
2024,Saudi_Arabian_Grand_Prix,R,BOT,2.0,Kick Sauber,False,HARD,Saudi_Arabian_Grand_Prix,23,27.0,0,,0.33127288718321246,0.539145800991059
2024,Saudi_Arabian_Grand_Prix,R,BOT,3.0,Kick Sauber,False,SOFT,Saudi_Arabian_Grand_Prix,12,13.0,0,,-47.63134328358177,0.5191806429324886
2024,Saudi_Arabian_Grand_Prix,R,HAM,1.0,Mercedes,False,MEDIUM,Saudi_Arabian_Grand_Prix,26,35.0,0,,inf,0.3344388273584656
2024,Saudi_Arabian_Grand_Prix,R,HAM,2.0,Mercedes,False,SOFT,Saudi_Arabian_Grand_Prix,12,16.0,0,,inf,0.2660637571359702
2024,Saudi_Arabian_Grand_Prix,R,HUL,1.0,Haas F1 Team,False,MEDIUM,Saudi_Arabian_Grand_Prix,22,32.0,0,,-0.1593290086389159,0.49142821515613805
2024,Saudi_Arabian_Grand_Prix,R,HUL,2.0,Haas F1 Team,False,HARD,Saudi_Arabian_Grand_Prix,14,16.0,0,,-0.9234519104084197,0.29384275278494015
2024,Saudi_Arabian_Grand_Prix,R,LEC,1.0,Ferrari,False,MEDIUM,Saudi_Arabian_Grand_Prix,5,6.0,0,,,
2024,Saudi_Arabian_Grand_Prix,R,LEC,2.0,Ferrari,False,HARD,Saudi_Arabian_Grand_Prix,36,42.0,0,,inf,0.1812311681958247
2024,Saudi_Arabian_Grand_Prix,R,MAG,1.0,Haas F1 Team,False,MEDIUM,Saudi_Arabian_Grand_Prix,4,6.0,0,,,
2024,Saudi_Arabian_Grand_Prix,R,MAG,2.0,Haas F1 Team,False,HARD,Saudi_Arabian_Grand_Prix,32,42.0,0,,-1.4259598905559538,0.7435158729179463
2024,Saudi_Arabian_Grand_Prix,R,NOR,1.0,McLaren,False,MEDIUM,Saudi_Arabian_Grand_Prix,27,36.0,0,,-0.31386783388491923,0.23395703554285022
2024,Saudi_Arabian_Grand_Prix,R,NOR,2.0,McLaren,False,SOFT,Saudi_Arabian_Grand_Prix,11,18.0,0,,0.4495599187541028,0.19970739348366207
2024,Saudi_Arabian_Grand_Prix,R,OCO,1.0,Alpine,False,MEDIUM,Saudi_Arabian_Grand_Prix,3,6.0,0,,,
2024,Saudi_Arabian_Grand_Prix,R,OCO,2.0,Alpine,False,HARD,Saudi_Arabian_Grand_Prix,35,41.0,0,,0.39750130105223846,0.6302249812234025
2024,Saudi_Arabian_Grand_Prix,R,PER,1.0,Red Bull Racing,True,MEDIUM,Saudi_Arabian_Grand_Prix,4,6.0,0,,,
2024,Saudi_Arabian_Grand_Prix,R,PER,2.0,Red Bull Racing,True,HARD,Saudi_Arabian_Grand_Prix,37,42.0,0,,inf,0.5930046194737975
2024,Saudi_Arabian_Grand_Prix,R,PIA,1.0,McLaren,False,MEDIUM,Saudi_Arabian_Grand_Prix,4,6.0,0,,,
2024,Saudi_Arabian_Grand_Prix,R,PIA,2.0,McLaren,False,HARD,Saudi_Arabian_Grand_Prix,38,43.0,0,,-0.4175165451375066,0.22979361613390786
2024,Saudi_Arabian_Grand_Prix,R,RIC,1.0,RB,False,MEDIUM,Saudi_Arabian_Grand_Prix,3,6.0,0,,,
2024,Saudi_Arabian_Grand_Prix,R,RIC,2.0,RB,False,HARD,Saudi_Arabian_Grand_Prix,34,41.0,0,,inf,0.5587177680581399
2024,Saudi_Arabian_Grand_Prix,R,RUS,1.0,Mercedes,False,MEDIUM,Saudi_Arabian_Grand_Prix,5,6.0,0,,,
2024,Saudi_Arabian_Grand_Prix,R,RUS,2.0,Mercedes,False,HARD,Saudi_Arabian_Grand_Prix,36,42.0,0,,inf,0.6049684256686847
2024,Saudi_Arabian_Grand_Prix,R,SAR,1.0,Williams,False,MEDIUM,Saudi_Arabian_Grand_Prix,4,6.0,0,,,
2024,Saudi_Arabian_Grand_Prix,R,SAR,2.0,Williams,False,HARD,Saudi_Arabian_Grand_Prix,35,41.0,0,,-2.784315649034646,0.4985677792048669
2024,Saudi_Arabian_Grand_Prix,R,TSU,1.0,RB,False,MEDIUM,Saudi_Arabian_Grand_Prix,4,6.0,0,,,
2024,Saudi_Arabian_Grand_Prix,R,TSU,2.0,RB,False,HARD,Saudi_Arabian_Grand_Prix,35,41.0,0,,-1.363272740614855,0.6292955001121245
2024,Saudi_Arabian_Grand_Prix,R,VER,1.0,Red Bull Racing,True,MEDIUM,Saudi_Arabian_Grand_Prix,5,6.0,0,,,
2024,Saudi_Arabian_Grand_Prix,R,VER,2.0,Red Bull Racing,True,HARD,Saudi_Arabian_Grand_Prix,38,42.0,0,,inf,0.6154446459275144
2024,Saudi_Arabian_Grand_Prix,R,ZHO,1.0,Kick Sauber,False,MEDIUM,Saudi_Arabian_Grand_Prix,30,40.0,0,,inf,0.5587932472649976
2024,Saudi_Arabian_Grand_Prix,R,ZHO,2.0,Kick Sauber,False,SOFT,Saudi_Arabian_Grand_Prix,6,7.0,0,,,
2024,Singapore_Grand_Prix,R,ALB,1.0,Williams,False,MEDIUM,Singapore_Grand_Prix,8,10.0,0,,inf,0.8606744543305113
2024,Singapore_Grand_Prix,R,ALO,1.0,Aston Martin,False,MEDIUM,Singapore_Grand_Prix,22,25.0,0,,inf,0.7182935372706152
2024,Singapore_Grand_Prix,R,ALO,2.0,Aston Martin,False,HARD,Singapore_Grand_Prix,34,36.0,0,,inf,0.1548353836990264
2024,Singapore_Grand_Prix,R,BOT,1.0,Kick Sauber,False,HARD,Singapore_Grand_Prix,28,32.0,0,,-64.38672749182736,0.43492473780106466
2024,Singapore_Grand_Prix,R,BOT,2.0,Kick Sauber,False,MEDIUM,Singapore_Grand_Prix,23,27.0,0,,inf,0.26676489351246274
2024,Singapore_Grand_Prix,R,COL,1.0,Williams,False,MEDIUM,Singapore_Grand_Prix,26,21.0,1,21.0,inf,0.47995359360759465
2024,Singapore_Grand_Prix,R,COL,2.0,Williams,False,HARD,Singapore_Grand_Prix,29,31.0,0,,-45.35718278367533,0.36331629349567696
2024,Singapore_Grand_Prix,R,GAS,1.0,Alpine,False,MEDIUM,Singapore_Grand_Prix,33,36.0,0,,1.3858377918721385,0.27505159391385375
2024,Singapore_Grand_Prix,R,GAS,2.0,Alpine,False,SOFT,Singapore_Grand_Prix,21,23.0,0,,2.0019916479279143,0.43074787669700954
2024,Singapore_Grand_Prix,R,HAM,1.0,Mercedes,False,SOFT,Singapore_Grand_Prix,15,18.0,0,,inf,0.6685206801518877
2024,Singapore_Grand_Prix,R,HAM,2.0,Mercedes,False,HARD,Singapore_Grand_Prix,38,44.0,0,,0.10216252868446045,0.3587679608890842
2024,Singapore_Grand_Prix,R,HUL,1.0,Haas F1 Team,False,MEDIUM,Singapore_Grand_Prix,24,25.0,1,25.0,13.388934192286479,0.5892636415702032
2024,Singapore_Grand_Prix,R,HUL,2.0,Haas F1 Team,False,HARD,Singapore_Grand_Prix,28,31.0,0,,33.569066977188584,0.42053134470249404
2024,Singapore_Grand_Prix,R,LEC,1.0,Ferrari,False,MEDIUM,Singapore_Grand_Prix,31,35.0,0,,9.422301373523172,0.34158635543326393
2024,Singapore_Grand_Prix,R,LEC,2.0,Ferrari,False,HARD,Singapore_Grand_Prix,20,22.0,1,22.0,3.8457930886759786,0.47323603744225656
2024,Singapore_Grand_Prix,R,MAG,1.0,Haas F1 Team,False,HARD,Singapore_Grand_Prix,25,19.0,1,19.0,12.317899761328546,0.39112819572591206
2024,Singapore_Grand_Prix,R,MAG,2.0,Haas F1 Team,False,MEDIUM,Singapore_Grand_Prix,18,20.0,0,,-22.99645779894852,0.4339955808543461
2024,Singapore_Grand_Prix,R,MAG,3.0,Haas F1 Team,False,SOFT,Singapore_Grand_Prix,1,2.0,0,,,
2024,Singapore_Grand_Prix,R,NOR,1.0,McLaren,False,MEDIUM,Singapore_Grand_Prix,24,29.0,0,,162.5227917701856,0.6216407555883274
2024,Singapore_Grand_Prix,R,NOR,2.0,McLaren,False,HARD,Singapore_Grand_Prix,26,31.0,0,,inf,0.4536198529212734
2024,Singapore_Grand_Prix,R,OCO,1.0,Alpine,False,MEDIUM,Singapore_Grand_Prix,26,18.0,1,18.0,5.672727272727971,0.3251545718506814
2024,Singapore_Grand_Prix,R,OCO,2.0,Alpine,False,HARD,Singapore_Grand_Prix,28,31.0,0,,0.5473661542879027,0.14858451809951645
2024,Singapore_Grand_Prix,R,PER,1.0,Red Bull Racing,True,MEDIUM,Singapore_Grand_Prix,24,27.0,0,,4.069521630166299,0.3760923162886646
2024,Singapore_Grand_Prix,R,PER,2.0,Red Bull Racing,True,HARD,Singapore_Grand_Prix,29,32.0,0,,inf,0.20611171352066374
2024,Singapore_Grand_Prix,R,PIA,1.0,McLaren,False,MEDIUM,Singapore_Grand_Prix,33,37.0,0,,inf,0.23308267975181443
2024,Singapore_Grand_Prix,R,PIA,2.0,McLaren,False,HARD,Singapore_Grand_Prix,21,23.0,0,,3.363983371126246,0.2826803861625736
2024,Singapore_Grand_Prix,R,RIC,1.0,RB,False,SOFT,Singapore_Grand_Prix,7,9.0,0,,inf,0.686103686091144
2024,Singapore_Grand_Prix,R,RIC,2.0,RB,False,MEDIUM,Singapore_Grand_Prix,34,35.0,0,,4.59133696997896,0.31629563170126945
2024,Singapore_Grand_Prix,R,RIC,3.0,RB,False,SOFT,Singapore_Grand_Prix,9,11.0,0,,-85.89523809503606,0.274210655130844
2024,Singapore_Grand_Prix,R,RUS,1.0,Mercedes,False,MEDIUM,Singapore_Grand_Prix,23,15.0,1,15.0,inf,0.4480198364387079
2024,Singapore_Grand_Prix,R,RUS,2.0,Mercedes,False,HARD,Singapore_Grand_Prix,33,34.0,0,,0.028862660296430278,0.43921253298714713
2024,Singapore_Grand_Prix,R,SAI,1.0,Ferrari,False,MEDIUM,Singapore_Grand_Prix,10,12.0,0,,inf,0.37505622313584863
2024,Singapore_Grand_Prix,R,SAI,2.0,Ferrari,False,HARD,Singapore_Grand_Prix,44,48.0,0,,-0.029403697725976174,0.6237064711975219
2024,Singapore_Grand_Prix,R,STR,1.0,Aston Martin,False,HARD,Singapore_Grand_Prix,23,26.0,0,,-507.7081481431863,0.40866822300800404
2024,Singapore_Grand_Prix,R,STR,2.0,Aston Martin,False,MEDIUM,Singapore_Grand_Prix,30,35.0,0,,4.716713698340338,0.14938896693210904
2024,Singapore_Grand_Prix,R,TSU,1.0,RB,False,MEDIUM,Singapore_Grand_Prix,30,32.0,0,,-8.152031787540874,0.42409310262408395
2024,Singapore_Grand_Prix,R,TSU,2.0,RB,False,SOFT,Singapore_Grand_Prix,25,24.0,1,24.0,inf,0.47108381976912295
2024,Singapore_Grand_Prix,R,VER,1.0,Red Bull Racing,True,MEDIUM,Singapore_Grand_Prix,25,28.0,0,,inf,0.7302976769605855
2024,Singapore_Grand_Prix,R,VER,2.0,Red Bull Racing,True,HARD,Singapore_Grand_Prix,30,32.0,0,,inf,0.5047575543849362
2024,Singapore_Grand_Prix,R,ZHO,1.0,Kick Sauber,False,HARD,Singapore_Grand_Prix,30,33.0,0,,0.9996835443039132,0.32685031696031785
2024,Singapore_Grand_Prix,R,ZHO,2.0,Kick Sauber,False,MEDIUM,Singapore_Grand_Prix,22,26.0,0,,25.410205189442763,0.22120108062338997
2024,Spanish_Grand_Prix,R,ALB,1.0,Williams,False,MEDIUM,Spanish_Grand_Prix,16,17.0,0,,2.03031926953439,0.5283772868786385
2024,Spanish_Grand_Prix,R,ALB,2.0,Williams,False,SOFT,Spanish_Grand_Prix,23,21.0,1,21.0,10.5144063234838,0.399523245395587
2024,Spanish_Grand_Prix,R,ALB,3.0,Williams,False,SOFT,Spanish_Grand_Prix,16,21.0,0,,0.12542192478289807,0.6085112679930759
2024,Spanish_Grand_Prix,R,ALO,1.0,Aston Martin,False,SOFT,Spanish_Grand_Prix,12,18.0,0,,10.242740232315011,0.602398699612364
2024,Spanish_Grand_Prix,R,ALO,2.0,Aston Martin,False,MEDIUM,Spanish_Grand_Prix,24,26.0,0,,-19.742668030562285,0.40998677385588617
2024,Spanish_Grand_Prix,R,ALO,3.0,Aston Martin,False,HARD,Spanish_Grand_Prix,18,20.0,0,,-2.3417533268703217,0.4427149462963008
2024,Spanish_Grand_Prix,R,BOT,1.0,Kick Sauber,False,SOFT,Spanish_Grand_Prix,8,10.0,0,,-0.018943533697602634,0.799392479102929
2024,Spanish_Grand_Prix,R,BOT,2.0,Kick Sauber,False,SOFT,Spanish_Grand_Prix,15,19.0,0,,0.6097752632406018,0.5135709922329315
2024,Spanish_Grand_Prix,R,BOT,3.0,Kick Sauber,False,HARD,Spanish_Grand_Prix,33,36.0,0,,0.7553838129271451,0.32557047105065945
2024,Spanish_Grand_Prix,R,GAS,1.0,Alpine,False,SOFT,Spanish_Grand_Prix,12,9.0,1,9.0,inf,0.6927145916480363
2024,Spanish_Grand_Prix,R,GAS,2.0,Alpine,False,MEDIUM,Spanish_Grand_Prix,22,23.0,0,,-7.259896901793572,0.4602735183955754
2024,Spanish_Grand_Prix,R,GAS,3.0,Alpine,False,HARD,Spanish_Grand_Prix,25,27.0,0,,inf,0.7313677495753591
2024,Spanish_Grand_Prix,R,HAM,1.0,Mercedes,False,SOFT,Spanish_Grand_Prix,14,8.0,1,8.0,inf,0.5122427106404477
2024,Spanish_Grand_Prix,R,HAM,2.0,Mercedes,False,MEDIUM,Spanish_Grand_Prix,24,26.0,0,,1.9822091794809755,0.4647166344146943
2024,Spanish_Grand_Prix,R,HAM,3.0,Mercedes,False,SOFT,Spanish_Grand_Prix,21,25.0,0,,0.38130897410156944,0.26819697608457344
2024,Spanish_Grand_Prix,R,HUL,1.0,Haas F1 Team,False,SOFT,Spanish_Grand_Prix,9,11.0,0,,0.30015037593984834,0.5338478220353975
2024,Spanish_Grand_Prix,R,HUL,2.0,Haas F1 Team,False,MEDIUM,Spanish_Grand_Prix,24,25.0,0,,0.12576753143762126,0.441693337447704
2024,Spanish_Grand_Prix,R,HUL,3.0,Haas F1 Team,False,HARD,Spanish_Grand_Prix,23,27.0,0,,2.1808656201677157,0.44897560808918413
2024,Spanish_Grand_Prix,R,LEC,1.0,Ferrari,False,SOFT,Spanish_Grand_Prix,22,23.0,0,,1.8880742637001144,0.5771498065064927
2024,Spanish_Grand_Prix,R,LEC,2.0,Ferrari,False,MEDIUM,Spanish_Grand_Prix,21,22.0,0,,0.7460638776428165,0.4114000530824144
2024,Spanish_Grand_Prix,R,LEC,3.0,Ferrari,False,SOFT,Spanish_Grand_Prix,17,21.0,0,,1.9875401642270716,0.5461428641867991
2024,Spanish_Grand_Prix,R,MAG,1.0,Haas F1 Team,False,SOFT,Spanish_Grand_Prix,7,9.0,0,,-0.21361702127657967,0.9335801949758432
2024,Spanish_Grand_Prix,R,MAG,2.0,Haas F1 Team,False,MEDIUM,Spanish_Grand_Prix,17,18.0,0,,inf,0.4008406987917288
2024,Spanish_Grand_Prix,R,MAG,3.0,Haas F1 Team,False,HARD,Spanish_Grand_Prix,34,35.0,0,,0.22278180432739436,0.4798440780900836
2024,Spanish_Grand_Prix,R,NOR,1.0,McLaren,False,SOFT,Spanish_Grand_Prix,21,22.0,0,,0.6793961991821266,0.7680124690492386
2024,Spanish_Grand_Prix,R,NOR,2.0,McLaren,False,MEDIUM,Spanish_Grand_Prix,21,23.0,0,,-0.07875992438562764,0.621869325675421
2024,Spanish_Grand_Prix,R,NOR,3.0,McLaren,False,SOFT,Spanish_Grand_Prix,17,21.0,0,,3.2879926869925247,0.24567987428859714
2024,Spanish_Grand_Prix,R,OCO,1.0,Alpine,False,SOFT,Spanish_Grand_Prix,11,15.0,0,,inf,0.42208986676550714
2024,Spanish_Grand_Prix,R,OCO,2.0,Alpine,False,MEDIUM,Spanish_Grand_Prix,21,23.0,0,,-1.7525174889192239,0.5057194153601576
2024,Spanish_Grand_Prix,R,OCO,3.0,Alpine,False,HARD,Spanish_Grand_Prix,26,28.0,0,,50.01008403350779,0.6023888345371261
2024,Spanish_Grand_Prix,R,PER,1.0,Red Bull Racing,True,SOFT,Spanish_Grand_Prix,11,15.0,0,,inf,0.5197860216378738
2024,Spanish_Grand_Prix,R,PER,2.0,Red Bull Racing,True,SOFT,Spanish_Grand_Prix,16,20.0,0,,1.484130267746396,0.2839874538827286
2024,Spanish_Grand_Prix,R,PER,3.0,Red Bull Racing,True,MEDIUM,Spanish_Grand_Prix,16,17.0,0,,0.18017675095987637,0.30438710402314817
2024,Spanish_Grand_Prix,R,PER,4.0,Red Bull Racing,True,SOFT,Spanish_Grand_Prix,15,19.0,0,,0.529237902057358,0.3955862778752888
2024,Spanish_Grand_Prix,R,PIA,1.0,McLaren,False,SOFT,Spanish_Grand_Prix,19,23.0,0,,0.693080384287976,0.3631377517342049
2024,Spanish_Grand_Prix,R,PIA,2.0,McLaren,False,MEDIUM,Spanish_Grand_Prix,23,24.0,0,,1.0922283619652253,0.45196912618928653
2024,Spanish_Grand_Prix,R,PIA,3.0,McLaren,False,SOFT,Spanish_Grand_Prix,17,22.0,0,,1922.6204081971389,0.7203280449856706
2024,Spanish_Grand_Prix,R,RIC,1.0,RB,False,SOFT,Spanish_Grand_Prix,12,15.0,0,,0.02434629246221519,0.6574594008479824
2024,Spanish_Grand_Prix,R,RIC,2.0,RB,False,MEDIUM,Spanish_Grand_Prix,24,25.0,0,,5.795117428923605,0.27451190039722906
2024,Spanish_Grand_Prix,R,RIC,3.0,RB,False,HARD,Spanish_Grand_Prix,15,22.0,0,,0.6031452358927378,0.3427110734587545
2024,Spanish_Grand_Prix,R,RUS,1.0,Mercedes,False,SOFT,Spanish_Grand_Prix,13,17.0,0,,0.07985739750445754,0.4795705261887182
2024,Spanish_Grand_Prix,R,RUS,2.0,Mercedes,False,MEDIUM,Spanish_Grand_Prix,18,20.0,0,,14.432387312188181,0.4335710373369063
2024,Spanish_Grand_Prix,R,RUS,3.0,Mercedes,False,HARD,Spanish_Grand_Prix,27,29.0,0,,0.26533406196908,0.16330359957203497
2024,Spanish_Grand_Prix,R,SAI,1.0,Ferrari,False,SOFT,Spanish_Grand_Prix,12,14.0,0,,0.14122980355690282,0.636464296555712
2024,Spanish_Grand_Prix,R,SAI,2.0,Ferrari,False,MEDIUM,Spanish_Grand_Prix,17,20.0,0,,-3.412240939254376,0.31556853312920735
2024,Spanish_Grand_Prix,R,SAI,3.0,Ferrari,False,HARD,Spanish_Grand_Prix,28,29.0,0,,1.4880758807588668,0.24913111160475176
2024,Spanish_Grand_Prix,R,SAR,1.0,Williams,False,SOFT,Spanish_Grand_Prix,11,13.0,0,,-0.6582892416225653,0.6533451775283629
2024,Spanish_Grand_Prix,R,SAR,2.0,Williams,False,MEDIUM,Spanish_Grand_Prix,18,19.0,0,,0.032385148707319775,0.6108135446880317
2024,Spanish_Grand_Prix,R,SAR,3.0,Williams,False,HARD,Spanish_Grand_Prix,27,29.0,0,,-14.25198963153211,0.2639193910157408
2024,Spanish_Grand_Prix,R,STR,1.0,Aston Martin,False,SOFT,Spanish_Grand_Prix,14,16.0,0,,0.1414937483373401,0.47355137411150544
2024,Spanish_Grand_Prix,R,STR,2.0,Aston Martin,False,MEDIUM,Spanish_Grand_Prix,18,20.0,0,,0.23611682435213543,0.2788973179396021
2024,Spanish_Grand_Prix,R,STR,3.0,Aston Martin,False,HARD,Spanish_Grand_Prix,22,28.0,0,,inf,0.18180922043757852
2024,Spanish_Grand_Prix,R,TSU,1.0,RB,False,SOFT,Spanish_Grand_Prix,6,8.0,0,,,
2024,Spanish_Grand_Prix,R,TSU,2.0,RB,False,MEDIUM,Spanish_Grand_Prix,16,17.0,0,,-16.716012084592787,0.2588455011355051
2024,Spanish_Grand_Prix,R,TSU,3.0,RB,False,HARD,Spanish_Grand_Prix,13,16.0,0,,-1.0359898973139132,0.3402422075769015
2024,Spanish_Grand_Prix,R,TSU,4.0,RB,False,SOFT,Spanish_Grand_Prix,15,20.0,0,,inf,0.23220169870508225
2024,Spanish_Grand_Prix,R,VER,1.0,Red Bull Racing,True,SOFT,Spanish_Grand_Prix,15,19.0,0,,0.04543325526931981,0.5854509591605541
2024,Spanish_Grand_Prix,R,VER,2.0,Red Bull Racing,True,MEDIUM,Spanish_Grand_Prix,25,26.0,0,,0.05753801653778159,0.30926478819133646
2024,Spanish_Grand_Prix,R,VER,3.0,Red Bull Racing,True,SOFT,Spanish_Grand_Prix,20,18.0,1,18.0,35.96952581110203,0.7381271345687308
2024,Spanish_Grand_Prix,R,ZHO,1.0,Kick Sauber,False,SOFT,Spanish_Grand_Prix,6,8.0,0,,,
2024,Spanish_Grand_Prix,R,ZHO,2.0,Kick Sauber,False,MEDIUM,Spanish_Grand_Prix,29,31.0,0,,0.4893829006040546,0.5062910030493489
2024,Spanish_Grand_Prix,R,ZHO,3.0,Kick Sauber,False,HARD,Spanish_Grand_Prix,22,23.0,0,,inf,0.462602686050892
2024,São_Paulo_Grand_Prix,R,ALO,1.0,Aston Martin,False,INTERMEDIATE,São_Paulo_Grand_Prix,20,26.0,0,,0.8342848986582792,0.27483334680433835
2024,São_Paulo_Grand_Prix,R,ALO,3.0,Aston Martin,False,INTERMEDIATE,São_Paulo_Grand_Prix,25,36.0,0,,inf,0.3244569667578227
2024,São_Paulo_Grand_Prix,R,BEA,1.0,Haas F1 Team,False,INTERMEDIATE,São_Paulo_Grand_Prix,21,26.0,0,,-0.3178017779737383,0.26805322463607495
2024,São_Paulo_Grand_Prix,R,BEA,3.0,Haas F1 Team,False,INTERMEDIATE,São_Paulo_Grand_Prix,24,36.0,0,,inf,0.18746611824043902
2024,São_Paulo_Grand_Prix,R,BOT,1.0,Kick Sauber,False,INTERMEDIATE,São_Paulo_Grand_Prix,20,26.0,0,,inf,0.528482501112658
2024,São_Paulo_Grand_Prix,R,BOT,2.0,Kick Sauber,False,INTERMEDIATE,São_Paulo_Grand_Prix,25,36.0,0,,inf,0.7411396561074639
2024,São_Paulo_Grand_Prix,R,COL,1.0,Williams,False,INTERMEDIATE,São_Paulo_Grand_Prix,19,25.0,0,,inf,0.25479333328103476
2024,São_Paulo_Grand_Prix,R,GAS,1.0,Alpine,False,INTERMEDIATE,São_Paulo_Grand_Prix,21,23.0,1,23.0,inf,0.47770777793196517
2024,São_Paulo_Grand_Prix,R,GAS,2.0,Alpine,False,INTERMEDIATE,São_Paulo_Grand_Prix,25,36.0,0,,inf,0.7478202012165543
2024,São_Paulo_Grand_Prix,R,HAM,1.0,Mercedes,False,INTERMEDIATE,São_Paulo_Grand_Prix,19,26.0,0,,1.4053818704406307,0.39375076426448896
2024,São_Paulo_Grand_Prix,R,HAM,3.0,Mercedes,False,INTERMEDIATE,São_Paulo_Grand_Prix,25,36.0,0,,inf,0.32733359968484294
2024,São_Paulo_Grand_Prix,R,HUL,1.0,Haas F1 Team,False,INTERMEDIATE,São_Paulo_Grand_Prix,20,24.0,0,,inf,0.2704613162392609
2024,São_Paulo_Grand_Prix,R,LAW,1.0,RB,False,INTERMEDIATE,São_Paulo_Grand_Prix,23,26.0,1,26.0,inf,0.6578360386120637
2024,São_Paulo_Grand_Prix,R,LAW,3.0,RB,False,INTERMEDIATE,São_Paulo_Grand_Prix,25,39.0,0,,inf,0.5704998214428678
2024,São_Paulo_Grand_Prix,R,LEC,1.0,Ferrari,False,INTERMEDIATE,São_Paulo_Grand_Prix,20,25.0,0,,inf,0.3269730774916702
2024,São_Paulo_Grand_Prix,R,LEC,3.0,Ferrari,False,INTERMEDIATE,São_Paulo_Grand_Prix,25,39.0,0,,-0.12236089394026442,0.6318342694355411
2024,São_Paulo_Grand_Prix,R,NOR,1.0,McLaren,False,INTERMEDIATE,São_Paulo_Grand_Prix,25,27.0,1,27.0,inf,0.8080212045736666
2024,São_Paulo_Grand_Prix,R,NOR,3.0,McLaren,False,INTERMEDIATE,São_Paulo_Grand_Prix,25,40.0,0,,inf,0.45895431541867887
2024,São_Paulo_Grand_Prix,R,OCO,1.0,Alpine,False,INTERMEDIATE,São_Paulo_Grand_Prix,23,28.0,0,,inf,0.6225755473449851
2024,São_Paulo_Grand_Prix,R,OCO,2.0,Alpine,False,INTERMEDIATE,São_Paulo_Grand_Prix,26,38.0,0,,inf,0.609539995806026
2024,São_Paulo_Grand_Prix,R,PER,1.0,Red Bull Racing,True,INTERMEDIATE,São_Paulo_Grand_Prix,22,26.0,0,,inf,0.5789110367642275
2024,São_Paulo_Grand_Prix,R,PER,3.0,Red Bull Racing,True,INTERMEDIATE,São_Paulo_Grand_Prix,25,36.0,0,,inf,0.17326945459899085
2024,São_Paulo_Grand_Prix,R,PIA,1.0,McLaren,False,INTERMEDIATE,São_Paulo_Grand_Prix,23,26.0,1,26.0,inf,0.7106457566590154
2024,São_Paulo_Grand_Prix,R,PIA,3.0,McLaren,False,INTERMEDIATE,São_Paulo_Grand_Prix,25,38.0,0,,inf,0.29747024592866983
2024,São_Paulo_Grand_Prix,R,RUS,1.0,Mercedes,False,INTERMEDIATE,São_Paulo_Grand_Prix,25,27.0,1,27.0,inf,0.7519230363977092
2024,São_Paulo_Grand_Prix,R,RUS,3.0,Mercedes,False,INTERMEDIATE,São_Paulo_Grand_Prix,25,39.0,0,,inf,0.8774680885298581
2024,São_Paulo_Grand_Prix,R,SAI,1.0,Ferrari,False,INTERMEDIATE,São_Paulo_Grand_Prix,20,26.0,0,,inf,0.39085073341821913
2024,São_Paulo_Grand_Prix,R,TSU,1.0,RB,False,INTERMEDIATE,São_Paulo_Grand_Prix,24,25.0,1,25.0,inf,0.6447885900938848
2024,São_Paulo_Grand_Prix,R,TSU,3.0,RB,False,INTERMEDIATE,São_Paulo_Grand_Prix,25,39.0,0,,inf,0.5983739035973876
2024,São_Paulo_Grand_Prix,R,VER,1.0,Red Bull Racing,True,INTERMEDIATE,São_Paulo_Grand_Prix,21,26.0,0,,inf,0.21924197439494642
2024,São_Paulo_Grand_Prix,R,VER,2.0,Red Bull Racing,True,INTERMEDIATE,São_Paulo_Grand_Prix,25,36.0,0,,inf,0.38383000391140015
2024,São_Paulo_Grand_Prix,R,ZHO,1.0,Kick Sauber,False,INTERMEDIATE,São_Paulo_Grand_Prix,21,26.0,0,,inf,0.4805618681833296
2024,São_Paulo_Grand_Prix,R,ZHO,5.0,Kick Sauber,False,INTERMEDIATE,São_Paulo_Grand_Prix,24,37.0,0,,inf,0.2909975035858868
2024,São_Paulo_Grand_Prix,S,ALB,1.0,Williams,False,MEDIUM,São_Paulo_Grand_Prix,18,24.0,0,,inf,0.15637145156423138
2024,São_Paulo_Grand_Prix,S,ALO,1.0,Aston Martin,False,MEDIUM,São_Paulo_Grand_Prix,18,27.0,0,,inf,0.4382354044300776
2024,São_Paulo_Grand_Prix,S,BEA,1.0,Haas F1 Team,False,MEDIUM,São_Paulo_Grand_Prix,20,27.0,0,,25.561006114510686,0.5091500430177701
2024,São_Paulo_Grand_Prix,S,BOT,1.0,Kick Sauber,False,MEDIUM,São_Paulo_Grand_Prix,19,27.0,0,,0.0872157235318737,0.4152776207686881
2024,São_Paulo_Grand_Prix,S,COL,1.0,Williams,False,MEDIUM,São_Paulo_Grand_Prix,18,24.0,0,,inf,0.719413909588901
2024,São_Paulo_Grand_Prix,S,GAS,1.0,Alpine,False,MEDIUM,São_Paulo_Grand_Prix,17,21.0,0,,13.082120699379296,0.3264699351189366
2024,São_Paulo_Grand_Prix,S,HAM,1.0,Mercedes,False,MEDIUM,São_Paulo_Grand_Prix,19,28.0,0,,inf,0.4696332354057799
2024,São_Paulo_Grand_Prix,S,HUL,1.0,Haas F1 Team,False,MEDIUM,São_Paulo_Grand_Prix,17,24.0,0,,inf,0.6652553540223665
2024,São_Paulo_Grand_Prix,S,LAW,1.0,RB,False,MEDIUM,São_Paulo_Grand_Prix,18,21.0,0,,inf,0.4372224702020363
2024,São_Paulo_Grand_Prix,S,LEC,1.0,Ferrari,False,MEDIUM,São_Paulo_Grand_Prix,20,24.0,1,24.0,20.191216478827375,0.35235127543090283
2024,São_Paulo_Grand_Prix,S,NOR,1.0,McLaren,False,MEDIUM,São_Paulo_Grand_Prix,20,24.0,0,,inf,0.5224288377230231
2024,São_Paulo_Grand_Prix,S,OCO,1.0,Alpine,False,MEDIUM,São_Paulo_Grand_Prix,19,27.0,0,,inf,0.6536646811671631
2024,São_Paulo_Grand_Prix,S,PER,1.0,Red Bull Racing,True,MEDIUM,São_Paulo_Grand_Prix,19,25.0,0,,inf,0.142513169372701
2024,São_Paulo_Grand_Prix,S,PIA,1.0,McLaren,False,MEDIUM,São_Paulo_Grand_Prix,20,25.0,0,,inf,0.42666716162004126
2024,São_Paulo_Grand_Prix,S,RUS,1.0,Mercedes,False,MEDIUM,São_Paulo_Grand_Prix,20,27.0,0,,inf,0.42130901677370575
2024,São_Paulo_Grand_Prix,S,SAI,1.0,Ferrari,False,MEDIUM,São_Paulo_Grand_Prix,19,24.0,0,,0.0484899034240566,0.29265431174336637
2024,São_Paulo_Grand_Prix,S,STR,1.0,Aston Martin,False,MEDIUM,São_Paulo_Grand_Prix,20,27.0,0,,4.405464434071289,0.26431293220411195
2024,São_Paulo_Grand_Prix,S,TSU,1.0,RB,False,MEDIUM,São_Paulo_Grand_Prix,18,24.0,0,,8.425251373484357,0.582180751172032
2024,São_Paulo_Grand_Prix,S,VER,1.0,Red Bull Racing,True,MEDIUM,São_Paulo_Grand_Prix,20,24.0,0,,83.26315789477069,0.20562027372935954
2024,São_Paulo_Grand_Prix,S,ZHO,1.0,Kick Sauber,False,MEDIUM,São_Paulo_Grand_Prix,20,26.0,0,,7.053534678604692,0.22582520531243686
2024,United_States_Grand_Prix,R,ALB,2.0,Williams,False,MEDIUM,United_States_Grand_Prix,25,29.0,0,,inf,0.46836495317097904
2024,United_States_Grand_Prix,R,ALB,3.0,Williams,False,HARD,United_States_Grand_Prix,19,21.0,0,,inf,0.5132361784153762
2024,United_States_Grand_Prix,R,ALO,1.0,Aston Martin,False,MEDIUM,United_States_Grand_Prix,19,25.0,0,,0.05618339069979377,0.25720941857938323
2024,United_States_Grand_Prix,R,ALO,2.0,Aston Martin,False,HARD,United_States_Grand_Prix,25,29.0,0,,inf,0.47345037857605227
2024,United_States_Grand_Prix,R,BOT,1.0,Kick Sauber,False,MEDIUM,United_States_Grand_Prix,8,11.0,1,11.0,inf,0.2098483449518425
2024,United_States_Grand_Prix,R,BOT,2.0,Kick Sauber,False,HARD,United_States_Grand_Prix,38,39.0,0,,-34.188914164145956,0.4811549511006844
2024,United_States_Grand_Prix,R,COL,1.0,Williams,False,HARD,United_States_Grand_Prix,31,38.0,0,,-0.42253611427534826,0.29553050368432865
2024,United_States_Grand_Prix,R,COL,2.0,Williams,False,MEDIUM,United_States_Grand_Prix,13,16.0,0,,inf,0.3631942897110123
2024,United_States_Grand_Prix,R,GAS,1.0,Alpine,False,MEDIUM,United_States_Grand_Prix,12,11.0,1,11.0,inf,0.8018704270831596
2024,United_States_Grand_Prix,R,GAS,2.0,Alpine,False,HARD,United_States_Grand_Prix,28,37.0,0,,inf,0.27241354071663887
2024,United_States_Grand_Prix,R,HUL,1.0,Haas F1 Team,False,MEDIUM,United_States_Grand_Prix,20,26.0,0,,0.0938629879797443,0.602018519177868
2024,United_States_Grand_Prix,R,HUL,2.0,Haas F1 Team,False,HARD,United_States_Grand_Prix,25,28.0,0,,inf,0.22223914270000678
2024,United_States_Grand_Prix,R,LAW,1.0,RB,False,HARD,United_States_Grand_Prix,29,35.0,0,,inf,0.21523060745971787
2024,United_States_Grand_Prix,R,LAW,2.0,RB,False,MEDIUM,United_States_Grand_Prix,16,19.0,0,,inf,0.40978568140012195
2024,United_States_Grand_Prix,R,LEC,1.0,Ferrari,False,MEDIUM,United_States_Grand_Prix,20,25.0,0,,-0.049856026326704966,0.12654520813898829
2024,United_States_Grand_Prix,R,LEC,2.0,Ferrari,False,HARD,United_States_Grand_Prix,25,29.0,0,,inf,0.29949485561280326
2024,United_States_Grand_Prix,R,MAG,1.0,Haas F1 Team,False,MEDIUM,United_States_Grand_Prix,10,10.0,1,10.0,inf,0.6029313863698323
2024,United_States_Grand_Prix,R,MAG,2.0,Haas F1 Team,False,HARD,United_States_Grand_Prix,16,20.0,0,,inf,0.30322839852938865
2024,United_States_Grand_Prix,R,MAG,3.0,Haas F1 Team,False,MEDIUM,United_States_Grand_Prix,14,17.0,0,,-8.642424242419345,0.5772012170759155
2024,United_States_Grand_Prix,R,NOR,1.0,McLaren,False,MEDIUM,United_States_Grand_Prix,25,30.0,0,,inf,0.33399113218088533
2024,United_States_Grand_Prix,R,NOR,2.0,McLaren,False,HARD,United_States_Grand_Prix,22,24.0,0,,-14.443765281171935,0.6285974789533594
2024,United_States_Grand_Prix,R,OCO,1.0,Alpine,False,MEDIUM,United_States_Grand_Prix,25,30.0,0,,-0.5287049584787973,0.34790913252441136
2024,United_States_Grand_Prix,R,OCO,2.0,Alpine,False,HARD,United_States_Grand_Prix,17,19.0,0,,inf,0.32906309147752427
2024,United_States_Grand_Prix,R,PER,1.0,Red Bull Racing,True,MEDIUM,United_States_Grand_Prix,19,25.0,0,,0.84346064814786,0.4257354785218339
2024,United_States_Grand_Prix,R,PER,2.0,Red Bull Racing,True,HARD,United_States_Grand_Prix,26,29.0,0,,inf,0.4555961097820947
2024,United_States_Grand_Prix,R,PIA,1.0,McLaren,False,MEDIUM,United_States_Grand_Prix,24,31.0,0,,inf,0.4739932248664309
2024,United_States_Grand_Prix,R,PIA,2.0,McLaren,False,HARD,United_States_Grand_Prix,21,23.0,0,,0.0690211019929524,0.24550255270102994
2024,United_States_Grand_Prix,R,RUS,1.0,Mercedes,False,HARD,United_States_Grand_Prix,28,39.0,0,,inf,0.5206195274323463
2024,United_States_Grand_Prix,R,RUS,2.0,Mercedes,False,MEDIUM,United_States_Grand_Prix,14,15.0,0,,-11.47826086956581,0.45169341200196317
2024,United_States_Grand_Prix,R,SAI,1.0,Ferrari,False,MEDIUM,United_States_Grand_Prix,16,20.0,0,,inf,0.3817242556910772
2024,United_States_Grand_Prix,R,SAI,2.0,Ferrari,False,HARD,United_States_Grand_Prix,29,22.0,1,22.0,inf,0.5627058765532907
2024,United_States_Grand_Prix,R,STR,1.0,Aston Martin,False,HARD,United_States_Grand_Prix,20,27.0,0,,29.219754092791373,0.2518380862470272
2024,United_States_Grand_Prix,R,STR,2.0,Aston Martin,False,MEDIUM,United_States_Grand_Prix,24,27.0,0,,inf,0.3919207863318846
2024,United_States_Grand_Prix,R,TSU,1.0,RB,False,MEDIUM,United_States_Grand_Prix,11,17.0,0,,inf,0.5598223718502623
2024,United_States_Grand_Prix,R,TSU,2.0,RB,False,HARD,United_States_Grand_Prix,29,36.0,0,,inf,0.39774237298239645
2024,United_States_Grand_Prix,R,VER,1.0,Red Bull Racing,True,MEDIUM,United_States_Grand_Prix,20,24.0,0,,28.8271080789323,0.32144000015081226
2024,United_States_Grand_Prix,R,VER,2.0,Red Bull Racing,True,HARD,United_States_Grand_Prix,28,30.0,0,,inf,0.6973314416871537
2024,United_States_Grand_Prix,R,ZHO,1.0,Kick Sauber,False,MEDIUM,United_States_Grand_Prix,5,12.0,0,,,
2024,United_States_Grand_Prix,R,ZHO,2.0,Kick Sauber,False,MEDIUM,United_States_Grand_Prix,20,21.0,0,,-0.22685536500226489,0.25725571833529065
2024,United_States_Grand_Prix,R,ZHO,3.0,Kick Sauber,False,HARD,United_States_Grand_Prix,15,19.0,0,,inf,0.477921907154462
2024,United_States_Grand_Prix,S,ALB,1.0,Williams,False,MEDIUM,United_States_Grand_Prix,14,18.0,0,,inf,0.5666831494379508
2024,United_States_Grand_Prix,S,ALO,1.0,Aston Martin,False,MEDIUM,United_States_Grand_Prix,14,21.0,0,,inf,0.7047017614120851
2024,United_States_Grand_Prix,S,BOT,1.0,Kick Sauber,False,MEDIUM,United_States_Grand_Prix,17,24.0,0,,inf,0.30653834183995987
2024,United_States_Grand_Prix,S,COL,1.0,Williams,False,MEDIUM,United_States_Grand_Prix,17,22.0,0,,inf,0.6229673255728168
2024,United_States_Grand_Prix,S,GAS,1.0,Alpine,False,MEDIUM,United_States_Grand_Prix,16,21.0,0,,inf,0.48969072524383683
2024,United_States_Grand_Prix,S,HAM,1.0,Mercedes,False,MEDIUM,United_States_Grand_Prix,17,22.0,0,,0.06842045583398794,0.311683669368927
2024,United_States_Grand_Prix,S,HUL,1.0,Haas F1 Team,False,MEDIUM,United_States_Grand_Prix,16,23.0,0,,-0.1449109657202111,0.22413730808549517
2024,United_States_Grand_Prix,S,LAW,1.0,RB,False,MEDIUM,United_States_Grand_Prix,14,21.0,0,,inf,0.6277249311563236
2024,United_States_Grand_Prix,S,LEC,1.0,Ferrari,False,MEDIUM,United_States_Grand_Prix,17,21.0,0,,-0.12641307110863634,0.349851321980059
2024,United_States_Grand_Prix,S,MAG,1.0,Haas F1 Team,False,MEDIUM,United_States_Grand_Prix,16,23.0,0,,inf,0.6958222454596048
2024,United_States_Grand_Prix,S,NOR,1.0,McLaren,False,MEDIUM,United_States_Grand_Prix,17,23.0,0,,0.05870207378825895,0.40730154971369964
2024,United_States_Grand_Prix,S,OCO,1.0,Alpine,False,MEDIUM,United_States_Grand_Prix,13,9.0,1,9.0,inf,0.2918280117381161
2024,United_States_Grand_Prix,S,PER,1.0,Red Bull Racing,True,MEDIUM,United_States_Grand_Prix,16,21.0,0,,-1.2754365541326813,0.7470650126592496
2024,United_States_Grand_Prix,S,PIA,1.0,McLaren,False,MEDIUM,United_States_Grand_Prix,12,18.0,0,,-7.1686274509807095,0.8532090336009976
2024,United_States_Grand_Prix,S,RUS,1.0,Mercedes,False,MEDIUM,United_States_Grand_Prix,17,23.0,0,,-1.9731382378178237,0.7511115420669664
2024,United_States_Grand_Prix,S,SAI,1.0,Ferrari,False,MEDIUM,United_States_Grand_Prix,17,21.0,0,,-0.8201335387774032,0.1977185760196683
2024,United_States_Grand_Prix,S,STR,1.0,Aston Martin,False,MEDIUM,United_States_Grand_Prix,17,21.0,0,,inf,0.5068043795062473
2024,United_States_Grand_Prix,S,TSU,1.0,RB,False,MEDIUM,United_States_Grand_Prix,16,18.0,0,,-4.849426485923503,0.5481267821224056
2024,United_States_Grand_Prix,S,VER,1.0,Red Bull Racing,True,MEDIUM,United_States_Grand_Prix,17,21.0,0,,inf,0.2504094595865738
2024,United_States_Grand_Prix,S,ZHO,1.0,Kick Sauber,False,MEDIUM,United_States_Grand_Prix,14,18.0,0,,-1.12371198013647,0.5318522244246655
2025,Abu_Dhabi_Grand_Prix,R,ALB,1.0,Williams,False,SOFT,Abu_Dhabi_Grand_Prix,5,7.0,0,,,
2025,Abu_Dhabi_Grand_Prix,R,ALB,2.0,Williams,False,HARD,Abu_Dhabi_Grand_Prix,23,24.0,0,,0.2802834966696112,0.36490981088442337
2025,Abu_Dhabi_Grand_Prix,R,ALB,3.0,Williams,False,MEDIUM,Abu_Dhabi_Grand_Prix,23,24.0,0,,inf,0.3014679668936565
2025,Abu_Dhabi_Grand_Prix,R,ALO,1.0,Aston Martin,False,MEDIUM,Abu_Dhabi_Grand_Prix,14,16.0,0,,-0.1419636363636478,0.282557965010431
2025,Abu_Dhabi_Grand_Prix,R,ALO,2.0,Aston Martin,False,HARD,Abu_Dhabi_Grand_Prix,34,42.0,0,,-4.3992107836914,0.3735619103468119
2025,Abu_Dhabi_Grand_Prix,R,ANT,1.0,Mercedes,False,HARD,Abu_Dhabi_Grand_Prix,28,31.0,0,,0.7000952939055608,0.514067187831826
2025,Abu_Dhabi_Grand_Prix,R,ANT,2.0,Mercedes,False,MEDIUM,Abu_Dhabi_Grand_Prix,24,25.0,0,,0.44648855558159245,0.6078303281908585
2025,Abu_Dhabi_Grand_Prix,R,BEA,1.0,Haas F1 Team,False,MEDIUM,Abu_Dhabi_Grand_Prix,11,10.0,1,10.0,inf,0.6626695700183348
2025,Abu_Dhabi_Grand_Prix,R,BEA,2.0,Haas F1 Team,False,HARD,Abu_Dhabi_Grand_Prix,40,43.0,0,,-0.5170044219625587,0.30149698329606733
2025,Abu_Dhabi_Grand_Prix,R,BOR,1.0,Kick Sauber,False,MEDIUM,Abu_Dhabi_Grand_Prix,12,14.0,0,,1.2010463378175702,0.5913163149030717
2025,Abu_Dhabi_Grand_Prix,R,BOR,2.0,Kick Sauber,False,HARD,Abu_Dhabi_Grand_Prix,38,42.0,0,,5.7989661150921386,0.3772640887769935
2025,Abu_Dhabi_Grand_Prix,R,COL,1.0,Alpine,False,MEDIUM,Abu_Dhabi_Grand_Prix,12,14.0,0,,inf,0.6130369638910333
2025,Abu_Dhabi_Grand_Prix,R,COL,2.0,Alpine,False,HARD,Abu_Dhabi_Grand_Prix,23,21.0,1,21.0,27.361099627947407,0.7015435006452266
2025,Abu_Dhabi_Grand_Prix,R,COL,3.0,Alpine,False,MEDIUM,Abu_Dhabi_Grand_Prix,15,16.0,0,,0.26803697061661746,0.5656477079561888
2025,Abu_Dhabi_Grand_Prix,R,GAS,1.0,Alpine,False,MEDIUM,Abu_Dhabi_Grand_Prix,10,12.0,0,,inf,0.877953461384576
2025,Abu_Dhabi_Grand_Prix,R,GAS,2.0,Alpine,False,HARD,Abu_Dhabi_Grand_Prix,25,26.0,0,,0.49133164651858485,0.23376291134998206
2025,Abu_Dhabi_Grand_Prix,R,GAS,3.0,Alpine,False,MEDIUM,Abu_Dhabi_Grand_Prix,15,19.0,0,,inf,0.6632955324055871
2025,Abu_Dhabi_Grand_Prix,R,HAD,1.0,Racing Bulls,False,MEDIUM,Abu_Dhabi_Grand_Prix,12,13.0,0,,15.734328358212796,0.5815788282749149
2025,Abu_Dhabi_Grand_Prix,R,HAD,2.0,Racing Bulls,False,HARD,Abu_Dhabi_Grand_Prix,37,42.0,0,,-0.14418013317495398,0.27179852598242255
2025,Abu_Dhabi_Grand_Prix,R,HAM,1.0,Ferrari,False,SOFT,Abu_Dhabi_Grand_Prix,5,7.0,0,,,
2025,Abu_Dhabi_Grand_Prix,R,HAM,2.0,Ferrari,False,HARD,Abu_Dhabi_Grand_Prix,19,22.0,0,,-0.7100968953779069,0.691482860159124
2025,Abu_Dhabi_Grand_Prix,R,HAM,3.0,Ferrari,False,MEDIUM,Abu_Dhabi_Grand_Prix,24,8.0,1,8.0,inf,0.20607186379044345
2025,Abu_Dhabi_Grand_Prix,R,HUL,1.0,Kick Sauber,False,SOFT,Abu_Dhabi_Grand_Prix,4,6.0,0,,,
2025,Abu_Dhabi_Grand_Prix,R,HUL,2.0,Kick Sauber,False,HARD,Abu_Dhabi_Grand_Prix,31,34.0,0,,0.5837399487590649,0.5961176662316218
2025,Abu_Dhabi_Grand_Prix,R,HUL,3.0,Kick Sauber,False,MEDIUM,Abu_Dhabi_Grand_Prix,13,15.0,0,,1.708538888692401,0.2927908300845308
2025,Abu_Dhabi_Grand_Prix,R,LAW,1.0,Racing Bulls,False,MEDIUM,Abu_Dhabi_Grand_Prix,18,20.0,0,,inf,0.6392757108071
2025,Abu_Dhabi_Grand_Prix,R,LAW,2.0,Racing Bulls,False,HARD,Abu_Dhabi_Grand_Prix,33,35.0,0,,inf,0.45544578970206806
2025,Abu_Dhabi_Grand_Prix,R,LEC,1.0,Ferrari,False,MEDIUM,Abu_Dhabi_Grand_Prix,14,11.0,1,11.0,inf,0.6298737207606092
2025,Abu_Dhabi_Grand_Prix,R,LEC,2.0,Ferrari,False,HARD,Abu_Dhabi_Grand_Prix,17,22.0,0,,inf,0.5933400265355457
2025,Abu_Dhabi_Grand_Prix,R,LEC,3.0,Ferrari,False,MEDIUM,Abu_Dhabi_Grand_Prix,16,21.0,0,,-5.815478700970201,0.6626167172262222
2025,Abu_Dhabi_Grand_Prix,R,NOR,1.0,McLaren,False,MEDIUM,Abu_Dhabi_Grand_Prix,14,15.0,0,,inf,0.4427378848553017
2025,Abu_Dhabi_Grand_Prix,R,NOR,2.0,McLaren,False,HARD,Abu_Dhabi_Grand_Prix,18,23.0,0,,inf,0.6056725965507256
2025,Abu_Dhabi_Grand_Prix,R,NOR,3.0,McLaren,False,HARD,Abu_Dhabi_Grand_Prix,14,14.0,1,14.0,21.16516329704701,0.8274317505166835
2025,Abu_Dhabi_Grand_Prix,R,OCO,1.0,Haas F1 Team,False,MEDIUM,Abu_Dhabi_Grand_Prix,17,11.0,1,11.0,inf,0.35729852185303684
2025,Abu_Dhabi_Grand_Prix,R,OCO,2.0,Haas F1 Team,False,HARD,Abu_Dhabi_Grand_Prix,37,38.0,0,,-0.17226852781683022,0.6837880809633976
2025,Abu_Dhabi_Grand_Prix,R,PIA,1.0,McLaren,False,HARD,Abu_Dhabi_Grand_Prix,37,40.0,0,,inf,0.4844524333504844
2025,Abu_Dhabi_Grand_Prix,R,PIA,2.0,McLaren,False,MEDIUM,Abu_Dhabi_Grand_Prix,14,10.0,1,10.0,14.24764890282278,0.5488489465423005
2025,Abu_Dhabi_Grand_Prix,R,RUS,1.0,Mercedes,False,MEDIUM,Abu_Dhabi_Grand_Prix,11,13.0,0,,inf,0.18233683813432275
2025,Abu_Dhabi_Grand_Prix,R,RUS,2.0,Mercedes,False,HARD,Abu_Dhabi_Grand_Prix,38,43.0,0,,-0.12868708856540834,0.2728973268955236
2025,Abu_Dhabi_Grand_Prix,R,SAI,1.0,Williams,False,MEDIUM,Abu_Dhabi_Grand_Prix,15,11.0,1,11.0,inf,0.30043911166552323
2025,Abu_Dhabi_Grand_Prix,R,SAI,2.0,Williams,False,HARD,Abu_Dhabi_Grand_Prix,38,39.0,0,,2.1921274207130446,0.28975236479064526
2025,Abu_Dhabi_Grand_Prix,R,STR,1.0,Aston Martin,False,HARD,Abu_Dhabi_Grand_Prix,39,42.0,0,,-0.0059856595442966554,0.6949109678247312
2025,Abu_Dhabi_Grand_Prix,R,STR,2.0,Aston Martin,False,MEDIUM,Abu_Dhabi_Grand_Prix,14,16.0,0,,inf,0.5279347309389515
2025,Abu_Dhabi_Grand_Prix,R,TSU,1.0,Red Bull Racing,True,HARD,Abu_Dhabi_Grand_Prix,29,31.0,0,,3.108764367815706,0.2673082909481189
2025,Abu_Dhabi_Grand_Prix,R,TSU,2.0,Red Bull Racing,True,MEDIUM,Abu_Dhabi_Grand_Prix,24,25.0,0,,4.6960520337231,0.4813099684269734
2025,Abu_Dhabi_Grand_Prix,R,VER,1.0,Red Bull Racing,True,MEDIUM,Abu_Dhabi_Grand_Prix,21,22.0,0,,-0.06522312373224802,0.5027410018007713
2025,Abu_Dhabi_Grand_Prix,R,VER,2.0,Red Bull Racing,True,HARD,Abu_Dhabi_Grand_Prix,31,27.0,1,27.0,inf,0.6328016402644607
2025,Australian_Grand_Prix,R,ALB,4.0,Williams,False,INTERMEDIATE,Australian_Grand_Prix,23,30.0,0,,inf,0.5412513271701873
2025,Australian_Grand_Prix,R,ALB,6.0,Williams,False,INTERMEDIATE,Australian_Grand_Prix,5,12.0,0,,,
2025,Australian_Grand_Prix,R,ALO,4.0,Aston Martin,False,INTERMEDIATE,Australian_Grand_Prix,23,32.0,0,,inf,0.5001336705738444
2025,Australian_Grand_Prix,R,ANT,4.0,Mercedes,False,INTERMEDIATE,Australian_Grand_Prix,23,32.0,0,,inf,0.24670948134645307
2025,Australian_Grand_Prix,R,ANT,6.0,Mercedes,False,INTERMEDIATE,Australian_Grand_Prix,4,12.0,0,,,
2025,Australian_Grand_Prix,R,BEA,4.0,Haas F1 Team,False,INTERMEDIATE,Australian_Grand_Prix,22,28.0,0,,inf,0.36159807317864856
2025,Australian_Grand_Prix,R,BEA,6.0,Haas F1 Team,False,INTERMEDIATE,Australian_Grand_Prix,5,12.0,0,,,
2025,Australian_Grand_Prix,R,BOR,4.0,Kick Sauber,False,INTERMEDIATE,Australian_Grand_Prix,24,32.0,0,,inf,0.5218438572869382
2025,Australian_Grand_Prix,R,GAS,4.0,Alpine,False,INTERMEDIATE,Australian_Grand_Prix,24,32.0,0,,inf,0.67249586772029
2025,Australian_Grand_Prix,R,GAS,6.0,Alpine,False,INTERMEDIATE,Australian_Grand_Prix,4,10.0,0,,,
2025,Australian_Grand_Prix,R,HAM,4.0,Ferrari,False,INTERMEDIATE,Australian_Grand_Prix,24,32.0,0,,inf,0.6453008244492309
2025,Australian_Grand_Prix,R,HAM,5.0,Ferrari,False,HARD,Australian_Grand_Prix,1,11.0,0,,,
2025,Australian_Grand_Prix,R,HAM,6.0,Ferrari,False,INTERMEDIATE,Australian_Grand_Prix,4,9.0,0,,,
2025,Australian_Grand_Prix,R,HUL,4.0,Kick Sauber,False,INTERMEDIATE,Australian_Grand_Prix,24,32.0,0,,inf,0.46086598367620496
2025,Australian_Grand_Prix,R,HUL,6.0,Kick Sauber,False,INTERMEDIATE,Australian_Grand_Prix,6,12.0,0,,,
2025,Australian_Grand_Prix,R,LAW,4.0,Red Bull Racing,True,INTERMEDIATE,Australian_Grand_Prix,23,31.0,0,,inf,0.48252296426368346
2025,Australian_Grand_Prix,R,LAW,5.0,Red Bull Racing,True,MEDIUM,Australian_Grand_Prix,3,11.0,0,,,
2025,Australian_Grand_Prix,R,LEC,4.0,Ferrari,False,INTERMEDIATE,Australian_Grand_Prix,24,32.0,0,,inf,0.45530492003210904
2025,Australian_Grand_Prix,R,LEC,5.0,Ferrari,False,HARD,Australian_Grand_Prix,2,10.0,0,,,
2025,Australian_Grand_Prix,R,LEC,6.0,Ferrari,False,INTERMEDIATE,Australian_Grand_Prix,4,9.0,0,,,
2025,Australian_Grand_Prix,R,NOR,4.0,McLaren,False,INTERMEDIATE,Australian_Grand_Prix,24,33.0,0,,inf,0.678840860870268
2025,Australian_Grand_Prix,R,NOR,6.0,McLaren,False,INTERMEDIATE,Australian_Grand_Prix,5,12.0,0,,,
2025,Australian_Grand_Prix,R,OCO,4.0,Haas F1 Team,False,INTERMEDIATE,Australian_Grand_Prix,22,28.0,0,,inf,0.4334681739543381
2025,Australian_Grand_Prix,R,OCO,6.0,Haas F1 Team,False,INTERMEDIATE,Australian_Grand_Prix,4,10.0,0,,,
2025,Australian_Grand_Prix,R,PIA,4.0,McLaren,False,INTERMEDIATE,Australian_Grand_Prix,25,33.0,0,,inf,0.6705707752681485
2025,Australian_Grand_Prix,R,PIA,6.0,McLaren,False,INTERMEDIATE,Australian_Grand_Prix,4,12.0,0,,,
2025,Australian_Grand_Prix,R,RUS,4.0,Mercedes,False,INTERMEDIATE,Australian_Grand_Prix,24,32.0,0,,inf,0.632264805493858
2025,Australian_Grand_Prix,R,RUS,6.0,Mercedes,False,INTERMEDIATE,Australian_Grand_Prix,5,12.0,0,,,
2025,Australian_Grand_Prix,R,STR,4.0,Aston Martin,False,INTERMEDIATE,Australian_Grand_Prix,23,28.0,0,,inf,0.45456873958361305
2025,Australian_Grand_Prix,R,STR,6.0,Aston Martin,False,INTERMEDIATE,Australian_Grand_Prix,5,12.0,0,,,
2025,Australian_Grand_Prix,R,TSU,4.0,Racing Bulls,False,INTERMEDIATE,Australian_Grand_Prix,24,32.0,0,,inf,0.5767321986525895
2025,Australian_Grand_Prix,R,TSU,5.0,Racing Bulls,False,MEDIUM,Australian_Grand_Prix,1,10.0,0,,,
2025,Australian_Grand_Prix,R,TSU,6.0,Racing Bulls,False,INTERMEDIATE,Australian_Grand_Prix,4,9.0,0,,,
2025,Australian_Grand_Prix,R,VER,4.0,Red Bull Racing,True,INTERMEDIATE,Australian_Grand_Prix,25,33.0,0,,inf,0.8224488956516754
2025,Australian_Grand_Prix,R,VER,6.0,Red Bull Racing,True,INTERMEDIATE,Australian_Grand_Prix,4,10.0,0,,,
2025,Austrian_Grand_Prix,R,ALB,1.0,Williams,False,MEDIUM,Austrian_Grand_Prix,8,12.0,0,,inf,0.4472883033429478
2025,Austrian_Grand_Prix,R,ALO,1.0,Aston Martin,False,MEDIUM,Austrian_Grand_Prix,28,33.0,0,,-15.06841211091684,0.40923035955705106
2025,Austrian_Grand_Prix,R,ALO,2.0,Aston Martin,False,HARD,Austrian_Grand_Prix,32,32.0,1,32.0,51.57240075614061,0.38162017910293466
2025,Austrian_Grand_Prix,R,BEA,1.0,Haas F1 Team,False,SOFT,Austrian_Grand_Prix,6,10.0,0,,,
2025,Austrian_Grand_Prix,R,BEA,2.0,Haas F1 Team,False,HARD,Austrian_Grand_Prix,25,27.0,0,,-0.26026705456559757,0.45343043204792594
2025,Austrian_Grand_Prix,R,BEA,3.0,Haas F1 Team,False,MEDIUM,Austrian_Grand_Prix,27,29.0,0,,2.0758407906696745,0.21047232101626356
2025,Austrian_Grand_Prix,R,BOR,1.0,Kick Sauber,False,MEDIUM,Austrian_Grand_Prix,16,9.0,1,9.0,inf,0.4513608039767377
2025,Austrian_Grand_Prix,R,BOR,2.0,Kick Sauber,False,MEDIUM,Austrian_Grand_Prix,26,27.0,0,,0.13772069093121864,0.4099102603081731
2025,Austrian_Grand_Prix,R,BOR,3.0,Kick Sauber,False,HARD,Austrian_Grand_Prix,17,16.0,1,16.0,inf,0.8733093744770396
2025,Austrian_Grand_Prix,R,COL,1.0,Alpine,False,SOFT,Austrian_Grand_Prix,7,12.0,0,,inf,0.6184034344469529
2025,Austrian_Grand_Prix,R,COL,2.0,Alpine,False,MEDIUM,Austrian_Grand_Prix,23,25.0,0,,0.7393259160930272,0.2823972824117528
2025,Austrian_Grand_Prix,R,COL,3.0,Alpine,False,HARD,Austrian_Grand_Prix,26,29.0,0,,-7.9344702584499105,0.2823328445702262
2025,Austrian_Grand_Prix,R,GAS,1.0,Alpine,False,SOFT,Austrian_Grand_Prix,8,14.0,0,,inf,0.5629772593403127
2025,Austrian_Grand_Prix,R,GAS,2.0,Alpine,False,HARD,Austrian_Grand_Prix,22,25.0,0,,-3.6095318214422294,0.21913210605251296
2025,Austrian_Grand_Prix,R,GAS,3.0,Alpine,False,MEDIUM,Austrian_Grand_Prix,28,30.0,0,,1.2483170496078277,0.2953465641789541
2025,Austrian_Grand_Prix,R,HAD,2.0,Racing Bulls,False,MEDIUM,Austrian_Grand_Prix,21,25.0,0,,-0.5295351473922956,0.516591316106058
2025,Austrian_Grand_Prix,R,HAD,3.0,Racing Bulls,False,HARD,Austrian_Grand_Prix,38,23.0,1,23.0,inf,0.2508087567611715
2025,Austrian_Grand_Prix,R,HAM,1.0,Ferrari,False,MEDIUM,Austrian_Grand_Prix,21,25.0,0,,inf,0.18217413797981413
2025,Austrian_Grand_Prix,R,HAM,2.0,Ferrari,False,HARD,Austrian_Grand_Prix,19,13.0,1,13.0,inf,0.38722194960949147
2025,Austrian_Grand_Prix,R,HAM,3.0,Ferrari,False,MEDIUM,Austrian_Grand_Prix,17,9.0,1,9.0,2.038795599305602,0.3712358938005024
2025,Austrian_Grand_Prix,R,HUL,1.0,Kick Sauber,False,SOFT,Austrian_Grand_Prix,6,11.0,0,,,
2025,Austrian_Grand_Prix,R,HUL,2.0,Kick Sauber,False,MEDIUM,Austrian_Grand_Prix,27,29.0,0,,-0.3003969379075498,0.44054903735948303
2025,Austrian_Grand_Prix,R,HUL,3.0,Kick Sauber,False,MEDIUM,Austrian_Grand_Prix,21,26.0,0,,inf,0.6036833307643314
2025,Austrian_Grand_Prix,R,LAW,1.0,Racing Bulls,False,MEDIUM,Austrian_Grand_Prix,27,31.0,0,,-20.232026787474553,0.532102117014333
2025,Austrian_Grand_Prix,R,LAW,2.0,Racing Bulls,False,HARD,Austrian_Grand_Prix,33,37.0,0,,inf,0.1708738944344547
2025,Austrian_Grand_Prix,R,LEC,1.0,Ferrari,False,MEDIUM,Austrian_Grand_Prix,20,24.0,0,,0.07706860499853689,0.438280131173407
2025,Austrian_Grand_Prix,R,LEC,2.0,Ferrari,False,HARD,Austrian_Grand_Prix,19,23.0,0,,inf,0.8097696414610007
2025,Austrian_Grand_Prix,R,LEC,3.0,Ferrari,False,MEDIUM,Austrian_Grand_Prix,17,14.0,1,14.0,inf,0.37318622513620864
2025,Austrian_Grand_Prix,R,NOR,1.0,McLaren,False,MEDIUM,Austrian_Grand_Prix,15,19.0,0,,-0.7433313574392967,0.3925338093451103
2025,Austrian_Grand_Prix,R,NOR,2.0,McLaren,False,HARD,Austrian_Grand_Prix,28,17.0,1,17.0,inf,0.28958226480799104
2025,Austrian_Grand_Prix,R,NOR,3.0,McLaren,False,MEDIUM,Austrian_Grand_Prix,14,17.0,0,,10.63617747440301,0.7388535958049587
2025,Austrian_Grand_Prix,R,OCO,1.0,Haas F1 Team,False,MEDIUM,Austrian_Grand_Prix,13,18.0,0,,inf,0.45764248832350907
2025,Austrian_Grand_Prix,R,OCO,2.0,Haas F1 Team,False,HARD,Austrian_Grand_Prix,28,30.0,0,,-0.03342578600417417,0.5142659885290287
2025,Austrian_Grand_Prix,R,OCO,3.0,Haas F1 Team,False,HARD,Austrian_Grand_Prix,16,18.0,0,,2.0239750819169076,0.4385428676979659
2025,Austrian_Grand_Prix,R,PIA,1.0,McLaren,False,MEDIUM,Austrian_Grand_Prix,19,11.0,1,11.0,inf,0.42565323402622324
2025,Austrian_Grand_Prix,R,PIA,2.0,McLaren,False,HARD,Austrian_Grand_Prix,26,28.0,0,,-4.721475402103286,0.331894461678831
2025,Austrian_Grand_Prix,R,PIA,3.0,McLaren,False,MEDIUM,Austrian_Grand_Prix,13,16.0,0,,inf,0.5033206212528953
2025,Austrian_Grand_Prix,R,RUS,1.0,Mercedes,False,MEDIUM,Austrian_Grand_Prix,13,9.0,1,9.0,inf,0.45372276041842935
2025,Austrian_Grand_Prix,R,RUS,2.0,Mercedes,False,MEDIUM,Austrian_Grand_Prix,21,26.0,0,,inf,0.4997785284259375
2025,Austrian_Grand_Prix,R,RUS,3.0,Mercedes,False,HARD,Austrian_Grand_Prix,23,24.0,0,,-8.562580093977415,0.4788464110236519
2025,Austrian_Grand_Prix,R,STR,1.0,Aston Martin,False,MEDIUM,Austrian_Grand_Prix,21,26.0,0,,inf,0.26254363635785516
2025,Austrian_Grand_Prix,R,STR,2.0,Aston Martin,False,HARD,Austrian_Grand_Prix,25,27.0,0,,-1.5531185163229697,0.20128530039847625
2025,Austrian_Grand_Prix,R,STR,3.0,Aston Martin,False,SOFT,Austrian_Grand_Prix,13,15.0,0,,-8.267286046095451,0.46003411511786213
2025,Austrian_Grand_Prix,R,TSU,1.0,Red Bull Racing,True,MEDIUM,Austrian_Grand_Prix,12,17.0,0,,-4.051028806584334,0.6466951487144804
2025,Austrian_Grand_Prix,R,TSU,2.0,Red Bull Racing,True,HARD,Austrian_Grand_Prix,9,8.0,1,8.0,5.304166666666507,0.34381828644233897
2025,Austrian_Grand_Prix,R,TSU,3.0,Red Bull Racing,True,MEDIUM,Austrian_Grand_Prix,27,29.0,0,,-5.755800408392796,0.43170138235532807
2025,Austrian_Grand_Prix,R,TSU,4.0,Red Bull Racing,True,SOFT,Austrian_Grand_Prix,4,6.0,0,,,
2025,Azerbaijan_Grand_Prix,R,ALB,2.0,Williams,False,MEDIUM,Azerbaijan_Grand_Prix,8,13.0,0,,inf,0.7764088152132752
2025,Azerbaijan_Grand_Prix,R,ALB,3.0,Williams,False,HARD,Azerbaijan_Grand_Prix,31,35.0,0,,inf,0.28562085724420955
2025,Azerbaijan_Grand_Prix,R,ALO,1.0,Aston Martin,False,MEDIUM,Azerbaijan_Grand_Prix,14,23.0,0,,inf,0.8557886700463149
2025,Azerbaijan_Grand_Prix,R,ALO,2.0,Aston Martin,False,HARD,Azerbaijan_Grand_Prix,26,29.0,0,,-2.955635491600729,0.24492477575010024
2025,Azerbaijan_Grand_Prix,R,ANT,1.0,Mercedes,False,MEDIUM,Azerbaijan_Grand_Prix,13,22.0,0,,inf,0.7940467417723672
2025,Azerbaijan_Grand_Prix,R,ANT,2.0,Mercedes,False,HARD,Azerbaijan_Grand_Prix,28,32.0,0,,-0.9453937168503087,0.24869197055666925
2025,Azerbaijan_Grand_Prix,R,BEA,1.0,Haas F1 Team,False,HARD,Azerbaijan_Grand_Prix,21,27.0,0,,inf,0.2829385923419009
2025,Azerbaijan_Grand_Prix,R,BEA,2.0,Haas F1 Team,False,MEDIUM,Azerbaijan_Grand_Prix,21,22.0,0,,0.05244881209964736,0.5319758098131887
2025,Azerbaijan_Grand_Prix,R,BOR,1.0,Kick Sauber,False,HARD,Azerbaijan_Grand_Prix,19,25.0,0,,inf,0.6180017377160955
2025,Azerbaijan_Grand_Prix,R,BOR,2.0,Kick Sauber,False,MEDIUM,Azerbaijan_Grand_Prix,22,27.0,0,,inf,0.29363610396078177
2025,Azerbaijan_Grand_Prix,R,COL,1.0,Alpine,False,MEDIUM,Azerbaijan_Grand_Prix,10,15.0,0,,inf,0.7569363635784856
2025,Azerbaijan_Grand_Prix,R,COL,2.0,Alpine,False,HARD,Azerbaijan_Grand_Prix,31,30.0,1,30.0,inf,0.5624749823063967
2025,Azerbaijan_Grand_Prix,R,GAS,1.0,Alpine,False,HARD,Azerbaijan_Grand_Prix,28,34.0,0,,-0.5147479435168156,0.25643732482639064
2025,Azerbaijan_Grand_Prix,R,GAS,2.0,Alpine,False,MEDIUM,Azerbaijan_Grand_Prix,13,14.0,0,,-0.2334551360129859,0.2191394785753798
2025,Azerbaijan_Grand_Prix,R,HAD,1.0,Racing Bulls,False,MEDIUM,Azerbaijan_Grand_Prix,23,32.0,0,,inf,0.5283846471643646
2025,Azerbaijan_Grand_Prix,R,HAD,2.0,Racing Bulls,False,HARD,Azerbaijan_Grand_Prix,19,22.0,0,,inf,0.18933020058687441
2025,Azerbaijan_Grand_Prix,R,HAM,1.0,Ferrari,False,HARD,Azerbaijan_Grand_Prix,29,35.0,0,,-1.4722008473713226,0.30839588427463777
2025,Azerbaijan_Grand_Prix,R,HAM,2.0,Ferrari,False,MEDIUM,Azerbaijan_Grand_Prix,13,14.0,0,,-1.8556701030929983,0.4657227795042072
2025,Azerbaijan_Grand_Prix,R,HUL,1.0,Kick Sauber,False,HARD,Azerbaijan_Grand_Prix,28,35.0,0,,inf,0.22813868238578489
2025,Azerbaijan_Grand_Prix,R,HUL,2.0,Kick Sauber,False,MEDIUM,Azerbaijan_Grand_Prix,12,14.0,0,,0.305075593952478,0.07354469381669404
2025,Azerbaijan_Grand_Prix,R,LAW,1.0,Racing Bulls,False,MEDIUM,Azerbaijan_Grand_Prix,15,25.0,0,,inf,0.6968687687408794
2025,Azerbaijan_Grand_Prix,R,LAW,2.0,Racing Bulls,False,HARD,Azerbaijan_Grand_Prix,27,31.0,0,,inf,0.2823559328199834
2025,Azerbaijan_Grand_Prix,R,LEC,1.0,Ferrari,False,MEDIUM,Azerbaijan_Grand_Prix,13,21.0,0,,inf,0.4318220878445314
2025,Azerbaijan_Grand_Prix,R,LEC,2.0,Ferrari,False,HARD,Azerbaijan_Grand_Prix,27,31.0,0,,inf,0.41528820724619114
2025,Azerbaijan_Grand_Prix,R,NOR,1.0,McLaren,False,MEDIUM,Azerbaijan_Grand_Prix,30,36.0,0,,inf,0.2598566476647144
2025,Azerbaijan_Grand_Prix,R,NOR,2.0,McLaren,False,HARD,Azerbaijan_Grand_Prix,11,13.0,0,,inf,0.9208456366882448
2025,Azerbaijan_Grand_Prix,R,OCO,3.0,Haas F1 Team,False,HARD,Azerbaijan_Grand_Prix,42,49.0,0,,inf,0.2500359624178387
2025,Azerbaijan_Grand_Prix,R,RUS,1.0,Mercedes,False,HARD,Azerbaijan_Grand_Prix,31,38.0,0,,inf,0.26179166741910725
2025,Azerbaijan_Grand_Prix,R,RUS,2.0,Mercedes,False,MEDIUM,Azerbaijan_Grand_Prix,10,17.0,0,,inf,0.25766634054305915
2025,Azerbaijan_Grand_Prix,R,SAI,1.0,Williams,False,MEDIUM,Azerbaijan_Grand_Prix,22,31.0,0,,inf,0.8362096792956941
2025,Azerbaijan_Grand_Prix,R,SAI,2.0,Williams,False,HARD,Azerbaijan_Grand_Prix,20,23.0,0,,inf,0.4545307724593931
2025,Azerbaijan_Grand_Prix,R,STR,1.0,Aston Martin,False,MEDIUM,Azerbaijan_Grand_Prix,30,39.0,0,,inf,0.2273890363168031
2025,Azerbaijan_Grand_Prix,R,STR,2.0,Aston Martin,False,HARD,Azerbaijan_Grand_Prix,12,13.0,0,,-0.5175023651844631,0.2362688456411771
2025,Azerbaijan_Grand_Prix,R,TSU,1.0,Red Bull Racing,True,HARD,Azerbaijan_Grand_Prix,30,37.0,0,,-0.07382157828017685,0.7582172338083728
2025,Azerbaijan_Grand_Prix,R,TSU,2.0,Red Bull Racing,True,MEDIUM,Azerbaijan_Grand_Prix,11,18.0,0,,inf,0.7008794173441836
2025,Azerbaijan_Grand_Prix,R,VER,1.0,Red Bull Racing,True,HARD,Azerbaijan_Grand_Prix,33,39.0,0,,inf,0.4549405704701214
2025,Azerbaijan_Grand_Prix,R,VER,2.0,Red Bull Racing,True,MEDIUM,Azerbaijan_Grand_Prix,9,14.0,0,,inf,0.11324229980967396
2025,Bahrain_Grand_Prix,R,ALB,1.0,Williams,False,SOFT,Bahrain_Grand_Prix,13,15.0,0,,1.2766255678130758,0.6064489300705165
2025,Bahrain_Grand_Prix,R,ALB,2.0,Williams,False,HARD,Bahrain_Grand_Prix,13,15.0,0,,0.548670334708859,0.2566394095727875
2025,Bahrain_Grand_Prix,R,ALB,3.0,Williams,False,MEDIUM,Bahrain_Grand_Prix,20,24.0,0,,inf,0.5865304569184006
2025,Bahrain_Grand_Prix,R,ALO,1.0,Aston Martin,False,MEDIUM,Bahrain_Grand_Prix,13,15.0,0,,2.0779790276454015,0.15640728992115074
2025,Bahrain_Grand_Prix,R,ALO,2.0,Aston Martin,False,MEDIUM,Bahrain_Grand_Prix,14,15.0,0,,1.8500991884580062,0.3264744691982247
2025,Bahrain_Grand_Prix,R,ALO,3.0,Aston Martin,False,HARD,Bahrain_Grand_Prix,20,24.0,0,,0.6211890462918173,0.4054095151219492
2025,Bahrain_Grand_Prix,R,ANT,1.0,Mercedes,False,SOFT,Bahrain_Grand_Prix,10,14.0,0,,1.0339572834172794,0.45576790855296184
2025,Bahrain_Grand_Prix,R,ANT,2.0,Mercedes,False,MEDIUM,Bahrain_Grand_Prix,13,14.0,0,,0.27367116070044767,0.5003620796930679
2025,Bahrain_Grand_Prix,R,ANT,4.0,Mercedes,False,SOFT,Bahrain_Grand_Prix,20,27.0,0,,4.614570655848675,0.6443775290442535
2025,Bahrain_Grand_Prix,R,BEA,1.0,Haas F1 Team,False,SOFT,Bahrain_Grand_Prix,11,13.0,0,,-0.9156226971260951,0.36997566832377105
2025,Bahrain_Grand_Prix,R,BEA,2.0,Haas F1 Team,False,HARD,Bahrain_Grand_Prix,15,17.0,0,,0.2837402332429238,0.2546084342277998
2025,Bahrain_Grand_Prix,R,BEA,3.0,Haas F1 Team,False,SOFT,Bahrain_Grand_Prix,21,19.0,1,19.0,inf,0.7336867192607429
2025,Bahrain_Grand_Prix,R,BOR,1.0,Kick Sauber,False,MEDIUM,Bahrain_Grand_Prix,11,12.0,0,,1.4126117179739837,0.47065979774685807
2025,Bahrain_Grand_Prix,R,BOR,2.0,Kick Sauber,False,HARD,Bahrain_Grand_Prix,16,18.0,0,,-0.8919545071611028,0.2618758445323684
2025,Bahrain_Grand_Prix,R,BOR,3.0,Kick Sauber,False,MEDIUM,Bahrain_Grand_Prix,20,24.0,0,,0.41028188407312005,0.4962785499506163
2025,Bahrain_Grand_Prix,R,DOO,1.0,Alpine,False,SOFT,Bahrain_Grand_Prix,7,5.0,1,5.0,inf,0.8066568630869986
2025,Bahrain_Grand_Prix,R,DOO,2.0,Alpine,False,MEDIUM,Bahrain_Grand_Prix,17,18.0,0,,1.2129544483806192,0.17042017821244615
2025,Bahrain_Grand_Prix,R,DOO,3.0,Alpine,False,HARD,Bahrain_Grand_Prix,22,28.0,0,,-1.0764808048079058,0.4085862156150025
2025,Bahrain_Grand_Prix,R,GAS,1.0,Alpine,False,SOFT,Bahrain_Grand_Prix,8,9.0,1,9.0,2.6548387096776915,0.6148255763006948
2025,Bahrain_Grand_Prix,R,GAS,2.0,Alpine,False,MEDIUM,Bahrain_Grand_Prix,15,17.0,0,,0.3500605290236711,0.6801539358126577
2025,Bahrain_Grand_Prix,R,GAS,3.0,Alpine,False,HARD,Bahrain_Grand_Prix,21,28.0,0,,inf,0.7332066378297263
2025,Bahrain_Grand_Prix,R,HAD,2.0,Racing Bulls,False,MEDIUM,Bahrain_Grand_Prix,18,21.0,0,,0.16766393643631658,0.32335187265371645
2025,Bahrain_Grand_Prix,R,HAD,3.0,Racing Bulls,False,HARD,Bahrain_Grand_Prix,22,28.0,0,,0.5812546648727555,0.7912018204620811
2025,Bahrain_Grand_Prix,R,HAM,1.0,Ferrari,False,MEDIUM,Bahrain_Grand_Prix,15,16.0,0,,0.12938233751563422,0.7246933953394502
2025,Bahrain_Grand_Prix,R,HAM,2.0,Ferrari,False,MEDIUM,Bahrain_Grand_Prix,12,14.0,0,,-0.0387106740675479,0.8734779831627154
2025,Bahrain_Grand_Prix,R,HAM,3.0,Ferrari,False,HARD,Bahrain_Grand_Prix,20,24.0,0,,1.4556512848270715,0.33975487748788746
2025,Bahrain_Grand_Prix,R,HUL,2.0,Kick Sauber,False,MEDIUM,Bahrain_Grand_Prix,19,21.0,0,,0.08749290930209622,0.3865939509745821
2025,Bahrain_Grand_Prix,R,HUL,3.0,Kick Sauber,False,MEDIUM,Bahrain_Grand_Prix,24,29.0,0,,0.823986593382598,0.6482834804113333
2025,Bahrain_Grand_Prix,R,LAW,1.0,Racing Bulls,False,MEDIUM,Bahrain_Grand_Prix,12,8.0,1,8.0,inf,0.4929727475313976
2025,Bahrain_Grand_Prix,R,LAW,2.0,Racing Bulls,False,HARD,Bahrain_Grand_Prix,15,17.0,0,,-3.894056592116775,0.5867643808978342
2025,Bahrain_Grand_Prix,R,LAW,3.0,Racing Bulls,False,SOFT,Bahrain_Grand_Prix,20,24.0,0,,0.9352234890528512,0.7044456356195591
2025,Bahrain_Grand_Prix,R,LEC,1.0,Ferrari,False,MEDIUM,Bahrain_Grand_Prix,15,16.0,0,,-0.2315875613747528,0.6801157559551602
2025,Bahrain_Grand_Prix,R,LEC,2.0,Ferrari,False,MEDIUM,Bahrain_Grand_Prix,13,14.0,0,,0.3390191897654086,0.4854012491028337
2025,Bahrain_Grand_Prix,R,LEC,3.0,Ferrari,False,HARD,Bahrain_Grand_Prix,21,24.0,0,,-1.8482183008651842,0.490412458596383
2025,Bahrain_Grand_Prix,R,NOR,1.0,McLaren,False,SOFT,Bahrain_Grand_Prix,8,12.0,0,,1.107368421052677,0.25188294163410047
2025,Bahrain_Grand_Prix,R,NOR,2.0,McLaren,False,MEDIUM,Bahrain_Grand_Prix,20,21.0,0,,-1868.5588234953175,0.32235919349674264
2025,Bahrain_Grand_Prix,R,NOR,3.0,McLaren,False,MEDIUM,Bahrain_Grand_Prix,20,24.0,0,,3.934030219271195,0.2674069253447683
2025,Bahrain_Grand_Prix,R,OCO,1.0,Haas F1 Team,False,SOFT,Bahrain_Grand_Prix,6,7.0,0,,,
2025,Bahrain_Grand_Prix,R,OCO,2.0,Haas F1 Team,False,MEDIUM,Bahrain_Grand_Prix,17,18.0,0,,0.7384219554030883,0.36001193011095334
2025,Bahrain_Grand_Prix,R,OCO,3.0,Haas F1 Team,False,HARD,Bahrain_Grand_Prix,24,29.0,0,,0.7663100986119845,0.4573152851223423
2025,Bahrain_Grand_Prix,R,PIA,1.0,McLaren,False,SOFT,Bahrain_Grand_Prix,12,16.0,0,,0.6394888769148146,0.4113870843145422
2025,Bahrain_Grand_Prix,R,PIA,2.0,McLaren,False,MEDIUM,Bahrain_Grand_Prix,15,17.0,0,,inf,0.3193784701719792
2025,Bahrain_Grand_Prix,R,PIA,3.0,McLaren,False,MEDIUM,Bahrain_Grand_Prix,21,24.0,0,,0.001873721299611365,0.6233826152141058
2025,Bahrain_Grand_Prix,R,RUS,1.0,Mercedes,False,SOFT,Bahrain_Grand_Prix,11,15.0,0,,0.3941238134063256,0.45848214700910234
2025,Bahrain_Grand_Prix,R,RUS,2.0,Mercedes,False,MEDIUM,Bahrain_Grand_Prix,17,18.0,0,,-0.07810726403689652,0.41031405472685206
2025,Bahrain_Grand_Prix,R,RUS,3.0,Mercedes,False,SOFT,Bahrain_Grand_Prix,21,27.0,0,,0.34875400200696,0.31878852221857673
2025,Bahrain_Grand_Prix,R,SAI,1.0,Williams,False,SOFT,Bahrain_Grand_Prix,10,16.0,0,,0.3145928573330108,0.908196595135859
2025,Bahrain_Grand_Prix,R,SAI,2.0,Williams,False,MEDIUM,Bahrain_Grand_Prix,16,17.0,0,,2.428215217827704,0.3178744857437923
2025,Bahrain_Grand_Prix,R,SAI,3.0,Williams,False,HARD,Bahrain_Grand_Prix,7,8.0,1,8.0,2.0782608695649487,0.2943101861579772
2025,Bahrain_Grand_Prix,R,STR,1.0,Aston Martin,False,SOFT,Bahrain_Grand_Prix,10,8.0,1,8.0,inf,0.5599527469959603
2025,Bahrain_Grand_Prix,R,STR,2.0,Aston Martin,False,MEDIUM,Bahrain_Grand_Prix,18,19.0,0,,-107.94389275092271,0.46160088257620857
2025,Bahrain_Grand_Prix,R,STR,3.0,Aston Martin,False,HARD,Bahrain_Grand_Prix,20,24.0,0,,0.36158398114201784,0.5688642286724328
2025,Bahrain_Grand_Prix,R,TSU,1.0,Red Bull Racing,True,SOFT,Bahrain_Grand_Prix,9,8.0,1,8.0,inf,0.2369718329105277
2025,Bahrain_Grand_Prix,R,TSU,2.0,Red Bull Racing,True,MEDIUM,Bahrain_Grand_Prix,19,20.0,0,,5.941935226228768,0.37228192389734643
2025,Bahrain_Grand_Prix,R,TSU,3.0,Red Bull Racing,True,SOFT,Bahrain_Grand_Prix,21,27.0,0,,inf,0.6152283927331607
2025,Bahrain_Grand_Prix,R,VER,1.0,Red Bull Racing,True,SOFT,Bahrain_Grand_Prix,8,9.0,1,9.0,3.220087336244807,0.9551603555955681
2025,Bahrain_Grand_Prix,R,VER,2.0,Red Bull Racing,True,HARD,Bahrain_Grand_Prix,11,15.0,0,,-0.8086646558815215,0.18758769125955949
2025,Bahrain_Grand_Prix,R,VER,3.0,Red Bull Racing,True,MEDIUM,Bahrain_Grand_Prix,24,30.0,0,,0.29817707188415904,0.6654728395446097
2025,Belgian_Grand_Prix,R,ALB,1.0,Williams,False,INTERMEDIATE,Belgian_Grand_Prix,7,8.0,1,8.0,inf,0.422246142188853
2025,Belgian_Grand_Prix,R,ALB,2.0,Williams,False,MEDIUM,Belgian_Grand_Prix,28,31.0,0,,inf,0.2065870614247943
2025,Belgian_Grand_Prix,R,ALO,1.0,Aston Martin,False,INTERMEDIATE,Belgian_Grand_Prix,6,10.0,0,,,
2025,Belgian_Grand_Prix,R,ALO,2.0,Aston Martin,False,MEDIUM,Belgian_Grand_Prix,13,17.0,0,,inf,0.7086749424296673
2025,Belgian_Grand_Prix,R,ANT,1.0,Mercedes,False,INTERMEDIATE,Belgian_Grand_Prix,7,8.0,1,8.0,inf,0.8554394353987418
2025,Belgian_Grand_Prix,R,ANT,2.0,Mercedes,False,MEDIUM,Belgian_Grand_Prix,13,17.0,0,,1.1437229437224776,0.4886544697975089
2025,Belgian_Grand_Prix,R,BEA,1.0,Haas F1 Team,False,INTERMEDIATE,Belgian_Grand_Prix,6,10.0,0,,,
2025,Belgian_Grand_Prix,R,BEA,2.0,Haas F1 Team,False,MEDIUM,Belgian_Grand_Prix,27,32.0,0,,-0.47164221070207424,0.37291141188355437
2025,Belgian_Grand_Prix,R,BOR,1.0,Kick Sauber,False,INTERMEDIATE,Belgian_Grand_Prix,7,8.0,1,8.0,inf,0.7304164950177592
2025,Belgian_Grand_Prix,R,BOR,2.0,Kick Sauber,False,MEDIUM,Belgian_Grand_Prix,27,31.0,0,,inf,0.5078158303837725
2025,Belgian_Grand_Prix,R,COL,1.0,Alpine,False,INTERMEDIATE,Belgian_Grand_Prix,7,8.0,1,8.0,inf,0.5351782616510765
2025,Belgian_Grand_Prix,R,COL,2.0,Alpine,False,MEDIUM,Belgian_Grand_Prix,11,15.0,0,,inf,0.4414110611807372
2025,Belgian_Grand_Prix,R,GAS,1.0,Alpine,False,INTERMEDIATE,Belgian_Grand_Prix,6,10.0,0,,,
2025,Belgian_Grand_Prix,R,GAS,2.0,Alpine,False,MEDIUM,Belgian_Grand_Prix,27,32.0,0,,inf,0.5047118857600221
2025,Belgian_Grand_Prix,R,HAD,1.0,Racing Bulls,False,INTERMEDIATE,Belgian_Grand_Prix,8,8.0,1,8.0,inf,0.5676723775860081
2025,Belgian_Grand_Prix,R,HAD,2.0,Racing Bulls,False,MEDIUM,Belgian_Grand_Prix,5,9.0,0,,,
2025,Belgian_Grand_Prix,R,HAD,3.0,Racing Bulls,False,HARD,Belgian_Grand_Prix,20,22.0,0,,inf,0.7228277010607378
2025,Belgian_Grand_Prix,R,HAM,1.0,Ferrari,False,INTERMEDIATE,Belgian_Grand_Prix,6,10.0,0,,,
2025,Belgian_Grand_Prix,R,HAM,2.0,Ferrari,False,MEDIUM,Belgian_Grand_Prix,28,32.0,0,,inf,0.4692284232434762
2025,Belgian_Grand_Prix,R,HUL,1.0,Kick Sauber,False,INTERMEDIATE,Belgian_Grand_Prix,6,10.0,0,,,
2025,Belgian_Grand_Prix,R,HUL,2.0,Kick Sauber,False,MEDIUM,Belgian_Grand_Prix,17,20.0,0,,0.011818620356979953,0.4310482408368301
2025,Belgian_Grand_Prix,R,LAW,1.0,Racing Bulls,False,INTERMEDIATE,Belgian_Grand_Prix,7,8.0,1,8.0,inf,0.5818137384938228
2025,Belgian_Grand_Prix,R,LAW,2.0,Racing Bulls,False,MEDIUM,Belgian_Grand_Prix,27,31.0,0,,inf,0.35892260041845453
2025,Belgian_Grand_Prix,R,LEC,1.0,Ferrari,False,INTERMEDIATE,Belgian_Grand_Prix,7,8.0,1,8.0,5.432967032962379,0.34353355054034135
2025,Belgian_Grand_Prix,R,LEC,2.0,Ferrari,False,MEDIUM,Belgian_Grand_Prix,28,31.0,0,,inf,0.2528375222054273
2025,Belgian_Grand_Prix,R,NOR,1.0,McLaren,False,INTERMEDIATE,Belgian_Grand_Prix,8,12.0,0,,-3.8555555555559584,0.5948958938375155
2025,Belgian_Grand_Prix,R,NOR,2.0,McLaren,False,HARD,Belgian_Grand_Prix,26,30.0,0,,inf,0.21810397901889417
2025,Belgian_Grand_Prix,R,OCO,1.0,Haas F1 Team,False,INTERMEDIATE,Belgian_Grand_Prix,8,8.0,1,8.0,inf,0.5612058649110258
2025,Belgian_Grand_Prix,R,OCO,2.0,Haas F1 Team,False,MEDIUM,Belgian_Grand_Prix,28,37.0,0,,inf,0.5280786316836608
2025,Belgian_Grand_Prix,R,PIA,1.0,McLaren,False,INTERMEDIATE,Belgian_Grand_Prix,7,11.0,0,,0.9644970414200452,0.3512500377943476
2025,Belgian_Grand_Prix,R,PIA,2.0,McLaren,False,MEDIUM,Belgian_Grand_Prix,27,31.0,0,,inf,0.4773820403215473
2025,Belgian_Grand_Prix,R,RUS,1.0,Mercedes,False,INTERMEDIATE,Belgian_Grand_Prix,7,8.0,1,8.0,inf,0.6683593881241034
2025,Belgian_Grand_Prix,R,RUS,2.0,Mercedes,False,MEDIUM,Belgian_Grand_Prix,28,31.0,0,,inf,0.26017030745001685
2025,Belgian_Grand_Prix,R,SAI,1.0,Williams,False,INTERMEDIATE,Belgian_Grand_Prix,7,8.0,1,8.0,11.573333333330876,0.38433965328868513
2025,Belgian_Grand_Prix,R,SAI,2.0,Williams,False,MEDIUM,Belgian_Grand_Prix,11,13.0,0,,inf,0.47027448665406874
2025,Belgian_Grand_Prix,R,STR,1.0,Aston Martin,False,INTERMEDIATE,Belgian_Grand_Prix,7,8.0,1,8.0,inf,0.2836528267036984
2025,Belgian_Grand_Prix,R,STR,2.0,Aston Martin,False,MEDIUM,Belgian_Grand_Prix,27,31.0,0,,-4.3713328259663005,0.3610554800348219
2025,Belgian_Grand_Prix,R,TSU,1.0,Red Bull Racing,True,INTERMEDIATE,Belgian_Grand_Prix,8,12.0,0,,-5.219730941705846,0.4656233596823302
2025,Belgian_Grand_Prix,R,TSU,2.0,Red Bull Racing,True,MEDIUM,Belgian_Grand_Prix,27,30.0,0,,inf,0.3232436965507884
2025,Belgian_Grand_Prix,R,VER,1.0,Red Bull Racing,True,INTERMEDIATE,Belgian_Grand_Prix,7,8.0,1,8.0,inf,0.5044952616015892
2025,Belgian_Grand_Prix,R,VER,2.0,Red Bull Racing,True,MEDIUM,Belgian_Grand_Prix,28,31.0,0,,inf,0.39133750902078085
2025,Belgian_Grand_Prix,S,ALB,1.0,Williams,False,MEDIUM,Belgian_Grand_Prix,12,14.0,0,,6.055441008018812,0.6328480514033356
2025,Belgian_Grand_Prix,S,ALO,1.0,Aston Martin,False,MEDIUM,Belgian_Grand_Prix,13,17.0,0,,inf,0.7386884962590579
2025,Belgian_Grand_Prix,S,ANT,1.0,Mercedes,False,MEDIUM,Belgian_Grand_Prix,13,17.0,0,,inf,0.8325299177863115
2025,Belgian_Grand_Prix,S,BEA,1.0,Haas F1 Team,False,MEDIUM,Belgian_Grand_Prix,13,17.0,0,,0.851791936286791,0.44697681838354875
2025,Belgian_Grand_Prix,S,BOR,1.0,Kick Sauber,False,MEDIUM,Belgian_Grand_Prix,13,14.0,0,,4.938061465720944,0.30632017946406653
2025,Belgian_Grand_Prix,S,COL,1.0,Alpine,False,SOFT,Belgian_Grand_Prix,12,14.0,0,,inf,0.7499261196951221
2025,Belgian_Grand_Prix,S,GAS,1.0,Alpine,False,MEDIUM,Belgian_Grand_Prix,10,17.0,0,,inf,0.8127704094050663
2025,Belgian_Grand_Prix,S,HAD,1.0,Racing Bulls,False,MEDIUM,Belgian_Grand_Prix,13,14.0,0,,0.35812317721736103,0.43854768220002316
2025,Belgian_Grand_Prix,S,HAM,1.0,Ferrari,False,MEDIUM,Belgian_Grand_Prix,12,14.0,0,,inf,0.30057990790309747
2025,Belgian_Grand_Prix,S,HUL,1.0,Kick Sauber,False,MEDIUM,Belgian_Grand_Prix,12,14.0,0,,inf,0.7490912668325824
2025,Belgian_Grand_Prix,S,LAW,1.0,Racing Bulls,False,MEDIUM,Belgian_Grand_Prix,13,17.0,0,,1.6001468024591825,0.41371161452005895
2025,Belgian_Grand_Prix,S,LEC,1.0,Ferrari,False,MEDIUM,Belgian_Grand_Prix,13,17.0,0,,0.09395345567039129,0.6583925904306402
2025,Belgian_Grand_Prix,S,NOR,1.0,McLaren,False,MEDIUM,Belgian_Grand_Prix,13,14.0,0,,inf,0.775448779820155
2025,Belgian_Grand_Prix,S,OCO,1.0,Haas F1 Team,False,MEDIUM,Belgian_Grand_Prix,13,17.0,0,,0.5978964401294979,0.573527190818739
2025,Belgian_Grand_Prix,S,PIA,1.0,McLaren,False,MEDIUM,Belgian_Grand_Prix,13,14.0,0,,inf,0.29497280189913716
2025,Belgian_Grand_Prix,S,RUS,1.0,Mercedes,False,MEDIUM,Belgian_Grand_Prix,13,9.0,1,9.0,inf,0.6245062258837637
2025,Belgian_Grand_Prix,S,SAI,1.0,Williams,False,MEDIUM,Belgian_Grand_Prix,13,14.0,0,,0.392588932806271,0.7103420071577685
2025,Belgian_Grand_Prix,S,STR,1.0,Aston Martin,False,MEDIUM,Belgian_Grand_Prix,13,17.0,0,,inf,0.6950478828376697
2025,Belgian_Grand_Prix,S,TSU,1.0,Red Bull Racing,True,MEDIUM,Belgian_Grand_Prix,13,11.0,1,11.0,inf,0.5140985095591116
2025,Belgian_Grand_Prix,S,VER,1.0,Red Bull Racing,True,MEDIUM,Belgian_Grand_Prix,13,17.0,0,,inf,0.24422207801707996
2025,British_Grand_Prix,R,ALB,2.0,Williams,False,INTERMEDIATE,British_Grand_Prix,20,29.0,0,,inf,0.6587629100113558
2025,British_Grand_Prix,R,ALB,3.0,Williams,False,MEDIUM,British_Grand_Prix,5,9.0,0,,,
2025,British_Grand_Prix,R,ALO,2.0,Aston Martin,False,INTERMEDIATE,British_Grand_Prix,15,25.0,0,,inf,0.8028652880184227
2025,British_Grand_Prix,R,ALO,3.0,Aston Martin,False,MEDIUM,British_Grand_Prix,7,15.0,0,,inf,0.8873758274195865
2025,British_Grand_Prix,R,BEA,2.0,Haas F1 Team,False,INTERMEDIATE,British_Grand_Prix,19,30.0,0,,inf,0.8800355219540246
2025,British_Grand_Prix,R,BEA,3.0,Haas F1 Team,False,MEDIUM,British_Grand_Prix,6,10.0,0,,,
2025,British_Grand_Prix,R,GAS,2.0,Alpine,False,INTERMEDIATE,British_Grand_Prix,19,29.0,0,,inf,0.5399312032650858
2025,British_Grand_Prix,R,GAS,3.0,Alpine,False,MEDIUM,British_Grand_Prix,5,10.0,0,,,
2025,British_Grand_Prix,R,HAM,2.0,Ferrari,False,INTERMEDIATE,British_Grand_Prix,19,29.0,0,,inf,0.6483866552497919
2025,British_Grand_Prix,R,HAM,3.0,Ferrari,False,SOFT,British_Grand_Prix,5,13.0,0,,,
2025,British_Grand_Prix,R,HUL,2.0,Kick Sauber,False,INTERMEDIATE,British_Grand_Prix,20,32.0,0,,inf,0.6272257852138058
2025,British_Grand_Prix,R,HUL,3.0,Kick Sauber,False,MEDIUM,British_Grand_Prix,5,9.0,0,,,
2025,British_Grand_Prix,R,LEC,2.0,Ferrari,False,INTERMEDIATE,British_Grand_Prix,20,31.0,0,,inf,0.5539946055984328
2025,British_Grand_Prix,R,LEC,3.0,Ferrari,False,SOFT,British_Grand_Prix,6,12.0,0,,,
2025,British_Grand_Prix,R,NOR,2.0,McLaren,False,INTERMEDIATE,British_Grand_Prix,22,32.0,0,,inf,0.5029552304508067
2025,British_Grand_Prix,R,NOR,3.0,McLaren,False,MEDIUM,British_Grand_Prix,5,7.0,0,,,
2025,British_Grand_Prix,R,OCO,1.0,Haas F1 Team,False,INTERMEDIATE,British_Grand_Prix,5,12.0,0,,,
2025,British_Grand_Prix,R,OCO,2.0,Haas F1 Team,False,INTERMEDIATE,British_Grand_Prix,19,23.0,0,,inf,0.5721693669106217
2025,British_Grand_Prix,R,OCO,3.0,Haas F1 Team,False,MEDIUM,British_Grand_Prix,5,9.0,0,,,
2025,British_Grand_Prix,R,PIA,2.0,McLaren,False,INTERMEDIATE,British_Grand_Prix,21,31.0,0,,inf,0.6114390159186124
2025,British_Grand_Prix,R,PIA,3.0,McLaren,False,MEDIUM,British_Grand_Prix,5,8.0,0,,,
2025,British_Grand_Prix,R,RUS,2.0,Mercedes,False,INTERMEDIATE,British_Grand_Prix,16,27.0,0,,inf,0.6759153337341434
2025,British_Grand_Prix,R,RUS,3.0,Mercedes,False,HARD,British_Grand_Prix,6,13.0,0,,,
2025,British_Grand_Prix,R,SAI,2.0,Williams,False,INTERMEDIATE,British_Grand_Prix,19,29.0,0,,inf,0.6846025652039693
2025,British_Grand_Prix,R,SAI,3.0,Williams,False,MEDIUM,British_Grand_Prix,5,10.0,0,,,
2025,British_Grand_Prix,R,STR,3.0,Aston Martin,False,INTERMEDIATE,British_Grand_Prix,19,30.0,0,,inf,0.5888896940635502
2025,British_Grand_Prix,R,STR,4.0,Aston Martin,False,SOFT,British_Grand_Prix,6,10.0,0,,,
2025,British_Grand_Prix,R,TSU,2.0,Red Bull Racing,True,INTERMEDIATE,British_Grand_Prix,19,29.0,0,,inf,0.899388471111871
2025,British_Grand_Prix,R,TSU,3.0,Red Bull Racing,True,MEDIUM,British_Grand_Prix,3,9.0,0,,,
2025,British_Grand_Prix,R,VER,2.0,Red Bull Racing,True,INTERMEDIATE,British_Grand_Prix,19,29.0,0,,inf,0.5954403304924571
2025,British_Grand_Prix,R,VER,3.0,Red Bull Racing,True,MEDIUM,British_Grand_Prix,5,10.0,0,,,
2025,Canadian_Grand_Prix,R,ALB,1.0,Williams,False,MEDIUM,Canadian_Grand_Prix,21,26.0,0,,inf,0.5998834877109662
2025,Canadian_Grand_Prix,R,ALB,2.0,Williams,False,HARD,Canadian_Grand_Prix,19,15.0,1,15.0,inf,0.26869917123444015
2025,Canadian_Grand_Prix,R,ALO,1.0,Aston Martin,False,MEDIUM,Canadian_Grand_Prix,13,13.0,1,13.0,inf,0.9153521417124563
2025,Canadian_Grand_Prix,R,ALO,2.0,Aston Martin,False,HARD,Canadian_Grand_Prix,28,35.0,0,,inf,0.5260276866248371
2025,Canadian_Grand_Prix,R,ALO,3.0,Aston Martin,False,HARD,Canadian_Grand_Prix,13,16.0,0,,-4.079274249825258,0.513677932473005
2025,Canadian_Grand_Prix,R,ANT,1.0,Mercedes,False,MEDIUM,Canadian_Grand_Prix,12,19.0,0,,inf,0.6554478878197381
2025,Canadian_Grand_Prix,R,ANT,2.0,Mercedes,False,HARD,Canadian_Grand_Prix,20,24.0,0,,-2.134860466636781,0.3903993992154219
2025,Canadian_Grand_Prix,R,ANT,3.0,Mercedes,False,HARD,Canadian_Grand_Prix,23,28.0,0,,inf,0.3054255369071203
2025,Canadian_Grand_Prix,R,BEA,1.0,Haas F1 Team,False,MEDIUM,Canadian_Grand_Prix,15,17.0,0,,inf,0.46826878616825296
2025,Canadian_Grand_Prix,R,BEA,2.0,Haas F1 Team,False,HARD,Canadian_Grand_Prix,39,47.0,0,,inf,0.5838971659171072
2025,Canadian_Grand_Prix,R,BOR,1.0,Kick Sauber,False,HARD,Canadian_Grand_Prix,43,48.0,0,,inf,0.6118356604393976
2025,Canadian_Grand_Prix,R,BOR,2.0,Kick Sauber,False,MEDIUM,Canadian_Grand_Prix,14,16.0,0,,1.1002761341222653,0.23555449364942424
2025,Canadian_Grand_Prix,R,COL,1.0,Alpine,False,MEDIUM,Canadian_Grand_Prix,12,18.0,0,,inf,0.7911761221497131
2025,Canadian_Grand_Prix,R,COL,2.0,Alpine,False,HARD,Canadian_Grand_Prix,43,51.0,0,,inf,0.5346121018833231
2025,Canadian_Grand_Prix,R,GAS,1.0,Alpine,False,HARD,Canadian_Grand_Prix,45,52.0,0,,inf,0.4109852829136887
2025,Canadian_Grand_Prix,R,GAS,2.0,Alpine,False,MEDIUM,Canadian_Grand_Prix,10,12.0,0,,inf,0.5726422050643235
2025,Canadian_Grand_Prix,R,HAD,1.0,Racing Bulls,False,MEDIUM,Canadian_Grand_Prix,10,9.0,1,9.0,inf,0.8572109882167936
2025,Canadian_Grand_Prix,R,HAD,2.0,Racing Bulls,False,HARD,Canadian_Grand_Prix,47,53.0,0,,inf,0.10500567195499205
2025,Canadian_Grand_Prix,R,HAM,1.0,Ferrari,False,MEDIUM,Canadian_Grand_Prix,12,14.0,0,,inf,0.7982434003933078
2025,Canadian_Grand_Prix,R,HAM,2.0,Ferrari,False,HARD,Canadian_Grand_Prix,24,29.0,0,,inf,0.78423242030013
2025,Canadian_Grand_Prix,R,HAM,3.0,Ferrari,False,HARD,Canadian_Grand_Prix,16,20.0,0,,inf,0.23797517037974444
2025,Canadian_Grand_Prix,R,HUL,1.0,Kick Sauber,False,MEDIUM,Canadian_Grand_Prix,15,14.0,1,14.0,inf,0.7229527289838704
2025,Canadian_Grand_Prix,R,HUL,2.0,Kick Sauber,False,HARD,Canadian_Grand_Prix,34,46.0,0,,inf,0.3691086071694592
2025,Canadian_Grand_Prix,R,LAW,1.0,Racing Bulls,False,HARD,Canadian_Grand_Prix,33,38.0,0,,0.6635462434071047,0.45659573357174166
2025,Canadian_Grand_Prix,R,LAW,2.0,Racing Bulls,False,MEDIUM,Canadian_Grand_Prix,12,15.0,0,,10.840872595059517,0.6591118505832424
2025,Canadian_Grand_Prix,R,LEC,1.0,Ferrari,False,HARD,Canadian_Grand_Prix,21,27.0,0,,inf,0.4402510292058143
2025,Canadian_Grand_Prix,R,LEC,2.0,Ferrari,False,HARD,Canadian_Grand_Prix,21,24.0,0,,-45.85914315571189,0.33841316650262027
2025,Canadian_Grand_Prix,R,LEC,3.0,Ferrari,False,MEDIUM,Canadian_Grand_Prix,11,13.0,0,,-1.095006242197266,0.24165064091580843
2025,Canadian_Grand_Prix,R,NOR,1.0,McLaren,False,HARD,Canadian_Grand_Prix,24,28.0,0,,inf,0.2577041487825908
2025,Canadian_Grand_Prix,R,NOR,2.0,McLaren,False,MEDIUM,Canadian_Grand_Prix,15,17.0,0,,inf,0.686670350111782
2025,Canadian_Grand_Prix,R,NOR,3.0,McLaren,False,HARD,Canadian_Grand_Prix,17,19.0,0,,inf,0.3345115133162816
2025,Canadian_Grand_Prix,R,OCO,1.0,Haas F1 Team,False,HARD,Canadian_Grand_Prix,50,56.0,0,,inf,0.28935031814767515
2025,Canadian_Grand_Prix,R,OCO,2.0,Haas F1 Team,False,MEDIUM,Canadian_Grand_Prix,6,8.0,0,,,
2025,Canadian_Grand_Prix,R,PIA,1.0,McLaren,False,MEDIUM,Canadian_Grand_Prix,13,15.0,0,,inf,0.8074112077006196
2025,Canadian_Grand_Prix,R,PIA,2.0,McLaren,False,HARD,Canadian_Grand_Prix,25,28.0,0,,inf,0.561906602844938
2025,Canadian_Grand_Prix,R,PIA,3.0,McLaren,False,HARD,Canadian_Grand_Prix,18,21.0,0,,2.000527148128635,0.349774707362648
2025,Canadian_Grand_Prix,R,RUS,1.0,Mercedes,False,MEDIUM,Canadian_Grand_Prix,11,10.0,1,10.0,inf,0.8320692553442717
2025,Canadian_Grand_Prix,R,RUS,2.0,Mercedes,False,HARD,Canadian_Grand_Prix,26,29.0,0,,-0.22525669161735995,0.241760926526113
2025,Canadian_Grand_Prix,R,RUS,3.0,Mercedes,False,HARD,Canadian_Grand_Prix,18,24.0,0,,inf,0.5117850450072865
2025,Canadian_Grand_Prix,R,SAI,1.0,Williams,False,HARD,Canadian_Grand_Prix,49,56.0,0,,-0.12913573730761851,0.23209204480944318
2025,Canadian_Grand_Prix,R,SAI,2.0,Williams,False,MEDIUM,Canadian_Grand_Prix,7,8.0,0,,-0.601758241758241,0.9122881006527753
2025,Canadian_Grand_Prix,R,STR,1.0,Aston Martin,False,HARD,Canadian_Grand_Prix,20,13.0,1,13.0,inf,0.2596132907606635
2025,Canadian_Grand_Prix,R,STR,2.0,Aston Martin,False,HARD,Canadian_Grand_Prix,25,27.0,0,,inf,0.48135906975942727
2025,Canadian_Grand_Prix,R,STR,3.0,Aston Martin,False,MEDIUM,Canadian_Grand_Prix,13,14.0,0,,inf,0.7410015251620281
2025,Canadian_Grand_Prix,R,TSU,1.0,Red Bull Racing,True,HARD,Canadian_Grand_Prix,50,55.0,0,,inf,0.41993118682546715
2025,Canadian_Grand_Prix,R,TSU,2.0,Red Bull Racing,True,MEDIUM,Canadian_Grand_Prix,7,9.0,0,,-4.366265060240381,0.9268717475831618
2025,Canadian_Grand_Prix,R,VER,1.0,Red Bull Racing,True,MEDIUM,Canadian_Grand_Prix,10,9.0,1,9.0,inf,0.8868948005270743
2025,Canadian_Grand_Prix,R,VER,2.0,Red Bull Racing,True,HARD,Canadian_Grand_Prix,21,16.0,1,16.0,inf,0.6328944387629266
2025,Canadian_Grand_Prix,R,VER,3.0,Red Bull Racing,True,HARD,Canadian_Grand_Prix,24,29.0,0,,inf,0.20558754470549923
2025,Chinese_Grand_Prix,R,ALB,1.0,Williams,False,MEDIUM,Chinese_Grand_Prix,17,19.0,0,,10.348286581838279,0.5032851535374189
2025,Chinese_Grand_Prix,R,ALB,2.0,Williams,False,HARD,Chinese_Grand_Prix,27,35.0,0,,inf,0.6815982240818026
2025,Chinese_Grand_Prix,R,ANT,1.0,Mercedes,False,MEDIUM,Chinese_Grand_Prix,10,11.0,0,,0.3206049715483064,0.5930019096355106
2025,Chinese_Grand_Prix,R,ANT,2.0,Mercedes,False,HARD,Chinese_Grand_Prix,36,43.0,0,,inf,0.4405927086640887
2025,Chinese_Grand_Prix,R,BEA,1.0,Haas F1 Team,False,HARD,Chinese_Grand_Prix,22,25.0,0,,inf,0.4058035121328139
2025,Chinese_Grand_Prix,R,BEA,2.0,Haas F1 Team,False,MEDIUM,Chinese_Grand_Prix,28,29.0,0,,0.007119994309642493,0.34896115684855383
2025,Chinese_Grand_Prix,R,BOR,2.0,Kick Sauber,False,HARD,Chinese_Grand_Prix,23,24.0,0,,0.240865003640177,0.3302488236007772
2025,Chinese_Grand_Prix,R,BOR,3.0,Kick Sauber,False,HARD,Chinese_Grand_Prix,24,28.0,0,,-7.39954267820033,0.5362227621030685
2025,Chinese_Grand_Prix,R,DOO,1.0,Alpine,False,MEDIUM,Chinese_Grand_Prix,8,10.0,0,,inf,0.47014398133476654
2025,Chinese_Grand_Prix,R,DOO,2.0,Alpine,False,HARD,Chinese_Grand_Prix,36,44.0,0,,inf,0.16491792402718464
2025,Chinese_Grand_Prix,R,GAS,1.0,Alpine,False,MEDIUM,Chinese_Grand_Prix,7,6.0,1,6.0,inf,0.9138300306804819
2025,Chinese_Grand_Prix,R,GAS,2.0,Alpine,False,HARD,Chinese_Grand_Prix,37,45.0,0,,inf,0.22155860581776193
2025,Chinese_Grand_Prix,R,HAD,1.0,Racing Bulls,False,MEDIUM,Chinese_Grand_Prix,10,11.0,0,,inf,0.7363850672898289
2025,Chinese_Grand_Prix,R,HAD,2.0,Racing Bulls,False,HARD,Chinese_Grand_Prix,16,20.0,0,,inf,0.26626419800893353
2025,Chinese_Grand_Prix,R,HAD,3.0,Racing Bulls,False,HARD,Chinese_Grand_Prix,19,22.0,0,,-0.31556746891182635,0.46295440115225606
2025,Chinese_Grand_Prix,R,HAM,1.0,Ferrari,False,MEDIUM,Chinese_Grand_Prix,11,12.0,0,,-6.778115501514245,0.6290782578646044
2025,Chinese_Grand_Prix,R,HAM,2.0,Ferrari,False,HARD,Chinese_Grand_Prix,19,23.0,0,,inf,0.11364531094840231
2025,Chinese_Grand_Prix,R,HAM,3.0,Ferrari,False,HARD,Chinese_Grand_Prix,16,18.0,0,,0.2775961780237431,0.3743374204161984
2025,Chinese_Grand_Prix,R,HUL,1.0,Kick Sauber,False,MEDIUM,Chinese_Grand_Prix,17,19.0,0,,inf,0.6713357067678722
2025,Chinese_Grand_Prix,R,HUL,2.0,Kick Sauber,False,HARD,Chinese_Grand_Prix,30,34.0,0,,-19134.50656836343,0.2312351732551487
2025,Chinese_Grand_Prix,R,LAW,1.0,Red Bull Racing,True,HARD,Chinese_Grand_Prix,14,14.0,1,14.0,inf,0.74617718993821
2025,Chinese_Grand_Prix,R,LAW,2.0,Red Bull Racing,True,MEDIUM,Chinese_Grand_Prix,10,11.0,0,,-3.0268041237108028,0.6359903286515887
2025,Chinese_Grand_Prix,R,LAW,3.0,Red Bull Racing,True,HARD,Chinese_Grand_Prix,24,25.0,0,,1.923895749677973,0.18291818350787925
2025,Chinese_Grand_Prix,R,LEC,1.0,Ferrari,False,MEDIUM,Chinese_Grand_Prix,13,5.0,1,5.0,inf,0.5658323652012445
2025,Chinese_Grand_Prix,R,LEC,2.0,Ferrari,False,HARD,Chinese_Grand_Prix,37,40.0,0,,inf,0.5024362043255188
2025,Chinese_Grand_Prix,R,NOR,1.0,McLaren,False,MEDIUM,Chinese_Grand_Prix,13,14.0,0,,0.8831604636973838,0.6414362643959616
2025,Chinese_Grand_Prix,R,NOR,2.0,McLaren,False,HARD,Chinese_Grand_Prix,33,37.0,1,37.0,inf,0.6337687333350598
2025,Chinese_Grand_Prix,R,OCO,1.0,Haas F1 Team,False,MEDIUM,Chinese_Grand_Prix,9,7.0,1,7.0,inf,0.7565950684850051
2025,Chinese_Grand_Prix,R,OCO,2.0,Haas F1 Team,False,HARD,Chinese_Grand_Prix,36,44.0,0,,inf,0.4900777254874759
2025,Chinese_Grand_Prix,R,PIA,1.0,McLaren,False,MEDIUM,Chinese_Grand_Prix,12,13.0,0,,-0.8432501599486606,0.3817497932918838
2025,Chinese_Grand_Prix,R,PIA,2.0,McLaren,False,HARD,Chinese_Grand_Prix,33,41.0,0,,inf,0.21716459587275408
2025,Chinese_Grand_Prix,R,RUS,1.0,Mercedes,False,MEDIUM,Chinese_Grand_Prix,12,13.0,0,,-0.41256375296676584,0.8759219358284858
2025,Chinese_Grand_Prix,R,RUS,2.0,Mercedes,False,HARD,Chinese_Grand_Prix,34,41.0,0,,inf,0.2550160049797071
2025,Chinese_Grand_Prix,R,SAI,1.0,Williams,False,MEDIUM,Chinese_Grand_Prix,14,16.0,0,,inf,0.34286957043129085
2025,Chinese_Grand_Prix,R,SAI,2.0,Williams,False,HARD,Chinese_Grand_Prix,33,38.0,0,,-0.8161928377605167,0.25823219102263134
2025,Chinese_Grand_Prix,R,STR,1.0,Aston Martin,False,HARD,Chinese_Grand_Prix,32,35.0,0,,-2.206665659662858,0.6968965237541259
2025,Chinese_Grand_Prix,R,STR,2.0,Aston Martin,False,MEDIUM,Chinese_Grand_Prix,18,19.0,0,,0.19972083343907163,0.2513180043846872
2025,Chinese_Grand_Prix,R,TSU,1.0,Racing Bulls,False,MEDIUM,Chinese_Grand_Prix,9,10.0,0,,3.5999999999986483,0.09705311598208845
2025,Chinese_Grand_Prix,R,TSU,2.0,Racing Bulls,False,HARD,Chinese_Grand_Prix,19,23.0,0,,1.7561146811661497,0.6205763921360795
2025,Chinese_Grand_Prix,R,TSU,3.0,Racing Bulls,False,HARD,Chinese_Grand_Prix,8,10.0,0,,-1.5753968253968587,0.4009835573966482
2025,Chinese_Grand_Prix,R,TSU,4.0,Racing Bulls,False,MEDIUM,Chinese_Grand_Prix,7,11.0,1,11.0,inf,0.43055458361107724
2025,Chinese_Grand_Prix,R,VER,1.0,Red Bull Racing,True,MEDIUM,Chinese_Grand_Prix,11,12.0,0,,-1.4626484018265251,0.6495583042081869
2025,Chinese_Grand_Prix,R,VER,2.0,Red Bull Racing,True,HARD,Chinese_Grand_Prix,34,42.0,0,,inf,0.4764166305393297
2025,Dutch_Grand_Prix,R,ALB,1.0,Williams,False,MEDIUM,Dutch_Grand_Prix,20,22.0,0,,0.012179487179474516,0.5314503694901621
2025,Dutch_Grand_Prix,R,ALB,2.0,Williams,False,HARD,Dutch_Grand_Prix,23,29.0,0,,inf,0.2585254369513362
2025,Dutch_Grand_Prix,R,ALB,3.0,Williams,False,SOFT,Dutch_Grand_Prix,9,18.0,0,,inf,0.05661865328423296
2025,Dutch_Grand_Prix,R,ALO,1.0,Aston Martin,False,MEDIUM,Dutch_Grand_Prix,15,17.0,0,,0.5135003885003296,0.522174283478115
2025,Dutch_Grand_Prix,R,ALO,2.0,Aston Martin,False,HARD,Dutch_Grand_Prix,13,21.0,0,,0.49073791736543426,0.7573983200950727
2025,Dutch_Grand_Prix,R,ALO,3.0,Aston Martin,False,HARD,Dutch_Grand_Prix,15,31.0,0,,-0.33768772178975853,0.6640263055106421
2025,Dutch_Grand_Prix,R,ANT,1.0,Mercedes,False,MEDIUM,Dutch_Grand_Prix,20,22.0,0,,-17.978234582825323,0.6331681905547452
2025,Dutch_Grand_Prix,R,ANT,2.0,Mercedes,False,HARD,Dutch_Grand_Prix,21,27.0,0,,2.5769322456512525,0.44128291446887624
2025,Dutch_Grand_Prix,R,ANT,4.0,Mercedes,False,SOFT,Dutch_Grand_Prix,9,21.0,0,,4.07298063297161,0.0752011745876564
2025,Dutch_Grand_Prix,R,BEA,1.0,Haas F1 Team,False,HARD,Dutch_Grand_Prix,40,52.0,0,,0.44908979821916395,0.8418611762599346
2025,Dutch_Grand_Prix,R,BEA,2.0,Haas F1 Team,False,MEDIUM,Dutch_Grand_Prix,9,18.0,0,,0.049005540343895745,0.3781149343443817
2025,Dutch_Grand_Prix,R,BOR,1.0,Kick Sauber,False,MEDIUM,Dutch_Grand_Prix,18,10.0,1,10.0,inf,0.6259945215439277
2025,Dutch_Grand_Prix,R,BOR,2.0,Kick Sauber,False,HARD,Dutch_Grand_Prix,24,37.0,0,,-3.7071749002340737,0.46708448357852517
2025,Dutch_Grand_Prix,R,BOR,3.0,Kick Sauber,False,SOFT,Dutch_Grand_Prix,3,4.0,0,,,
2025,Dutch_Grand_Prix,R,COL,1.0,Alpine,False,SOFT,Dutch_Grand_Prix,16,18.0,0,,-3.7145517488363304,0.12463042058258991
2025,Dutch_Grand_Prix,R,COL,2.0,Alpine,False,HARD,Dutch_Grand_Prix,24,33.0,0,,0.5705123389560438,0.35673423090314654
2025,Dutch_Grand_Prix,R,COL,3.0,Alpine,False,MEDIUM,Dutch_Grand_Prix,5,11.0,0,,,
2025,Dutch_Grand_Prix,R,GAS,1.0,Alpine,False,MEDIUM,Dutch_Grand_Prix,20,22.0,0,,0.0777469699096778,0.4740690973607997
2025,Dutch_Grand_Prix,R,GAS,2.0,Alpine,False,HARD,Dutch_Grand_Prix,31,48.0,0,,7.177710921958022,0.8995665631333456
2025,Dutch_Grand_Prix,R,HAD,1.0,Racing Bulls,False,MEDIUM,Dutch_Grand_Prix,19,10.0,1,10.0,inf,0.7235153563498707
2025,Dutch_Grand_Prix,R,HAD,2.0,Racing Bulls,False,HARD,Dutch_Grand_Prix,22,29.0,0,,0.21050877192979528,0.2848687042332999
2025,Dutch_Grand_Prix,R,HAD,3.0,Racing Bulls,False,SOFT,Dutch_Grand_Prix,9,20.0,0,,inf,0.5523829639539348
2025,Dutch_Grand_Prix,R,HAM,1.0,Ferrari,False,MEDIUM,Dutch_Grand_Prix,18,22.0,0,,2.4021228467027296,0.3249823493599453
2025,Dutch_Grand_Prix,R,HUL,1.0,Kick Sauber,False,SOFT,Dutch_Grand_Prix,16,18.0,0,,0.125729552647062,0.36993115982784514
2025,Dutch_Grand_Prix,R,HUL,2.0,Kick Sauber,False,HARD,Dutch_Grand_Prix,22,33.0,0,,inf,0.37539656387098413
2025,Dutch_Grand_Prix,R,HUL,3.0,Kick Sauber,False,MEDIUM,Dutch_Grand_Prix,8,18.0,0,,0.5648111816918887,0.016839622036759178
2025,Dutch_Grand_Prix,R,LAW,1.0,Racing Bulls,False,MEDIUM,Dutch_Grand_Prix,20,22.0,0,,inf,0.3902268435284074
2025,Dutch_Grand_Prix,R,LAW,3.0,Racing Bulls,False,SOFT,Dutch_Grand_Prix,20,27.0,0,,20.975643799289383,0.46321142282119554
2025,Dutch_Grand_Prix,R,LAW,4.0,Racing Bulls,False,SOFT,Dutch_Grand_Prix,10,22.0,0,,4.049176996544999,0.15684349650413681
2025,Dutch_Grand_Prix,R,LEC,1.0,Ferrari,False,MEDIUM,Dutch_Grand_Prix,17,12.0,1,12.0,inf,0.346160782272976
2025,Dutch_Grand_Prix,R,LEC,2.0,Ferrari,False,HARD,Dutch_Grand_Prix,22,30.0,0,,inf,0.6708042016465756
2025,Dutch_Grand_Prix,R,NOR,1.0,McLaren,False,MEDIUM,Dutch_Grand_Prix,17,22.0,0,,inf,0.7945086291747532
2025,Dutch_Grand_Prix,R,NOR,2.0,McLaren,False,HARD,Dutch_Grand_Prix,22,29.0,0,,inf,0.6182326417523617
2025,Dutch_Grand_Prix,R,NOR,3.0,McLaren,False,HARD,Dutch_Grand_Prix,6,12.0,0,,,
2025,Dutch_Grand_Prix,R,OCO,1.0,Haas F1 Team,False,HARD,Dutch_Grand_Prix,39,51.0,0,,0.3234711258997338,0.5869637933846966
2025,Dutch_Grand_Prix,R,OCO,2.0,Haas F1 Team,False,MEDIUM,Dutch_Grand_Prix,8,19.0,0,,-0.17231222385861256,0.2379810526476677
2025,Dutch_Grand_Prix,R,PIA,1.0,McLaren,False,MEDIUM,Dutch_Grand_Prix,19,22.0,0,,inf,0.6508724316676966
2025,Dutch_Grand_Prix,R,PIA,2.0,McLaren,False,HARD,Dutch_Grand_Prix,23,29.0,0,,1.5411136607359366,0.5178865212943545
2025,Dutch_Grand_Prix,R,PIA,3.0,McLaren,False,HARD,Dutch_Grand_Prix,10,19.0,0,,inf,0.6705975113390116
2025,Dutch_Grand_Prix,R,RUS,1.0,Mercedes,False,MEDIUM,Dutch_Grand_Prix,20,22.0,0,,inf,0.6832765143859161
2025,Dutch_Grand_Prix,R,RUS,2.0,Mercedes,False,HARD,Dutch_Grand_Prix,23,29.0,0,,inf,0.29224676259415466
2025,Dutch_Grand_Prix,R,RUS,3.0,Mercedes,False,SOFT,Dutch_Grand_Prix,10,21.0,0,,inf,0.7093118101345
2025,Dutch_Grand_Prix,R,SAI,1.0,Williams,False,MEDIUM,Dutch_Grand_Prix,20,11.0,1,11.0,inf,0.7590772279158087
2025,Dutch_Grand_Prix,R,SAI,3.0,Williams,False,SOFT,Dutch_Grand_Prix,20,26.0,0,,0.17341161021204687,0.37620938942532495
2025,Dutch_Grand_Prix,R,SAI,4.0,Williams,False,SOFT,Dutch_Grand_Prix,7,16.0,0,,0.8701949860724385,0.2783621652976258
2025,Dutch_Grand_Prix,R,STR,1.0,Aston Martin,False,MEDIUM,Dutch_Grand_Prix,4,7.0,0,,,
2025,Dutch_Grand_Prix,R,STR,2.0,Aston Martin,False,HARD,Dutch_Grand_Prix,36,43.0,0,,0.3218124220230231,0.8151900556705953
2025,Dutch_Grand_Prix,R,STR,3.0,Aston Martin,False,HARD,Dutch_Grand_Prix,6,19.0,0,,,
2025,Dutch_Grand_Prix,R,TSU,1.0,Red Bull Racing,True,SOFT,Dutch_Grand_Prix,16,18.0,0,,0.885632885632858,0.32785469161773456
2025,Dutch_Grand_Prix,R,TSU,2.0,Red Bull Racing,True,HARD,Dutch_Grand_Prix,25,33.0,0,,0.4261584909489914,0.5300598822487963
2025,Dutch_Grand_Prix,R,TSU,3.0,Red Bull Racing,True,SOFT,Dutch_Grand_Prix,9,21.0,0,,-22.307510628225064,0.14597729842571092
2025,Dutch_Grand_Prix,R,VER,1.0,Red Bull Racing,True,SOFT,Dutch_Grand_Prix,20,9.0,1,9.0,inf,0.20108701141540766
2025,Dutch_Grand_Prix,R,VER,2.0,Red Bull Racing,True,MEDIUM,Dutch_Grand_Prix,23,29.0,0,,inf,0.6591846262836408
2025,Dutch_Grand_Prix,R,VER,3.0,Red Bull Racing,True,SOFT,Dutch_Grand_Prix,9,21.0,0,,inf,0.3129614261216726
2025,Emilia_Romagna_Grand_Prix,R,ALB,1.0,Williams,False,MEDIUM,Emilia_Romagna_Grand_Prix,26,28.0,0,,0.10166178162564951,0.4772024676061588
2025,Emilia_Romagna_Grand_Prix,R,ALB,2.0,Williams,False,HARD,Emilia_Romagna_Grand_Prix,14,16.0,0,,-26.609625668454033,0.5218388477429489
2025,Emilia_Romagna_Grand_Prix,R,ALB,3.0,Williams,False,HARD,Emilia_Romagna_Grand_Prix,8,11.0,1,11.0,inf,0.41814671630541067
2025,Emilia_Romagna_Grand_Prix,R,ALO,1.0,Aston Martin,False,MEDIUM,Emilia_Romagna_Grand_Prix,10,11.0,1,11.0,inf,0.8126244446753139
2025,Emilia_Romagna_Grand_Prix,R,ALO,2.0,Aston Martin,False,HARD,Emilia_Romagna_Grand_Prix,26,33.0,0,,-2.6038406933575504,0.3658665613887422
2025,Emilia_Romagna_Grand_Prix,R,ALO,3.0,Aston Martin,False,MEDIUM,Emilia_Romagna_Grand_Prix,8,20.0,0,,inf,0.49756811533049133
2025,Emilia_Romagna_Grand_Prix,R,ANT,1.0,Mercedes,False,HARD,Emilia_Romagna_Grand_Prix,26,28.0,0,,-0.18768264095069537,0.5069183922321647
2025,Emilia_Romagna_Grand_Prix,R,ANT,2.0,Mercedes,False,MEDIUM,Emilia_Romagna_Grand_Prix,11,15.0,0,,-0.3733445158885625,0.6429462243245342
2025,Emilia_Romagna_Grand_Prix,R,BEA,1.0,Haas F1 Team,False,HARD,Emilia_Romagna_Grand_Prix,25,28.0,0,,0.1889511284299601,0.8205556934018382
2025,Emilia_Romagna_Grand_Prix,R,BEA,3.0,Haas F1 Team,False,HARD,Emilia_Romagna_Grand_Prix,20,31.0,0,,-20.994284083981988,0.6506334329649478
2025,Emilia_Romagna_Grand_Prix,R,BOR,1.0,Kick Sauber,False,MEDIUM,Emilia_Romagna_Grand_Prix,9,11.0,0,,inf,0.7354262064488799
2025,Emilia_Romagna_Grand_Prix,R,BOR,2.0,Kick Sauber,False,HARD,Emilia_Romagna_Grand_Prix,15,16.0,0,,3.148538011695526,0.5798302665714332
2025,Emilia_Romagna_Grand_Prix,R,BOR,3.0,Kick Sauber,False,HARD,Emilia_Romagna_Grand_Prix,13,15.0,0,,inf,0.19181761522236915
2025,Emilia_Romagna_Grand_Prix,R,BOR,4.0,Kick Sauber,False,MEDIUM,Emilia_Romagna_Grand_Prix,9,28.0,0,,inf,0.8408579937234478
2025,Emilia_Romagna_Grand_Prix,R,COL,1.0,Alpine,False,MEDIUM,Emilia_Romagna_Grand_Prix,18,21.0,0,,inf,0.18089230552575014
2025,Emilia_Romagna_Grand_Prix,R,COL,2.0,Alpine,False,HARD,Emilia_Romagna_Grand_Prix,17,22.0,0,,0.7403625602920646,0.4060188402216645
2025,Emilia_Romagna_Grand_Prix,R,COL,3.0,Alpine,False,HARD,Emilia_Romagna_Grand_Prix,8,16.0,0,,inf,0.9277077800168467
2025,Emilia_Romagna_Grand_Prix,R,GAS,1.0,Alpine,False,MEDIUM,Emilia_Romagna_Grand_Prix,5,8.0,0,,,
2025,Emilia_Romagna_Grand_Prix,R,GAS,2.0,Alpine,False,HARD,Emilia_Romagna_Grand_Prix,16,19.0,0,,0.8551136363635577,0.32596411644826306
2025,Emilia_Romagna_Grand_Prix,R,GAS,3.0,Alpine,False,HARD,Emilia_Romagna_Grand_Prix,21,33.0,0,,-0.8261080864494442,0.7100726789642451
2025,Emilia_Romagna_Grand_Prix,R,HAD,1.0,Racing Bulls,False,MEDIUM,Emilia_Romagna_Grand_Prix,25,28.0,0,,0.11471218825211085,0.4377964019664308
2025,Emilia_Romagna_Grand_Prix,R,HAD,2.0,Racing Bulls,False,HARD,Emilia_Romagna_Grand_Prix,13,16.0,0,,inf,0.3545303867663741
2025,Emilia_Romagna_Grand_Prix,R,HAD,3.0,Racing Bulls,False,HARD,Emilia_Romagna_Grand_Prix,8,16.0,0,,-0.2646103896103331,0.42827724797091243
2025,Emilia_Romagna_Grand_Prix,R,HAM,1.0,Ferrari,False,HARD,Emilia_Romagna_Grand_Prix,25,28.0,0,,0.004705781316297898,0.6141939953972221
2025,Emilia_Romagna_Grand_Prix,R,HAM,2.0,Ferrari,False,MEDIUM,Emilia_Romagna_Grand_Prix,13,16.0,0,,-1.4816082121473184,0.7837295356906785
2025,Emilia_Romagna_Grand_Prix,R,HAM,3.0,Ferrari,False,HARD,Emilia_Romagna_Grand_Prix,7,16.0,0,,inf,0.45907034552075626
2025,Emilia_Romagna_Grand_Prix,R,HUL,1.0,Kick Sauber,False,HARD,Emilia_Romagna_Grand_Prix,25,28.0,0,,-3.2627719155841204,0.1305584659073279
2025,Emilia_Romagna_Grand_Prix,R,HUL,2.0,Kick Sauber,False,MEDIUM,Emilia_Romagna_Grand_Prix,18,33.0,0,,-0.3251049038642363,0.5185412017395229
2025,Emilia_Romagna_Grand_Prix,R,LAW,1.0,Racing Bulls,False,MEDIUM,Emilia_Romagna_Grand_Prix,6,9.0,0,,,
2025,Emilia_Romagna_Grand_Prix,R,LAW,2.0,Racing Bulls,False,HARD,Emilia_Romagna_Grand_Prix,16,18.0,0,,0.712077911097064,0.26284958185383483
2025,Emilia_Romagna_Grand_Prix,R,LAW,3.0,Racing Bulls,False,HARD,Emilia_Romagna_Grand_Prix,22,33.0,0,,0.25456636727121557,0.7406292929062813
2025,Emilia_Romagna_Grand_Prix,R,LEC,1.0,Ferrari,False,MEDIUM,Emilia_Romagna_Grand_Prix,7,9.0,0,,-0.11259259259258304,0.12002666828162084
2025,Emilia_Romagna_Grand_Prix,R,LEC,2.0,Ferrari,False,HARD,Emilia_Romagna_Grand_Prix,16,18.0,0,,0.06238310284386404,0.392515853401113
2025,Emilia_Romagna_Grand_Prix,R,LEC,3.0,Ferrari,False,HARD,Emilia_Romagna_Grand_Prix,21,33.0,0,,21.906850767186068,0.5903779128756742
2025,Emilia_Romagna_Grand_Prix,R,NOR,1.0,McLaren,False,MEDIUM,Emilia_Romagna_Grand_Prix,25,27.0,0,,0.15166062046537732,0.6744943927463889
2025,Emilia_Romagna_Grand_Prix,R,NOR,2.0,McLaren,False,HARD,Emilia_Romagna_Grand_Prix,14,17.0,0,,inf,0.7664125614522749
2025,Emilia_Romagna_Grand_Prix,R,NOR,3.0,McLaren,False,HARD,Emilia_Romagna_Grand_Prix,9,17.0,0,,inf,0.6933441022366845
2025,Emilia_Romagna_Grand_Prix,R,OCO,2.0,Haas F1 Team,False,HARD,Emilia_Romagna_Grand_Prix,25,26.0,0,,-0.09309894232823882,0.7945464348021836
2025,Emilia_Romagna_Grand_Prix,R,PIA,1.0,McLaren,False,MEDIUM,Emilia_Romagna_Grand_Prix,10,12.0,0,,10.51333333333344,0.44023032579421384
2025,Emilia_Romagna_Grand_Prix,R,PIA,2.0,McLaren,False,HARD,Emilia_Romagna_Grand_Prix,12,15.0,0,,0.6750977423435284,0.44105423615945183
2025,Emilia_Romagna_Grand_Prix,R,PIA,3.0,McLaren,False,HARD,Emilia_Romagna_Grand_Prix,21,32.0,0,,inf,0.41616675635123385
2025,Emilia_Romagna_Grand_Prix,R,RUS,1.0,Mercedes,False,MEDIUM,Emilia_Romagna_Grand_Prix,9,13.0,0,,45.65289256200476,0.8787340120209499
2025,Emilia_Romagna_Grand_Prix,R,RUS,2.0,Mercedes,False,HARD,Emilia_Romagna_Grand_Prix,16,17.0,0,,0.5606702729083602,0.576939403355979
2025,Emilia_Romagna_Grand_Prix,R,RUS,3.0,Mercedes,False,HARD,Emilia_Romagna_Grand_Prix,18,33.0,0,,13.960436513870796,0.2805063271660355
2025,Emilia_Romagna_Grand_Prix,R,SAI,1.0,Williams,False,MEDIUM,Emilia_Romagna_Grand_Prix,8,10.0,0,,7.829411764706593,0.7026938924557473
2025,Emilia_Romagna_Grand_Prix,R,SAI,2.0,Williams,False,HARD,Emilia_Romagna_Grand_Prix,15,17.0,0,,0.6857966636919935,0.38797498995973256
2025,Emilia_Romagna_Grand_Prix,R,SAI,3.0,Williams,False,HARD,Emilia_Romagna_Grand_Prix,17,33.0,0,,inf,0.3104221862842335
2025,Emilia_Romagna_Grand_Prix,R,STR,1.0,Aston Martin,False,MEDIUM,Emilia_Romagna_Grand_Prix,12,16.0,0,,inf,0.4971587280821295
2025,Emilia_Romagna_Grand_Prix,R,STR,2.0,Aston Martin,False,HARD,Emilia_Romagna_Grand_Prix,26,31.0,0,,-4.693219281997806,0.7245604947504062
2025,Emilia_Romagna_Grand_Prix,R,STR,3.0,Aston Martin,False,MEDIUM,Emilia_Romagna_Grand_Prix,9,22.0,0,,inf,0.9612416520591377
2025,Emilia_Romagna_Grand_Prix,R,TSU,1.0,Red Bull Racing,True,HARD,Emilia_Romagna_Grand_Prix,26,28.0,0,,-2.2111684327943477,0.3778980888287381
2025,Emilia_Romagna_Grand_Prix,R,TSU,2.0,Red Bull Racing,True,MEDIUM,Emilia_Romagna_Grand_Prix,18,33.0,0,,-4.327250777730873,0.46619033573969665
2025,Emilia_Romagna_Grand_Prix,R,VER,1.0,Red Bull Racing,True,MEDIUM,Emilia_Romagna_Grand_Prix,27,28.0,0,,2.6798689973042946,0.3557579793002638
2025,Emilia_Romagna_Grand_Prix,R,VER,2.0,Red Bull Racing,True,HARD,Emilia_Romagna_Grand_Prix,13,16.0,0,,inf,0.8481666610075587
2025,Emilia_Romagna_Grand_Prix,R,VER,3.0,Red Bull Racing,True,HARD,Emilia_Romagna_Grand_Prix,9,16.0,0,,inf,0.7589058437980299
2025,Hungarian_Grand_Prix,R,ALB,1.0,Williams,False,SOFT,Hungarian_Grand_Prix,11,13.0,0,,inf,0.8092681757824509
2025,Hungarian_Grand_Prix,R,ALB,2.0,Williams,False,MEDIUM,Hungarian_Grand_Prix,22,23.0,0,,1.5008928099741006,0.48895671692791054
2025,Hungarian_Grand_Prix,R,ALB,3.0,Williams,False,HARD,Hungarian_Grand_Prix,28,30.0,0,,-4.45667714666922,0.6725102670625813
2025,Hungarian_Grand_Prix,R,ALO,1.0,Aston Martin,False,MEDIUM,Hungarian_Grand_Prix,33,21.0,1,21.0,inf,0.5740035130034354
2025,Hungarian_Grand_Prix,R,ALO,2.0,Aston Martin,False,HARD,Hungarian_Grand_Prix,25,31.0,0,,inf,0.40101955974368775
2025,Hungarian_Grand_Prix,R,ANT,1.0,Mercedes,False,MEDIUM,Hungarian_Grand_Prix,16,20.0,0,,inf,0.40142420731350587
2025,Hungarian_Grand_Prix,R,ANT,2.0,Mercedes,False,HARD,Hungarian_Grand_Prix,39,47.0,0,,inf,0.3145127725645474
2025,Hungarian_Grand_Prix,R,BEA,1.0,Haas F1 Team,False,MEDIUM,Hungarian_Grand_Prix,26,29.0,0,,inf,0.6292434032249419
2025,Hungarian_Grand_Prix,R,BEA,2.0,Haas F1 Team,False,HARD,Hungarian_Grand_Prix,15,14.0,1,14.0,178.87290862292676,0.7315956672699064
2025,Hungarian_Grand_Prix,R,BOR,1.0,Kick Sauber,False,MEDIUM,Hungarian_Grand_Prix,36,39.0,0,,inf,0.3022686098926271
2025,Hungarian_Grand_Prix,R,BOR,2.0,Kick Sauber,False,HARD,Hungarian_Grand_Prix,27,29.0,0,,inf,0.4324128076011251
2025,Hungarian_Grand_Prix,R,COL,1.0,Alpine,False,MEDIUM,Hungarian_Grand_Prix,10,12.0,0,,-0.09391827684511427,0.9433217625977176
2025,Hungarian_Grand_Prix,R,COL,2.0,Alpine,False,HARD,Hungarian_Grand_Prix,20,21.0,0,,-0.9486166007904806,0.7637606386580131
2025,Hungarian_Grand_Prix,R,COL,3.0,Alpine,False,HARD,Hungarian_Grand_Prix,26,33.0,0,,12.600316583770734,0.5759703082404537
2025,Hungarian_Grand_Prix,R,GAS,1.0,Alpine,False,HARD,Hungarian_Grand_Prix,28,31.0,0,,inf,0.3462544898294875
2025,Hungarian_Grand_Prix,R,GAS,2.0,Alpine,False,MEDIUM,Hungarian_Grand_Prix,34,36.0,0,,-9.183112786429872,0.2550940072480816
2025,Hungarian_Grand_Prix,R,HAD,1.0,Racing Bulls,False,MEDIUM,Hungarian_Grand_Prix,28,32.0,0,,-14.660618556701188,0.4050947925744561
2025,Hungarian_Grand_Prix,R,HAD,2.0,Racing Bulls,False,HARD,Hungarian_Grand_Prix,32,35.0,0,,inf,0.48932092532437216
2025,Hungarian_Grand_Prix,R,HAM,1.0,Ferrari,False,HARD,Hungarian_Grand_Prix,35,41.0,0,,-0.45160443987428256,0.6051835309535704
2025,Hungarian_Grand_Prix,R,HAM,2.0,Ferrari,False,MEDIUM,Hungarian_Grand_Prix,22,26.0,0,,-5.39791362317451,0.5322717728082798
2025,Hungarian_Grand_Prix,R,HUL,2.0,Kick Sauber,False,MEDIUM,Hungarian_Grand_Prix,34,35.0,0,,0.7793785387630909,0.684483665775564
2025,Hungarian_Grand_Prix,R,HUL,3.0,Kick Sauber,False,MEDIUM,Hungarian_Grand_Prix,23,27.0,0,,-3.990432947432217,0.4076917823738245
2025,Hungarian_Grand_Prix,R,LAW,1.0,Racing Bulls,False,MEDIUM,Hungarian_Grand_Prix,34,39.0,0,,inf,0.2504525816439461
2025,Hungarian_Grand_Prix,R,LAW,2.0,Racing Bulls,False,HARD,Hungarian_Grand_Prix,26,29.0,0,,inf,0.8203212002443561
2025,Hungarian_Grand_Prix,R,LEC,1.0,Ferrari,False,MEDIUM,Hungarian_Grand_Prix,16,18.0,0,,inf,0.8073536838040598
2025,Hungarian_Grand_Prix,R,LEC,2.0,Ferrari,False,HARD,Hungarian_Grand_Prix,18,20.0,0,,1.594674091525674,0.3449550564160004
2025,Hungarian_Grand_Prix,R,LEC,3.0,Ferrari,False,HARD,Hungarian_Grand_Prix,28,29.0,0,,0.7498471329723903,0.15169070013785457
2025,Hungarian_Grand_Prix,R,NOR,1.0,McLaren,False,MEDIUM,Hungarian_Grand_Prix,26,30.0,0,,175.05035971287776,0.41020602433819875
2025,Hungarian_Grand_Prix,R,NOR,2.0,McLaren,False,HARD,Hungarian_Grand_Prix,36,39.0,0,,inf,0.34795111379451504
2025,Hungarian_Grand_Prix,R,OCO,1.0,Haas F1 Team,False,MEDIUM,Hungarian_Grand_Prix,9,13.0,0,,inf,0.8315426035939175
2025,Hungarian_Grand_Prix,R,OCO,2.0,Haas F1 Team,False,HARD,Hungarian_Grand_Prix,53,54.0,0,,-0.018463408483311818,0.23934009792159514
2025,Hungarian_Grand_Prix,R,PIA,1.0,McLaren,False,MEDIUM,Hungarian_Grand_Prix,13,17.0,0,,inf,0.8401208760970841
2025,Hungarian_Grand_Prix,R,PIA,2.0,McLaren,False,HARD,Hungarian_Grand_Prix,24,27.0,0,,12.756591671600841,0.44167303201027497
2025,Hungarian_Grand_Prix,R,PIA,3.0,McLaren,False,HARD,Hungarian_Grand_Prix,23,24.0,0,,inf,0.5444127738428897
2025,Hungarian_Grand_Prix,R,RUS,1.0,Mercedes,False,MEDIUM,Hungarian_Grand_Prix,14,18.0,0,,inf,0.8162647149650051
2025,Hungarian_Grand_Prix,R,RUS,2.0,Mercedes,False,HARD,Hungarian_Grand_Prix,21,23.0,0,,-26.180690991290298,0.35915955493641843
2025,Hungarian_Grand_Prix,R,RUS,3.0,Mercedes,False,HARD,Hungarian_Grand_Prix,25,26.0,0,,0.35192638582709906,0.8500988235232392
2025,Hungarian_Grand_Prix,R,SAI,1.0,Williams,False,SOFT,Hungarian_Grand_Prix,12,14.0,0,,inf,0.8019232042627464
2025,Hungarian_Grand_Prix,R,SAI,2.0,Williams,False,HARD,Hungarian_Grand_Prix,34,35.0,0,,-0.1103282157489596,0.5463728208323764
2025,Hungarian_Grand_Prix,R,SAI,3.0,Williams,False,MEDIUM,Hungarian_Grand_Prix,11,17.0,0,,0.3914945321992603,0.8314227931030492
2025,Hungarian_Grand_Prix,R,STR,1.0,Aston Martin,False,MEDIUM,Hungarian_Grand_Prix,32,36.0,0,,inf,0.5221475192311598
2025,Hungarian_Grand_Prix,R,STR,2.0,Aston Martin,False,HARD,Hungarian_Grand_Prix,30,34.0,0,,inf,0.7591127023178298
2025,Hungarian_Grand_Prix,R,TSU,1.0,Red Bull Racing,True,MEDIUM,Hungarian_Grand_Prix,17,19.0,0,,0.103962427613803,0.6733865253930837
2025,Hungarian_Grand_Prix,R,TSU,2.0,Red Bull Racing,True,SOFT,Hungarian_Grand_Prix,15,16.0,0,,-0.30469411964075266,0.745743419196769
2025,Hungarian_Grand_Prix,R,TSU,3.0,Red Bull Racing,True,HARD,Hungarian_Grand_Prix,27,31.0,0,,0.6418952687435733,0.5332817587294981
2025,Hungarian_Grand_Prix,R,VER,1.0,Red Bull Racing,True,MEDIUM,Hungarian_Grand_Prix,14,16.0,0,,-20.345454545475057,0.7654159054083771
2025,Hungarian_Grand_Prix,R,VER,2.0,Red Bull Racing,True,HARD,Hungarian_Grand_Prix,23,30.0,0,,0.11117851482336442,0.7155346873894236
2025,Hungarian_Grand_Prix,R,VER,3.0,Red Bull Racing,True,HARD,Hungarian_Grand_Prix,20,21.0,0,,0.25826476224214123,0.6917592265197097
2025,Italian_Grand_Prix,R,ALB,1.0,Williams,False,HARD,Italian_Grand_Prix,30,40.0,0,,inf,0.37353114720733044
2025,Italian_Grand_Prix,R,ALB,2.0,Williams,False,MEDIUM,Italian_Grand_Prix,10,11.0,0,,inf,0.4394497298257869
2025,Italian_Grand_Prix,R,ALO,1.0,Aston Martin,False,MEDIUM,Italian_Grand_Prix,16,20.0,0,,inf,0.33898634884589046
2025,Italian_Grand_Prix,R,ANT,1.0,Mercedes,False,MEDIUM,Italian_Grand_Prix,21,27.0,0,,inf,0.34345037102493026
2025,Italian_Grand_Prix,R,ANT,2.0,Mercedes,False,HARD,Italian_Grand_Prix,19,24.0,0,,inf,0.32053581321096525
2025,Italian_Grand_Prix,R,BEA,1.0,Haas F1 Team,False,MEDIUM,Italian_Grand_Prix,14,17.0,0,,inf,0.4145182034813857
2025,Italian_Grand_Prix,R,BEA,2.0,Haas F1 Team,False,HARD,Italian_Grand_Prix,25,34.0,0,,inf,0.5396853130184651
2025,Italian_Grand_Prix,R,BOR,1.0,Kick Sauber,False,MEDIUM,Italian_Grand_Prix,16,19.0,0,,inf,0.33413232661780823
2025,Italian_Grand_Prix,R,BOR,2.0,Kick Sauber,False,HARD,Italian_Grand_Prix,26,32.0,0,,inf,0.3146582722056783
2025,Italian_Grand_Prix,R,COL,1.0,Alpine,False,MEDIUM,Italian_Grand_Prix,27,32.0,0,,0.8100600907494742,0.20062343070209182
2025,Italian_Grand_Prix,R,COL,2.0,Alpine,False,HARD,Italian_Grand_Prix,13,15.0,1,15.0,inf,0.6940192096854885
2025,Italian_Grand_Prix,R,GAS,1.0,Alpine,False,HARD,Italian_Grand_Prix,39,48.0,0,,inf,0.43402772721230315
2025,Italian_Grand_Prix,R,HAD,1.0,Racing Bulls,False,HARD,Italian_Grand_Prix,24,32.0,0,,-1.3624638071233655,0.14105590330714604
2025,Italian_Grand_Prix,R,HAD,2.0,Racing Bulls,False,MEDIUM,Italian_Grand_Prix,18,20.0,0,,-0.17499515975125143,0.7017264433213956
2025,Italian_Grand_Prix,R,HAM,1.0,Ferrari,False,MEDIUM,Italian_Grand_Prix,30,37.0,0,,-0.3477432043267511,0.2897939550329856
2025,Italian_Grand_Prix,R,HAM,2.0,Ferrari,False,HARD,Italian_Grand_Prix,11,14.0,0,,inf,0.4454327948792711
2025,Italian_Grand_Prix,R,LAW,1.0,Racing Bulls,False,SOFT,Italian_Grand_Prix,5,8.0,0,,,
2025,Italian_Grand_Prix,R,LAW,2.0,Racing Bulls,False,HARD,Italian_Grand_Prix,36,43.0,0,,-0.3625713189416349,0.4196506540794846
2025,Italian_Grand_Prix,R,LEC,1.0,Ferrari,False,MEDIUM,Italian_Grand_Prix,26,32.0,0,,-2.150428047288938,0.23672118724689462
2025,Italian_Grand_Prix,R,LEC,2.0,Ferrari,False,HARD,Italian_Grand_Prix,15,19.0,0,,inf,0.3783744498373476
2025,Italian_Grand_Prix,R,NOR,1.0,McLaren,False,MEDIUM,Italian_Grand_Prix,39,45.0,0,,inf,0.3610963345105174
2025,Italian_Grand_Prix,R,NOR,2.0,McLaren,False,SOFT,Italian_Grand_Prix,5,8.0,0,,,
2025,Italian_Grand_Prix,R,OCO,1.0,Haas F1 Team,False,HARD,Italian_Grand_Prix,41,50.0,0,,-14.529021646848896,0.22460035864261862
2025,Italian_Grand_Prix,R,PIA,1.0,McLaren,False,MEDIUM,Italian_Grand_Prix,36,44.0,0,,inf,0.143336310297437
2025,Italian_Grand_Prix,R,PIA,2.0,McLaren,False,SOFT,Italian_Grand_Prix,5,10.0,0,,,
2025,Italian_Grand_Prix,R,RUS,1.0,Mercedes,False,MEDIUM,Italian_Grand_Prix,22,26.0,0,,inf,0.44596538406648956
2025,Italian_Grand_Prix,R,RUS,2.0,Mercedes,False,HARD,Italian_Grand_Prix,21,25.0,0,,inf,0.5272548001059815
2025,Italian_Grand_Prix,R,SAI,1.0,Williams,False,MEDIUM,Italian_Grand_Prix,24,29.0,0,,inf,0.37804899484404697
2025,Italian_Grand_Prix,R,SAI,2.0,Williams,False,HARD,Italian_Grand_Prix,17,22.0,0,,-0.7840525015029329,0.30227681753199526
2025,Italian_Grand_Prix,R,STR,1.0,Aston Martin,False,HARD,Italian_Grand_Prix,40,49.0,0,,-2.4124411431060198,0.16168434246015634
2025,Italian_Grand_Prix,R,TSU,1.0,Red Bull Racing,True,MEDIUM,Italian_Grand_Prix,15,18.0,0,,inf,0.5374975726917459
2025,Italian_Grand_Prix,R,TSU,2.0,Red Bull Racing,True,HARD,Italian_Grand_Prix,25,33.0,0,,inf,0.20561535116860769
2025,Italian_Grand_Prix,R,VER,1.0,Red Bull Racing,True,MEDIUM,Italian_Grand_Prix,33,36.0,0,,inf,0.47845265771101564
2025,Italian_Grand_Prix,R,VER,2.0,Red Bull Racing,True,HARD,Italian_Grand_Prix,12,15.0,0,,inf,0.04893285086795204
2025,Japanese_Grand_Prix,R,ALB,1.0,Williams,False,MEDIUM,Japanese_Grand_Prix,21,23.0,0,,inf,0.3724731927104132
2025,Japanese_Grand_Prix,R,ALB,2.0,Williams,False,HARD,Japanese_Grand_Prix,21,28.0,0,,inf,0.3258924971274127
2025,Japanese_Grand_Prix,R,ALO,1.0,Aston Martin,False,MEDIUM,Japanese_Grand_Prix,21,24.0,0,,inf,0.20127730591811213
2025,Japanese_Grand_Prix,R,ALO,2.0,Aston Martin,False,HARD,Japanese_Grand_Prix,25,29.0,0,,inf,0.2680528941502912
2025,Japanese_Grand_Prix,R,ANT,1.0,Mercedes,False,MEDIUM,Japanese_Grand_Prix,26,30.0,0,,inf,0.5686128631222638
2025,Japanese_Grand_Prix,R,ANT,2.0,Mercedes,False,HARD,Japanese_Grand_Prix,20,21.0,0,,-0.6192215458402396,0.795579193066955
2025,Japanese_Grand_Prix,R,BEA,1.0,Haas F1 Team,False,MEDIUM,Japanese_Grand_Prix,20,22.0,0,,inf,0.4921611101137723
2025,Japanese_Grand_Prix,R,BEA,2.0,Haas F1 Team,False,HARD,Japanese_Grand_Prix,26,30.0,0,,-0.5077259185702311,0.5893622021409707
2025,Japanese_Grand_Prix,R,BOR,1.0,Kick Sauber,False,HARD,Japanese_Grand_Prix,25,30.0,0,,inf,0.6339774084883228
2025,Japanese_Grand_Prix,R,BOR,2.0,Kick Sauber,False,MEDIUM,Japanese_Grand_Prix,19,21.0,0,,inf,0.4685058255300757
2025,Japanese_Grand_Prix,R,DOO,1.0,Alpine,False,SOFT,Japanese_Grand_Prix,12,14.0,0,,inf,0.6477706659503959
2025,Japanese_Grand_Prix,R,DOO,2.0,Alpine,False,HARD,Japanese_Grand_Prix,33,37.0,0,,inf,0.11144115141490185
2025,Japanese_Grand_Prix,R,GAS,1.0,Alpine,False,MEDIUM,Japanese_Grand_Prix,21,23.0,0,,inf,0.22044810388502506
2025,Japanese_Grand_Prix,R,GAS,2.0,Alpine,False,HARD,Japanese_Grand_Prix,25,28.0,0,,inf,0.3846952282272807
2025,Japanese_Grand_Prix,R,HAD,1.0,Racing Bulls,False,MEDIUM,Japanese_Grand_Prix,21,24.0,0,,-0.45430509109509726,0.3479492017567984
2025,Japanese_Grand_Prix,R,HAD,2.0,Racing Bulls,False,HARD,Japanese_Grand_Prix,22,27.0,0,,inf,0.713521748242309
2025,Japanese_Grand_Prix,R,HAM,1.0,Ferrari,False,HARD,Japanese_Grand_Prix,26,29.0,0,,-47.049242424173684,0.5330012945605344
2025,Japanese_Grand_Prix,R,HAM,2.0,Ferrari,False,MEDIUM,Japanese_Grand_Prix,21,22.0,0,,inf,0.4013948739720536
2025,Japanese_Grand_Prix,R,HUL,1.0,Kick Sauber,False,MEDIUM,Japanese_Grand_Prix,18,21.0,0,,inf,0.2515081110890083
2025,Japanese_Grand_Prix,R,HUL,2.0,Kick Sauber,False,HARD,Japanese_Grand_Prix,28,30.0,0,,inf,0.22301816301246088
2025,Japanese_Grand_Prix,R,LAW,1.0,Racing Bulls,False,MEDIUM,Japanese_Grand_Prix,29,29.0,1,29.0,inf,0.6215043749789221
2025,Japanese_Grand_Prix,R,LAW,2.0,Racing Bulls,False,SOFT,Japanese_Grand_Prix,17,11.0,1,11.0,inf,0.31131333706338604
2025,Japanese_Grand_Prix,R,LEC,1.0,Ferrari,False,MEDIUM,Japanese_Grand_Prix,18,20.0,0,,inf,0.307453888068852
2025,Japanese_Grand_Prix,R,LEC,2.0,Ferrari,False,HARD,Japanese_Grand_Prix,27,31.0,0,,inf,0.3855163757632732
2025,Japanese_Grand_Prix,R,NOR,1.0,McLaren,False,MEDIUM,Japanese_Grand_Prix,18,20.0,0,,-0.834965034964931,0.303276740780266
2025,Japanese_Grand_Prix,R,NOR,2.0,McLaren,False,HARD,Japanese_Grand_Prix,28,31.0,0,,-1.1119999999997248,0.19214900410074165
2025,Japanese_Grand_Prix,R,OCO,1.0,Haas F1 Team,False,HARD,Japanese_Grand_Prix,28,32.0,0,,inf,0.40075265046495373
2025,Japanese_Grand_Prix,R,OCO,2.0,Haas F1 Team,False,MEDIUM,Japanese_Grand_Prix,17,20.0,0,,inf,0.7525859142953951
2025,Japanese_Grand_Prix,R,PIA,1.0,McLaren,False,MEDIUM,Japanese_Grand_Prix,17,19.0,0,,inf,0.4447563754507089
2025,Japanese_Grand_Prix,R,PIA,2.0,McLaren,False,HARD,Japanese_Grand_Prix,28,32.0,0,,inf,0.361642403274058
2025,Japanese_Grand_Prix,R,RUS,1.0,Mercedes,False,MEDIUM,Japanese_Grand_Prix,16,18.0,0,,inf,0.34108981774091446
2025,Japanese_Grand_Prix,R,RUS,2.0,Mercedes,False,HARD,Japanese_Grand_Prix,28,33.0,0,,inf,0.41073785249178274
2025,Japanese_Grand_Prix,R,SAI,1.0,Williams,False,MEDIUM,Japanese_Grand_Prix,28,32.0,0,,inf,0.23641079235684487
2025,Japanese_Grand_Prix,R,SAI,2.0,Williams,False,SOFT,Japanese_Grand_Prix,17,19.0,0,,-1.7932850559578979,0.6851115933528193
2025,Japanese_Grand_Prix,R,STR,1.0,Aston Martin,False,SOFT,Japanese_Grand_Prix,6,8.0,0,,,
2025,Japanese_Grand_Prix,R,STR,2.0,Aston Martin,False,HARD,Japanese_Grand_Prix,16,21.0,0,,inf,0.5419810923580178
2025,Japanese_Grand_Prix,R,STR,3.0,Aston Martin,False,MEDIUM,Japanese_Grand_Prix,19,22.0,0,,inf,0.4793056458237046
2025,Japanese_Grand_Prix,R,TSU,1.0,Red Bull Racing,True,MEDIUM,Japanese_Grand_Prix,19,22.0,0,,inf,0.6504609895953612
2025,Japanese_Grand_Prix,R,TSU,2.0,Red Bull Racing,True,HARD,Japanese_Grand_Prix,26,29.0,0,,-1.0162245686327058,0.2843203594007534
2025,Japanese_Grand_Prix,R,VER,1.0,Red Bull Racing,True,MEDIUM,Japanese_Grand_Prix,18,20.0,0,,inf,0.40533468687220126
2025,Japanese_Grand_Prix,R,VER,2.0,Red Bull Racing,True,HARD,Japanese_Grand_Prix,27,31.0,0,,-1.8120504879402535,0.4622794596556293
2025,Las_Vegas_Grand_Prix,R,ALB,1.0,Williams,False,HARD,Las_Vegas_Grand_Prix,8,12.0,0,,inf,0.7291006381082614
2025,Las_Vegas_Grand_Prix,R,ALB,3.0,Williams,False,HARD,Las_Vegas_Grand_Prix,16,19.0,0,,inf,0.7881329890405709
2025,Las_Vegas_Grand_Prix,R,ALO,1.0,Aston Martin,False,MEDIUM,Las_Vegas_Grand_Prix,11,15.0,0,,inf,0.5734591691127265
2025,Las_Vegas_Grand_Prix,R,ALO,2.0,Aston Martin,False,HARD,Las_Vegas_Grand_Prix,30,27.0,1,27.0,inf,0.577935724291329
2025,Las_Vegas_Grand_Prix,R,ANT,2.0,Mercedes,False,HARD,Las_Vegas_Grand_Prix,37,47.0,0,,inf,0.2572749273484332
2025,Las_Vegas_Grand_Prix,R,BEA,1.0,Haas F1 Team,False,MEDIUM,Las_Vegas_Grand_Prix,10,15.0,0,,inf,0.8440332971594
2025,Las_Vegas_Grand_Prix,R,BEA,2.0,Haas F1 Team,False,HARD,Las_Vegas_Grand_Prix,26,32.0,0,,inf,0.35632197658381615
2025,Las_Vegas_Grand_Prix,R,COL,1.0,Alpine,False,HARD,Las_Vegas_Grand_Prix,17,24.0,0,,inf,0.7245109063987666
2025,Las_Vegas_Grand_Prix,R,COL,2.0,Alpine,False,MEDIUM,Las_Vegas_Grand_Prix,22,23.0,0,,inf,0.21083390999457546
2025,Las_Vegas_Grand_Prix,R,GAS,2.0,Alpine,False,HARD,Las_Vegas_Grand_Prix,39,47.0,0,,inf,0.32424796062523914
2025,Las_Vegas_Grand_Prix,R,HAD,1.0,Racing Bulls,False,MEDIUM,Las_Vegas_Grand_Prix,14,19.0,0,,inf,0.5465011533724186
2025,Las_Vegas_Grand_Prix,R,HAD,2.0,Racing Bulls,False,HARD,Las_Vegas_Grand_Prix,26,29.0,0,,inf,0.43644274638354
2025,Las_Vegas_Grand_Prix,R,HAM,1.0,Ferrari,False,HARD,Las_Vegas_Grand_Prix,21,28.0,0,,-0.7484085387552435,0.3837306699656949
2025,Las_Vegas_Grand_Prix,R,HAM,2.0,Ferrari,False,MEDIUM,Las_Vegas_Grand_Prix,17,20.0,0,,inf,0.5409653665042461
2025,Las_Vegas_Grand_Prix,R,HUL,1.0,Kick Sauber,False,HARD,Las_Vegas_Grand_Prix,21,29.0,0,,inf,0.48846439264106317
2025,Las_Vegas_Grand_Prix,R,HUL,2.0,Kick Sauber,False,MEDIUM,Las_Vegas_Grand_Prix,18,19.0,0,,-2.2722513089001155,0.37847176545707634
2025,Las_Vegas_Grand_Prix,R,LAW,2.0,Racing Bulls,False,HARD,Las_Vegas_Grand_Prix,20,25.0,0,,inf,0.6661757341069102
2025,Las_Vegas_Grand_Prix,R,LAW,3.0,Racing Bulls,False,HARD,Las_Vegas_Grand_Prix,18,20.0,0,,129.39341846760638,0.39165211167434777
2025,Las_Vegas_Grand_Prix,R,LEC,1.0,Ferrari,False,MEDIUM,Las_Vegas_Grand_Prix,18,23.0,0,,inf,0.4172083959122214
2025,Las_Vegas_Grand_Prix,R,LEC,2.0,Ferrari,False,HARD,Las_Vegas_Grand_Prix,23,25.0,0,,inf,0.29408973254792964
2025,Las_Vegas_Grand_Prix,R,NOR,1.0,McLaren,False,MEDIUM,Las_Vegas_Grand_Prix,15,21.0,0,,inf,0.7044386456461014
2025,Las_Vegas_Grand_Prix,R,NOR,2.0,McLaren,False,HARD,Las_Vegas_Grand_Prix,23,24.0,1,24.0,inf,0.9244197916251639
2025,Las_Vegas_Grand_Prix,R,OCO,1.0,Haas F1 Team,False,MEDIUM,Las_Vegas_Grand_Prix,19,26.0,0,,inf,0.26968912781417953
2025,Las_Vegas_Grand_Prix,R,OCO,2.0,Haas F1 Team,False,HARD,Las_Vegas_Grand_Prix,20,22.0,0,,-0.18147410898060598,0.5431664899319263
2025,Las_Vegas_Grand_Prix,R,PIA,1.0,McLaren,False,MEDIUM,Las_Vegas_Grand_Prix,15,20.0,0,,inf,0.5506376936228065
2025,Las_Vegas_Grand_Prix,R,PIA,2.0,McLaren,False,HARD,Las_Vegas_Grand_Prix,25,28.0,0,,inf,0.23638977596945399
2025,Las_Vegas_Grand_Prix,R,RUS,1.0,Mercedes,False,MEDIUM,Las_Vegas_Grand_Prix,11,15.0,0,,inf,0.5685563276924952
2025,Las_Vegas_Grand_Prix,R,RUS,2.0,Mercedes,False,HARD,Las_Vegas_Grand_Prix,30,32.0,0,,-0.07948562407159387,0.17158656756426854
2025,Las_Vegas_Grand_Prix,R,SAI,1.0,Williams,False,MEDIUM,Las_Vegas_Grand_Prix,16,21.0,0,,inf,0.7001976523428773
2025,Las_Vegas_Grand_Prix,R,SAI,2.0,Williams,False,HARD,Las_Vegas_Grand_Prix,24,27.0,0,,inf,0.7964108057862713
2025,Las_Vegas_Grand_Prix,R,TSU,2.0,Red Bull Racing,True,HARD,Las_Vegas_Grand_Prix,19,25.0,0,,inf,0.6031810892141597
2025,Las_Vegas_Grand_Prix,R,TSU,3.0,Red Bull Racing,True,MEDIUM,Las_Vegas_Grand_Prix,21,23.0,0,,inf,0.5647391521930906
2025,Las_Vegas_Grand_Prix,R,VER,1.0,Red Bull Racing,True,MEDIUM,Las_Vegas_Grand_Prix,19,24.0,0,,inf,0.4313223207695025
2025,Las_Vegas_Grand_Prix,R,VER,2.0,Red Bull Racing,True,HARD,Las_Vegas_Grand_Prix,21,24.0,0,,inf,0.5618784086373102
2025,Mexico_City_Grand_Prix,R,ALB,1.0,Williams,False,HARD,Mexico_City_Grand_Prix,36,40.0,0,,-1335.326197007594,0.3339481755681627
2025,Mexico_City_Grand_Prix,R,ALB,2.0,Williams,False,SOFT,Mexico_City_Grand_Prix,24,27.0,0,,-6.047999425586306,0.6350627698695398
2025,Mexico_City_Grand_Prix,R,ALO,1.0,Aston Martin,False,SOFT,Mexico_City_Grand_Prix,16,6.0,1,6.0,inf,0.5369116522208208
2025,Mexico_City_Grand_Prix,R,ALO,2.0,Aston Martin,False,MEDIUM,Mexico_City_Grand_Prix,10,14.0,0,,0.2936294849890182,0.7260895588270471
2025,Mexico_City_Grand_Prix,R,ANT,1.0,Mercedes,False,SOFT,Mexico_City_Grand_Prix,18,24.0,0,,0.8305987488829123,0.3017724924076363
2025,Mexico_City_Grand_Prix,R,ANT,2.0,Mercedes,False,MEDIUM,Mexico_City_Grand_Prix,21,24.0,0,,-15.955398329715953,0.2249883660286285
2025,Mexico_City_Grand_Prix,R,ANT,3.0,Mercedes,False,SOFT,Mexico_City_Grand_Prix,21,25.0,0,,16.849287042777878,0.32531208591776173
2025,Mexico_City_Grand_Prix,R,BEA,1.0,Haas F1 Team,False,SOFT,Mexico_City_Grand_Prix,20,26.0,0,,-0.30670456101910076,0.19341744036810465
2025,Mexico_City_Grand_Prix,R,BEA,2.0,Haas F1 Team,False,MEDIUM,Mexico_City_Grand_Prix,21,23.0,0,,-0.1994998920630391,0.7729480629274205
2025,Mexico_City_Grand_Prix,R,BEA,3.0,Haas F1 Team,False,SOFT,Mexico_City_Grand_Prix,20,24.0,0,,18.66285774744645,0.6261320000723961
2025,Mexico_City_Grand_Prix,R,BOR,1.0,Kick Sauber,False,MEDIUM,Mexico_City_Grand_Prix,33,36.0,0,,23.91335705356436,0.1324914532858794
2025,Mexico_City_Grand_Prix,R,BOR,2.0,Kick Sauber,False,SOFT,Mexico_City_Grand_Prix,29,31.0,0,,0.6293892382950576,0.5248889825443506
2025,Mexico_City_Grand_Prix,R,COL,1.0,Alpine,False,HARD,Mexico_City_Grand_Prix,42,47.0,0,,20.06031038809746,0.18683106960123005
2025,Mexico_City_Grand_Prix,R,COL,2.0,Alpine,False,SOFT,Mexico_City_Grand_Prix,18,19.0,0,,13.161195243419082,0.6051228974335127
2025,Mexico_City_Grand_Prix,R,GAS,1.0,Alpine,False,MEDIUM,Mexico_City_Grand_Prix,28,32.0,0,,0.30300034672106124,0.16518401811781147
2025,Mexico_City_Grand_Prix,R,GAS,2.0,Alpine,False,SOFT,Mexico_City_Grand_Prix,31,35.0,0,,-135.9410319416083,0.20335872572406344
2025,Mexico_City_Grand_Prix,R,HAD,1.0,Racing Bulls,False,MEDIUM,Mexico_City_Grand_Prix,29,33.0,0,,-8.700176808633717,0.39553425090551514
2025,Mexico_City_Grand_Prix,R,HAD,2.0,Racing Bulls,False,SOFT,Mexico_City_Grand_Prix,33,37.0,0,,-36.352273939606434,0.6853381241900727
2025,Mexico_City_Grand_Prix,R,HAM,1.0,Ferrari,False,SOFT,Mexico_City_Grand_Prix,20,25.0,0,,inf,0.419406269779191
2025,Mexico_City_Grand_Prix,R,HAM,2.0,Ferrari,False,MEDIUM,Mexico_City_Grand_Prix,21,23.0,0,,-2.0761438561439136,0.6250896031046296
2025,Mexico_City_Grand_Prix,R,HAM,3.0,Ferrari,False,SOFT,Mexico_City_Grand_Prix,21,25.0,0,,-2.5339879154078755,0.3696563417468367
2025,Mexico_City_Grand_Prix,R,HUL,1.0,Kick Sauber,False,SOFT,Mexico_City_Grand_Prix,18,24.0,0,,-3.77354075255921,0.2685879026192985
2025,Mexico_City_Grand_Prix,R,LEC,1.0,Ferrari,False,SOFT,Mexico_City_Grand_Prix,28,30.0,0,,3.139354339056204,0.5031996384766225
2025,Mexico_City_Grand_Prix,R,LEC,2.0,Ferrari,False,MEDIUM,Mexico_City_Grand_Prix,34,38.0,0,,0.3473726930671114,0.29018359770557156
2025,Mexico_City_Grand_Prix,R,NOR,1.0,McLaren,False,SOFT,Mexico_City_Grand_Prix,31,33.0,0,,inf,0.7162182341574638
2025,Mexico_City_Grand_Prix,R,NOR,2.0,McLaren,False,MEDIUM,Mexico_City_Grand_Prix,32,35.0,0,,0.39413025159506115,0.2271441120691569
2025,Mexico_City_Grand_Prix,R,OCO,1.0,Haas F1 Team,False,SOFT,Mexico_City_Grand_Prix,23,26.0,0,,0.04864669973950675,0.49230434284679503
2025,Mexico_City_Grand_Prix,R,OCO,2.0,Haas F1 Team,False,MEDIUM,Mexico_City_Grand_Prix,34,41.0,0,,inf,0.14718217574503734
2025,Mexico_City_Grand_Prix,R,PIA,1.0,McLaren,False,SOFT,Mexico_City_Grand_Prix,20,26.0,0,,0.5130401794673359,0.45947670449518585
2025,Mexico_City_Grand_Prix,R,PIA,2.0,McLaren,False,MEDIUM,Mexico_City_Grand_Prix,18,22.0,0,,0.5774612702969936,0.3693766361257233
2025,Mexico_City_Grand_Prix,R,PIA,3.0,McLaren,False,SOFT,Mexico_City_Grand_Prix,20,25.0,0,,2.069678121070038,0.4672194303195597
2025,Mexico_City_Grand_Prix,R,RUS,1.0,Mercedes,False,SOFT,Mexico_City_Grand_Prix,22,10.0,1,10.0,inf,0.4615547227670053
2025,Mexico_City_Grand_Prix,R,RUS,2.0,Mercedes,False,MEDIUM,Mexico_City_Grand_Prix,19,22.0,0,,-0.09985506522063442,0.7476316515984119
2025,Mexico_City_Grand_Prix,R,RUS,3.0,Mercedes,False,SOFT,Mexico_City_Grand_Prix,18,24.0,0,,0.16406007785317242,0.36657666739238165
2025,Mexico_City_Grand_Prix,R,SAI,1.0,Williams,False,MEDIUM,Mexico_City_Grand_Prix,12,16.0,0,,inf,0.8085589710583779
2025,Mexico_City_Grand_Prix,R,SAI,2.0,Williams,False,SOFT,Mexico_City_Grand_Prix,27,31.0,0,,-2.017707396338125,0.5662164366448863
2025,Mexico_City_Grand_Prix,R,SAI,3.0,Williams,False,SOFT,Mexico_City_Grand_Prix,7,12.0,0,,0.38642112269803336,0.6178694164841597
2025,Mexico_City_Grand_Prix,R,SAI,4.0,Williams,False,SOFT,Mexico_City_Grand_Prix,10,24.0,0,,0.8508239375540739,0.14490666076216963
2025,Mexico_City_Grand_Prix,R,STR,1.0,Aston Martin,False,SOFT,Mexico_City_Grand_Prix,21,25.0,0,,14.327801853666383,0.3185425556118167
2025,Mexico_City_Grand_Prix,R,STR,2.0,Aston Martin,False,MEDIUM,Mexico_City_Grand_Prix,15,17.0,0,,inf,0.5339326148563487
2025,Mexico_City_Grand_Prix,R,STR,3.0,Aston Martin,False,SOFT,Mexico_City_Grand_Prix,18,26.0,0,,0.0525897892549843,0.47250835517754886
2025,Mexico_City_Grand_Prix,R,TSU,1.0,Red Bull Racing,True,MEDIUM,Mexico_City_Grand_Prix,32,32.0,1,32.0,25.336782592560024,0.5082754747565602
2025,Mexico_City_Grand_Prix,R,TSU,2.0,Red Bull Racing,True,SOFT,Mexico_City_Grand_Prix,30,32.0,0,,-12.121071241110682,0.6580655594947912
2025,Mexico_City_Grand_Prix,R,VER,1.0,Red Bull Racing,True,MEDIUM,Mexico_City_Grand_Prix,33,36.0,0,,15.900861274491337,0.3548571056948013
2025,Mexico_City_Grand_Prix,R,VER,2.0,Red Bull Racing,True,SOFT,Mexico_City_Grand_Prix,31,35.0,0,,inf,0.49740314499247534
2025,Miami_Grand_Prix,R,ALB,2.0,Williams,False,HARD,Miami_Grand_Prix,23,24.0,0,,-0.3800918605526467,0.6755941478084135
2025,Miami_Grand_Prix,R,ALO,1.0,Aston Martin,False,HARD,Miami_Grand_Prix,5,9.0,0,,,
2025,Miami_Grand_Prix,R,ALO,2.0,Aston Martin,False,MEDIUM,Miami_Grand_Prix,20,24.0,0,,inf,0.4696832550253016
2025,Miami_Grand_Prix,R,ANT,2.0,Mercedes,False,HARD,Miami_Grand_Prix,23,24.0,0,,-0.7121737524080928,0.7839591387195578
2025,Miami_Grand_Prix,R,GAS,1.0,Alpine,False,HARD,Miami_Grand_Prix,4,8.0,0,,,
2025,Miami_Grand_Prix,R,GAS,2.0,Alpine,False,MEDIUM,Miami_Grand_Prix,23,24.0,0,,1.010406504065015,0.2638197692360229
2025,Miami_Grand_Prix,R,HAD,1.0,Racing Bulls,False,HARD,Miami_Grand_Prix,26,33.0,0,,inf,0.40224391192913905
2025,Miami_Grand_Prix,R,HAM,1.0,Ferrari,False,HARD,Miami_Grand_Prix,2,8.0,0,,,
2025,Miami_Grand_Prix,R,HAM,2.0,Ferrari,False,MEDIUM,Miami_Grand_Prix,23,24.0,0,,-0.016000075516557622,0.20228239653481533
2025,Miami_Grand_Prix,R,HUL,1.0,Kick Sauber,False,HARD,Miami_Grand_Prix,6,12.0,0,,,
2025,Miami_Grand_Prix,R,HUL,2.0,Kick Sauber,False,MEDIUM,Miami_Grand_Prix,18,19.0,0,,inf,0.49129349044482473
2025,Miami_Grand_Prix,R,LEC,2.0,Ferrari,False,HARD,Miami_Grand_Prix,22,24.0,0,,-0.5866184133197031,0.643952737443015
2025,Miami_Grand_Prix,R,NOR,2.0,McLaren,False,HARD,Miami_Grand_Prix,22,24.0,0,,11.752158456070937,0.6482601746194967
2025,Miami_Grand_Prix,R,OCO,1.0,Haas F1 Team,False,HARD,Miami_Grand_Prix,28,33.0,0,,-13.7300278844039,0.19585680336782055
2025,Miami_Grand_Prix,R,PIA,2.0,McLaren,False,HARD,Miami_Grand_Prix,22,24.0,0,,2.223055023682238,0.5725720682144861
2025,Miami_Grand_Prix,R,RUS,2.0,Mercedes,False,MEDIUM,Miami_Grand_Prix,23,24.0,0,,inf,0.4179232592422956
2025,Miami_Grand_Prix,R,SAI,2.0,Williams,False,HARD,Miami_Grand_Prix,22,24.0,0,,-0.16762934777640984,0.5842374263507011
2025,Miami_Grand_Prix,R,STR,1.0,Aston Martin,False,HARD,Miami_Grand_Prix,26,33.0,0,,inf,0.5049312965713719
2025,Miami_Grand_Prix,R,TSU,2.0,Red Bull Racing,True,HARD,Miami_Grand_Prix,23,24.0,0,,inf,0.06087944038179789
2025,Miami_Grand_Prix,R,VER,2.0,Red Bull Racing,True,HARD,Miami_Grand_Prix,23,24.0,0,,inf,0.1881977799295507
2025,Miami_Grand_Prix,S,ALB,1.0,Williams,False,INTERMEDIATE,Miami_Grand_Prix,8,8.0,1,8.0,inf,0.7744410546003826
2025,Miami_Grand_Prix,S,ALO,1.0,Aston Martin,False,INTERMEDIATE,Miami_Grand_Prix,9,8.0,1,8.0,inf,0.6757691311791156
2025,Miami_Grand_Prix,S,ANT,1.0,Mercedes,False,INTERMEDIATE,Miami_Grand_Prix,8,7.0,1,7.0,inf,0.8111401240508179
2025,Miami_Grand_Prix,S,BEA,1.0,Haas F1 Team,False,INTERMEDIATE,Miami_Grand_Prix,7,11.0,0,,-0.14773869346735832,0.38521705326495065
2025,Miami_Grand_Prix,S,BOR,1.0,Kick Sauber,False,INTERMEDIATE,Miami_Grand_Prix,7,8.0,1,8.0,10.374774774770989,0.4277728303561561
2025,Miami_Grand_Prix,S,DOO,1.0,Alpine,False,INTERMEDIATE,Miami_Grand_Prix,7,11.0,0,,inf,0.17280996860782152
2025,Miami_Grand_Prix,S,GAS,1.0,Alpine,False,INTERMEDIATE,Miami_Grand_Prix,8,8.0,1,8.0,inf,0.6325131659980859
2025,Miami_Grand_Prix,S,HAD,1.0,Racing Bulls,False,INTERMEDIATE,Miami_Grand_Prix,9,12.0,0,,inf,0.7883528899238424
2025,Miami_Grand_Prix,S,HAM,1.0,Ferrari,False,INTERMEDIATE,Miami_Grand_Prix,7,7.0,1,7.0,inf,0.735337425644363
2025,Miami_Grand_Prix,S,HUL,1.0,Kick Sauber,False,INTERMEDIATE,Miami_Grand_Prix,8,8.0,1,8.0,inf,0.45326072041478804
2025,Miami_Grand_Prix,S,LAW,1.0,Racing Bulls,False,INTERMEDIATE,Miami_Grand_Prix,8,8.0,1,8.0,inf,0.8902179613722323
2025,Miami_Grand_Prix,S,NOR,1.0,McLaren,False,INTERMEDIATE,Miami_Grand_Prix,10,8.0,1,8.0,2.8796722990287185,0.24095279576814838
2025,Miami_Grand_Prix,S,OCO,1.0,Haas F1 Team,False,INTERMEDIATE,Miami_Grand_Prix,9,12.0,0,,inf,0.6208641464942367
2025,Miami_Grand_Prix,S,PIA,1.0,McLaren,False,INTERMEDIATE,Miami_Grand_Prix,9,12.0,0,,1.3728547658664196,0.8715190682334392
2025,Miami_Grand_Prix,S,RUS,1.0,Mercedes,False,INTERMEDIATE,Miami_Grand_Prix,9,7.0,1,7.0,inf,0.6106996209358745
2025,Miami_Grand_Prix,S,SAI,1.0,Williams,False,INTERMEDIATE,Miami_Grand_Prix,7,10.0,0,,inf,0.48941103975625105
2025,Miami_Grand_Prix,S,STR,1.0,Aston Martin,False,INTERMEDIATE,Miami_Grand_Prix,7,10.0,0,,inf,0.9271775754459696
2025,Miami_Grand_Prix,S,TSU,1.0,Red Bull Racing,True,INTERMEDIATE,Miami_Grand_Prix,5,9.0,0,,,
2025,Miami_Grand_Prix,S,VER,1.0,Red Bull Racing,True,INTERMEDIATE,Miami_Grand_Prix,8,7.0,1,7.0,2.751879699248816,0.3355757869740538
2025,Monaco_Grand_Prix,R,ALB,1.0,Williams,False,MEDIUM,Monaco_Grand_Prix,23,35.0,0,,inf,0.5983735209951978
2025,Monaco_Grand_Prix,R,ALB,2.0,Williams,False,MEDIUM,Monaco_Grand_Prix,5,15.0,0,,,
2025,Monaco_Grand_Prix,R,ALB,3.0,Williams,False,HARD,Monaco_Grand_Prix,22,35.0,0,,-0.05106948161363743,0.5143482417999964
2025,Monaco_Grand_Prix,R,ALO,1.0,Aston Martin,False,HARD,Monaco_Grand_Prix,5,16.0,0,,,
2025,Monaco_Grand_Prix,R,ALO,2.0,Aston Martin,False,HARD,Monaco_Grand_Prix,18,21.0,0,,-0.19977560883354156,0.46435876165372963
2025,Monaco_Grand_Prix,R,ANT,1.0,Mercedes,False,HARD,Monaco_Grand_Prix,55,68.0,0,,inf,0.3564392462385081
2025,Monaco_Grand_Prix,R,BEA,2.0,Haas F1 Team,False,HARD,Monaco_Grand_Prix,6,14.0,0,,,
2025,Monaco_Grand_Prix,R,BEA,3.0,Haas F1 Team,False,MEDIUM,Monaco_Grand_Prix,52,58.0,0,,-3.605051379917791,0.6374128774291102
2025,Monaco_Grand_Prix,R,BOR,2.0,Kick Sauber,False,HARD,Monaco_Grand_Prix,20,24.0,0,,-1.3423038767280324,0.7285229205816416
2025,Monaco_Grand_Prix,R,BOR,3.0,Kick Sauber,False,SOFT,Monaco_Grand_Prix,2,4.0,0,,,
2025,Monaco_Grand_Prix,R,BOR,4.0,Kick Sauber,False,MEDIUM,Monaco_Grand_Prix,34,40.0,0,,-0.3732942208895305,0.682174201295592
2025,Monaco_Grand_Prix,R,COL,1.0,Alpine,False,HARD,Monaco_Grand_Prix,7,12.0,0,,-0.7641921397379595,0.48124544232868927
2025,Monaco_Grand_Prix,R,COL,2.0,Alpine,False,MEDIUM,Monaco_Grand_Prix,11,19.0,0,,-0.30171407609963957,0.9072399834256903
2025,Monaco_Grand_Prix,R,COL,3.0,Alpine,False,MEDIUM,Monaco_Grand_Prix,43,49.0,0,,-0.9354154604839183,0.7656257582501236
2025,Monaco_Grand_Prix,R,HAD,1.0,Racing Bulls,False,MEDIUM,Monaco_Grand_Prix,6,13.0,0,,,
2025,Monaco_Grand_Prix,R,HAD,3.0,Racing Bulls,False,HARD,Monaco_Grand_Prix,56,58.0,0,,inf,0.43098877616542797
2025,Monaco_Grand_Prix,R,HAM,1.0,Ferrari,False,HARD,Monaco_Grand_Prix,7,17.0,0,,inf,0.1917815018316801
2025,Monaco_Grand_Prix,R,HAM,2.0,Ferrari,False,HARD,Monaco_Grand_Prix,36,38.0,0,,0.3965588221840226,0.6029132634004861
2025,Monaco_Grand_Prix,R,HAM,3.0,Ferrari,False,MEDIUM,Monaco_Grand_Prix,18,24.0,0,,45.05945989585426,0.4722365206442809
2025,Monaco_Grand_Prix,R,HUL,1.0,Kick Sauber,False,MEDIUM,Monaco_Grand_Prix,6,11.0,0,,,
2025,Monaco_Grand_Prix,R,HUL,2.0,Kick Sauber,False,HARD,Monaco_Grand_Prix,26,31.0,0,,-0.3878870279958026,0.5990898531394939
2025,Monaco_Grand_Prix,R,HUL,3.0,Kick Sauber,False,SOFT,Monaco_Grand_Prix,22,31.0,0,,-0.295656568455034,0.9056388380371635
2025,Monaco_Grand_Prix,R,LAW,1.0,Racing Bulls,False,MEDIUM,Monaco_Grand_Prix,20,30.0,0,,-0.33742570398521154,0.7821640205103707
2025,Monaco_Grand_Prix,R,LAW,2.0,Racing Bulls,False,SOFT,Monaco_Grand_Prix,5,11.0,0,,,
2025,Monaco_Grand_Prix,R,LAW,3.0,Racing Bulls,False,HARD,Monaco_Grand_Prix,34,37.0,0,,inf,0.48601865424952784
2025,Monaco_Grand_Prix,R,LEC,1.0,Ferrari,False,MEDIUM,Monaco_Grand_Prix,10,21.0,0,,inf,0.48284028921899697
2025,Monaco_Grand_Prix,R,LEC,2.0,Ferrari,False,HARD,Monaco_Grand_Prix,24,26.0,0,,0.03658982600022545,0.5096978104046918
2025,Monaco_Grand_Prix,R,LEC,3.0,Ferrari,False,MEDIUM,Monaco_Grand_Prix,27,31.0,0,,0.09752833476019647,0.6537079893899493
2025,Monaco_Grand_Prix,R,NOR,1.0,McLaren,False,MEDIUM,Monaco_Grand_Prix,7,18.0,0,,inf,0.21036225646100343
2025,Monaco_Grand_Prix,R,NOR,2.0,McLaren,False,HARD,Monaco_Grand_Prix,28,30.0,0,,0.15692819241655567,0.3580587670350047
2025,Monaco_Grand_Prix,R,NOR,3.0,McLaren,False,HARD,Monaco_Grand_Prix,24,27.0,0,,-1.2979120881793855,0.49196890897559503
2025,Monaco_Grand_Prix,R,OCO,1.0,Haas F1 Team,False,MEDIUM,Monaco_Grand_Prix,6,15.0,0,,,
2025,Monaco_Grand_Prix,R,OCO,2.0,Haas F1 Team,False,MEDIUM,Monaco_Grand_Prix,10,15.0,0,,-0.7819489270143385,0.9010611435103384
2025,Monaco_Grand_Prix,R,OCO,3.0,Haas F1 Team,False,HARD,Monaco_Grand_Prix,47,48.0,0,,-0.4355192066729247,0.5776651077193877
2025,Monaco_Grand_Prix,R,PIA,1.0,McLaren,False,MEDIUM,Monaco_Grand_Prix,9,19.0,0,,inf,0.6214863613466616
2025,Monaco_Grand_Prix,R,PIA,2.0,McLaren,False,HARD,Monaco_Grand_Prix,24,27.0,0,,-0.1423042368854662,0.6241850819534235
2025,Monaco_Grand_Prix,R,PIA,3.0,McLaren,False,HARD,Monaco_Grand_Prix,28,29.0,0,,1.0805541958414038,0.42765387167516544
2025,Monaco_Grand_Prix,R,RUS,1.0,Mercedes,False,HARD,Monaco_Grand_Prix,42,52.0,0,,inf,0.3117985718056201
2025,Monaco_Grand_Prix,R,RUS,2.0,Mercedes,False,MEDIUM,Monaco_Grand_Prix,5,14.0,0,,,
2025,Monaco_Grand_Prix,R,RUS,3.0,Mercedes,False,HARD,Monaco_Grand_Prix,5,7.0,0,,,
2025,Monaco_Grand_Prix,R,SAI,1.0,Williams,False,HARD,Monaco_Grand_Prix,36,47.0,0,,inf,0.4751664918289993
2025,Monaco_Grand_Prix,R,SAI,3.0,Williams,False,MEDIUM,Monaco_Grand_Prix,21,30.0,0,,-0.1206605910551589,0.546017725240732
2025,Monaco_Grand_Prix,R,STR,1.0,Aston Martin,False,HARD,Monaco_Grand_Prix,11,17.0,0,,0.006152981338454373,0.627704278488295
2025,Monaco_Grand_Prix,R,STR,2.0,Aston Martin,False,HARD,Monaco_Grand_Prix,45,47.0,0,,-0.11707971809137459,0.38831272318946514
2025,Monaco_Grand_Prix,R,STR,3.0,Aston Martin,False,MEDIUM,Monaco_Grand_Prix,10,12.0,0,,0.3355091383812468,0.4396078102548478
2025,Monaco_Grand_Prix,R,TSU,2.0,Red Bull Racing,True,HARD,Monaco_Grand_Prix,60,71.0,0,,inf,0.3798928747913792
2025,Monaco_Grand_Prix,R,VER,1.0,Red Bull Racing,True,HARD,Monaco_Grand_Prix,18,27.0,0,,inf,0.7729419736282473
2025,Monaco_Grand_Prix,R,VER,2.0,Red Bull Racing,True,MEDIUM,Monaco_Grand_Prix,45,23.0,1,23.0,inf,0.3438891932604128
2025,Qatar_Grand_Prix,R,ALB,1.0,Williams,False,HARD,Qatar_Grand_Prix,4,6.0,0,,,
2025,Qatar_Grand_Prix,R,ALB,2.0,Williams,False,MEDIUM,Qatar_Grand_Prix,21,24.0,0,,inf,0.6587752620258099
2025,Qatar_Grand_Prix,R,ALB,3.0,Williams,False,MEDIUM,Qatar_Grand_Prix,19,24.0,0,,inf,0.3605300304794344
2025,Qatar_Grand_Prix,R,ALO,1.0,Aston Martin,False,MEDIUM,Qatar_Grand_Prix,5,6.0,0,,,
2025,Qatar_Grand_Prix,R,ALO,2.0,Aston Martin,False,MEDIUM,Qatar_Grand_Prix,18,24.0,0,,inf,0.7725431736000002
2025,Qatar_Grand_Prix,R,ALO,3.0,Aston Martin,False,HARD,Qatar_Grand_Prix,18,24.0,0,,inf,0.2374044611642896
2025,Qatar_Grand_Prix,R,ANT,1.0,Mercedes,False,MEDIUM,Qatar_Grand_Prix,4,6.0,0,,,
2025,Qatar_Grand_Prix,R,ANT,2.0,Mercedes,False,MEDIUM,Qatar_Grand_Prix,20,24.0,0,,inf,0.16242889987455705
2025,Qatar_Grand_Prix,R,ANT,3.0,Mercedes,False,HARD,Qatar_Grand_Prix,22,24.0,0,,inf,0.6230798241455664
2025,Qatar_Grand_Prix,R,BEA,1.0,Haas F1 Team,False,MEDIUM,Qatar_Grand_Prix,3,6.0,0,,,
2025,Qatar_Grand_Prix,R,BEA,2.0,Haas F1 Team,False,MEDIUM,Qatar_Grand_Prix,20,24.0,0,,inf,0.42200246070797776
2025,Qatar_Grand_Prix,R,BEA,3.0,Haas F1 Team,False,HARD,Qatar_Grand_Prix,6,7.0,0,,,
2025,Qatar_Grand_Prix,R,BOR,1.0,Kick Sauber,False,MEDIUM,Qatar_Grand_Prix,4,6.0,0,,,
2025,Qatar_Grand_Prix,R,BOR,2.0,Kick Sauber,False,MEDIUM,Qatar_Grand_Prix,20,24.0,0,,inf,0.40386878168721957
2025,Qatar_Grand_Prix,R,BOR,3.0,Kick Sauber,False,SOFT,Qatar_Grand_Prix,23,24.0,0,,-0.49388739023118444,0.4634510476684073
2025,Qatar_Grand_Prix,R,COL,1.0,Alpine,False,HARD,Qatar_Grand_Prix,4,6.0,0,,,
2025,Qatar_Grand_Prix,R,COL,2.0,Alpine,False,MEDIUM,Qatar_Grand_Prix,20,24.0,0,,inf,0.36562079636377864
2025,Qatar_Grand_Prix,R,COL,3.0,Alpine,False,MEDIUM,Qatar_Grand_Prix,22,23.0,0,,inf,0.5753779411198253
2025,Qatar_Grand_Prix,R,GAS,1.0,Alpine,False,MEDIUM,Qatar_Grand_Prix,4,6.0,0,,,
2025,Qatar_Grand_Prix,R,GAS,2.0,Alpine,False,HARD,Qatar_Grand_Prix,20,24.0,0,,inf,0.44112109480806533
2025,Qatar_Grand_Prix,R,GAS,3.0,Alpine,False,MEDIUM,Qatar_Grand_Prix,22,20.0,1,20.0,inf,0.21058226962248644
2025,Qatar_Grand_Prix,R,HAD,1.0,Racing Bulls,False,MEDIUM,Qatar_Grand_Prix,4,6.0,0,,,
2025,Qatar_Grand_Prix,R,HAD,2.0,Racing Bulls,False,MEDIUM,Qatar_Grand_Prix,20,24.0,0,,inf,0.4905230692909627
2025,Qatar_Grand_Prix,R,HAD,3.0,Racing Bulls,False,HARD,Qatar_Grand_Prix,17,22.0,0,,inf,0.6223605731917387
2025,Qatar_Grand_Prix,R,HAM,1.0,Ferrari,False,SOFT,Qatar_Grand_Prix,4,6.0,0,,,
2025,Qatar_Grand_Prix,R,HAM,2.0,Ferrari,False,MEDIUM,Qatar_Grand_Prix,20,24.0,0,,inf,0.4238061023122493
2025,Qatar_Grand_Prix,R,HAM,3.0,Ferrari,False,MEDIUM,Qatar_Grand_Prix,21,24.0,0,,inf,0.45084141170283726
2025,Qatar_Grand_Prix,R,HUL,1.0,Kick Sauber,False,SOFT,Qatar_Grand_Prix,5,6.0,0,,,
2025,Qatar_Grand_Prix,R,LAW,1.0,Racing Bulls,False,MEDIUM,Qatar_Grand_Prix,3,6.0,0,,,
2025,Qatar_Grand_Prix,R,LAW,2.0,Racing Bulls,False,MEDIUM,Qatar_Grand_Prix,20,24.0,0,,inf,0.49618270881169174
2025,Qatar_Grand_Prix,R,LAW,3.0,Racing Bulls,False,HARD,Qatar_Grand_Prix,19,24.0,0,,inf,0.8950173301695719
2025,Qatar_Grand_Prix,R,LEC,1.0,Ferrari,False,MEDIUM,Qatar_Grand_Prix,3,6.0,0,,,
2025,Qatar_Grand_Prix,R,LEC,2.0,Ferrari,False,MEDIUM,Qatar_Grand_Prix,20,24.0,0,,inf,0.1515549481504159
2025,Qatar_Grand_Prix,R,LEC,3.0,Ferrari,False,HARD,Qatar_Grand_Prix,22,24.0,0,,-0.22868284796714214,0.5198407427250544
2025,Qatar_Grand_Prix,R,NOR,1.0,McLaren,False,MEDIUM,Qatar_Grand_Prix,16,24.0,0,,inf,0.9116768756480275
2025,Qatar_Grand_Prix,R,NOR,2.0,McLaren,False,MEDIUM,Qatar_Grand_Prix,16,18.0,0,,0.04311075649528832,0.6427335388562282
2025,Qatar_Grand_Prix,R,NOR,3.0,McLaren,False,HARD,Qatar_Grand_Prix,11,12.0,0,,-1.7439703153984094,0.7166845845926331
2025,Qatar_Grand_Prix,R,OCO,1.0,Haas F1 Team,False,MEDIUM,Qatar_Grand_Prix,4,6.0,0,,,
2025,Qatar_Grand_Prix,R,OCO,3.0,Haas F1 Team,False,MEDIUM,Qatar_Grand_Prix,20,24.0,0,,inf,0.2464104530606754
2025,Qatar_Grand_Prix,R,OCO,4.0,Haas F1 Team,False,HARD,Qatar_Grand_Prix,20,22.0,0,,3.3128068526060725,0.38079142888314427
2025,Qatar_Grand_Prix,R,PIA,1.0,McLaren,False,MEDIUM,Qatar_Grand_Prix,14,23.0,0,,inf,0.9068807245153055
2025,Qatar_Grand_Prix,R,PIA,2.0,McLaren,False,MEDIUM,Qatar_Grand_Prix,14,17.0,0,,0.32514278619321635,0.9409721601508586
2025,Qatar_Grand_Prix,R,PIA,3.0,McLaren,False,HARD,Qatar_Grand_Prix,13,14.0,0,,-5.860773480663692,0.6636007966118243
2025,Qatar_Grand_Prix,R,RUS,1.0,Mercedes,False,MEDIUM,Qatar_Grand_Prix,5,6.0,0,,,
2025,Qatar_Grand_Prix,R,RUS,2.0,Mercedes,False,MEDIUM,Qatar_Grand_Prix,20,24.0,0,,inf,0.582494616488949
2025,Qatar_Grand_Prix,R,RUS,3.0,Mercedes,False,HARD,Qatar_Grand_Prix,16,24.0,0,,inf,0.1559032367281438
2025,Qatar_Grand_Prix,R,SAI,1.0,Williams,False,MEDIUM,Qatar_Grand_Prix,4,6.0,0,,,
2025,Qatar_Grand_Prix,R,SAI,2.0,Williams,False,MEDIUM,Qatar_Grand_Prix,20,24.0,0,,inf,0.5499649117976023
2025,Qatar_Grand_Prix,R,SAI,3.0,Williams,False,HARD,Qatar_Grand_Prix,21,24.0,0,,inf,0.626425121848049
2025,Qatar_Grand_Prix,R,STR,1.0,Aston Martin,False,MEDIUM,Qatar_Grand_Prix,4,6.0,0,,,
2025,Qatar_Grand_Prix,R,STR,2.0,Aston Martin,False,MEDIUM,Qatar_Grand_Prix,12,16.0,0,,inf,0.8590162161275868
2025,Qatar_Grand_Prix,R,STR,3.0,Aston Martin,False,MEDIUM,Qatar_Grand_Prix,20,24.0,0,,-0.23293117630930793,0.30451203418737993
2025,Qatar_Grand_Prix,R,TSU,1.0,Red Bull Racing,True,MEDIUM,Qatar_Grand_Prix,4,6.0,0,,,
2025,Qatar_Grand_Prix,R,TSU,2.0,Red Bull Racing,True,MEDIUM,Qatar_Grand_Prix,20,24.0,0,,inf,0.3421880815380174
2025,Qatar_Grand_Prix,R,TSU,3.0,Red Bull Racing,True,HARD,Qatar_Grand_Prix,19,24.0,0,,inf,0.8456901603809833
2025,Qatar_Grand_Prix,R,VER,1.0,Red Bull Racing,True,MEDIUM,Qatar_Grand_Prix,5,6.0,0,,,
2025,Qatar_Grand_Prix,R,VER,2.0,Red Bull Racing,True,MEDIUM,Qatar_Grand_Prix,20,24.0,0,,inf,0.6650957345563019
2025,Qatar_Grand_Prix,R,VER,3.0,Red Bull Racing,True,HARD,Qatar_Grand_Prix,21,24.0,0,,inf,0.8049716253918497
2025,Qatar_Grand_Prix,S,ALB,1.0,Williams,False,HARD,Qatar_Grand_Prix,16,18.0,0,,-1.8601338840623036,0.6366736051238565
2025,Qatar_Grand_Prix,S,ALO,1.0,Aston Martin,False,HARD,Qatar_Grand_Prix,17,18.0,0,,-12.975880456348454,0.5589858098137618
2025,Qatar_Grand_Prix,S,ANT,1.0,Mercedes,False,HARD,Qatar_Grand_Prix,16,18.0,0,,-3.245366938472902,0.8518049922957851
2025,Qatar_Grand_Prix,S,BEA,1.0,Haas F1 Team,False,MEDIUM,Qatar_Grand_Prix,17,24.0,0,,inf,0.5786367842182173
2025,Qatar_Grand_Prix,S,BOR,1.0,Kick Sauber,False,HARD,Qatar_Grand_Prix,16,18.0,0,,-1.2618855218856333,0.7968867268060508
2025,Qatar_Grand_Prix,S,COL,1.0,Alpine,False,MEDIUM,Qatar_Grand_Prix,13,10.0,1,10.0,inf,0.5029904758055994
2025,Qatar_Grand_Prix,S,GAS,1.0,Alpine,False,HARD,Qatar_Grand_Prix,14,16.0,0,,inf,0.49766204374437006
2025,Qatar_Grand_Prix,S,HAD,1.0,Racing Bulls,False,HARD,Qatar_Grand_Prix,16,18.0,0,,-0.32954545454542067,0.5847977126395763
2025,Qatar_Grand_Prix,S,HAM,1.0,Ferrari,False,MEDIUM,Qatar_Grand_Prix,15,18.0,0,,inf,0.3677362768199913
2025,Qatar_Grand_Prix,S,HUL,1.0,Kick Sauber,False,MEDIUM,Qatar_Grand_Prix,17,24.0,0,,inf,0.4705401653489656
2025,Qatar_Grand_Prix,S,LAW,1.0,Racing Bulls,False,MEDIUM,Qatar_Grand_Prix,17,24.0,0,,inf,0.43437122866773253
2025,Qatar_Grand_Prix,S,LEC,1.0,Ferrari,False,HARD,Qatar_Grand_Prix,16,18.0,0,,-0.02225763083204625,0.5907518040063091
2025,Qatar_Grand_Prix,S,NOR,1.0,McLaren,False,HARD,Qatar_Grand_Prix,17,18.0,0,,inf,0.21001745550187478
2025,Qatar_Grand_Prix,S,OCO,1.0,Haas F1 Team,False,MEDIUM,Qatar_Grand_Prix,17,24.0,0,,inf,0.43928796381869095
2025,Qatar_Grand_Prix,S,PIA,1.0,McLaren,False,MEDIUM,Qatar_Grand_Prix,17,23.0,0,,inf,0.6758925446556293
2025,Qatar_Grand_Prix,S,RUS,1.0,Mercedes,False,MEDIUM,Qatar_Grand_Prix,17,24.0,0,,inf,0.4896667315843531
2025,Qatar_Grand_Prix,S,SAI,1.0,Williams,False,MEDIUM,Qatar_Grand_Prix,17,24.0,0,,inf,0.4421689399435523
2025,Qatar_Grand_Prix,S,STR,1.0,Aston Martin,False,MEDIUM,Qatar_Grand_Prix,11,19.0,0,,inf,0.90756939392884
2025,Qatar_Grand_Prix,S,TSU,1.0,Red Bull Racing,True,HARD,Qatar_Grand_Prix,16,18.0,0,,-1.3528349082824096,0.8801359962361929
2025,Qatar_Grand_Prix,S,VER,1.0,Red Bull Racing,True,HARD,Qatar_Grand_Prix,17,18.0,0,,-5.445400753090017,0.8823182792312186
2025,Saudi_Arabian_Grand_Prix,R,ALB,1.0,Williams,False,MEDIUM,Saudi_Arabian_Grand_Prix,17,21.0,0,,inf,0.7117105351701117
2025,Saudi_Arabian_Grand_Prix,R,ALB,2.0,Williams,False,HARD,Saudi_Arabian_Grand_Prix,24,27.0,0,,inf,0.4921784384464014
2025,Saudi_Arabian_Grand_Prix,R,ALO,1.0,Aston Martin,False,MEDIUM,Saudi_Arabian_Grand_Prix,14,19.0,0,,inf,0.4766164626880148
2025,Saudi_Arabian_Grand_Prix,R,ALO,2.0,Aston Martin,False,HARD,Saudi_Arabian_Grand_Prix,25,31.0,0,,inf,0.5098315185681356
2025,Saudi_Arabian_Grand_Prix,R,ANT,1.0,Mercedes,False,MEDIUM,Saudi_Arabian_Grand_Prix,14,18.0,0,,3.175062972292428,0.3874839435990827
2025,Saudi_Arabian_Grand_Prix,R,ANT,2.0,Mercedes,False,HARD,Saudi_Arabian_Grand_Prix,27,30.0,0,,-9.351929824554936,0.7425183632216117
2025,Saudi_Arabian_Grand_Prix,R,BEA,1.0,Haas F1 Team,False,MEDIUM,Saudi_Arabian_Grand_Prix,13,17.0,0,,inf,0.8602632499515847
2025,Saudi_Arabian_Grand_Prix,R,BEA,2.0,Haas F1 Team,False,HARD,Saudi_Arabian_Grand_Prix,26,31.0,0,,-2.6540882643451713,0.4812714029692159
2025,Saudi_Arabian_Grand_Prix,R,BOR,2.0,Kick Sauber,False,HARD,Saudi_Arabian_Grand_Prix,41,44.0,1,44.0,inf,0.43941697252863016
2025,Saudi_Arabian_Grand_Prix,R,DOO,2.0,Alpine,False,HARD,Saudi_Arabian_Grand_Prix,26,30.0,0,,0.6085774730703328,0.15998284581163127
2025,Saudi_Arabian_Grand_Prix,R,DOO,3.0,Alpine,False,HARD,Saudi_Arabian_Grand_Prix,15,16.0,0,,-3.685198555956685,0.7600397549455704
2025,Saudi_Arabian_Grand_Prix,R,HAD,1.0,Racing Bulls,False,HARD,Saudi_Arabian_Grand_Prix,29,33.0,0,,5.135414697587005,0.39898056063944554
2025,Saudi_Arabian_Grand_Prix,R,HAD,2.0,Racing Bulls,False,MEDIUM,Saudi_Arabian_Grand_Prix,14,15.0,0,,0.8103734439834341,0.5145251331321683
2025,Saudi_Arabian_Grand_Prix,R,HAM,1.0,Ferrari,False,MEDIUM,Saudi_Arabian_Grand_Prix,18,22.0,0,,inf,0.30584633875242306
2025,Saudi_Arabian_Grand_Prix,R,HAM,2.0,Ferrari,False,HARD,Saudi_Arabian_Grand_Prix,24,26.0,0,,-0.8256366239845548,0.3941341116218554
2025,Saudi_Arabian_Grand_Prix,R,HUL,1.0,Kick Sauber,False,HARD,Saudi_Arabian_Grand_Prix,28,32.0,0,,inf,0.391185944246925
2025,Saudi_Arabian_Grand_Prix,R,HUL,2.0,Kick Sauber,False,MEDIUM,Saudi_Arabian_Grand_Prix,14,15.0,0,,0.27892147932227634,0.45159291862144035
2025,Saudi_Arabian_Grand_Prix,R,LAW,1.0,Racing Bulls,False,MEDIUM,Saudi_Arabian_Grand_Prix,15,19.0,0,,inf,0.6359744739984677
2025,Saudi_Arabian_Grand_Prix,R,LAW,2.0,Racing Bulls,False,HARD,Saudi_Arabian_Grand_Prix,25,30.0,0,,inf,0.3550818413522718
2025,Saudi_Arabian_Grand_Prix,R,LEC,1.0,Ferrari,False,MEDIUM,Saudi_Arabian_Grand_Prix,24,28.0,0,,-10.334448160531958,0.7570369131873287
2025,Saudi_Arabian_Grand_Prix,R,LEC,2.0,Ferrari,False,HARD,Saudi_Arabian_Grand_Prix,19,20.0,0,,inf,0.2844153329054124
2025,Saudi_Arabian_Grand_Prix,R,NOR,1.0,McLaren,False,HARD,Saudi_Arabian_Grand_Prix,27,33.0,0,,-0.49678470800092045,0.5283343250120175
2025,Saudi_Arabian_Grand_Prix,R,NOR,2.0,McLaren,False,MEDIUM,Saudi_Arabian_Grand_Prix,13,15.0,0,,0.5422338568935499,0.6632974630290416
2025,Saudi_Arabian_Grand_Prix,R,OCO,2.0,Haas F1 Team,False,HARD,Saudi_Arabian_Grand_Prix,43,48.0,0,,inf,0.30508945154774086
2025,Saudi_Arabian_Grand_Prix,R,PIA,1.0,McLaren,False,MEDIUM,Saudi_Arabian_Grand_Prix,15,18.0,0,,inf,0.29110997483589834
2025,Saudi_Arabian_Grand_Prix,R,PIA,2.0,McLaren,False,HARD,Saudi_Arabian_Grand_Prix,27,30.0,0,,inf,0.232882786422063
2025,Saudi_Arabian_Grand_Prix,R,RUS,1.0,Mercedes,False,MEDIUM,Saudi_Arabian_Grand_Prix,15,19.0,0,,inf,0.4991580747101928
2025,Saudi_Arabian_Grand_Prix,R,RUS,2.0,Mercedes,False,HARD,Saudi_Arabian_Grand_Prix,27,29.0,0,,inf,0.5492259969160868
2025,Saudi_Arabian_Grand_Prix,R,SAI,1.0,Williams,False,MEDIUM,Saudi_Arabian_Grand_Prix,16,20.0,0,,inf,0.7414804320087184
2025,Saudi_Arabian_Grand_Prix,R,SAI,2.0,Williams,False,HARD,Saudi_Arabian_Grand_Prix,25,28.0,0,,-0.056612193209913626,0.28321525746750786
2025,Saudi_Arabian_Grand_Prix,R,STR,1.0,Aston Martin,False,HARD,Saudi_Arabian_Grand_Prix,34,39.0,0,,inf,0.17013724001864963
2025,Saudi_Arabian_Grand_Prix,R,STR,2.0,Aston Martin,False,MEDIUM,Saudi_Arabian_Grand_Prix,7,10.0,0,,inf,0.5122428951592491
2025,Saudi_Arabian_Grand_Prix,R,VER,1.0,Red Bull Racing,True,MEDIUM,Saudi_Arabian_Grand_Prix,17,20.0,0,,inf,0.6089480685504369
2025,Saudi_Arabian_Grand_Prix,R,VER,2.0,Red Bull Racing,True,HARD,Saudi_Arabian_Grand_Prix,25,28.0,0,,inf,0.17993146267364488
2025,Singapore_Grand_Prix,R,ALB,1.0,Williams,False,MEDIUM,Singapore_Grand_Prix,35,41.0,0,,inf,0.4961120805798758
2025,Singapore_Grand_Prix,R,ALB,2.0,Williams,False,SOFT,Singapore_Grand_Prix,14,18.0,0,,-0.23591394108096045,0.4386351960618081
2025,Singapore_Grand_Prix,R,ALO,1.0,Aston Martin,False,SOFT,Singapore_Grand_Prix,24,29.0,0,,inf,0.391311622286641
2025,Singapore_Grand_Prix,R,ALO,2.0,Aston Martin,False,MEDIUM,Singapore_Grand_Prix,28,35.0,0,,-0.42652338879947516,0.6596672802924728
2025,Singapore_Grand_Prix,R,ANT,1.0,Mercedes,False,MEDIUM,Singapore_Grand_Prix,20,24.0,0,,inf,0.5405000381467857
2025,Singapore_Grand_Prix,R,ANT,2.0,Mercedes,False,HARD,Singapore_Grand_Prix,32,36.0,0,,-3.8524045441018635,0.18997301430803726
2025,Singapore_Grand_Prix,R,BEA,1.0,Haas F1 Team,False,MEDIUM,Singapore_Grand_Prix,18,22.0,0,,inf,0.3601954594009311
2025,Singapore_Grand_Prix,R,BEA,2.0,Haas F1 Team,False,HARD,Singapore_Grand_Prix,34,38.0,0,,0.07806229732777605,0.6305998755819033
2025,Singapore_Grand_Prix,R,BOR,1.0,Kick Sauber,False,MEDIUM,Singapore_Grand_Prix,9,12.0,0,,inf,0.5979810053796375
2025,Singapore_Grand_Prix,R,BOR,2.0,Kick Sauber,False,HARD,Singapore_Grand_Prix,46,47.0,0,,5.048593470983416,0.3576101181290407
2025,Singapore_Grand_Prix,R,COL,1.0,Alpine,False,SOFT,Singapore_Grand_Prix,11,13.0,0,,inf,0.7453833722362886
2025,Singapore_Grand_Prix,R,COL,2.0,Alpine,False,MEDIUM,Singapore_Grand_Prix,44,46.0,0,,5.757370730520721,0.25246196051866837
2025,Singapore_Grand_Prix,R,GAS,1.0,Alpine,False,MEDIUM,Singapore_Grand_Prix,19,23.0,0,,inf,0.2682250438649363
2025,Singapore_Grand_Prix,R,GAS,2.0,Alpine,False,HARD,Singapore_Grand_Prix,24,26.0,0,,2.931419554275418,0.259723939011393
2025,Singapore_Grand_Prix,R,GAS,3.0,Alpine,False,SOFT,Singapore_Grand_Prix,7,5.0,1,5.0,2.9227027027025634,0.8756483190954125
2025,Singapore_Grand_Prix,R,HAD,1.0,Racing Bulls,False,SOFT,Singapore_Grand_Prix,17,21.0,0,,inf,0.9017050054742881
2025,Singapore_Grand_Prix,R,HAD,2.0,Racing Bulls,False,HARD,Singapore_Grand_Prix,36,40.0,0,,-109.72567643965617,0.16452388979486968
2025,Singapore_Grand_Prix,R,HAM,1.0,Ferrari,False,MEDIUM,Singapore_Grand_Prix,19,13.0,1,13.0,inf,0.2295057338321495
2025,Singapore_Grand_Prix,R,HAM,2.0,Ferrari,False,HARD,Singapore_Grand_Prix,19,21.0,0,,inf,0.6103913636328689
2025,Singapore_Grand_Prix,R,HAM,3.0,Ferrari,False,SOFT,Singapore_Grand_Prix,13,14.0,1,14.0,6.9901818181817665,0.8492588018873412
2025,Singapore_Grand_Prix,R,HUL,1.0,Kick Sauber,False,MEDIUM,Singapore_Grand_Prix,20,24.0,0,,inf,0.11233649854257076
2025,Singapore_Grand_Prix,R,HUL,2.0,Kick Sauber,False,HARD,Singapore_Grand_Prix,16,18.0,0,,0.34023604972602983,0.11356222440649308
2025,Singapore_Grand_Prix,R,HUL,3.0,Kick Sauber,False,SOFT,Singapore_Grand_Prix,14,12.0,1,12.0,inf,0.958564830840036
2025,Singapore_Grand_Prix,R,LAW,1.0,Racing Bulls,False,MEDIUM,Singapore_Grand_Prix,43,47.0,0,,inf,0.5705236872410656
2025,Singapore_Grand_Prix,R,LAW,2.0,Racing Bulls,False,SOFT,Singapore_Grand_Prix,8,12.0,0,,-3.844059405940706,0.5153946131737267
2025,Singapore_Grand_Prix,R,LEC,1.0,Ferrari,False,MEDIUM,Singapore_Grand_Prix,17,20.0,0,,inf,0.5231868229214023
2025,Singapore_Grand_Prix,R,LEC,2.0,Ferrari,False,HARD,Singapore_Grand_Prix,38,40.0,0,,27.719843290349424,0.3669267799244083
2025,Singapore_Grand_Prix,R,NOR,1.0,McLaren,False,MEDIUM,Singapore_Grand_Prix,20,25.0,0,,41.25481313703055,0.5228279451756653
2025,Singapore_Grand_Prix,R,NOR,2.0,McLaren,False,HARD,Singapore_Grand_Prix,34,35.0,0,,-0.38162450355168964,0.5288818141013037
2025,Singapore_Grand_Prix,R,OCO,1.0,Haas F1 Team,False,MEDIUM,Singapore_Grand_Prix,25,29.0,0,,inf,0.684045869603058
2025,Singapore_Grand_Prix,R,OCO,2.0,Haas F1 Team,False,HARD,Singapore_Grand_Prix,24,30.0,0,,0.8672692913802179,0.3951781750721837
2025,Singapore_Grand_Prix,R,PIA,1.0,McLaren,False,MEDIUM,Singapore_Grand_Prix,22,26.0,0,,inf,0.3071582668963184
2025,Singapore_Grand_Prix,R,PIA,2.0,McLaren,False,HARD,Singapore_Grand_Prix,33,34.0,0,,-0.3164444359053112,0.5591147929306568
2025,Singapore_Grand_Prix,R,RUS,1.0,Mercedes,False,MEDIUM,Singapore_Grand_Prix,21,24.0,0,,inf,0.79620764770189
2025,Singapore_Grand_Prix,R,RUS,2.0,Mercedes,False,HARD,Singapore_Grand_Prix,35,36.0,0,,-1.6932523338076608,0.5684349876522224
2025,Singapore_Grand_Prix,R,SAI,1.0,Williams,False,MEDIUM,Singapore_Grand_Prix,43,49.0,0,,inf,0.312121268317223
2025,Singapore_Grand_Prix,R,SAI,2.0,Williams,False,SOFT,Singapore_Grand_Prix,8,10.0,0,,inf,0.717980083843587
2025,Singapore_Grand_Prix,R,STR,1.0,Aston Martin,False,SOFT,Singapore_Grand_Prix,34,37.0,0,,inf,0.5939196277002966
2025,Singapore_Grand_Prix,R,STR,2.0,Aston Martin,False,MEDIUM,Singapore_Grand_Prix,13,23.0,0,,inf,0.5135576116326271
2025,Singapore_Grand_Prix,R,TSU,1.0,Red Bull Racing,True,SOFT,Singapore_Grand_Prix,10,12.0,0,,inf,0.8760005629006661
2025,Singapore_Grand_Prix,R,TSU,2.0,Red Bull Racing,True,HARD,Singapore_Grand_Prix,46,47.0,0,,-18.025458819758374,0.3280186642352396
2025,Singapore_Grand_Prix,R,VER,1.0,Red Bull Racing,True,SOFT,Singapore_Grand_Prix,16,21.0,0,,inf,0.9391625776109389
2025,Singapore_Grand_Prix,R,VER,2.0,Red Bull Racing,True,HARD,Singapore_Grand_Prix,40,42.0,0,,-4.0004449617477995,0.4148118125726349
2025,Spanish_Grand_Prix,R,ALB,2.0,Williams,False,SOFT,Spanish_Grand_Prix,18,16.0,1,16.0,5.867081042314268,0.5704737354131785
2025,Spanish_Grand_Prix,R,ALO,1.0,Aston Martin,False,SOFT,Spanish_Grand_Prix,11,16.0,0,,8.325251172137088,0.5442308158352221
2025,Spanish_Grand_Prix,R,ALO,2.0,Aston Martin,False,MEDIUM,Spanish_Grand_Prix,25,27.0,0,,0.05593346600981131,0.44878718453408434
2025,Spanish_Grand_Prix,R,ALO,3.0,Aston Martin,False,SOFT,Spanish_Grand_Prix,10,14.0,0,,-2.5251716247139764,0.763800886915637
2025,Spanish_Grand_Prix,R,ALO,4.0,Aston Martin,False,SOFT,Spanish_Grand_Prix,5,14.0,0,,,
2025,Spanish_Grand_Prix,R,ANT,1.0,Mercedes,False,SOFT,Spanish_Grand_Prix,19,23.0,0,,inf,0.6060811635548692
2025,Spanish_Grand_Prix,R,ANT,2.0,Mercedes,False,MEDIUM,Spanish_Grand_Prix,25,27.0,0,,-672.1529411794621,0.7166459639105031
2025,Spanish_Grand_Prix,R,BEA,1.0,Haas F1 Team,False,SOFT,Spanish_Grand_Prix,5,7.0,0,,,
2025,Spanish_Grand_Prix,R,BEA,2.0,Haas F1 Team,False,MEDIUM,Spanish_Grand_Prix,21,26.0,0,,-0.11442485401727101,0.6018289625934089
2025,Spanish_Grand_Prix,R,BEA,3.0,Haas F1 Team,False,MEDIUM,Spanish_Grand_Prix,16,18.0,0,,inf,0.6380934806138545
2025,Spanish_Grand_Prix,R,BEA,4.0,Haas F1 Team,False,SOFT,Spanish_Grand_Prix,5,17.0,0,,,
2025,Spanish_Grand_Prix,R,BOR,1.0,Kick Sauber,False,SOFT,Spanish_Grand_Prix,17,10.0,1,10.0,inf,0.26341765756515356
2025,Spanish_Grand_Prix,R,BOR,2.0,Kick Sauber,False,MEDIUM,Spanish_Grand_Prix,27,29.0,0,,inf,0.42353439539866633
2025,Spanish_Grand_Prix,R,BOR,3.0,Kick Sauber,False,SOFT,Spanish_Grand_Prix,6,16.0,0,,,
2025,Spanish_Grand_Prix,R,COL,1.0,Alpine,False,SOFT,Spanish_Grand_Prix,10,13.0,0,,2.4201157742402475,0.7825450348353651
2025,Spanish_Grand_Prix,R,COL,2.0,Alpine,False,MEDIUM,Spanish_Grand_Prix,22,24.0,0,,0.3687125862277157,0.2124723530621699
2025,Spanish_Grand_Prix,R,COL,3.0,Alpine,False,SOFT,Spanish_Grand_Prix,7,14.0,0,,0.04787301587302504,0.7284840287374118
2025,Spanish_Grand_Prix,R,COL,4.0,Alpine,False,SOFT,Spanish_Grand_Prix,5,12.0,0,,,
2025,Spanish_Grand_Prix,R,GAS,1.0,Alpine,False,SOFT,Spanish_Grand_Prix,7,8.0,1,8.0,inf,0.4414791822834584
2025,Spanish_Grand_Prix,R,GAS,2.0,Alpine,False,SOFT,Spanish_Grand_Prix,19,23.0,0,,-16.21998715168224,0.30231308853127553
2025,Spanish_Grand_Prix,R,GAS,3.0,Alpine,False,MEDIUM,Spanish_Grand_Prix,18,22.0,0,,0.1548209263109454,0.24134085125717905
2025,Spanish_Grand_Prix,R,GAS,4.0,Alpine,False,SOFT,Spanish_Grand_Prix,5,13.0,0,,,
2025,Spanish_Grand_Prix,R,HAD,1.0,Racing Bulls,False,SOFT,Spanish_Grand_Prix,17,21.0,0,,inf,0.6675971957089631
2025,Spanish_Grand_Prix,R,HAD,2.0,Racing Bulls,False,MEDIUM,Spanish_Grand_Prix,27,28.0,0,,inf,0.35577973692983794
2025,Spanish_Grand_Prix,R,HAD,4.0,Racing Bulls,False,SOFT,Spanish_Grand_Prix,5,13.0,0,,,
2025,Spanish_Grand_Prix,R,HAM,1.0,Ferrari,False,SOFT,Spanish_Grand_Prix,14,18.0,0,,0.5926089842885288,0.5128520562503167
2025,Spanish_Grand_Prix,R,HAM,2.0,Ferrari,False,MEDIUM,Spanish_Grand_Prix,26,29.0,0,,2.9049603174599024,0.3585683589540744
2025,Spanish_Grand_Prix,R,HAM,3.0,Ferrari,False,SOFT,Spanish_Grand_Prix,7,8.0,1,8.0,47.11111111097691,0.37394379700202107
2025,Spanish_Grand_Prix,R,HAM,4.0,Ferrari,False,SOFT,Spanish_Grand_Prix,5,13.0,0,,,
2025,Spanish_Grand_Prix,R,HUL,1.0,Kick Sauber,False,SOFT,Spanish_Grand_Prix,6,8.0,0,,,
2025,Spanish_Grand_Prix,R,HUL,2.0,Kick Sauber,False,MEDIUM,Spanish_Grand_Prix,30,35.0,0,,0.17261659203104138,0.3991011801050796
2025,Spanish_Grand_Prix,R,HUL,3.0,Kick Sauber,False,SOFT,Spanish_Grand_Prix,5,8.0,0,,,
2025,Spanish_Grand_Prix,R,HUL,4.0,Kick Sauber,False,SOFT,Spanish_Grand_Prix,4,9.0,0,,,
2025,Spanish_Grand_Prix,R,LAW,1.0,Racing Bulls,False,SOFT,Spanish_Grand_Prix,15,17.0,0,,inf,0.5840844257035753
2025,Spanish_Grand_Prix,R,LAW,2.0,Racing Bulls,False,MEDIUM,Spanish_Grand_Prix,23,25.0,0,,inf,0.43658773395447953
2025,Spanish_Grand_Prix,R,LAW,3.0,Racing Bulls,False,SOFT,Spanish_Grand_Prix,12,24.0,0,,0.05427339822244375,0.5629326317520501
2025,Spanish_Grand_Prix,R,LEC,1.0,Ferrari,False,SOFT,Spanish_Grand_Prix,15,17.0,0,,0.6577200787688666,0.545158951911085
2025,Spanish_Grand_Prix,R,LEC,2.0,Ferrari,False,MEDIUM,Spanish_Grand_Prix,19,22.0,0,,-2.442123142250686,0.5936240287913886
2025,Spanish_Grand_Prix,R,LEC,3.0,Ferrari,False,MEDIUM,Spanish_Grand_Prix,13,6.0,1,6.0,inf,0.3619310759337675
2025,Spanish_Grand_Prix,R,LEC,4.0,Ferrari,False,SOFT,Spanish_Grand_Prix,5,13.0,0,,,
2025,Spanish_Grand_Prix,R,NOR,1.0,McLaren,False,SOFT,Spanish_Grand_Prix,19,20.0,0,,2.500259363004509,0.5739033990332751
2025,Spanish_Grand_Prix,R,NOR,2.0,McLaren,False,MEDIUM,Spanish_Grand_Prix,25,26.0,0,,inf,0.2175448134189832
2025,Spanish_Grand_Prix,R,NOR,3.0,McLaren,False,SOFT,Spanish_Grand_Prix,5,9.0,0,,,
2025,Spanish_Grand_Prix,R,NOR,4.0,McLaren,False,SOFT,Spanish_Grand_Prix,5,13.0,0,,,
2025,Spanish_Grand_Prix,R,OCO,1.0,Haas F1 Team,False,SOFT,Spanish_Grand_Prix,17,19.0,0,,4.303522142121583,0.4894944577420185
2025,Spanish_Grand_Prix,R,OCO,2.0,Haas F1 Team,False,MEDIUM,Spanish_Grand_Prix,20,22.0,0,,-6.04397115270644,0.48789596092852133
2025,Spanish_Grand_Prix,R,OCO,3.0,Haas F1 Team,False,MEDIUM,Spanish_Grand_Prix,12,22.0,0,,1.935679232656664,0.8818581431982003
2025,Spanish_Grand_Prix,R,PIA,1.0,McLaren,False,SOFT,Spanish_Grand_Prix,20,21.0,0,,0.8267887256083046,0.546677306263444
2025,Spanish_Grand_Prix,R,PIA,2.0,McLaren,False,MEDIUM,Spanish_Grand_Prix,24,26.0,0,,-39.75341176461754,0.6159604248692476
2025,Spanish_Grand_Prix,R,PIA,4.0,McLaren,False,SOFT,Spanish_Grand_Prix,5,13.0,0,,,
2025,Spanish_Grand_Prix,R,RUS,1.0,Mercedes,False,SOFT,Spanish_Grand_Prix,18,22.0,0,,7.103323650611259,0.4314046023112121
2025,Spanish_Grand_Prix,R,RUS,2.0,Mercedes,False,MEDIUM,Spanish_Grand_Prix,19,20.0,0,,0.025237295796477998,0.8127371024347736
2025,Spanish_Grand_Prix,R,RUS,3.0,Mercedes,False,SOFT,Spanish_Grand_Prix,12,13.0,0,,0.3380102040816322,0.609089357812968
2025,Spanish_Grand_Prix,R,RUS,4.0,Mercedes,False,SOFT,Spanish_Grand_Prix,5,13.0,0,,,
2025,Spanish_Grand_Prix,R,SAI,1.0,Williams,False,SOFT,Spanish_Grand_Prix,6,8.0,0,,,
2025,Spanish_Grand_Prix,R,SAI,2.0,Williams,False,SOFT,Spanish_Grand_Prix,23,24.0,0,,-0.2210317460317386,0.4004307422159318
2025,Spanish_Grand_Prix,R,SAI,3.0,Williams,False,MEDIUM,Spanish_Grand_Prix,17,19.0,0,,inf,0.24036561512766055
2025,Spanish_Grand_Prix,R,SAI,4.0,Williams,False,SOFT,Spanish_Grand_Prix,4,10.0,0,,,
2025,Spanish_Grand_Prix,R,TSU,1.0,Red Bull Racing,True,MEDIUM,Spanish_Grand_Prix,5,7.0,0,,,
2025,Spanish_Grand_Prix,R,TSU,2.0,Red Bull Racing,True,SOFT,Spanish_Grand_Prix,11,15.0,0,,-0.7003451521806856,0.6802886689629366
2025,Spanish_Grand_Prix,R,TSU,3.0,Red Bull Racing,True,SOFT,Spanish_Grand_Prix,18,19.0,0,,2.3016255452562526,0.1220438796624517
2025,Spanish_Grand_Prix,R,TSU,4.0,Red Bull Racing,True,SOFT,Spanish_Grand_Prix,6,9.0,0,,,
2025,Spanish_Grand_Prix,R,TSU,5.0,Red Bull Racing,True,SOFT,Spanish_Grand_Prix,5,14.0,0,,,
2025,Spanish_Grand_Prix,R,VER,1.0,Red Bull Racing,True,SOFT,Spanish_Grand_Prix,11,15.0,0,,0.19007476541722915,0.6431800916404765
2025,Spanish_Grand_Prix,R,VER,2.0,Red Bull Racing,True,SOFT,Spanish_Grand_Prix,14,15.0,0,,0.6971978251777373,0.4278884844370549
2025,Spanish_Grand_Prix,R,VER,3.0,Red Bull Racing,True,MEDIUM,Spanish_Grand_Prix,16,17.0,0,,0.5062134932768695,0.4098049556231119
2025,Spanish_Grand_Prix,R,VER,4.0,Red Bull Racing,True,SOFT,Spanish_Grand_Prix,6,10.0,0,,,
2025,Spanish_Grand_Prix,R,VER,5.0,Red Bull Racing,True,HARD,Spanish_Grand_Prix,3,10.0,0,,,
2025,São_Paulo_Grand_Prix,R,ALB,1.0,Williams,False,MEDIUM,São_Paulo_Grand_Prix,26,40.0,0,,0.2627505733256644,0.2712808515170681
2025,São_Paulo_Grand_Prix,R,ALB,2.0,Williams,False,SOFT,São_Paulo_Grand_Prix,18,21.0,0,,0.3790273556230791,0.5777241047574776
2025,São_Paulo_Grand_Prix,R,ALB,3.0,Williams,False,MEDIUM,São_Paulo_Grand_Prix,13,5.0,1,5.0,inf,0.20341176192355312
2025,São_Paulo_Grand_Prix,R,ALO,1.0,Aston Martin,False,HARD,São_Paulo_Grand_Prix,19,13.0,1,13.0,inf,0.4740769367090604
2025,São_Paulo_Grand_Prix,R,ALO,2.0,Aston Martin,False,MEDIUM,São_Paulo_Grand_Prix,16,18.0,1,18.0,2.403674690215167,0.31543142008732733
2025,São_Paulo_Grand_Prix,R,ALO,3.0,Aston Martin,False,MEDIUM,São_Paulo_Grand_Prix,23,24.0,0,,0.1677578922507481,0.5864037420944482
2025,São_Paulo_Grand_Prix,R,ANT,1.0,Mercedes,False,SOFT,São_Paulo_Grand_Prix,12,23.0,0,,0.35265895435387856,0.6682981965627016
2025,São_Paulo_Grand_Prix,R,ANT,2.0,Mercedes,False,MEDIUM,São_Paulo_Grand_Prix,20,25.0,0,,-0.13988543459553843,0.6811772874146266
2025,São_Paulo_Grand_Prix,R,ANT,3.0,Mercedes,False,MEDIUM,São_Paulo_Grand_Prix,22,13.0,1,13.0,inf,0.3184967213369301
2025,São_Paulo_Grand_Prix,R,BEA,1.0,Haas F1 Team,False,SOFT,São_Paulo_Grand_Prix,8,14.0,1,14.0,inf,0.6198610643141345
2025,São_Paulo_Grand_Prix,R,BEA,2.0,Haas F1 Team,False,MEDIUM,São_Paulo_Grand_Prix,23,24.0,0,,-1.0696800512736426,0.6069732917530636
2025,São_Paulo_Grand_Prix,R,BEA,3.0,Haas F1 Team,False,MEDIUM,São_Paulo_Grand_Prix,27,34.0,0,,inf,0.31990591966679205
2025,São_Paulo_Grand_Prix,R,COL,1.0,Alpine,False,MEDIUM,São_Paulo_Grand_Prix,20,28.0,0,,0.08980299897815512,0.5699879573386866
2025,São_Paulo_Grand_Prix,R,COL,2.0,Alpine,False,SOFT,São_Paulo_Grand_Prix,12,13.0,0,,3.583596627649991,0.34182884479256564
2025,São_Paulo_Grand_Prix,R,COL,3.0,Alpine,False,MEDIUM,São_Paulo_Grand_Prix,24,27.0,0,,0.9077820396575895,0.4929707092442293
2025,São_Paulo_Grand_Prix,R,GAS,1.0,Alpine,False,SOFT,São_Paulo_Grand_Prix,9,15.0,1,15.0,inf,0.8001009799778479
2025,São_Paulo_Grand_Prix,R,GAS,2.0,Alpine,False,MEDIUM,São_Paulo_Grand_Prix,17,20.0,0,,-2.034809266020346,0.2912430260995245
2025,São_Paulo_Grand_Prix,R,GAS,3.0,Alpine,False,MEDIUM,São_Paulo_Grand_Prix,30,37.0,0,,11.154604965116281,0.47476863121343765
2025,São_Paulo_Grand_Prix,R,HAD,1.0,Racing Bulls,False,SOFT,São_Paulo_Grand_Prix,9,15.0,1,15.0,inf,0.7090141666983739
2025,São_Paulo_Grand_Prix,R,HAD,2.0,Racing Bulls,False,MEDIUM,São_Paulo_Grand_Prix,17,24.0,0,,0.18803893439462066,0.39767014665412487
2025,São_Paulo_Grand_Prix,R,HAD,3.0,Racing Bulls,False,MEDIUM,São_Paulo_Grand_Prix,30,33.0,0,,1.3158793091862162,0.4610008535803434
2025,São_Paulo_Grand_Prix,R,HAM,2.0,Ferrari,False,HARD,São_Paulo_Grand_Prix,5,11.0,0,,,
2025,São_Paulo_Grand_Prix,R,HAM,3.0,Ferrari,False,MEDIUM,São_Paulo_Grand_Prix,13,17.0,0,,-0.21354564620753155,0.8883975956750434
2025,São_Paulo_Grand_Prix,R,HUL,1.0,Kick Sauber,False,MEDIUM,São_Paulo_Grand_Prix,27,35.0,0,,0.07995031998930642,0.4806467615813281
2025,São_Paulo_Grand_Prix,R,HUL,2.0,Kick Sauber,False,SOFT,São_Paulo_Grand_Prix,33,37.0,0,,0.4047867517271911,0.3107078099329649
2025,São_Paulo_Grand_Prix,R,LAW,1.0,Racing Bulls,False,SOFT,São_Paulo_Grand_Prix,10,21.0,0,,inf,0.5403771866816528
2025,São_Paulo_Grand_Prix,R,LAW,2.0,Racing Bulls,False,MEDIUM,São_Paulo_Grand_Prix,49,51.0,0,,0.423193550088608,0.36164116106309563
2025,São_Paulo_Grand_Prix,R,NOR,1.0,McLaren,False,MEDIUM,São_Paulo_Grand_Prix,22,11.0,1,11.0,inf,0.7125114456252859
2025,São_Paulo_Grand_Prix,R,NOR,2.0,McLaren,False,SOFT,São_Paulo_Grand_Prix,18,22.0,0,,inf,0.48258245132263383
2025,São_Paulo_Grand_Prix,R,NOR,3.0,McLaren,False,MEDIUM,São_Paulo_Grand_Prix,19,29.0,0,,inf,0.3032916534700413
2025,São_Paulo_Grand_Prix,R,OCO,2.0,Haas F1 Team,False,MEDIUM,São_Paulo_Grand_Prix,27,38.0,0,,-0.11335486012786015,0.8999592638005116
2025,São_Paulo_Grand_Prix,R,OCO,3.0,Haas F1 Team,False,MEDIUM,São_Paulo_Grand_Prix,22,20.0,1,20.0,21.78852480632998,0.6861783386637087
2025,São_Paulo_Grand_Prix,R,PIA,1.0,McLaren,False,MEDIUM,São_Paulo_Grand_Prix,30,37.0,0,,inf,0.4333628814507979
2025,São_Paulo_Grand_Prix,R,PIA,2.0,McLaren,False,SOFT,São_Paulo_Grand_Prix,10,9.0,1,9.0,inf,0.6138855083455325
2025,São_Paulo_Grand_Prix,R,PIA,3.0,McLaren,False,MEDIUM,São_Paulo_Grand_Prix,18,28.0,0,,0.09864832392166122,0.540823193154381
2025,São_Paulo_Grand_Prix,R,RUS,1.0,Mercedes,False,MEDIUM,São_Paulo_Grand_Prix,25,37.0,0,,0.05003967416960305,0.7310906783353682
2025,São_Paulo_Grand_Prix,R,RUS,2.0,Mercedes,False,SOFT,São_Paulo_Grand_Prix,12,14.0,0,,0.7615106544901356,0.5978671011653668
2025,São_Paulo_Grand_Prix,R,RUS,3.0,Mercedes,False,MEDIUM,São_Paulo_Grand_Prix,21,25.0,0,,-2.5682640144665143,0.6186949519711176
2025,São_Paulo_Grand_Prix,R,SAI,1.0,Williams,False,SOFT,São_Paulo_Grand_Prix,8,16.0,0,,-0.00994575045205684,0.826311622469034
2025,São_Paulo_Grand_Prix,R,SAI,2.0,Williams,False,MEDIUM,São_Paulo_Grand_Prix,16,20.0,0,,0.11327443914914097,0.7890350379113004
2025,São_Paulo_Grand_Prix,R,SAI,3.0,Williams,False,MEDIUM,São_Paulo_Grand_Prix,30,32.0,0,,0.614107410759975,0.4091015551675752
2025,São_Paulo_Grand_Prix,R,STR,1.0,Aston Martin,False,HARD,São_Paulo_Grand_Prix,20,12.0,1,12.0,inf,0.37279373428362694
2025,São_Paulo_Grand_Prix,R,STR,2.0,Aston Martin,False,MEDIUM,São_Paulo_Grand_Prix,23,30.0,0,,16.72268314209851,0.18893477880562648
2025,São_Paulo_Grand_Prix,R,STR,3.0,Aston Martin,False,MEDIUM,São_Paulo_Grand_Prix,15,22.0,0,,5.994850964013798,0.626351624642111
2025,São_Paulo_Grand_Prix,R,TSU,2.0,Red Bull Racing,True,MEDIUM,São_Paulo_Grand_Prix,15,21.0,0,,0.21190635451505868,0.703301066619455
2025,São_Paulo_Grand_Prix,R,TSU,3.0,Red Bull Racing,True,MEDIUM,São_Paulo_Grand_Prix,20,22.0,0,,-3.0822073093316136,0.5917406594222391
2025,São_Paulo_Grand_Prix,R,TSU,4.0,Red Bull Racing,True,MEDIUM,São_Paulo_Grand_Prix,21,23.0,0,,0.14381234766440104,0.6923294936777779
2025,São_Paulo_Grand_Prix,R,VER,2.0,Red Bull Racing,True,MEDIUM,São_Paulo_Grand_Prix,19,26.0,0,,0.35300536212218864,0.6683145685756502
2025,São_Paulo_Grand_Prix,R,VER,3.0,Red Bull Racing,True,MEDIUM,São_Paulo_Grand_Prix,17,19.0,0,,2.352763766426006,0.22887461552751914
2025,São_Paulo_Grand_Prix,R,VER,4.0,Red Bull Racing,True,SOFT,São_Paulo_Grand_Prix,15,16.0,0,,0.7097961749124463,0.548061952018954
2025,São_Paulo_Grand_Prix,S,ALB,2.0,Williams,False,SOFT,São_Paulo_Grand_Prix,14,23.0,0,,6.5434215430486455,0.4244830546323917
2025,São_Paulo_Grand_Prix,S,ALO,2.0,Aston Martin,False,SOFT,São_Paulo_Grand_Prix,14,19.0,0,,2.4949541284404355,0.248328485280402
2025,São_Paulo_Grand_Prix,S,ANT,2.0,Mercedes,False,MEDIUM,São_Paulo_Grand_Prix,14,21.0,0,,-0.6316944889092063,0.8364181722459253
2025,São_Paulo_Grand_Prix,S,BEA,2.0,Haas F1 Team,False,MEDIUM,São_Paulo_Grand_Prix,14,26.0,0,,0.6739491807171302,0.3955494958766321
2025,São_Paulo_Grand_Prix,S,BOR,2.0,Kick Sauber,False,MEDIUM,São_Paulo_Grand_Prix,14,26.0,0,,5.084501557632317,0.32186848157716924
2025,São_Paulo_Grand_Prix,S,GAS,2.0,Alpine,False,SOFT,São_Paulo_Grand_Prix,13,16.0,0,,-2.134122975091424,0.4732089240583571
2025,São_Paulo_Grand_Prix,S,HAD,2.0,Racing Bulls,False,MEDIUM,São_Paulo_Grand_Prix,14,22.0,0,,5.048376029277179,0.24973372530653495
2025,São_Paulo_Grand_Prix,S,HAM,2.0,Ferrari,False,MEDIUM,São_Paulo_Grand_Prix,14,24.0,0,,6.684411410205148,0.40043240285570797
2025,São_Paulo_Grand_Prix,S,HUL,3.0,Kick Sauber,False,MEDIUM,São_Paulo_Grand_Prix,12,27.0,0,,inf,0.6204877356141493
2025,São_Paulo_Grand_Prix,S,LAW,2.0,Racing Bulls,False,MEDIUM,São_Paulo_Grand_Prix,14,28.0,0,,-2.2123411978221723,0.7419810631531167
2025,São_Paulo_Grand_Prix,S,LEC,2.0,Ferrari,False,MEDIUM,São_Paulo_Grand_Prix,14,24.0,0,,-1.541379310344881,0.7782206211505154
2025,São_Paulo_Grand_Prix,S,NOR,2.0,McLaren,False,SOFT,São_Paulo_Grand_Prix,14,22.0,0,,-1.7715301553858023,0.778141578735603
2025,São_Paulo_Grand_Prix,S,OCO,2.0,Haas F1 Team,False,MEDIUM,São_Paulo_Grand_Prix,14,26.0,0,,0.6533162447933194,0.2928483925303334
2025,São_Paulo_Grand_Prix,S,RUS,2.0,Mercedes,False,MEDIUM,São_Paulo_Grand_Prix,14,22.0,0,,-0.6666385669124916,0.4733273129229481
2025,São_Paulo_Grand_Prix,S,SAI,2.0,Williams,False,MEDIUM,São_Paulo_Grand_Prix,14,28.0,0,,-5.859798569276966,0.4822726845059314
2025,São_Paulo_Grand_Prix,S,STR,2.0,Aston Martin,False,SOFT,São_Paulo_Grand_Prix,14,19.0,0,,7.9691919191895515,0.31384032779688004
2025,São_Paulo_Grand_Prix,S,TSU,2.0,Red Bull Racing,True,MEDIUM,São_Paulo_Grand_Prix,14,29.0,0,,-24.39436619717749,0.5650981745262558
2025,São_Paulo_Grand_Prix,S,VER,2.0,Red Bull Racing,True,MEDIUM,São_Paulo_Grand_Prix,14,22.0,0,,inf,0.4540353668981358
2025,United_States_Grand_Prix,R,ALB,1.0,Williams,False,HARD,United_States_Grand_Prix,4,6.0,0,,,
2025,United_States_Grand_Prix,R,ALB,2.0,Williams,False,MEDIUM,United_States_Grand_Prix,27,28.0,0,,-0.28940613022792827,0.8194723469235586
2025,United_States_Grand_Prix,R,ALB,3.0,Williams,False,SOFT,United_States_Grand_Prix,18,19.0,0,,-4.495035390040591,0.6685985073141906
2025,United_States_Grand_Prix,R,ALO,1.0,Aston Martin,False,MEDIUM,United_States_Grand_Prix,23,30.0,0,,inf,0.37663112680356226
2025,United_States_Grand_Prix,R,ALO,2.0,Aston Martin,False,SOFT,United_States_Grand_Prix,23,28.0,0,,inf,0.32368787835229135
2025,United_States_Grand_Prix,R,ANT,1.0,Mercedes,False,MEDIUM,United_States_Grand_Prix,22,30.0,0,,-0.18268743553301717,0.8738545419634836
2025,United_States_Grand_Prix,R,ANT,2.0,Mercedes,False,SOFT,United_States_Grand_Prix,23,27.0,0,,-0.029387290163431213,0.5399343653199402
2025,United_States_Grand_Prix,R,BEA,1.0,Haas F1 Team,False,MEDIUM,United_States_Grand_Prix,24,29.0,0,,0.1067693004301666,0.6015929405290887
2025,United_States_Grand_Prix,R,BEA,2.0,Haas F1 Team,False,SOFT,United_States_Grand_Prix,23,28.0,0,,-0.04423124231242403,0.5703538112046204
2025,United_States_Grand_Prix,R,BOR,1.0,Sauber,False,SOFT,United_States_Grand_Prix,8,13.0,0,,0.5280182232347216,0.8143234842421327
2025,United_States_Grand_Prix,R,BOR,2.0,Sauber,False,MEDIUM,United_States_Grand_Prix,20,21.0,0,,4.275894257336963,0.38907079349923374
2025,United_States_Grand_Prix,R,BOR,3.0,Sauber,False,SOFT,United_States_Grand_Prix,17,18.0,0,,1.2633123689727026,0.49501426868249104
2025,United_States_Grand_Prix,R,COL,1.0,Alpine F1 Team,False,MEDIUM,United_States_Grand_Prix,23,31.0,0,,-0.015315094262462471,0.5661880064338226
2025,United_States_Grand_Prix,R,COL,2.0,Alpine F1 Team,False,SOFT,United_States_Grand_Prix,21,24.0,0,,-143.12938643728577,0.29541242818242
2025,United_States_Grand_Prix,R,GAS,1.0,Alpine F1 Team,False,MEDIUM,United_States_Grand_Prix,21,26.0,0,,inf,0.19273054722507874
2025,United_States_Grand_Prix,R,GAS,2.0,Alpine F1 Team,False,SOFT,United_States_Grand_Prix,26,29.0,0,,3.369996731670387,0.3155987747136208
2025,United_States_Grand_Prix,R,HAD,1.0,RB F1 Team,False,HARD,United_States_Grand_Prix,22,27.0,0,,inf,0.20299970516790852
2025,United_States_Grand_Prix,R,HAD,2.0,RB F1 Team,False,SOFT,United_States_Grand_Prix,25,27.0,0,,-2.4258620689655714,0.621514664412863
2025,United_States_Grand_Prix,R,HAM,1.0,Ferrari,False,MEDIUM,United_States_Grand_Prix,22,30.0,0,,inf,0.19948952864767472
2025,United_States_Grand_Prix,R,HAM,2.0,Ferrari,False,SOFT,United_States_Grand_Prix,23,26.0,0,,inf,0.37608369506929495
2025,United_States_Grand_Prix,R,HUL,1.0,Sauber,False,MEDIUM,United_States_Grand_Prix,25,32.0,0,,-28.54801011459009,0.28863212780558867
2025,United_States_Grand_Prix,R,HUL,2.0,Sauber,False,SOFT,United_States_Grand_Prix,21,25.0,0,,-0.6582492259439734,0.5246592547429795
2025,United_States_Grand_Prix,R,LAW,1.0,RB F1 Team,False,MEDIUM,United_States_Grand_Prix,23,29.0,0,,inf,0.3986350464396103
2025,United_States_Grand_Prix,R,LAW,2.0,RB F1 Team,False,SOFT,United_States_Grand_Prix,23,25.0,0,,inf,0.2887429089200189
2025,United_States_Grand_Prix,R,LEC,1.0,Ferrari,False,SOFT,United_States_Grand_Prix,17,24.0,0,,inf,0.36369221161575394
2025,United_States_Grand_Prix,R,LEC,2.0,Ferrari,False,MEDIUM,United_States_Grand_Prix,30,33.0,0,,inf,0.680342136226465
2025,United_States_Grand_Prix,R,NOR,1.0,McLaren,False,MEDIUM,United_States_Grand_Prix,24,31.0,0,,inf,0.37929595451356435
2025,United_States_Grand_Prix,R,NOR,2.0,McLaren,False,SOFT,United_States_Grand_Prix,22,29.0,0,,0.07502092368561031,0.41746533506832983
2025,United_States_Grand_Prix,R,OCO,1.0,Haas F1 Team,False,HARD,United_States_Grand_Prix,16,23.0,0,,inf,0.3918940785492738
2025,United_States_Grand_Prix,R,OCO,2.0,Haas F1 Team,False,MEDIUM,United_States_Grand_Prix,30,31.0,0,,3.764303500251191,0.14508297490890518
2025,United_States_Grand_Prix,R,PIA,1.0,McLaren,False,MEDIUM,United_States_Grand_Prix,24,29.0,0,,inf,0.5674331623497164
2025,United_States_Grand_Prix,R,PIA,2.0,McLaren,False,SOFT,United_States_Grand_Prix,24,28.0,0,,inf,0.5700597749180893
2025,United_States_Grand_Prix,R,RUS,1.0,Mercedes,False,MEDIUM,United_States_Grand_Prix,28,25.0,1,25.0,inf,0.4234861197034642
2025,United_States_Grand_Prix,R,RUS,2.0,Mercedes,False,SOFT,United_States_Grand_Prix,21,25.0,0,,0.03819226517546343,0.770637585702489
2025,United_States_Grand_Prix,R,STR,1.0,Aston Martin,False,SOFT,United_States_Grand_Prix,20,27.0,0,,inf,0.3834547422005305
2025,United_States_Grand_Prix,R,STR,2.0,Aston Martin,False,MEDIUM,United_States_Grand_Prix,25,28.0,0,,-0.04171960781608483,0.45564778260030164
2025,United_States_Grand_Prix,R,TSU,1.0,Red Bull,True,MEDIUM,United_States_Grand_Prix,24,28.0,0,,0.11396409743571322,0.3731845061833027
2025,United_States_Grand_Prix,R,TSU,2.0,Red Bull,True,SOFT,United_States_Grand_Prix,23,26.0,0,,-1.8706965095314556,0.4448021784444498
2025,United_States_Grand_Prix,R,VER,1.0,Red Bull,True,MEDIUM,United_States_Grand_Prix,26,26.0,1,26.0,inf,0.47802415265426434
2025,United_States_Grand_Prix,R,VER,2.0,Red Bull,True,SOFT,United_States_Grand_Prix,21,24.0,0,,68.67539503379619,0.3313218772413379
2025,United_States_Grand_Prix,S,ALB,1.0,Williams,False,MEDIUM,United_States_Grand_Prix,10,15.0,0,,inf,0.49918990665365653
2025,United_States_Grand_Prix,S,ANT,1.0,Mercedes,False,MEDIUM,United_States_Grand_Prix,10,20.0,0,,inf,0.7346635621936126
2025,United_States_Grand_Prix,S,BEA,1.0,Haas F1 Team,False,MEDIUM,United_States_Grand_Prix,10,15.0,0,,inf,0.44823384326103627
2025,United_States_Grand_Prix,S,BOR,1.0,Kick Sauber,False,MEDIUM,United_States_Grand_Prix,10,15.0,0,,-5.557730590577714,0.6714125067350273
2025,United_States_Grand_Prix,S,COL,2.0,Alpine,False,MEDIUM,United_States_Grand_Prix,10,14.0,0,,inf,0.743235529991046
2025,United_States_Grand_Prix,S,GAS,1.0,Alpine,False,MEDIUM,United_States_Grand_Prix,10,15.0,0,,-0.00020639124901739356,0.4469109266982058
2025,United_States_Grand_Prix,S,HAD,1.0,Racing Bulls,False,MEDIUM,United_States_Grand_Prix,10,21.0,0,,inf,0.5095717743350258
2025,United_States_Grand_Prix,S,HAM,1.0,Ferrari,False,MEDIUM,United_States_Grand_Prix,10,20.0,0,,inf,0.22903369942021656
2025,United_States_Grand_Prix,S,HUL,2.0,Kick Sauber,False,MEDIUM,United_States_Grand_Prix,10,17.0,0,,inf,0.5987703119374361
2025,United_States_Grand_Prix,S,LAW,1.0,Racing Bulls,False,MEDIUM,United_States_Grand_Prix,10,20.0,0,,inf,0.7543566586466774
2025,United_States_Grand_Prix,S,LEC,1.0,Ferrari,False,MEDIUM,United_States_Grand_Prix,9,16.0,0,,-17.759259259329717,0.4538203549097577
2025,United_States_Grand_Prix,S,OCO,1.0,Haas F1 Team,False,MEDIUM,United_States_Grand_Prix,10,9.0,1,9.0,inf,0.5131700582023826
2025,United_States_Grand_Prix,S,RUS,1.0,Mercedes,False,MEDIUM,United_States_Grand_Prix,10,20.0,0,,-0.5927391433376072,0.5765964060212329
2025,United_States_Grand_Prix,S,SAI,1.0,Williams,False,MEDIUM,United_States_Grand_Prix,10,15.0,0,,-0.4804765056253552,0.8243506510390507
2025,United_States_Grand_Prix,S,STR,2.0,Aston Martin,False,MEDIUM,United_States_Grand_Prix,10,19.0,0,,inf,0.706993450590662
2025,United_States_Grand_Prix,S,TSU,1.0,Red Bull Racing,True,MEDIUM,United_States_Grand_Prix,10,15.0,0,,inf,0.4397263564606026
2025,United_States_Grand_Prix,S,VER,1.0,Red Bull Racing,True,MEDIUM,United_States_Grand_Prix,10,15.0,0,,-0.7191274774245827,0.46497082538303564
2026,Australian_Grand_Prix,R,ALB,1.0,Williams,False,MEDIUM,Australian_Grand_Prix,5,10.0,0,,,
2026,Australian_Grand_Prix,R,ALB,2.0,Williams,False,HARD,Australian_Grand_Prix,16,20.0,0,,-1.5355606771039465,0.6969424091201788
2026,Australian_Grand_Prix,R,ALB,3.0,Williams,False,SOFT,Australian_Grand_Prix,20,23.0,0,,53.505965001001094,0.5243320508520006
2026,Australian_Grand_Prix,R,ALO,1.0,Aston Martin,False,SOFT,Australian_Grand_Prix,5,10.0,0,,,
2026,Australian_Grand_Prix,R,ALO,3.0,Aston Martin,False,SOFT,Australian_Grand_Prix,6,10.0,0,,,
2026,Australian_Grand_Prix,R,ANT,1.0,Mercedes,False,MEDIUM,Australian_Grand_Prix,6,10.0,0,,,
2026,Australian_Grand_Prix,R,ANT,2.0,Mercedes,False,HARD,Australian_Grand_Prix,37,45.0,0,,inf,0.22492201590890795
2026,Australian_Grand_Prix,R,BEA,1.0,Haas F1 Team,False,MEDIUM,Australian_Grand_Prix,10,17.0,0,,inf,0.31264304955825467
2026,Australian_Grand_Prix,R,BEA,2.0,Haas F1 Team,False,HARD,Australian_Grand_Prix,34,38.0,0,,0.8078994813484248,0.25931694799910604
2026,Australian_Grand_Prix,R,BOR,1.0,Audi,False,MEDIUM,Australian_Grand_Prix,10,17.0,0,,inf,0.30265598154595846
2026,Australian_Grand_Prix,R,BOR,2.0,Audi,False,HARD,Australian_Grand_Prix,11,14.0,0,,-10.288473520247312,0.886974887589598
2026,Australian_Grand_Prix,R,BOR,3.0,Audi,False,HARD,Australian_Grand_Prix,19,15.0,1,15.0,inf,0.3492806735760365
2026,Australian_Grand_Prix,R,BOT,1.0,Cadillac,False,HARD,Australian_Grand_Prix,7,10.0,0,,inf,0.7347511489126188
2026,Australian_Grand_Prix,R,COL,1.0,Alpine,False,HARD,Australian_Grand_Prix,2,8.0,0,,,
2026,Australian_Grand_Prix,R,COL,2.0,Alpine,False,HARD,Australian_Grand_Prix,29,45.0,0,,-17.891371953172385,0.5475581997185649
2026,Australian_Grand_Prix,R,COL,3.0,Alpine,False,SOFT,Australian_Grand_Prix,5,9.0,0,,,
2026,Australian_Grand_Prix,R,GAS,1.0,Alpine,False,MEDIUM,Australian_Grand_Prix,6,10.0,0,,,
2026,Australian_Grand_Prix,R,GAS,2.0,Alpine,False,HARD,Australian_Grand_Prix,37,45.0,0,,-2.536052043115841,0.3236388940837575
2026,Australian_Grand_Prix,R,HAD,1.0,Red Bull Racing,True,MEDIUM,Australian_Grand_Prix,8,10.0,0,,inf,0.5597346671618418
2026,Australian_Grand_Prix,R,HAM,1.0,Ferrari,False,MEDIUM,Australian_Grand_Prix,17,27.0,0,,-0.054498038358908214,0.4469132869556412
2026,Australian_Grand_Prix,R,HAM,2.0,Ferrari,False,HARD,Australian_Grand_Prix,24,29.0,0,,inf,0.38952218458582416
2026,Australian_Grand_Prix,R,LAW,1.0,Racing Bulls,False,MEDIUM,Australian_Grand_Prix,6,10.0,0,,,
2026,Australian_Grand_Prix,R,LAW,2.0,Racing Bulls,False,HARD,Australian_Grand_Prix,15,21.0,0,,9.745561554549917,0.1930350776073408
2026,Australian_Grand_Prix,R,LAW,3.0,Racing Bulls,False,SOFT,Australian_Grand_Prix,20,17.0,1,17.0,inf,0.6625094351485771
2026,Australian_Grand_Prix,R,LEC,1.0,Ferrari,False,MEDIUM,Australian_Grand_Prix,15,24.0,0,,-0.12577762105193072,0.5652225742677798
2026,Australian_Grand_Prix,R,LEC,2.0,Ferrari,False,HARD,Australian_Grand_Prix,29,32.0,0,,0.06221720033351105,0.5326907744369147
2026,Australian_Grand_Prix,R,LIN,1.0,Racing Bulls,False,MEDIUM,Australian_Grand_Prix,11,17.0,0,,-0.0037160220087086547,0.5235954378372606
2026,Australian_Grand_Prix,R,LIN,2.0,Racing Bulls,False,HARD,Australian_Grand_Prix,34,38.0,0,,-36.76517609171046,0.1834543547910155
2026,Australian_Grand_Prix,R,NOR,1.0,McLaren,False,MEDIUM,Australian_Grand_Prix,7,10.0,0,,inf,0.7421733804384125
2026,Australian_Grand_Prix,R,NOR,2.0,McLaren,False,HARD,Australian_Grand_Prix,16,16.0,1,16.0,inf,0.708945330393391
2026,Australian_Grand_Prix,R,NOR,3.0,McLaren,False,MEDIUM,Australian_Grand_Prix,19,23.0,0,,inf,0.7024932449462622
2026,Australian_Grand_Prix,R,OCO,1.0,Haas F1 Team,False,MEDIUM,Australian_Grand_Prix,6,10.0,0,,,
2026,Australian_Grand_Prix,R,OCO,2.0,Haas F1 Team,False,HARD,Australian_Grand_Prix,36,45.0,0,,-0.5437574747623866,0.2858560265790582
2026,Australian_Grand_Prix,R,PER,1.0,Cadillac,False,MEDIUM,Australian_Grand_Prix,11,14.0,1,14.0,inf,0.2937615789875007
2026,Australian_Grand_Prix,R,PER,2.0,Cadillac,False,HARD,Australian_Grand_Prix,15,24.0,0,,3.38512475379225,0.3024068342264217
2026,Australian_Grand_Prix,R,PER,3.0,Cadillac,False,SOFT,Australian_Grand_Prix,8,10.0,0,,inf,0.24455050472195758
2026,Australian_Grand_Prix,R,RUS,1.0,Mercedes,False,MEDIUM,Australian_Grand_Prix,8,11.0,0,,inf,0.5689050414637146
2026,Australian_Grand_Prix,R,RUS,2.0,Mercedes,False,HARD,Australian_Grand_Prix,39,45.0,0,,0.09216083219453018,0.38697772352665927
2026,Australian_Grand_Prix,R,SAI,1.0,Williams,False,SOFT,Australian_Grand_Prix,5,10.0,0,,,
2026,Australian_Grand_Prix,R,SAI,2.0,Williams,False,HARD,Australian_Grand_Prix,17,21.0,0,,-2.0789769783108474,0.5470035842580941
2026,Australian_Grand_Prix,R,SAI,3.0,Williams,False,MEDIUM,Australian_Grand_Prix,8,11.0,0,,-1.2422439024390952,0.6787691335069811
2026,Australian_Grand_Prix,R,SAI,4.0,Williams,False,SOFT,Australian_Grand_Prix,6,10.0,0,,,
2026,Australian_Grand_Prix,R,STR,1.0,Aston Martin,False,MEDIUM,Australian_Grand_Prix,7,10.0,0,,-1.1235772357724696,0.23727508023896182
2026,Australian_Grand_Prix,R,STR,2.0,Aston Martin,False,HARD,Australian_Grand_Prix,9,14.0,0,,2.604722824890652,0.3912293097517827
2026,Australian_Grand_Prix,R,STR,3.0,Aston Martin,False,SOFT,Australian_Grand_Prix,4,7.0,0,,,
2026,Australian_Grand_Prix,R,VER,1.0,Red Bull Racing,True,HARD,Australian_Grand_Prix,9,17.0,0,,-0.20389651868411363,0.2662907486342289
2026,Australian_Grand_Prix,R,VER,2.0,Red Bull Racing,True,MEDIUM,Australian_Grand_Prix,20,15.0,1,15.0,inf,0.2891786145280055
2026,Australian_Grand_Prix,R,VER,3.0,Red Bull Racing,True,HARD,Australian_Grand_Prix,15,16.0,0,,0.8728122513921844,0.39809250679373726
2026,Canadian_Grand_Prix,R,ALB,1.0,Williams,False,SOFT,Canadian_Grand_Prix,5,11.0,0,,,
2026,Canadian_Grand_Prix,R,ALO,1.0,Aston Martin,False,SOFT,Canadian_Grand_Prix,15,19.0,0,,inf,0.48085218035731486
2026,Canadian_Grand_Prix,R,ANT,1.0,Mercedes,False,SOFT,Canadian_Grand_Prix,27,34.0,0,,inf,0.34838695184072865
2026,Canadian_Grand_Prix,R,ANT,2.0,Mercedes,False,MEDIUM,Canadian_Grand_Prix,27,36.0,0,,inf,0.20821344766969502
2026,Canadian_Grand_Prix,R,BEA,1.0,Haas F1 Team,False,SOFT,Canadian_Grand_Prix,25,34.0,0,,inf,0.2675031803452616
2026,Canadian_Grand_Prix,R,BEA,2.0,Haas F1 Team,False,MEDIUM,Canadian_Grand_Prix,26,36.0,0,,inf,0.32382898935936405
2026,Canadian_Grand_Prix,R,BOR,2.0,Audi,False,SOFT,Canadian_Grand_Prix,11,15.0,0,,inf,0.5594941531600154
2026,Canadian_Grand_Prix,R,BOR,3.0,Audi,False,MEDIUM,Canadian_Grand_Prix,35,47.0,0,,0.6647525839511446,0.2422365630848894
2026,Canadian_Grand_Prix,R,BOT,3.0,Cadillac,False,MEDIUM,Canadian_Grand_Prix,12,18.0,0,,-6.565544091882603,0.6129903743957259
2026,Canadian_Grand_Prix,R,BOT,4.0,Cadillac,False,SOFT,Canadian_Grand_Prix,14,19.0,0,,inf,0.5173534135429159
2026,Canadian_Grand_Prix,R,BOT,5.0,Cadillac,False,MEDIUM,Canadian_Grand_Prix,8,14.0,0,,0.2659707724425867,0.6254352416195665
2026,Canadian_Grand_Prix,R,COL,1.0,Alpine,False,MEDIUM,Canadian_Grand_Prix,22,29.0,0,,inf,0.5100671204153939
2026,Canadian_Grand_Prix,R,COL,2.0,Alpine,False,HARD,Canadian_Grand_Prix,26,36.0,0,,inf,0.24890704585622384
2026,Canadian_Grand_Prix,R,GAS,1.0,Alpine,False,MEDIUM,Canadian_Grand_Prix,22,29.0,0,,-0.23350166972845754,0.5523660866000618
2026,Canadian_Grand_Prix,R,GAS,2.0,Alpine,False,HARD,Canadian_Grand_Prix,25,36.0,0,,1.0745025030163344,0.3598063169551397
2026,Canadian_Grand_Prix,R,HAD,1.0,Red Bull Racing,True,SOFT,Canadian_Grand_Prix,25,33.0,0,,inf,0.5196635798679732
2026,Canadian_Grand_Prix,R,HAD,2.0,Red Bull Racing,True,MEDIUM,Canadian_Grand_Prix,15,20.0,0,,inf,0.32111767647459444
2026,Canadian_Grand_Prix,R,HAD,3.0,Red Bull Racing,True,SOFT,Canadian_Grand_Prix,7,13.0,0,,inf,0.7076597137096007
2026,Canadian_Grand_Prix,R,HAM,1.0,Ferrari,False,SOFT,Canadian_Grand_Prix,26,32.0,0,,inf,0.41128983507237976
2026,Canadian_Grand_Prix,R,HAM,2.0,Ferrari,False,MEDIUM,Canadian_Grand_Prix,28,36.0,0,,inf,0.28922048462388006
2026,Canadian_Grand_Prix,R,HUL,2.0,Audi,False,SOFT,Canadian_Grand_Prix,13,21.0,0,,inf,0.543886929032515
2026,Canadian_Grand_Prix,R,HUL,3.0,Audi,False,MEDIUM,Canadian_Grand_Prix,34,45.0,0,,inf,0.567326688695606
2026,Canadian_Grand_Prix,R,LAW,1.0,Racing Bulls,False,MEDIUM,Canadian_Grand_Prix,23,29.0,0,,inf,0.3377430415698757
2026,Canadian_Grand_Prix,R,LAW,2.0,Racing Bulls,False,SOFT,Canadian_Grand_Prix,27,36.0,0,,0.716683911991533,0.4108470116174757
2026,Canadian_Grand_Prix,R,LEC,1.0,Ferrari,False,SOFT,Canadian_Grand_Prix,26,33.0,0,,inf,0.2734001187279159
2026,Canadian_Grand_Prix,R,LEC,2.0,Ferrari,False,MEDIUM,Canadian_Grand_Prix,30,36.0,0,,inf,0.24368649240400408
2026,Canadian_Grand_Prix,R,NOR,2.0,McLaren,False,MEDIUM,Canadian_Grand_Prix,7,12.0,0,,inf,0.3190267424759822
2026,Canadian_Grand_Prix,R,NOR,3.0,McLaren,False,MEDIUM,Canadian_Grand_Prix,16,26.0,0,,-0.1563298343761473,0.35843839148186124
2026,Canadian_Grand_Prix,R,OCO,1.0,Haas F1 Team,False,SOFT,Canadian_Grand_Prix,8,15.0,0,,inf,0.7227841584440318
2026,Canadian_Grand_Prix,R,OCO,2.0,Haas F1 Team,False,MEDIUM,Canadian_Grand_Prix,9,12.0,0,,inf,0.37520771383350476
2026,Canadian_Grand_Prix,R,OCO,3.0,Haas F1 Team,False,SOFT,Canadian_Grand_Prix,27,35.0,0,,-0.7004314944965152,0.48693474400268294
2026,Canadian_Grand_Prix,R,PER,2.0,Cadillac,False,SOFT,Canadian_Grand_Prix,9,12.0,0,,27.25641025642762,0.660165052164823
2026,Canadian_Grand_Prix,R,PER,3.0,Cadillac,False,MEDIUM,Canadian_Grand_Prix,10,13.0,0,,0.09461152882205805,0.7156944555593537
2026,Canadian_Grand_Prix,R,PER,4.0,Cadillac,False,SOFT,Canadian_Grand_Prix,5,9.0,0,,,
2026,Canadian_Grand_Prix,R,PIA,2.0,McLaren,False,MEDIUM,Canadian_Grand_Prix,6,10.0,0,,,
2026,Canadian_Grand_Prix,R,PIA,3.0,McLaren,False,MEDIUM,Canadian_Grand_Prix,29,42.0,0,,-0.21058196786085404,0.45332867308245894
2026,Canadian_Grand_Prix,R,PIA,4.0,McLaren,False,SOFT,Canadian_Grand_Prix,12,18.0,0,,inf,0.3375891531963536
2026,Canadian_Grand_Prix,R,RUS,1.0,Mercedes,False,SOFT,Canadian_Grand_Prix,25,32.0,0,,inf,0.27904827582748926
2026,Canadian_Grand_Prix,R,SAI,2.0,Williams,False,MEDIUM,Canadian_Grand_Prix,25,35.0,0,,inf,0.20255860201654546
2026,Canadian_Grand_Prix,R,SAI,3.0,Williams,False,MEDIUM,Canadian_Grand_Prix,26,36.0,0,,inf,0.2681086145669524
2026,Canadian_Grand_Prix,R,STR,1.0,Aston Martin,False,SOFT,Canadian_Grand_Prix,7,13.0,0,,1.7512915129154447,0.5566521286546765
2026,Canadian_Grand_Prix,R,STR,2.0,Aston Martin,False,SOFT,Canadian_Grand_Prix,26,34.0,0,,0.5182854957496472,0.3559005964291656
2026,Canadian_Grand_Prix,R,STR,3.0,Aston Martin,False,MEDIUM,Canadian_Grand_Prix,10,14.0,0,,0.1462309160305359,0.7918629788682389
2026,Canadian_Grand_Prix,R,VER,1.0,Red Bull Racing,True,SOFT,Canadian_Grand_Prix,27,35.0,0,,inf,0.5336794281814831
2026,Canadian_Grand_Prix,R,VER,2.0,Red Bull Racing,True,MEDIUM,Canadian_Grand_Prix,27,36.0,0,,inf,0.21954776537181175
2026,Canadian_Grand_Prix,S,ALB,1.0,Williams,False,MEDIUM,Canadian_Grand_Prix,8,13.0,0,,inf,0.9275441602938459
2026,Canadian_Grand_Prix,S,ALB,2.0,Williams,False,SOFT,Canadian_Grand_Prix,1,4.0,0,,,
2026,Canadian_Grand_Prix,S,ALO,1.0,Aston Martin,False,MEDIUM,Canadian_Grand_Prix,13,15.0,1,15.0,inf,0.5940109171583152
2026,Canadian_Grand_Prix,S,ANT,1.0,Mercedes,False,MEDIUM,Canadian_Grand_Prix,20,28.0,0,,inf,0.19157243469452487
2026,Canadian_Grand_Prix,S,BEA,1.0,Haas F1 Team,False,MEDIUM,Canadian_Grand_Prix,16,26.0,0,,inf,0.2406108815475861
2026,Canadian_Grand_Prix,S,BOR,1.0,Audi,False,MEDIUM,Canadian_Grand_Prix,20,29.0,0,,inf,0.6271746652249635
2026,Canadian_Grand_Prix,S,BOT,1.0,Cadillac,False,SOFT,Canadian_Grand_Prix,16,17.0,1,17.0,inf,0.7166128515599177
2026,Canadian_Grand_Prix,S,COL,1.0,Alpine,False,MEDIUM,Canadian_Grand_Prix,21,30.0,0,,inf,0.5528625127090143
2026,Canadian_Grand_Prix,S,GAS,1.0,Alpine,False,MEDIUM,Canadian_Grand_Prix,13,18.0,0,,inf,0.4788392218451635
2026,Canadian_Grand_Prix,S,HAD,1.0,Red Bull Racing,True,MEDIUM,Canadian_Grand_Prix,2,4.0,0,,,
2026,Canadian_Grand_Prix,S,HAD,3.0,Red Bull Racing,True,SOFT,Canadian_Grand_Prix,9,15.0,0,,inf,0.6692783839103943
2026,Canadian_Grand_Prix,S,HAM,1.0,Ferrari,False,MEDIUM,Canadian_Grand_Prix,20,19.0,1,19.0,inf,0.710918645751607
2026,Canadian_Grand_Prix,S,HUL,1.0,Audi,False,MEDIUM,Canadian_Grand_Prix,20,28.0,0,,3.9112017955520786,0.3933682409512765
2026,Canadian_Grand_Prix,S,LAW,1.0,Racing Bulls,False,MEDIUM,Canadian_Grand_Prix,18,22.0,0,,1.1577300785634028,0.2084477073112592
2026,Canadian_Grand_Prix,S,LEC,1.0,Ferrari,False,MEDIUM,Canadian_Grand_Prix,19,22.0,0,,0.15388448372980315,0.46983069627931573
2026,Canadian_Grand_Prix,S,LIN,1.0,Racing Bulls,False,HARD,Canadian_Grand_Prix,19,22.0,0,,6.736661585365769,0.7372452142588882
2026,Canadian_Grand_Prix,S,NOR,1.0,McLaren,False,MEDIUM,Canadian_Grand_Prix,19,22.0,0,,0.004838709677420998,0.17202211660586994
2026,Canadian_Grand_Prix,S,OCO,1.0,Haas F1 Team,False,MEDIUM,Canadian_Grand_Prix,21,29.0,0,,inf,0.8719890582602877
2026,Canadian_Grand_Prix,S,PER,1.0,Cadillac,False,SOFT,Canadian_Grand_Prix,20,18.0,1,18.0,inf,0.4913715015489285
2026,Canadian_Grand_Prix,S,PIA,1.0,McLaren,False,MEDIUM,Canadian_Grand_Prix,20,19.0,1,19.0,inf,0.6332453461509023
2026,Canadian_Grand_Prix,S,RUS,1.0,Mercedes,False,MEDIUM,Canadian_Grand_Prix,21,28.0,0,,-0.03089027352413304,0.46380413302391854
2026,Canadian_Grand_Prix,S,SAI,1.0,Williams,False,MEDIUM,Canadian_Grand_Prix,19,22.0,0,,-0.008991008990996937,0.4100610256604639
2026,Canadian_Grand_Prix,S,STR,1.0,Aston Martin,False,SOFT,Canadian_Grand_Prix,17,21.0,0,,inf,0.7251520778385655
2026,Canadian_Grand_Prix,S,VER,1.0,Red Bull Racing,True,MEDIUM,Canadian_Grand_Prix,19,22.0,0,,inf,0.5333095079590885
2026,Chinese_Grand_Prix,R,ALO,1.0,Aston Martin,False,HARD,Chinese_Grand_Prix,19,30.0,0,,inf,0.31806119355553264
2026,Chinese_Grand_Prix,R,ANT,1.0,Mercedes,False,MEDIUM,Chinese_Grand_Prix,7,9.0,0,,inf,0.5349596445843374
2026,Chinese_Grand_Prix,R,ANT,2.0,Mercedes,False,HARD,Chinese_Grand_Prix,40,45.0,0,,inf,0.47976979980401263
2026,Chinese_Grand_Prix,R,BEA,1.0,Haas F1 Team,False,MEDIUM,Chinese_Grand_Prix,6,9.0,0,,,
2026,Chinese_Grand_Prix,R,BEA,2.0,Haas F1 Team,False,HARD,Chinese_Grand_Prix,38,45.0,0,,-0.3356432789125939,0.4185321974902899
2026,Chinese_Grand_Prix,R,BOT,1.0,Cadillac,False,MEDIUM,Chinese_Grand_Prix,6,9.0,0,,,
2026,Chinese_Grand_Prix,R,BOT,2.0,Cadillac,False,HARD,Chinese_Grand_Prix,40,44.0,0,,5.104477611942365,0.16829947942256826
2026,Chinese_Grand_Prix,R,COL,1.0,Alpine,False,HARD,Chinese_Grand_Prix,23,31.0,0,,-1.0818770412931649,0.3295635041634437
2026,Chinese_Grand_Prix,R,COL,2.0,Alpine,False,MEDIUM,Chinese_Grand_Prix,21,17.0,1,17.0,3.2070516279906043,0.2496675099080999
2026,Chinese_Grand_Prix,R,GAS,1.0,Alpine,False,MEDIUM,Chinese_Grand_Prix,8,9.0,0,,inf,0.6654857366636799
2026,Chinese_Grand_Prix,R,GAS,2.0,Alpine,False,HARD,Chinese_Grand_Prix,37,45.0,0,,-0.16350015378531535,0.3900073976045804
2026,Chinese_Grand_Prix,R,HAD,2.0,Red Bull Racing,True,HARD,Chinese_Grand_Prix,5,8.0,0,,,
2026,Chinese_Grand_Prix,R,HAD,3.0,Red Bull Racing,True,HARD,Chinese_Grand_Prix,39,45.0,0,,inf,0.6303398889877551
2026,Chinese_Grand_Prix,R,HAM,1.0,Ferrari,False,MEDIUM,Chinese_Grand_Prix,7,9.0,0,,inf,0.8266817565461925
2026,Chinese_Grand_Prix,R,HAM,2.0,Ferrari,False,HARD,Chinese_Grand_Prix,41,45.0,0,,-0.2862390874055187,0.3285891515950316
2026,Chinese_Grand_Prix,R,HUL,1.0,Audi,False,HARD,Chinese_Grand_Prix,25,34.0,0,,-0.21314417823494777,0.5429838007052
2026,Chinese_Grand_Prix,R,HUL,2.0,Audi,False,MEDIUM,Chinese_Grand_Prix,17,19.0,0,,-1.0351630186434766,0.2842687683198083
2026,Chinese_Grand_Prix,R,LAW,1.0,Racing Bulls,False,MEDIUM,Chinese_Grand_Prix,6,8.0,0,,,
2026,Chinese_Grand_Prix,R,LAW,2.0,Racing Bulls,False,HARD,Chinese_Grand_Prix,39,46.0,0,,-0.40224994845338824,0.2853900479212558
2026,Chinese_Grand_Prix,R,LEC,1.0,Ferrari,False,MEDIUM,Chinese_Grand_Prix,6,9.0,0,,,
2026,Chinese_Grand_Prix,R,LEC,2.0,Ferrari,False,HARD,Chinese_Grand_Prix,41,45.0,0,,inf,0.25929488822535895
2026,Chinese_Grand_Prix,R,LIN,1.0,Racing Bulls,False,HARD,Chinese_Grand_Prix,31,41.0,0,,-0.225335552351809,0.2730804107076888
2026,Chinese_Grand_Prix,R,LIN,2.0,Racing Bulls,False,MEDIUM,Chinese_Grand_Prix,11,12.0,0,,inf,0.9091679961220457
2026,Chinese_Grand_Prix,R,OCO,1.0,Haas F1 Team,False,HARD,Chinese_Grand_Prix,20,28.0,0,,-0.44779881135814276,0.40480131293920335
2026,Chinese_Grand_Prix,R,OCO,2.0,Haas F1 Team,False,MEDIUM,Chinese_Grand_Prix,14,16.0,0,,0.4079566078632706,0.3866300043628589
2026,Chinese_Grand_Prix,R,OCO,3.0,Haas F1 Team,False,SOFT,Chinese_Grand_Prix,7,8.0,0,,inf,0.21974165016407357
2026,Chinese_Grand_Prix,R,PER,1.0,Cadillac,False,MEDIUM,Chinese_Grand_Prix,8,9.0,0,,inf,0.8917959919129943
2026,Chinese_Grand_Prix,R,PER,2.0,Cadillac,False,HARD,Chinese_Grand_Prix,37,43.0,0,,-908.3711589982214,0.5383158143787095
2026,Chinese_Grand_Prix,R,RUS,1.0,Mercedes,False,MEDIUM,Chinese_Grand_Prix,6,9.0,0,,,
2026,Chinese_Grand_Prix,R,RUS,2.0,Mercedes,False,HARD,Chinese_Grand_Prix,39,45.0,0,,-0.10198210937473001,0.5518218755984747
2026,Chinese_Grand_Prix,R,SAI,1.0,Williams,False,MEDIUM,Chinese_Grand_Prix,5,8.0,0,,,
2026,Chinese_Grand_Prix,R,SAI,2.0,Williams,False,HARD,Chinese_Grand_Prix,40,41.0,1,41.0,inf,0.253241610007176
2026,Chinese_Grand_Prix,R,STR,1.0,Aston Martin,False,HARD,Chinese_Grand_Prix,6,9.0,0,,,
2026,Chinese_Grand_Prix,R,VER,1.0,Red Bull Racing,True,SOFT,Chinese_Grand_Prix,7,11.0,0,,inf,0.6366102513794695
2026,Chinese_Grand_Prix,R,VER,2.0,Red Bull Racing,True,HARD,Chinese_Grand_Prix,28,35.0,0,,-0.17432586334575323,0.36027422329287545
2026,Chinese_Grand_Prix,S,ALB,1.0,Williams,False,MEDIUM,Chinese_Grand_Prix,9,9.0,1,9.0,inf,0.8090703182970032
2026,Chinese_Grand_Prix,S,ALO,1.0,Aston Martin,False,HARD,Chinese_Grand_Prix,11,18.0,0,,inf,0.6999694572032085
2026,Chinese_Grand_Prix,S,ANT,1.0,Mercedes,False,MEDIUM,Chinese_Grand_Prix,11,15.0,0,,0.26224061870269855,0.6082935596080356
2026,Chinese_Grand_Prix,S,BEA,1.0,Haas F1 Team,False,MEDIUM,Chinese_Grand_Prix,13,24.0,0,,-3.0115632863756288,0.5234831634734778
2026,Chinese_Grand_Prix,S,BOR,1.0,Audi,False,MEDIUM,Chinese_Grand_Prix,13,24.0,0,,-4.223632812500058,0.7234154535068894
2026,Chinese_Grand_Prix,S,BOT,1.0,Cadillac,False,MEDIUM,Chinese_Grand_Prix,7,9.0,0,,inf,0.32238623149597323
2026,Chinese_Grand_Prix,S,COL,1.0,Alpine,False,MEDIUM,Chinese_Grand_Prix,11,18.0,0,,inf,0.7695797360417901
2026,Chinese_Grand_Prix,S,GAS,1.0,Alpine,False,MEDIUM,Chinese_Grand_Prix,13,24.0,0,,inf,0.3856765694675991
2026,Chinese_Grand_Prix,S,HAD,1.0,Red Bull Racing,True,SOFT,Chinese_Grand_Prix,11,15.0,0,,1.985385878488998,0.4333720123115682
2026,Chinese_Grand_Prix,S,HAM,1.0,Ferrari,False,MEDIUM,Chinese_Grand_Prix,11,17.0,0,,inf,0.5054840785107054
2026,Chinese_Grand_Prix,S,HUL,1.0,Audi,False,MEDIUM,Chinese_Grand_Prix,11,18.0,0,,inf,0.9166658137198077
2026,Chinese_Grand_Prix,S,LAW,1.0,Racing Bulls,False,HARD,Chinese_Grand_Prix,10,18.0,0,,-0.2619081345496256,0.49473694958280867
2026,Chinese_Grand_Prix,S,LEC,1.0,Ferrari,False,MEDIUM,Chinese_Grand_Prix,11,16.0,0,,inf,0.427108496215781
2026,Chinese_Grand_Prix,S,LIN,1.0,Racing Bulls,False,MEDIUM,Chinese_Grand_Prix,8,13.0,1,13.0,inf,0.9558162598349252
2026,Chinese_Grand_Prix,S,NOR,1.0,McLaren,False,MEDIUM,Chinese_Grand_Prix,11,16.0,0,,12.927308447940941,0.29671865494264776
2026,Chinese_Grand_Prix,S,OCO,1.0,Haas F1 Team,False,MEDIUM,Chinese_Grand_Prix,13,25.0,0,,-11.45476408612017,0.8905506904742924
2026,Chinese_Grand_Prix,S,PER,1.0,Cadillac,False,MEDIUM,Chinese_Grand_Prix,10,12.0,0,,inf,0.7800055972958969
2026,Chinese_Grand_Prix,S,PIA,1.0,McLaren,False,MEDIUM,Chinese_Grand_Prix,11,13.0,1,13.0,inf,0.7033523262239516
2026,Chinese_Grand_Prix,S,RUS,1.0,Mercedes,False,MEDIUM,Chinese_Grand_Prix,11,15.0,0,,0.6374542124540731,0.4559573637556756
2026,Chinese_Grand_Prix,S,SAI,1.0,Williams,False,HARD,Chinese_Grand_Prix,11,18.0,0,,-1.536999068033525,0.7908471494557624
2026,Chinese_Grand_Prix,S,STR,1.0,Aston Martin,False,MEDIUM,Chinese_Grand_Prix,10,12.0,0,,10.762336039976928,0.48146470486605214
2026,Chinese_Grand_Prix,S,VER,1.0,Red Bull Racing,True,MEDIUM,Chinese_Grand_Prix,11,11.0,1,11.0,inf,0.6251399425141666
2026,Japanese_Grand_Prix,R,ALB,1.0,Williams,False,MEDIUM,Japanese_Grand_Prix,17,21.0,0,,-0.14582960430758288,0.5803234624341138
2026,Japanese_Grand_Prix,R,ALB,2.0,Williams,False,HARD,Japanese_Grand_Prix,16,22.0,0,,inf,0.45803502900297316
2026,Japanese_Grand_Prix,R,ALO,1.0,Aston Martin,False,MEDIUM,Japanese_Grand_Prix,18,20.0,0,,0.2889159769894633,0.30748152790681277
2026,Japanese_Grand_Prix,R,ALO,3.0,Aston Martin,False,MEDIUM,Japanese_Grand_Prix,23,28.0,0,,inf,0.21071102481786957
2026,Japanese_Grand_Prix,R,ANT,1.0,Mercedes,False,MEDIUM,Japanese_Grand_Prix,18,21.0,0,,-2.2624524180965766,0.7325305300183019
2026,Japanese_Grand_Prix,R,ANT,2.0,Mercedes,False,HARD,Japanese_Grand_Prix,25,30.0,0,,inf,0.3781779004581966
2026,Japanese_Grand_Prix,R,BEA,1.0,Haas F1 Team,False,MEDIUM,Japanese_Grand_Prix,13,15.0,0,,-230.63347022559722,0.45838931036628183
2026,Japanese_Grand_Prix,R,BOR,1.0,Audi,False,MEDIUM,Japanese_Grand_Prix,17,21.0,0,,-6.089404068516437,0.5963756797774106
2026,Japanese_Grand_Prix,R,BOR,2.0,Audi,False,HARD,Japanese_Grand_Prix,23,30.0,0,,0.03425918514363853,0.2930078575435175
2026,Japanese_Grand_Prix,R,BOT,1.0,Cadillac,False,HARD,Japanese_Grand_Prix,16,18.0,0,,12.614346856887861,0.5490389459050758
2026,Japanese_Grand_Prix,R,BOT,2.0,Cadillac,False,MEDIUM,Japanese_Grand_Prix,23,32.0,0,,inf,0.3076208560004632
2026,Japanese_Grand_Prix,R,COL,1.0,Alpine,False,MEDIUM,Japanese_Grand_Prix,14,16.0,0,,inf,0.42106781114868125
2026,Japanese_Grand_Prix,R,COL,2.0,Alpine,False,HARD,Japanese_Grand_Prix,25,35.0,0,,inf,0.6655841728399713
2026,Japanese_Grand_Prix,R,GAS,1.0,Alpine,False,MEDIUM,Japanese_Grand_Prix,20,21.0,0,,-0.007254086468708848,0.3222709235903773
2026,Japanese_Grand_Prix,R,GAS,2.0,Alpine,False,HARD,Japanese_Grand_Prix,24,30.0,0,,inf,0.3496102073189071
2026,Japanese_Grand_Prix,R,HAD,1.0,Red Bull Racing,True,MEDIUM,Japanese_Grand_Prix,15,18.0,0,,-4.39864336029225,0.3381507500995344
2026,Japanese_Grand_Prix,R,HAD,2.0,Red Bull Racing,True,HARD,Japanese_Grand_Prix,25,33.0,0,,inf,0.6309582173280308
2026,Japanese_Grand_Prix,R,HAM,1.0,Ferrari,False,MEDIUM,Japanese_Grand_Prix,19,21.0,0,,inf,0.16745623751716537
2026,Japanese_Grand_Prix,R,HAM,2.0,Ferrari,False,HARD,Japanese_Grand_Prix,25,30.0,0,,6.041409371595242,0.19866410103554205
2026,Japanese_Grand_Prix,R,HUL,1.0,Audi,False,MEDIUM,Japanese_Grand_Prix,17,21.0,0,,-5.5284754793826565,0.40370955098553285
2026,Japanese_Grand_Prix,R,HUL,2.0,Audi,False,HARD,Japanese_Grand_Prix,22,29.0,0,,inf,0.3684107423145988
2026,Japanese_Grand_Prix,R,LAW,1.0,Racing Bulls,False,MEDIUM,Japanese_Grand_Prix,19,21.0,0,,inf,0.5571381428727157
2026,Japanese_Grand_Prix,R,LAW,2.0,Racing Bulls,False,HARD,Japanese_Grand_Prix,24,30.0,0,,-71.35594885262344,0.42483802253805664
2026,Japanese_Grand_Prix,R,LEC,1.0,Ferrari,False,MEDIUM,Japanese_Grand_Prix,14,16.0,0,,1.3365294280188997,0.23387299907788067
2026,Japanese_Grand_Prix,R,LEC,2.0,Ferrari,False,HARD,Japanese_Grand_Prix,25,35.0,0,,inf,0.3939985427743451
2026,Japanese_Grand_Prix,R,LIN,1.0,Racing Bulls,False,MEDIUM,Japanese_Grand_Prix,15,17.0,0,,0.6152599733361102,0.2569861894478388
2026,Japanese_Grand_Prix,R,LIN,2.0,Racing Bulls,False,HARD,Japanese_Grand_Prix,25,34.0,0,,inf,0.6821155505377786
2026,Japanese_Grand_Prix,R,NOR,1.0,McLaren,False,MEDIUM,Japanese_Grand_Prix,13,15.0,0,,-4.54906766116162,0.41885157567374576
2026,Japanese_Grand_Prix,R,NOR,2.0,McLaren,False,HARD,Japanese_Grand_Prix,27,36.0,0,,0.005235427706293808,0.30501527949936075
2026,Japanese_Grand_Prix,R,OCO,1.0,Haas F1 Team,False,MEDIUM,Japanese_Grand_Prix,16,18.0,0,,0.3445141512796801,0.23843204647789648
2026,Japanese_Grand_Prix,R,OCO,2.0,Haas F1 Team,False,HARD,Japanese_Grand_Prix,25,33.0,0,,inf,0.5054740564324648
2026,Japanese_Grand_Prix,R,PER,1.0,Cadillac,False,MEDIUM,Japanese_Grand_Prix,19,17.0,1,17.0,inf,0.24836231391730615
2026,Japanese_Grand_Prix,R,PER,2.0,Cadillac,False,HARD,Japanese_Grand_Prix,25,31.0,0,,inf,0.2392799275733762
2026,Japanese_Grand_Prix,R,PIA,1.0,McLaren,False,MEDIUM,Japanese_Grand_Prix,16,17.0,0,,-0.2098204470501666,0.40746808337496615
2026,Japanese_Grand_Prix,R,PIA,2.0,McLaren,False,HARD,Japanese_Grand_Prix,25,34.0,0,,inf,0.2885470561566259
2026,Japanese_Grand_Prix,R,RUS,1.0,Mercedes,False,MEDIUM,Japanese_Grand_Prix,19,20.0,0,,-1.8215014056779766,0.5855169465047326
2026,Japanese_Grand_Prix,R,RUS,2.0,Mercedes,False,HARD,Japanese_Grand_Prix,24,31.0,0,,1.9818423517328039,0.36119223054497296
2026,Japanese_Grand_Prix,R,SAI,1.0,Williams,False,MEDIUM,Japanese_Grand_Prix,18,21.0,0,,inf,0.31041667698806974
2026,Japanese_Grand_Prix,R,SAI,2.0,Williams,False,HARD,Japanese_Grand_Prix,24,30.0,0,,inf,0.7672685434122837
2026,Japanese_Grand_Prix,R,STR,1.0,Aston Martin,False,MEDIUM,Japanese_Grand_Prix,18,20.0,0,,0.8231788372917948,0.3053579754923542
2026,Japanese_Grand_Prix,R,VER,1.0,Red Bull Racing,True,MEDIUM,Japanese_Grand_Prix,19,21.0,0,,-0.03115066751430684,0.5697416863495786
2026,Japanese_Grand_Prix,R,VER,2.0,Red Bull Racing,True,HARD,Japanese_Grand_Prix,24,30.0,0,,inf,0.3357134482617512
2026,Miami_Grand_Prix,R,ALB,1.0,Williams,False,MEDIUM,Miami_Grand_Prix,16,26.0,0,,inf,0.3259458261105677
2026,Miami_Grand_Prix,R,ALB,2.0,Williams,False,HARD,Miami_Grand_Prix,28,29.0,0,,inf,0.606756923751011
2026,Miami_Grand_Prix,R,ALO,1.0,Aston Martin,False,MEDIUM,Miami_Grand_Prix,30,40.0,0,,inf,0.3572689354730961
2026,Miami_Grand_Prix,R,ALO,2.0,Aston Martin,False,SOFT,Miami_Grand_Prix,8,14.0,0,,-0.14049185721334387,0.9023836920441293
2026,Miami_Grand_Prix,R,ANT,1.0,Mercedes,False,MEDIUM,Miami_Grand_Prix,17,25.0,0,,-0.07357565511411572,0.3363039053709368
2026,Miami_Grand_Prix,R,ANT,2.0,Mercedes,False,HARD,Miami_Grand_Prix,28,30.0,0,,inf,0.3148451286124208
2026,Miami_Grand_Prix,R,BEA,1.0,Haas F1 Team,False,MEDIUM,Miami_Grand_Prix,16,25.0,0,,-11.263048683159687,0.10052550443539832
2026,Miami_Grand_Prix,R,BEA,2.0,Haas F1 Team,False,HARD,Miami_Grand_Prix,28,29.0,0,,3.2480839431843322,0.2176237721624902
2026,Miami_Grand_Prix,R,BOR,1.0,Audi,False,MEDIUM,Miami_Grand_Prix,20,31.0,0,,inf,0.3747714846951074
2026,Miami_Grand_Prix,R,BOR,2.0,Audi,False,HARD,Miami_Grand_Prix,22,23.0,0,,-11.130577694173773,0.6571832780517392
2026,Miami_Grand_Prix,R,BOT,2.0,Cadillac,False,SOFT,Miami_Grand_Prix,9,14.0,0,,inf,0.7099638414990885
2026,Miami_Grand_Prix,R,BOT,3.0,Cadillac,False,MEDIUM,Miami_Grand_Prix,6,8.0,0,,,
2026,Miami_Grand_Prix,R,BOT,4.0,Cadillac,False,MEDIUM,Miami_Grand_Prix,22,33.0,0,,-11.554815508289344,0.2775821573373434
2026,Miami_Grand_Prix,R,COL,1.0,Alpine,False,MEDIUM,Miami_Grand_Prix,23,30.0,0,,-0.008370631423460723,0.3725295952245132
2026,Miami_Grand_Prix,R,COL,2.0,Alpine,False,HARD,Miami_Grand_Prix,24,25.0,0,,-0.18824536588996554,0.4636568101997949
2026,Miami_Grand_Prix,R,HAM,1.0,Ferrari,False,MEDIUM,Miami_Grand_Prix,19,26.0,0,,0.5627793300790634,0.6142999253517698
2026,Miami_Grand_Prix,R,HAM,2.0,Ferrari,False,HARD,Miami_Grand_Prix,28,29.0,0,,0.5528367638371536,0.4333216968997695
2026,Miami_Grand_Prix,R,LEC,1.0,Ferrari,False,MEDIUM,Miami_Grand_Prix,12,20.0,0,,-18.797340988065063,0.4494909622145321
2026,Miami_Grand_Prix,R,LEC,2.0,Ferrari,False,HARD,Miami_Grand_Prix,31,35.0,0,,inf,0.3712515032936013
2026,Miami_Grand_Prix,R,LIN,1.0,Racing Bulls,False,MEDIUM,Miami_Grand_Prix,17,27.0,0,,-8.398303715672109,0.21516172837432873
2026,Miami_Grand_Prix,R,LIN,2.0,Racing Bulls,False,HARD,Miami_Grand_Prix,25,27.0,0,,0.24192796464919672,0.09817738069023708
2026,Miami_Grand_Prix,R,NOR,1.0,McLaren,False,MEDIUM,Miami_Grand_Prix,16,26.0,0,,31.620753140539666,0.23468318394758775
2026,Miami_Grand_Prix,R,NOR,2.0,McLaren,False,HARD,Miami_Grand_Prix,27,29.0,0,,0.9132583869657106,0.36490089487066135
2026,Miami_Grand_Prix,R,OCO,1.0,Haas F1 Team,False,MEDIUM,Miami_Grand_Prix,22,30.0,0,,inf,0.1469215332620003
2026,Miami_Grand_Prix,R,OCO,2.0,Haas F1 Team,False,HARD,Miami_Grand_Prix,23,24.0,0,,-8.227210600137441,0.4603668239492647
2026,Miami_Grand_Prix,R,PER,1.0,Cadillac,False,MEDIUM,Miami_Grand_Prix,18,28.0,0,,0.5073226323708225,0.29735627006076937
2026,Miami_Grand_Prix,R,PER,2.0,Cadillac,False,HARD,Miami_Grand_Prix,24,26.0,0,,-1.0855474617769003,0.7110825289163042
2026,Miami_Grand_Prix,R,PIA,1.0,McLaren,False,MEDIUM,Miami_Grand_Prix,19,16.0,1,16.0,inf,0.2203277352060266
2026,Miami_Grand_Prix,R,PIA,2.0,McLaren,False,HARD,Miami_Grand_Prix,24,28.0,0,,-0.02934405776373529,0.2816051615902191
2026,Miami_Grand_Prix,R,RUS,1.0,Mercedes,False,MEDIUM,Miami_Grand_Prix,12,19.0,0,,0.4069620413221185,0.8719156659381766
2026,Miami_Grand_Prix,R,RUS,2.0,Mercedes,False,HARD,Miami_Grand_Prix,33,33.0,1,33.0,inf,0.33082919641224984
2026,Miami_Grand_Prix,R,SAI,1.0,Williams,False,MEDIUM,Miami_Grand_Prix,17,27.0,0,,3.831436375765931,0.23878026406381783
2026,Miami_Grand_Prix,R,SAI,2.0,Williams,False,HARD,Miami_Grand_Prix,27,28.0,0,,-0.009036856862938217,0.6385590434804507
2026,Miami_Grand_Prix,R,STR,1.0,Aston Martin,False,MEDIUM,Miami_Grand_Prix,9,20.0,0,,6.5196865504560355,0.15254082522724224
2026,Miami_Grand_Prix,R,STR,2.0,Aston Martin,False,SOFT,Miami_Grand_Prix,14,15.0,1,15.0,inf,0.26165548927759696
2026,Miami_Grand_Prix,R,STR,3.0,Aston Martin,False,SOFT,Miami_Grand_Prix,16,18.0,0,,inf,0.5363013638588932
2026,Miami_Grand_Prix,R,VER,2.0,Red Bull Racing,True,HARD,Miami_Grand_Prix,44,47.0,1,47.0,81.57095349971645,0.4496001447592116
2026,Miami_Grand_Prix,S,ALB,1.0,Williams,False,MEDIUM,Miami_Grand_Prix,9,18.0,0,,inf,0.9282085777972994
2026,Miami_Grand_Prix,S,ALO,1.0,Aston Martin,False,SOFT,Miami_Grand_Prix,13,14.0,1,14.0,inf,0.5153619829474404
2026,Miami_Grand_Prix,S,ANT,1.0,Mercedes,False,MEDIUM,Miami_Grand_Prix,15,18.0,0,,0.13777546416798517,0.5957282682356541
2026,Miami_Grand_Prix,S,BEA,1.0,Haas F1 Team,False,MEDIUM,Miami_Grand_Prix,17,21.0,0,,-13.200195775987739,0.5257274079251508
2026,Miami_Grand_Prix,S,BOR,1.0,Audi,False,MEDIUM,Miami_Grand_Prix,17,24.0,0,,0.23726273726276098,0.5564833161718431
2026,Miami_Grand_Prix,S,BOT,1.0,Cadillac,False,HARD,Miami_Grand_Prix,15,18.0,0,,0.20057047643255055,0.2289436574882492
2026,Miami_Grand_Prix,S,COL,1.0,Alpine,False,MEDIUM,Miami_Grand_Prix,14,18.0,0,,inf,0.13741565469863765
2026,Miami_Grand_Prix,S,GAS,1.0,Alpine,False,MEDIUM,Miami_Grand_Prix,16,13.0,1,13.0,inf,0.702115732170896
2026,Miami_Grand_Prix,S,HAD,1.0,Red Bull Racing,True,MEDIUM,Miami_Grand_Prix,17,18.0,1,18.0,inf,0.622618026325101
2026,Miami_Grand_Prix,S,HAM,1.0,Ferrari,False,MEDIUM,Miami_Grand_Prix,16,18.0,0,,1.0229919847541824,0.4185918993872577
2026,Miami_Grand_Prix,S,LAW,1.0,Racing Bulls,False,MEDIUM,Miami_Grand_Prix,14,18.0,0,,0.10628306878307432,0.7462725057058953
2026,Miami_Grand_Prix,S,LEC,1.0,Ferrari,False,MEDIUM,Miami_Grand_Prix,14,18.0,0,,inf,0.43497981662951596
2026,Miami_Grand_Prix,S,NOR,1.0,McLaren,False,MEDIUM,Miami_Grand_Prix,16,18.0,0,,0.03775080640753355,0.34479844518193464
2026,Miami_Grand_Prix,S,OCO,1.0,Haas F1 Team,False,MEDIUM,Miami_Grand_Prix,17,21.0,0,,inf,0.4943694338914054
2026,Miami_Grand_Prix,S,PER,1.0,Cadillac,False,HARD,Miami_Grand_Prix,15,18.0,0,,0.8538004622909604,0.25488009846002074
2026,Miami_Grand_Prix,S,PIA,1.0,McLaren,False,MEDIUM,Miami_Grand_Prix,16,18.0,0,,inf,0.199909170429723
2026,Miami_Grand_Prix,S,RUS,1.0,Mercedes,False,MEDIUM,Miami_Grand_Prix,15,12.0,1,12.0,inf,0.21982410738173783
2026,Miami_Grand_Prix,S,SAI,1.0,Williams,False,MEDIUM,Miami_Grand_Prix,17,13.0,1,13.0,inf,0.5826050950557733
2026,Miami_Grand_Prix,S,STR,1.0,Aston Martin,False,SOFT,Miami_Grand_Prix,14,12.0,1,12.0,inf,0.8181553238499424
2026,Miami_Grand_Prix,S,VER,1.0,Red Bull Racing,True,MEDIUM,Miami_Grand_Prix,16,21.0,0,,inf,0.2977642388819834
2026,Monaco_Grand_Prix,R,ALB,1.0,Williams,False,MEDIUM,Monaco_Grand_Prix,38,42.0,0,,-30.426413605051124,0.40799008333754094
2026,Monaco_Grand_Prix,R,ALB,2.0,Williams,False,SOFT,Monaco_Grand_Prix,7,14.0,0,,-3.658895705521115,0.46196985848149025
2026,Monaco_Grand_Prix,R,ALB,6.0,Williams,False,SOFT,Monaco_Grand_Prix,5,15.0,0,,,
2026,Monaco_Grand_Prix,R,ALO,2.0,Aston Martin,False,SOFT,Monaco_Grand_Prix,51,54.0,0,,inf,0.3705421930105417
2026,Monaco_Grand_Prix,R,ALO,7.0,Aston Martin,False,SOFT,Monaco_Grand_Prix,6,17.0,0,,,
2026,Monaco_Grand_Prix,R,ANT,1.0,Mercedes,False,MEDIUM,Monaco_Grand_Prix,34,36.0,0,,inf,0.35976062515271834
2026,Monaco_Grand_Prix,R,ANT,2.0,Mercedes,False,HARD,Monaco_Grand_Prix,19,22.0,0,,inf,0.3463447190445259
2026,Monaco_Grand_Prix,R,ANT,5.0,Mercedes,False,SOFT,Monaco_Grand_Prix,6,13.0,0,,,
2026,Monaco_Grand_Prix,R,BEA,2.0,Haas F1 Team,False,HARD,Monaco_Grand_Prix,17,26.0,0,,-0.008458639626914342,0.7334905968842471
2026,Monaco_Grand_Prix,R,BOR,2.0,Audi,False,HARD,Monaco_Grand_Prix,31,41.0,0,,2.161906772124417,0.732721467694355
2026,Monaco_Grand_Prix,R,BOR,3.0,Audi,False,MEDIUM,Monaco_Grand_Prix,7,5.0,1,5.0,inf,0.8827067210521391
2026,Monaco_Grand_Prix,R,BOR,8.0,Audi,False,SOFT,Monaco_Grand_Prix,5,10.0,0,,,
2026,Monaco_Grand_Prix,R,BOT,2.0,Cadillac,False,MEDIUM,Monaco_Grand_Prix,11,14.0,0,,inf,0.5789300466623835
2026,Monaco_Grand_Prix,R,COL,1.0,Alpine,False,MEDIUM,Monaco_Grand_Prix,29,34.0,0,,inf,0.5567506974797591
2026,Monaco_Grand_Prix,R,COL,2.0,Alpine,False,HARD,Monaco_Grand_Prix,13,22.0,0,,0.4566446054498751,0.4116215352784958
2026,Monaco_Grand_Prix,R,COL,6.0,Alpine,False,SOFT,Monaco_Grand_Prix,4,9.0,0,,,
2026,Monaco_Grand_Prix,R,GAS,1.0,Alpine,False,MEDIUM,Monaco_Grand_Prix,41,44.0,0,,inf,0.2784625778907427
2026,Monaco_Grand_Prix,R,GAS,2.0,Alpine,False,HARD,Monaco_Grand_Prix,7,13.0,0,,inf,0.5037548336772824
2026,Monaco_Grand_Prix,R,GAS,5.0,Alpine,False,SOFT,Monaco_Grand_Prix,6,13.0,0,,,
2026,Monaco_Grand_Prix,R,HAD,1.0,Red Bull Racing,True,MEDIUM,Monaco_Grand_Prix,29,13.0,1,13.0,inf,0.4912190031167154
2026,Monaco_Grand_Prix,R,HAD,2.0,Red Bull Racing,True,HARD,Monaco_Grand_Prix,24,26.0,0,,inf,0.2350752376067094
2026,Monaco_Grand_Prix,R,HAD,5.0,Red Bull Racing,True,SOFT,Monaco_Grand_Prix,5,13.0,0,,,
2026,Monaco_Grand_Prix,R,HAM,1.0,Ferrari,False,MEDIUM,Monaco_Grand_Prix,24,27.0,0,,9.506002400961867,0.6272280469613829
2026,Monaco_Grand_Prix,R,HAM,2.0,Ferrari,False,HARD,Monaco_Grand_Prix,29,31.0,0,,-0.21711269852428444,0.648037356542099
2026,Monaco_Grand_Prix,R,HAM,6.0,Ferrari,False,SOFT,Monaco_Grand_Prix,6,13.0,0,,,
2026,Monaco_Grand_Prix,R,HUL,1.0,Audi,False,MEDIUM,Monaco_Grand_Prix,8,11.0,0,,inf,0.38623438874322613
2026,Monaco_Grand_Prix,R,HUL,2.0,Audi,False,HARD,Monaco_Grand_Prix,44,45.0,0,,-0.832489079528275,0.6901362427209273
2026,Monaco_Grand_Prix,R,HUL,7.0,Audi,False,SOFT,Monaco_Grand_Prix,4,10.0,0,,,
2026,Monaco_Grand_Prix,R,LAW,1.0,Racing Bulls,False,MEDIUM,Monaco_Grand_Prix,40,43.0,0,,inf,0.1594340373598987
2026,Monaco_Grand_Prix,R,LAW,2.0,Racing Bulls,False,SOFT,Monaco_Grand_Prix,13,18.0,0,,inf,0.6769277087680023
2026,Monaco_Grand_Prix,R,LAW,5.0,Racing Bulls,False,SOFT,Monaco_Grand_Prix,5,15.0,0,,,
2026,Monaco_Grand_Prix,R,LEC,1.0,Ferrari,False,MEDIUM,Monaco_Grand_Prix,32,34.0,0,,inf,0.29158045010231937
2026,Monaco_Grand_Prix,R,LEC,2.0,Ferrari,False,HARD,Monaco_Grand_Prix,22,24.0,0,,0.02384838389936121,0.5101363852788116
2026,Monaco_Grand_Prix,R,LIN,1.0,Racing Bulls,False,MEDIUM,Monaco_Grand_Prix,53,57.0,0,,-27.427047065254705,0.4768979912848859
2026,Monaco_Grand_Prix,R,LIN,5.0,Racing Bulls,False,SOFT,Monaco_Grand_Prix,4,9.0,0,,,
2026,Monaco_Grand_Prix,R,NOR,1.0,McLaren,False,MEDIUM,Monaco_Grand_Prix,39,43.0,0,,23.245460610449165,0.3833267303215094
2026,Monaco_Grand_Prix,R,OCO,1.0,Haas F1 Team,False,MEDIUM,Monaco_Grand_Prix,5,8.0,0,,,
2026,Monaco_Grand_Prix,R,OCO,2.0,Haas F1 Team,False,HARD,Monaco_Grand_Prix,47,48.0,0,,-0.7022716016629049,0.5012300493295204
2026,Monaco_Grand_Prix,R,OCO,6.0,Haas F1 Team,False,SOFT,Monaco_Grand_Prix,4,10.0,0,,,
2026,Monaco_Grand_Prix,R,PER,3.0,Cadillac,False,MEDIUM,Monaco_Grand_Prix,45,52.0,0,,-1.3568147931698054,0.16430557785074482
2026,Monaco_Grand_Prix,R,PER,7.0,Cadillac,False,SOFT,Monaco_Grand_Prix,4,9.0,0,,,
2026,Monaco_Grand_Prix,R,PIA,1.0,McLaren,False,MEDIUM,Monaco_Grand_Prix,43,47.0,0,,0.24993597384133676,0.2512004875379419
2026,Monaco_Grand_Prix,R,PIA,2.0,McLaren,False,HARD,Monaco_Grand_Prix,8,10.0,0,,inf,0.4573977550970906
2026,Monaco_Grand_Prix,R,PIA,6.0,McLaren,False,SOFT,Monaco_Grand_Prix,5,13.0,0,,,
2026,Monaco_Grand_Prix,R,RUS,1.0,Mercedes,False,MEDIUM,Monaco_Grand_Prix,27,30.0,0,,-0.45040251652920404,0.43912878228835883
2026,Monaco_Grand_Prix,R,RUS,2.0,Mercedes,False,HARD,Monaco_Grand_Prix,21,27.0,0,,-0.2740015449189487,0.44136600380125485
2026,Monaco_Grand_Prix,R,SAI,1.0,Williams,False,MEDIUM,Monaco_Grand_Prix,46,51.0,0,,-24.055566349893123,0.7285397460855495
2026,Monaco_Grand_Prix,R,STR,2.0,Aston Martin,False,SOFT,Monaco_Grand_Prix,50,52.0,0,,inf,0.21971149704860812
