season,race,driver,compliance_lap,total_race_laps,laps_remaining_at_compliance
2018,Abu_Dhabi_Grand_Prix,ALO,28.0,55.0,27.0
2018,Abu_Dhabi_Grand_Prix,BOT,17.0,55.0,38.0
2018,Abu_Dhabi_Grand_Prix,GAS,30.0,55.0,25.0
2018,Abu_Dhabi_Grand_Prix,GRO,8.0,55.0,47.0
2018,Abu_Dhabi_Grand_Prix,HAM,8.0,55.0,47.0
2018,Abu_Dhabi_Grand_Prix,HAR,3.0,55.0,52.0
2018,Abu_Dhabi_Grand_Prix,LEC,8.0,55.0,47.0
2018,Abu_Dhabi_Grand_Prix,MAG,42.0,55.0,13.0
2018,Abu_Dhabi_Grand_Prix,OCO,19.0,55.0,36.0
2018,Abu_Dhabi_Grand_Prix,PER,27.0,55.0,28.0
2018,Abu_Dhabi_Grand_Prix,RIC,34.0,55.0,21.0
2018,Abu_Dhabi_Grand_Prix,SAI,38.0,55.0,17.0
2018,Abu_Dhabi_Grand_Prix,SIR,36.0,55.0,19.0
2018,Abu_Dhabi_Grand_Prix,STR,41.0,55.0,14.0
2018,Abu_Dhabi_Grand_Prix,VAN,36.0,55.0,19.0
2018,Abu_Dhabi_Grand_Prix,VER,18.0,55.0,37.0
2018,Abu_Dhabi_Grand_Prix,VET,16.0,55.0,39.0
2018,Australian_Grand_Prix,ALO,27.0,58.0,31.0
2018,Australian_Grand_Prix,BOT,26.0,58.0,32.0
2018,Australian_Grand_Prix,HAM,20.0,58.0,38.0
2018,Australian_Grand_Prix,HAR,2.0,58.0,56.0
2018,Australian_Grand_Prix,HUL,25.0,58.0,33.0
2018,Australian_Grand_Prix,LEC,21.0,58.0,37.0
2018,Australian_Grand_Prix,OCO,24.0,58.0,34.0
2018,Australian_Grand_Prix,PER,25.0,58.0,33.0
2018,Australian_Grand_Prix,RAI,19.0,58.0,39.0
2018,Australian_Grand_Prix,RIC,27.0,58.0,31.0
2018,Australian_Grand_Prix,SAI,23.0,58.0,35.0
2018,Australian_Grand_Prix,STR,26.0,58.0,32.0
2018,Australian_Grand_Prix,VAN,26.0,58.0,32.0
2018,Australian_Grand_Prix,VER,22.0,58.0,36.0
2018,Australian_Grand_Prix,VET,27.0,58.0,31.0
2018,Austrian_Grand_Prix,ALO,16.0,71.0,55.0
2018,Austrian_Grand_Prix,ERI,46.0,71.0,25.0
2018,Austrian_Grand_Prix,GAS,16.0,71.0,55.0
2018,Austrian_Grand_Prix,GRO,16.0,71.0,55.0
2018,Austrian_Grand_Prix,HAM,26.0,71.0,45.0
2018,Austrian_Grand_Prix,LEC,16.0,71.0,55.0
2018,Austrian_Grand_Prix,MAG,29.0,71.0,42.0
2018,Austrian_Grand_Prix,OCO,16.0,71.0,55.0
2018,Austrian_Grand_Prix,PER,28.0,71.0,43.0
2018,Austrian_Grand_Prix,RAI,16.0,71.0,55.0
2018,Austrian_Grand_Prix,RIC,16.0,71.0,55.0
2018,Austrian_Grand_Prix,SAI,16.0,71.0,55.0
2018,Austrian_Grand_Prix,SIR,25.0,71.0,46.0
2018,Austrian_Grand_Prix,STR,16.0,71.0,55.0
2018,Austrian_Grand_Prix,VAN,2.0,71.0,69.0
2018,Austrian_Grand_Prix,VER,16.0,71.0,55.0
2018,Austrian_Grand_Prix,VET,16.0,71.0,55.0
2018,Azerbaijan_Grand_Prix,ALO,2.0,51.0,49.0
2018,Azerbaijan_Grand_Prix,BOT,41.0,51.0,10.0
2018,Azerbaijan_Grand_Prix,ERI,2.0,51.0,49.0
2018,Azerbaijan_Grand_Prix,GAS,13.0,51.0,38.0
2018,Azerbaijan_Grand_Prix,GRO,3.0,51.0,48.0
2018,Azerbaijan_Grand_Prix,HAM,23.0,51.0,28.0
2018,Azerbaijan_Grand_Prix,HAR,2.0,51.0,49.0
2018,Azerbaijan_Grand_Prix,LEC,25.0,51.0,26.0
2018,Azerbaijan_Grand_Prix,MAG,2.0,51.0,49.0
2018,Azerbaijan_Grand_Prix,PER,3.0,51.0,48.0
2018,Azerbaijan_Grand_Prix,RAI,2.0,51.0,49.0
2018,Azerbaijan_Grand_Prix,RIC,38.0,51.0,13.0
2018,Azerbaijan_Grand_Prix,SAI,16.0,51.0,35.0
2018,Azerbaijan_Grand_Prix,STR,24.0,51.0,27.0
2018,Azerbaijan_Grand_Prix,VAN,18.0,51.0,33.0
2018,Azerbaijan_Grand_Prix,VER,39.0,51.0,12.0
2018,Azerbaijan_Grand_Prix,VET,31.0,51.0,20.0
2018,Bahrain_Grand_Prix,ALO,15.0,57.0,42.0
2018,Bahrain_Grand_Prix,BOT,21.0,57.0,36.0
2018,Bahrain_Grand_Prix,ERI,24.0,57.0,33.0
2018,Bahrain_Grand_Prix,GAS,16.0,57.0,41.0
2018,Bahrain_Grand_Prix,GRO,19.0,57.0,38.0
2018,Bahrain_Grand_Prix,HAM,27.0,57.0,30.0
2018,Bahrain_Grand_Prix,HAR,21.0,57.0,36.0
2018,Bahrain_Grand_Prix,HUL,16.0,57.0,41.0
2018,Bahrain_Grand_Prix,LEC,4.0,57.0,53.0
2018,Bahrain_Grand_Prix,MAG,28.0,57.0,29.0
2018,Bahrain_Grand_Prix,OCO,16.0,57.0,41.0
2018,Bahrain_Grand_Prix,PER,10.0,57.0,47.0
2018,Bahrain_Grand_Prix,RAI,20.0,57.0,37.0
2018,Bahrain_Grand_Prix,SAI,27.0,57.0,30.0
2018,Bahrain_Grand_Prix,SIR,23.0,57.0,34.0
2018,Bahrain_Grand_Prix,STR,11.0,57.0,46.0
2018,Bahrain_Grand_Prix,VAN,11.0,57.0,46.0
2018,Bahrain_Grand_Prix,VER,3.0,57.0,54.0
2018,Bahrain_Grand_Prix,VET,19.0,57.0,38.0
2018,Belgian_Grand_Prix,BOT,3.0,44.0,41.0
2018,Belgian_Grand_Prix,ERI,27.0,44.0,17.0
2018,Belgian_Grand_Prix,GAS,26.0,44.0,18.0
2018,Belgian_Grand_Prix,HAM,22.0,44.0,22.0
2018,Belgian_Grand_Prix,HAR,32.0,44.0,12.0
2018,Belgian_Grand_Prix,OCO,25.0,44.0,19.0
2018,Belgian_Grand_Prix,PER,26.0,44.0,18.0
2018,Belgian_Grand_Prix,RAI,2.0,44.0,42.0
2018,Belgian_Grand_Prix,RIC,2.0,44.0,42.0
2018,Belgian_Grand_Prix,SAI,23.0,44.0,21.0
2018,Belgian_Grand_Prix,SIR,25.0,44.0,19.0
2018,Belgian_Grand_Prix,STR,24.0,44.0,20.0
2018,Belgian_Grand_Prix,VAN,3.0,44.0,41.0
2018,Belgian_Grand_Prix,VER,27.0,44.0,17.0
2018,Belgian_Grand_Prix,VET,23.0,44.0,21.0
2018,Brazilian_Grand_Prix,ALO,16.0,71.0,55.0
2018,Brazilian_Grand_Prix,BOT,19.0,71.0,52.0
2018,Brazilian_Grand_Prix,ERI,19.0,71.0,52.0
2018,Brazilian_Grand_Prix,GAS,23.0,71.0,48.0
2018,Brazilian_Grand_Prix,GRO,33.0,71.0,38.0
2018,Brazilian_Grand_Prix,HAM,20.0,71.0,51.0
2018,Brazilian_Grand_Prix,HAR,50.0,71.0,21.0
2018,Brazilian_Grand_Prix,LEC,36.0,71.0,35.0
2018,Brazilian_Grand_Prix,MAG,42.0,71.0,29.0
2018,Brazilian_Grand_Prix,OCO,41.0,71.0,30.0
2018,Brazilian_Grand_Prix,PER,40.0,71.0,31.0
2018,Brazilian_Grand_Prix,RAI,32.0,71.0,39.0
2018,Brazilian_Grand_Prix,RIC,40.0,71.0,31.0
2018,Brazilian_Grand_Prix,SAI,26.0,71.0,45.0
2018,Brazilian_Grand_Prix,SIR,17.0,71.0,54.0
2018,Brazilian_Grand_Prix,STR,18.0,71.0,53.0
2018,Brazilian_Grand_Prix,VAN,29.0,71.0,42.0
2018,Brazilian_Grand_Prix,VER,36.0,71.0,35.0
2018,Brazilian_Grand_Prix,VET,28.0,71.0,43.0
2018,British_Grand_Prix,ALO,14.0,52.0,38.0
2018,British_Grand_Prix,BOT,22.0,52.0,30.0
2018,British_Grand_Prix,ERI,25.0,52.0,27.0
2018,British_Grand_Prix,GAS,21.0,52.0,31.0
2018,British_Grand_Prix,GRO,27.0,52.0,25.0
2018,British_Grand_Prix,HAM,26.0,52.0,26.0
2018,British_Grand_Prix,HUL,21.0,52.0,31.0
2018,British_Grand_Prix,MAG,26.0,52.0,26.0
2018,British_Grand_Prix,OCO,20.0,52.0,32.0
2018,British_Grand_Prix,PER,14.0,52.0,38.0
2018,British_Grand_Prix,RAI,14.0,52.0,38.0
2018,British_Grand_Prix,RIC,19.0,52.0,33.0
2018,British_Grand_Prix,SAI,18.0,52.0,34.0
2018,British_Grand_Prix,SIR,22.0,52.0,30.0
2018,British_Grand_Prix,STR,31.0,52.0,21.0
2018,British_Grand_Prix,VAN,22.0,52.0,30.0
2018,British_Grand_Prix,VER,18.0,52.0,34.0
2018,British_Grand_Prix,VET,21.0,52.0,31.0
2018,Canadian_Grand_Prix,ALO,19.0,70.0,51.0
2018,Canadian_Grand_Prix,BOT,37.0,70.0,33.0
2018,Canadian_Grand_Prix,ERI,2.0,70.0,68.0
2018,Canadian_Grand_Prix,GAS,24.0,70.0,46.0
2018,Canadian_Grand_Prix,GRO,49.0,70.0,21.0
2018,Canadian_Grand_Prix,HAM,17.0,70.0,53.0
2018,Canadian_Grand_Prix,HUL,14.0,70.0,56.0
2018,Canadian_Grand_Prix,LEC,20.0,70.0,50.0
2018,Canadian_Grand_Prix,MAG,23.0,70.0,47.0
2018,Canadian_Grand_Prix,OCO,12.0,70.0,58.0
2018,Canadian_Grand_Prix,PER,10.0,70.0,60.0
2018,Canadian_Grand_Prix,RAI,33.0,70.0,37.0
2018,Canadian_Grand_Prix,RIC,18.0,70.0,52.0
2018,Canadian_Grand_Prix,SAI,15.0,70.0,55.0
2018,Canadian_Grand_Prix,SIR,27.0,70.0,43.0
2018,Canadian_Grand_Prix,VAN,2.0,70.0,68.0
2018,Canadian_Grand_Prix,VER,17.0,70.0,53.0
2018,Canadian_Grand_Prix,VET,38.0,70.0,32.0
2018,Chinese_Grand_Prix,ALO,48.0,56.0,8.0
2018,Chinese_Grand_Prix,BOT,48.0,56.0,8.0
2018,Chinese_Grand_Prix,ERI,47.0,56.0,9.0
2018,Chinese_Grand_Prix,GAS,47.0,56.0,9.0
2018,Chinese_Grand_Prix,HAM,47.0,56.0,9.0
2018,Chinese_Grand_Prix,HAR,47.0,56.0,9.0
2018,Chinese_Grand_Prix,HUL,47.0,56.0,9.0
2018,Chinese_Grand_Prix,LEC,47.0,56.0,9.0
2018,Chinese_Grand_Prix,MAG,47.0,56.0,9.0
2018,Chinese_Grand_Prix,OCO,47.0,56.0,9.0
2018,Chinese_Grand_Prix,PER,47.0,56.0,9.0
2018,Chinese_Grand_Prix,RAI,48.0,56.0,8.0
2018,Chinese_Grand_Prix,RIC,48.0,56.0,8.0
2018,Chinese_Grand_Prix,SAI,47.0,56.0,9.0
2018,Chinese_Grand_Prix,STR,47.0,56.0,9.0
2018,Chinese_Grand_Prix,VAN,47.0,56.0,9.0
2018,Chinese_Grand_Prix,VER,47.0,56.0,9.0
2018,Chinese_Grand_Prix,VET,47.0,56.0,9.0
2018,French_Grand_Prix,ALO,2.0,53.0,51.0
2018,French_Grand_Prix,BOT,2.0,53.0,51.0
2018,French_Grand_Prix,ERI,36.0,53.0,17.0
2018,French_Grand_Prix,GRO,35.0,53.0,18.0
2018,French_Grand_Prix,HAM,34.0,53.0,19.0
2018,French_Grand_Prix,HAR,39.0,53.0,14.0
2018,French_Grand_Prix,HUL,38.0,53.0,15.0
2018,French_Grand_Prix,LEC,32.0,53.0,21.0
2018,French_Grand_Prix,MAG,29.0,53.0,24.0
2018,French_Grand_Prix,RAI,35.0,53.0,18.0
2018,French_Grand_Prix,RIC,29.0,53.0,24.0
2018,French_Grand_Prix,SAI,27.0,53.0,26.0
2018,French_Grand_Prix,STR,2.0,53.0,51.0
2018,French_Grand_Prix,VAN,41.0,53.0,12.0
2018,French_Grand_Prix,VER,26.0,53.0,27.0
2018,French_Grand_Prix,VET,2.0,53.0,51.0
2018,German_Grand_Prix,BOT,29.0,67.0,38.0
2018,German_Grand_Prix,ERI,39.0,67.0,28.0
2018,German_Grand_Prix,HAM,43.0,67.0,24.0
2018,German_Grand_Prix,HAR,29.0,67.0,38.0
2018,German_Grand_Prix,OCO,26.0,67.0,41.0
2018,German_Grand_Prix,PER,23.0,67.0,44.0
2018,German_Grand_Prix,RAI,15.0,67.0,52.0
2018,German_Grand_Prix,SIR,29.0,67.0,38.0
2018,German_Grand_Prix,VAN,30.0,67.0,37.0
2018,German_Grand_Prix,VET,26.0,67.0,41.0
2018,Hungarian_Grand_Prix,ALO,40.0,70.0,30.0
2018,Hungarian_Grand_Prix,BOT,16.0,70.0,54.0
2018,Hungarian_Grand_Prix,ERI,7.0,70.0,63.0
2018,Hungarian_Grand_Prix,GAS,33.0,70.0,37.0
2018,Hungarian_Grand_Prix,GRO,30.0,70.0,40.0
2018,Hungarian_Grand_Prix,HAM,26.0,70.0,44.0
2018,Hungarian_Grand_Prix,HAR,25.0,70.0,45.0
2018,Hungarian_Grand_Prix,HUL,24.0,70.0,46.0
2018,Hungarian_Grand_Prix,MAG,32.0,70.0,38.0
2018,Hungarian_Grand_Prix,OCO,40.0,70.0,30.0
2018,Hungarian_Grand_Prix,PER,23.0,70.0,47.0
2018,Hungarian_Grand_Prix,RAI,15.0,70.0,55.0
2018,Hungarian_Grand_Prix,RIC,45.0,70.0,25.0
2018,Hungarian_Grand_Prix,SAI,26.0,70.0,44.0
2018,Hungarian_Grand_Prix,SIR,32.0,70.0,38.0
2018,Hungarian_Grand_Prix,STR,48.0,70.0,22.0
2018,Hungarian_Grand_Prix,VAN,41.0,70.0,29.0
2018,Hungarian_Grand_Prix,VET,40.0,70.0,30.0
2018,Japanese_Grand_Prix,ALO,27.0,53.0,26.0
2018,Japanese_Grand_Prix,BOT,24.0,53.0,29.0
2018,Japanese_Grand_Prix,ERI,6.0,53.0,47.0
2018,Japanese_Grand_Prix,GAS,30.0,53.0,23.0
2018,Japanese_Grand_Prix,GRO,30.0,53.0,23.0
2018,Japanese_Grand_Prix,HAM,25.0,53.0,28.0
2018,Japanese_Grand_Prix,HAR,29.0,53.0,24.0
2018,Japanese_Grand_Prix,HUL,31.0,53.0,22.0
2018,Japanese_Grand_Prix,LEC,5.0,53.0,48.0
2018,Japanese_Grand_Prix,MAG,3.0,53.0,50.0
2018,Japanese_Grand_Prix,OCO,27.0,53.0,26.0
2018,Japanese_Grand_Prix,PER,25.0,53.0,28.0
2018,Japanese_Grand_Prix,RAI,18.0,53.0,35.0
2018,Japanese_Grand_Prix,RIC,24.0,53.0,29.0
2018,Japanese_Grand_Prix,SAI,33.0,53.0,20.0
2018,Japanese_Grand_Prix,SIR,5.0,53.0,48.0
2018,Japanese_Grand_Prix,STR,15.0,53.0,38.0
2018,Japanese_Grand_Prix,VAN,24.0,53.0,29.0
2018,Japanese_Grand_Prix,VER,22.0,53.0,31.0
2018,Japanese_Grand_Prix,VET,27.0,53.0,26.0
2018,Mexican_Grand_Prix,BOT,12.0,71.0,59.0
2018,Mexican_Grand_Prix,ERI,17.0,71.0,54.0
2018,Mexican_Grand_Prix,GAS,6.0,71.0,65.0
2018,Mexican_Grand_Prix,GRO,45.0,71.0,26.0
2018,Mexican_Grand_Prix,HAM,12.0,71.0,59.0
2018,Mexican_Grand_Prix,HAR,2.0,71.0,69.0
2018,Mexican_Grand_Prix,HUL,13.0,71.0,58.0
2018,Mexican_Grand_Prix,LEC,14.0,71.0,57.0
2018,Mexican_Grand_Prix,MAG,44.0,71.0,27.0
2018,Mexican_Grand_Prix,OCO,31.0,71.0,40.0
2018,Mexican_Grand_Prix,PER,31.0,71.0,40.0
2018,Mexican_Grand_Prix,RAI,18.0,71.0,53.0
2018,Mexican_Grand_Prix,RIC,13.0,71.0,58.0
2018,Mexican_Grand_Prix,SAI,12.0,71.0,59.0
2018,Mexican_Grand_Prix,SIR,12.0,71.0,59.0
2018,Mexican_Grand_Prix,STR,24.0,71.0,47.0
2018,Mexican_Grand_Prix,VAN,13.0,71.0,58.0
2018,Mexican_Grand_Prix,VER,14.0,71.0,57.0
2018,Mexican_Grand_Prix,VET,18.0,71.0,53.0
2018,Monaco_Grand_Prix,ALO,20.0,78.0,58.0
2018,Monaco_Grand_Prix,BOT,18.0,78.0,60.0
2018,Monaco_Grand_Prix,ERI,18.0,78.0,60.0
2018,Monaco_Grand_Prix,GAS,38.0,78.0,40.0
2018,Monaco_Grand_Prix,GRO,16.0,78.0,62.0
2018,Monaco_Grand_Prix,HAM,13.0,78.0,65.0
2018,Monaco_Grand_Prix,HAR,14.0,78.0,64.0
2018,Monaco_Grand_Prix,HUL,51.0,78.0,27.0
2018,Monaco_Grand_Prix,LEC,15.0,78.0,63.0
2018,Monaco_Grand_Prix,MAG,18.0,78.0,60.0
2018,Monaco_Grand_Prix,OCO,24.0,78.0,54.0
2018,Monaco_Grand_Prix,PER,22.0,78.0,56.0
2018,Monaco_Grand_Prix,RAI,18.0,78.0,60.0
2018,Monaco_Grand_Prix,RIC,18.0,78.0,60.0
2018,Monaco_Grand_Prix,SAI,17.0,78.0,61.0
2018,Monaco_Grand_Prix,SIR,20.0,78.0,58.0
2018,Monaco_Grand_Prix,STR,10.0,78.0,68.0
2018,Monaco_Grand_Prix,VAN,21.0,78.0,57.0
2018,Monaco_Grand_Prix,VER,48.0,78.0,30.0
2018,Monaco_Grand_Prix,VET,17.0,78.0,61.0
2018,Russian_Grand_Prix,ALO,6.0,53.0,47.0
2018,Russian_Grand_Prix,BOT,13.0,53.0,40.0
2018,Russian_Grand_Prix,ERI,12.0,53.0,41.0
2018,Russian_Grand_Prix,GRO,9.0,53.0,44.0
2018,Russian_Grand_Prix,HAM,15.0,53.0,38.0
2018,Russian_Grand_Prix,HAR,4.0,53.0,49.0
2018,Russian_Grand_Prix,HUL,36.0,53.0,17.0
2018,Russian_Grand_Prix,LEC,11.0,53.0,42.0
2018,Russian_Grand_Prix,MAG,10.0,53.0,43.0
2018,Russian_Grand_Prix,OCO,11.0,53.0,42.0
2018,Russian_Grand_Prix,PER,13.0,53.0,40.0
2018,Russian_Grand_Prix,RAI,19.0,53.0,34.0
2018,Russian_Grand_Prix,RIC,40.0,53.0,13.0
2018,Russian_Grand_Prix,SAI,33.0,53.0,20.0
2018,Russian_Grand_Prix,SIR,11.0,53.0,42.0
2018,Russian_Grand_Prix,STR,8.0,53.0,45.0
2018,Russian_Grand_Prix,VAN,12.0,53.0,41.0
2018,Russian_Grand_Prix,VER,44.0,53.0,9.0
2018,Russian_Grand_Prix,VET,14.0,53.0,39.0
2018,Singapore_Grand_Prix,ALO,39.0,61.0,22.0
2018,Singapore_Grand_Prix,BOT,17.0,61.0,44.0
2018,Singapore_Grand_Prix,ERI,57.0,61.0,4.0
2018,Singapore_Grand_Prix,GAS,27.0,61.0,34.0
2018,Singapore_Grand_Prix,GRO,17.0,61.0,44.0
2018,Singapore_Grand_Prix,HAM,16.0,61.0,45.0
2018,Singapore_Grand_Prix,HAR,15.0,61.0,46.0
2018,Singapore_Grand_Prix,HUL,16.0,61.0,45.0
2018,Singapore_Grand_Prix,LEC,39.0,61.0,22.0
2018,Singapore_Grand_Prix,MAG,27.0,61.0,34.0
2018,Singapore_Grand_Prix,PER,18.0,61.0,43.0
2018,Singapore_Grand_Prix,RAI,23.0,61.0,38.0
2018,Singapore_Grand_Prix,RIC,28.0,61.0,33.0
2018,Singapore_Grand_Prix,SAI,38.0,61.0,23.0
2018,Singapore_Grand_Prix,SIR,4.0,61.0,57.0
2018,Singapore_Grand_Prix,STR,41.0,61.0,20.0
2018,Singapore_Grand_Prix,VAN,59.0,61.0,2.0
2018,Singapore_Grand_Prix,VER,18.0,61.0,43.0
2018,Singapore_Grand_Prix,VET,15.0,61.0,46.0
2018,Spanish_Grand_Prix,ALO,22.0,66.0,44.0
2018,Spanish_Grand_Prix,BOT,20.0,66.0,46.0
2018,Spanish_Grand_Prix,ERI,36.0,66.0,30.0
2018,Spanish_Grand_Prix,HAM,26.0,66.0,40.0
2018,Spanish_Grand_Prix,LEC,21.0,66.0,45.0
2018,Spanish_Grand_Prix,MAG,33.0,66.0,33.0
2018,Spanish_Grand_Prix,OCO,30.0,66.0,36.0
2018,Spanish_Grand_Prix,PER,27.0,66.0,39.0
2018,Spanish_Grand_Prix,RIC,34.0,66.0,32.0
2018,Spanish_Grand_Prix,SAI,26.0,66.0,40.0
2018,Spanish_Grand_Prix,SIR,42.0,66.0,24.0
2018,Spanish_Grand_Prix,STR,21.0,66.0,45.0
2018,Spanish_Grand_Prix,VAN,35.0,66.0,31.0
2018,Spanish_Grand_Prix,VER,35.0,66.0,31.0
2018,Spanish_Grand_Prix,VET,18.0,66.0,48.0
2018,United_States_Grand_Prix,BOT,24.0,56.0,32.0
2018,United_States_Grand_Prix,ERI,31.0,56.0,25.0
2018,United_States_Grand_Prix,GAS,11.0,56.0,45.0
2018,United_States_Grand_Prix,HAM,12.0,56.0,44.0
2018,United_States_Grand_Prix,HAR,28.0,56.0,28.0
2018,United_States_Grand_Prix,HUL,24.0,56.0,32.0
2018,United_States_Grand_Prix,LEC,3.0,56.0,53.0
2018,United_States_Grand_Prix,MAG,31.0,56.0,25.0
2018,United_States_Grand_Prix,OCO,23.0,56.0,33.0
2018,United_States_Grand_Prix,PER,26.0,56.0,30.0
2018,United_States_Grand_Prix,RAI,22.0,56.0,34.0
2018,United_States_Grand_Prix,SAI,25.0,56.0,31.0
2018,United_States_Grand_Prix,SIR,11.0,56.0,45.0
2018,United_States_Grand_Prix,STR,3.0,56.0,53.0
2018,United_States_Grand_Prix,VAN,11.0,56.0,45.0
2018,United_States_Grand_Prix,VER,23.0,56.0,33.0
2018,United_States_Grand_Prix,VET,27.0,56.0,29.0
2019,Abu_Dhabi_Grand_Prix,ALB,14.0,55.0,41.0
2019,Abu_Dhabi_Grand_Prix,BOT,30.0,55.0,25.0
2019,Abu_Dhabi_Grand_Prix,GAS,2.0,55.0,53.0
2019,Abu_Dhabi_Grand_Prix,GIO,9.0,55.0,46.0
2019,Abu_Dhabi_Grand_Prix,GRO,19.0,55.0,36.0
2019,Abu_Dhabi_Grand_Prix,HAM,27.0,55.0,28.0
2019,Abu_Dhabi_Grand_Prix,HUL,19.0,55.0,36.0
2019,Abu_Dhabi_Grand_Prix,KUB,25.0,55.0,30.0
2019,Abu_Dhabi_Grand_Prix,KVY,41.0,55.0,14.0
2019,Abu_Dhabi_Grand_Prix,LEC,13.0,55.0,42.0
2019,Abu_Dhabi_Grand_Prix,MAG,21.0,55.0,34.0
2019,Abu_Dhabi_Grand_Prix,NOR,9.0,55.0,46.0
2019,Abu_Dhabi_Grand_Prix,PER,38.0,55.0,17.0
2019,Abu_Dhabi_Grand_Prix,RAI,23.0,55.0,32.0
2019,Abu_Dhabi_Grand_Prix,RIC,12.0,55.0,43.0
2019,Abu_Dhabi_Grand_Prix,RUS,33.0,55.0,22.0
2019,Abu_Dhabi_Grand_Prix,SAI,13.0,55.0,42.0
2019,Abu_Dhabi_Grand_Prix,STR,6.0,55.0,49.0
2019,Abu_Dhabi_Grand_Prix,VER,26.0,55.0,29.0
2019,Abu_Dhabi_Grand_Prix,VET,13.0,55.0,42.0
2019,Australian_Grand_Prix,ALB,15.0,58.0,43.0
2019,Australian_Grand_Prix,BOT,24.0,58.0,34.0
2019,Australian_Grand_Prix,GAS,38.0,58.0,20.0
2019,Australian_Grand_Prix,GIO,28.0,58.0,30.0
2019,Australian_Grand_Prix,GRO,16.0,58.0,42.0
2019,Australian_Grand_Prix,HAM,16.0,58.0,42.0
2019,Australian_Grand_Prix,HUL,14.0,58.0,44.0
2019,Australian_Grand_Prix,KUB,2.0,58.0,56.0
2019,Australian_Grand_Prix,KVY,27.0,58.0,31.0
2019,Australian_Grand_Prix,LEC,29.0,58.0,29.0
2019,Australian_Grand_Prix,MAG,15.0,58.0,43.0
2019,Australian_Grand_Prix,NOR,16.0,58.0,42.0
2019,Australian_Grand_Prix,PER,14.0,58.0,44.0
2019,Australian_Grand_Prix,RAI,13.0,58.0,45.0
2019,Australian_Grand_Prix,RIC,2.0,58.0,56.0
2019,Australian_Grand_Prix,RUS,27.0,58.0,31.0
2019,Australian_Grand_Prix,STR,28.0,58.0,30.0
2019,Australian_Grand_Prix,VER,26.0,58.0,32.0
2019,Australian_Grand_Prix,VET,15.0,58.0,43.0
2019,Austrian_Grand_Prix,ALB,36.0,71.0,35.0
2019,Austrian_Grand_Prix,BOT,22.0,71.0,49.0
2019,Austrian_Grand_Prix,GAS,26.0,71.0,45.0
2019,Austrian_Grand_Prix,GIO,25.0,71.0,46.0
2019,Austrian_Grand_Prix,GRO,35.0,71.0,36.0
2019,Austrian_Grand_Prix,HAM,31.0,71.0,40.0
2019,Austrian_Grand_Prix,HUL,27.0,71.0,44.0
2019,Austrian_Grand_Prix,KUB,20.0,71.0,51.0
2019,Austrian_Grand_Prix,KVY,33.0,71.0,38.0
2019,Austrian_Grand_Prix,LEC,23.0,71.0,48.0
2019,Austrian_Grand_Prix,MAG,12.0,71.0,59.0
2019,Austrian_Grand_Prix,NOR,26.0,71.0,45.0
2019,Austrian_Grand_Prix,PER,29.0,71.0,42.0
2019,Austrian_Grand_Prix,RAI,24.0,71.0,47.0
2019,Austrian_Grand_Prix,RIC,47.0,71.0,24.0
2019,Austrian_Grand_Prix,RUS,28.0,71.0,43.0
2019,Austrian_Grand_Prix,SAI,42.0,71.0,29.0
2019,Austrian_Grand_Prix,STR,26.0,71.0,45.0
2019,Austrian_Grand_Prix,VER,32.0,71.0,39.0
2019,Austrian_Grand_Prix,VET,22.0,71.0,49.0
2019,Azerbaijan_Grand_Prix,ALB,13.0,51.0,38.0
2019,Azerbaijan_Grand_Prix,BOT,13.0,51.0,38.0
2019,Azerbaijan_Grand_Prix,GIO,8.0,51.0,43.0
2019,Azerbaijan_Grand_Prix,GRO,35.0,51.0,16.0
2019,Azerbaijan_Grand_Prix,HAM,14.0,51.0,37.0
2019,Azerbaijan_Grand_Prix,HUL,9.0,51.0,42.0
2019,Azerbaijan_Grand_Prix,KUB,43.0,51.0,8.0
2019,Azerbaijan_Grand_Prix,KVY,6.0,51.0,45.0
2019,Azerbaijan_Grand_Prix,LEC,35.0,51.0,16.0
2019,Azerbaijan_Grand_Prix,MAG,8.0,51.0,43.0
2019,Azerbaijan_Grand_Prix,NOR,10.0,51.0,41.0
2019,Azerbaijan_Grand_Prix,PER,11.0,51.0,40.0
2019,Azerbaijan_Grand_Prix,RAI,7.0,51.0,44.0
2019,Azerbaijan_Grand_Prix,RIC,11.0,51.0,40.0
2019,Azerbaijan_Grand_Prix,RUS,39.0,51.0,12.0
2019,Azerbaijan_Grand_Prix,SAI,13.0,51.0,38.0
2019,Azerbaijan_Grand_Prix,STR,11.0,51.0,40.0
2019,Azerbaijan_Grand_Prix,VER,15.0,51.0,36.0
2019,Azerbaijan_Grand_Prix,VET,12.0,51.0,39.0
2019,Bahrain_Grand_Prix,ALB,26.0,57.0,31.0
2019,Bahrain_Grand_Prix,BOT,13.0,57.0,44.0
2019,Bahrain_Grand_Prix,GAS,40.0,57.0,17.0
2019,Bahrain_Grand_Prix,GIO,17.0,57.0,40.0
2019,Bahrain_Grand_Prix,GRO,2.0,57.0,55.0
2019,Bahrain_Grand_Prix,HAM,35.0,57.0,22.0
2019,Bahrain_Grand_Prix,HUL,33.0,57.0,24.0
2019,Bahrain_Grand_Prix,KUB,12.0,57.0,45.0
2019,Bahrain_Grand_Prix,KVY,13.0,57.0,44.0
2019,Bahrain_Grand_Prix,LEC,14.0,57.0,43.0
2019,Bahrain_Grand_Prix,MAG,11.0,57.0,46.0
2019,Bahrain_Grand_Prix,NOR,11.0,57.0,46.0
2019,Bahrain_Grand_Prix,PER,9.0,57.0,48.0
2019,Bahrain_Grand_Prix,RAI,10.0,57.0,47.0
2019,Bahrain_Grand_Prix,RIC,25.0,57.0,32.0
2019,Bahrain_Grand_Prix,RUS,13.0,57.0,44.0
2019,Bahrain_Grand_Prix,SAI,5.0,57.0,52.0
2019,Bahrain_Grand_Prix,STR,2.0,57.0,55.0
2019,Bahrain_Grand_Prix,VER,12.0,57.0,45.0
2019,Bahrain_Grand_Prix,VET,15.0,57.0,42.0
2019,Belgian_Grand_Prix,ALB,24.0,44.0,20.0
2019,Belgian_Grand_Prix,BOT,24.0,44.0,20.0
2019,Belgian_Grand_Prix,GAS,14.0,44.0,30.0
2019,Belgian_Grand_Prix,GIO,30.0,44.0,14.0
2019,Belgian_Grand_Prix,GRO,17.0,44.0,27.0
2019,Belgian_Grand_Prix,HAM,23.0,44.0,21.0
2019,Belgian_Grand_Prix,HUL,12.0,44.0,32.0
2019,Belgian_Grand_Prix,KUB,32.0,44.0,12.0
2019,Belgian_Grand_Prix,KVY,25.0,44.0,19.0
2019,Belgian_Grand_Prix,LEC,22.0,44.0,22.0
2019,Belgian_Grand_Prix,MAG,26.0,44.0,18.0
2019,Belgian_Grand_Prix,NOR,20.0,44.0,24.0
2019,Belgian_Grand_Prix,PER,16.0,44.0,28.0
2019,Belgian_Grand_Prix,RAI,2.0,44.0,42.0
2019,Belgian_Grand_Prix,RUS,31.0,44.0,13.0
2019,Belgian_Grand_Prix,STR,15.0,44.0,29.0
2019,Belgian_Grand_Prix,VET,16.0,44.0,28.0
2019,Brazilian_Grand_Prix,ALB,25.0,71.0,46.0
2019,Brazilian_Grand_Prix,BOT,27.0,71.0,44.0
2019,Brazilian_Grand_Prix,GAS,23.0,71.0,48.0
2019,Brazilian_Grand_Prix,GIO,21.0,71.0,50.0
2019,Brazilian_Grand_Prix,GRO,27.0,71.0,44.0
2019,Brazilian_Grand_Prix,HAM,44.0,71.0,27.0
2019,Brazilian_Grand_Prix,HUL,28.0,71.0,43.0
2019,Brazilian_Grand_Prix,KUB,37.0,71.0,34.0
2019,Brazilian_Grand_Prix,KVY,24.0,71.0,47.0
2019,Brazilian_Grand_Prix,LEC,30.0,71.0,41.0
2019,Brazilian_Grand_Prix,MAG,28.0,71.0,43.0
2019,Brazilian_Grand_Prix,NOR,28.0,71.0,43.0
2019,Brazilian_Grand_Prix,PER,18.0,71.0,53.0
2019,Brazilian_Grand_Prix,RAI,22.0,71.0,49.0
2019,Brazilian_Grand_Prix,RIC,9.0,71.0,62.0
2019,Brazilian_Grand_Prix,RUS,55.0,71.0,16.0
2019,Brazilian_Grand_Prix,SAI,30.0,71.0,41.0
2019,Brazilian_Grand_Prix,STR,29.0,71.0,42.0
2019,Brazilian_Grand_Prix,VER,45.0,71.0,26.0
2019,Brazilian_Grand_Prix,VET,26.0,71.0,45.0
2019,British_Grand_Prix,ALB,14.0,52.0,38.0
2019,British_Grand_Prix,BOT,46.0,52.0,6.0
2019,British_Grand_Prix,GAS,13.0,52.0,39.0
2019,British_Grand_Prix,GRO,2.0,52.0,50.0
2019,British_Grand_Prix,HAM,21.0,52.0,31.0
2019,British_Grand_Prix,HUL,14.0,52.0,38.0
2019,British_Grand_Prix,KUB,21.0,52.0,31.0
2019,British_Grand_Prix,KVY,13.0,52.0,39.0
2019,British_Grand_Prix,LEC,14.0,52.0,38.0
2019,British_Grand_Prix,MAG,2.0,52.0,50.0
2019,British_Grand_Prix,NOR,14.0,52.0,38.0
2019,British_Grand_Prix,PER,19.0,52.0,33.0
2019,British_Grand_Prix,RAI,18.0,52.0,34.0
2019,British_Grand_Prix,RIC,13.0,52.0,39.0
2019,British_Grand_Prix,RUS,22.0,52.0,30.0
2019,British_Grand_Prix,SAI,21.0,52.0,31.0
2019,British_Grand_Prix,STR,14.0,52.0,38.0
2019,British_Grand_Prix,VER,21.0,52.0,31.0
2019,British_Grand_Prix,VET,21.0,52.0,31.0
2019,Canadian_Grand_Prix,ALB,2.0,70.0,68.0
2019,Canadian_Grand_Prix,BOT,31.0,70.0,39.0
2019,Canadian_Grand_Prix,GAS,8.0,70.0,62.0
2019,Canadian_Grand_Prix,GIO,34.0,70.0,36.0
2019,Canadian_Grand_Prix,GRO,35.0,70.0,35.0
2019,Canadian_Grand_Prix,HAM,29.0,70.0,41.0
2019,Canadian_Grand_Prix,HUL,17.0,70.0,53.0
2019,Canadian_Grand_Prix,KUB,10.0,70.0,60.0
2019,Canadian_Grand_Prix,KVY,13.0,70.0,57.0
2019,Canadian_Grand_Prix,LEC,34.0,70.0,36.0
2019,Canadian_Grand_Prix,MAG,40.0,70.0,30.0
2019,Canadian_Grand_Prix,PER,12.0,70.0,58.0
2019,Canadian_Grand_Prix,RAI,7.0,70.0,63.0
2019,Canadian_Grand_Prix,RIC,9.0,70.0,61.0
2019,Canadian_Grand_Prix,RUS,10.0,70.0,60.0
2019,Canadian_Grand_Prix,SAI,5.0,70.0,65.0
2019,Canadian_Grand_Prix,STR,46.0,70.0,24.0
2019,Canadian_Grand_Prix,VER,49.0,70.0,21.0
2019,Canadian_Grand_Prix,VET,27.0,70.0,43.0
2019,Chinese_Grand_Prix,ALB,20.0,56.0,36.0
2019,Chinese_Grand_Prix,BOT,22.0,56.0,34.0
2019,Chinese_Grand_Prix,GAS,20.0,56.0,36.0
2019,Chinese_Grand_Prix,GIO,8.0,56.0,48.0
2019,Chinese_Grand_Prix,GRO,9.0,56.0,47.0
2019,Chinese_Grand_Prix,HAM,23.0,56.0,33.0
2019,Chinese_Grand_Prix,HUL,12.0,56.0,44.0
2019,Chinese_Grand_Prix,KUB,27.0,56.0,29.0
2019,Chinese_Grand_Prix,KVY,26.0,56.0,30.0
2019,Chinese_Grand_Prix,LEC,23.0,56.0,33.0
2019,Chinese_Grand_Prix,MAG,10.0,56.0,46.0
2019,Chinese_Grand_Prix,NOR,2.0,56.0,54.0
2019,Chinese_Grand_Prix,PER,21.0,56.0,35.0
2019,Chinese_Grand_Prix,RAI,26.0,56.0,30.0
2019,Chinese_Grand_Prix,RIC,19.0,56.0,37.0
2019,Chinese_Grand_Prix,RUS,23.0,56.0,33.0
2019,Chinese_Grand_Prix,SAI,2.0,56.0,54.0
2019,Chinese_Grand_Prix,STR,21.0,56.0,35.0
2019,Chinese_Grand_Prix,VER,18.0,56.0,38.0
2019,Chinese_Grand_Prix,VET,19.0,56.0,37.0
2019,French_Grand_Prix,ALB,26.0,53.0,27.0
2019,French_Grand_Prix,BOT,24.0,53.0,29.0
2019,French_Grand_Prix,GAS,18.0,53.0,35.0
2019,French_Grand_Prix,GIO,8.0,53.0,45.0
2019,French_Grand_Prix,GRO,32.0,53.0,21.0
2019,French_Grand_Prix,HAM,25.0,53.0,28.0
2019,French_Grand_Prix,HUL,35.0,53.0,18.0
2019,French_Grand_Prix,KUB,25.0,53.0,28.0
2019,French_Grand_Prix,KVY,33.0,53.0,20.0
2019,French_Grand_Prix,LEC,22.0,53.0,31.0
2019,French_Grand_Prix,MAG,17.0,53.0,36.0
2019,French_Grand_Prix,NOR,19.0,53.0,34.0
2019,French_Grand_Prix,PER,19.0,53.0,34.0
2019,French_Grand_Prix,RAI,32.0,53.0,21.0
2019,French_Grand_Prix,RIC,17.0,53.0,36.0
2019,French_Grand_Prix,RUS,26.0,53.0,27.0
2019,French_Grand_Prix,SAI,20.0,53.0,33.0
2019,French_Grand_Prix,STR,40.0,53.0,13.0
2019,French_Grand_Prix,VER,21.0,53.0,32.0
2019,French_Grand_Prix,VET,26.0,53.0,27.0
2019,Hungarian_Grand_Prix,ALB,29.0,70.0,41.0
2019,Hungarian_Grand_Prix,BOT,6.0,70.0,64.0
2019,Hungarian_Grand_Prix,GAS,29.0,70.0,41.0
2019,Hungarian_Grand_Prix,GIO,16.0,70.0,54.0
2019,Hungarian_Grand_Prix,GRO,20.0,70.0,50.0
2019,Hungarian_Grand_Prix,HAM,32.0,70.0,38.0
2019,Hungarian_Grand_Prix,HUL,37.0,70.0,33.0
2019,Hungarian_Grand_Prix,KUB,19.0,70.0,51.0
2019,Hungarian_Grand_Prix,KVY,22.0,70.0,48.0
2019,Hungarian_Grand_Prix,LEC,28.0,70.0,42.0
2019,Hungarian_Grand_Prix,MAG,39.0,70.0,31.0
2019,Hungarian_Grand_Prix,NOR,29.0,70.0,41.0
2019,Hungarian_Grand_Prix,PER,19.0,70.0,51.0
2019,Hungarian_Grand_Prix,RAI,30.0,70.0,40.0
2019,Hungarian_Grand_Prix,RIC,47.0,70.0,23.0
2019,Hungarian_Grand_Prix,RUS,17.0,70.0,53.0
2019,Hungarian_Grand_Prix,SAI,30.0,70.0,40.0
2019,Hungarian_Grand_Prix,STR,17.0,70.0,53.0
2019,Hungarian_Grand_Prix,VER,26.0,70.0,44.0
2019,Hungarian_Grand_Prix,VET,40.0,70.0,30.0
2019,Italian_Grand_Prix,ALB,27.0,53.0,26.0
2019,Italian_Grand_Prix,BOT,28.0,53.0,25.0
2019,Italian_Grand_Prix,GAS,29.0,53.0,24.0
2019,Italian_Grand_Prix,GIO,22.0,53.0,31.0
2019,Italian_Grand_Prix,GRO,8.0,53.0,45.0
2019,Italian_Grand_Prix,HAM,20.0,53.0,33.0
2019,Italian_Grand_Prix,HUL,30.0,53.0,23.0
2019,Italian_Grand_Prix,KUB,30.0,53.0,23.0
2019,Italian_Grand_Prix,KVY,29.0,53.0,24.0
2019,Italian_Grand_Prix,LEC,21.0,53.0,32.0
2019,Italian_Grand_Prix,MAG,21.0,53.0,32.0
2019,Italian_Grand_Prix,NOR,24.0,53.0,29.0
2019,Italian_Grand_Prix,PER,29.0,53.0,24.0
2019,Italian_Grand_Prix,RAI,27.0,53.0,26.0
2019,Italian_Grand_Prix,RIC,31.0,53.0,22.0
2019,Italian_Grand_Prix,RUS,24.0,53.0,29.0
2019,Italian_Grand_Prix,STR,23.0,53.0,30.0
2019,Italian_Grand_Prix,VER,2.0,53.0,51.0
2019,Italian_Grand_Prix,VET,7.0,53.0,46.0
2019,Japanese_Grand_Prix,ALB,16.0,53.0,37.0
2019,Japanese_Grand_Prix,BOT,18.0,53.0,35.0
2019,Japanese_Grand_Prix,GAS,19.0,53.0,34.0
2019,Japanese_Grand_Prix,GIO,19.0,53.0,34.0
2019,Japanese_Grand_Prix,GRO,17.0,53.0,36.0
2019,Japanese_Grand_Prix,HAM,22.0,53.0,31.0
2019,Japanese_Grand_Prix,HUL,20.0,53.0,33.0
2019,Japanese_Grand_Prix,KUB,23.0,53.0,30.0
2019,Japanese_Grand_Prix,KVY,28.0,53.0,25.0
2019,Japanese_Grand_Prix,LEC,4.0,53.0,49.0
2019,Japanese_Grand_Prix,MAG,18.0,53.0,35.0
2019,Japanese_Grand_Prix,NOR,5.0,53.0,48.0
2019,Japanese_Grand_Prix,PER,20.0,53.0,33.0
2019,Japanese_Grand_Prix,RAI,16.0,53.0,37.0
2019,Japanese_Grand_Prix,RIC,30.0,53.0,23.0
2019,Japanese_Grand_Prix,RUS,26.0,53.0,27.0
2019,Japanese_Grand_Prix,SAI,27.0,53.0,26.0
2019,Japanese_Grand_Prix,STR,19.0,53.0,34.0
2019,Japanese_Grand_Prix,VET,32.0,53.0,21.0
2019,Mexican_Grand_Prix,ALB,45.0,71.0,26.0
2019,Mexican_Grand_Prix,BOT,37.0,71.0,34.0
2019,Mexican_Grand_Prix,GAS,10.0,71.0,61.0
2019,Mexican_Grand_Prix,GIO,22.0,71.0,49.0
2019,Mexican_Grand_Prix,GRO,38.0,71.0,33.0
2019,Mexican_Grand_Prix,HAM,24.0,71.0,47.0
2019,Mexican_Grand_Prix,HUL,19.0,71.0,52.0
2019,Mexican_Grand_Prix,KUB,22.0,71.0,49.0
2019,Mexican_Grand_Prix,KVY,11.0,71.0,60.0
2019,Mexican_Grand_Prix,LEC,44.0,71.0,27.0
2019,Mexican_Grand_Prix,MAG,29.0,71.0,42.0
2019,Mexican_Grand_Prix,NOR,13.0,71.0,58.0
2019,Mexican_Grand_Prix,PER,21.0,71.0,50.0
2019,Mexican_Grand_Prix,RAI,16.0,71.0,55.0
2019,Mexican_Grand_Prix,RIC,51.0,71.0,20.0
2019,Mexican_Grand_Prix,RUS,23.0,71.0,48.0
2019,Mexican_Grand_Prix,SAI,16.0,71.0,55.0
2019,Mexican_Grand_Prix,STR,38.0,71.0,33.0
2019,Mexican_Grand_Prix,VER,6.0,71.0,65.0
2019,Mexican_Grand_Prix,VET,38.0,71.0,33.0
2019,Monaco_Grand_Prix,ALB,41.0,78.0,37.0
2019,Monaco_Grand_Prix,BOT,12.0,78.0,66.0
2019,Monaco_Grand_Prix,GAS,28.0,78.0,50.0
2019,Monaco_Grand_Prix,GIO,45.0,78.0,33.0
2019,Monaco_Grand_Prix,GRO,51.0,78.0,27.0
2019,Monaco_Grand_Prix,HAM,12.0,78.0,66.0
2019,Monaco_Grand_Prix,HUL,10.0,78.0,68.0
2019,Monaco_Grand_Prix,KUB,22.0,78.0,56.0
2019,Monaco_Grand_Prix,KVY,33.0,78.0,45.0
2019,Monaco_Grand_Prix,LEC,10.0,78.0,68.0
2019,Monaco_Grand_Prix,MAG,12.0,78.0,66.0
2019,Monaco_Grand_Prix,NOR,48.0,78.0,30.0
2019,Monaco_Grand_Prix,PER,12.0,78.0,66.0
2019,Monaco_Grand_Prix,RAI,47.0,78.0,31.0
2019,Monaco_Grand_Prix,RIC,12.0,78.0,66.0
2019,Monaco_Grand_Prix,RUS,11.0,78.0,67.0
2019,Monaco_Grand_Prix,SAI,31.0,78.0,47.0
2019,Monaco_Grand_Prix,STR,41.0,78.0,37.0
2019,Monaco_Grand_Prix,VER,12.0,78.0,66.0
2019,Monaco_Grand_Prix,VET,12.0,78.0,66.0
2019,Russian_Grand_Prix,ALB,30.0,53.0,23.0
2019,Russian_Grand_Prix,BOT,29.0,53.0,24.0
2019,Russian_Grand_Prix,GAS,27.0,53.0,26.0
2019,Russian_Grand_Prix,GIO,3.0,53.0,50.0
2019,Russian_Grand_Prix,HAM,29.0,53.0,24.0
2019,Russian_Grand_Prix,HUL,17.0,53.0,36.0
2019,Russian_Grand_Prix,KUB,2.0,53.0,51.0
2019,Russian_Grand_Prix,KVY,28.0,53.0,25.0
2019,Russian_Grand_Prix,LEC,23.0,53.0,30.0
2019,Russian_Grand_Prix,MAG,28.0,53.0,25.0
2019,Russian_Grand_Prix,NOR,21.0,53.0,32.0
2019,Russian_Grand_Prix,PER,24.0,53.0,29.0
2019,Russian_Grand_Prix,RAI,28.0,53.0,25.0
2019,Russian_Grand_Prix,RIC,2.0,53.0,51.0
2019,Russian_Grand_Prix,SAI,22.0,53.0,31.0
2019,Russian_Grand_Prix,STR,28.0,53.0,25.0
2019,Russian_Grand_Prix,VER,29.0,53.0,24.0
2019,Singapore_Grand_Prix,ALB,21.0,61.0,40.0
2019,Singapore_Grand_Prix,BOT,23.0,61.0,38.0
2019,Singapore_Grand_Prix,GAS,33.0,61.0,28.0
2019,Singapore_Grand_Prix,GIO,35.0,61.0,26.0
2019,Singapore_Grand_Prix,GRO,24.0,61.0,37.0
2019,Singapore_Grand_Prix,HAM,27.0,61.0,34.0
2019,Singapore_Grand_Prix,HUL,2.0,61.0,59.0
2019,Singapore_Grand_Prix,KUB,22.0,61.0,39.0
2019,Singapore_Grand_Prix,KVY,13.0,61.0,48.0
2019,Singapore_Grand_Prix,LEC,21.0,61.0,40.0
2019,Singapore_Grand_Prix,MAG,19.0,61.0,42.0
2019,Singapore_Grand_Prix,NOR,21.0,61.0,40.0
2019,Singapore_Grand_Prix,PER,14.0,61.0,47.0
2019,Singapore_Grand_Prix,RAI,16.0,61.0,45.0
2019,Singapore_Grand_Prix,RIC,35.0,61.0,26.0
2019,Singapore_Grand_Prix,RUS,2.0,61.0,59.0
2019,Singapore_Grand_Prix,SAI,2.0,61.0,59.0
2019,Singapore_Grand_Prix,STR,32.0,61.0,29.0
2019,Singapore_Grand_Prix,VER,20.0,61.0,41.0
2019,Singapore_Grand_Prix,VET,20.0,61.0,41.0
2019,Spanish_Grand_Prix,ALB,26.0,66.0,40.0
2019,Spanish_Grand_Prix,BOT,27.0,66.0,39.0
2019,Spanish_Grand_Prix,GAS,23.0,66.0,43.0
2019,Spanish_Grand_Prix,GIO,7.0,66.0,59.0
2019,Spanish_Grand_Prix,GRO,27.0,66.0,39.0
2019,Spanish_Grand_Prix,HAM,28.0,66.0,38.0
2019,Spanish_Grand_Prix,HUL,36.0,66.0,30.0
2019,Spanish_Grand_Prix,KUB,32.0,66.0,34.0
2019,Spanish_Grand_Prix,KVY,22.0,66.0,44.0
2019,Spanish_Grand_Prix,LEC,26.0,66.0,40.0
2019,Spanish_Grand_Prix,MAG,24.0,66.0,42.0
2019,Spanish_Grand_Prix,NOR,27.0,66.0,39.0
2019,Spanish_Grand_Prix,PER,25.0,66.0,41.0
2019,Spanish_Grand_Prix,RAI,29.0,66.0,37.0
2019,Spanish_Grand_Prix,RIC,25.0,66.0,41.0
2019,Spanish_Grand_Prix,RUS,33.0,66.0,33.0
2019,Spanish_Grand_Prix,SAI,25.0,66.0,41.0
2019,Spanish_Grand_Prix,STR,23.0,66.0,43.0
2019,Spanish_Grand_Prix,VER,44.0,66.0,22.0
2019,Spanish_Grand_Prix,VET,20.0,66.0,46.0
2019,United_States_Grand_Prix,ALB,2.0,56.0,54.0
2019,United_States_Grand_Prix,BOT,15.0,56.0,41.0
2019,United_States_Grand_Prix,GAS,20.0,56.0,36.0
2019,United_States_Grand_Prix,GIO,18.0,56.0,38.0
2019,United_States_Grand_Prix,GRO,25.0,56.0,31.0
2019,United_States_Grand_Prix,HAM,25.0,56.0,31.0
2019,United_States_Grand_Prix,HUL,28.0,56.0,28.0
2019,United_States_Grand_Prix,KUB,12.0,56.0,44.0
2019,United_States_Grand_Prix,KVY,22.0,56.0,34.0
2019,United_States_Grand_Prix,LEC,21.0,56.0,35.0
2019,United_States_Grand_Prix,MAG,19.0,56.0,37.0
2019,United_States_Grand_Prix,NOR,20.0,56.0,36.0
2019,United_States_Grand_Prix,PER,25.0,56.0,31.0
2019,United_States_Grand_Prix,RAI,19.0,56.0,37.0
2019,United_States_Grand_Prix,RIC,22.0,56.0,34.0
2019,United_States_Grand_Prix,RUS,24.0,56.0,32.0
2019,United_States_Grand_Prix,SAI,19.0,56.0,37.0
2019,United_States_Grand_Prix,STR,10.0,56.0,46.0
2019,United_States_Grand_Prix,VER,14.0,56.0,42.0
2020,70th_Anniversary_Grand_Prix,ALB,7.0,52.0,45.0
2020,70th_Anniversary_Grand_Prix,BOT,14.0,52.0,38.0
2020,70th_Anniversary_Grand_Prix,GAS,8.0,52.0,44.0
2020,70th_Anniversary_Grand_Prix,GIO,8.0,52.0,44.0
2020,70th_Anniversary_Grand_Prix,GRO,18.0,52.0,34.0
2020,70th_Anniversary_Grand_Prix,HAM,15.0,52.0,37.0
2020,70th_Anniversary_Grand_Prix,HUL,16.0,52.0,36.0
2020,70th_Anniversary_Grand_Prix,KVY,36.0,52.0,16.0
2020,70th_Anniversary_Grand_Prix,LAT,10.0,52.0,42.0
2020,70th_Anniversary_Grand_Prix,LEC,19.0,52.0,33.0
2020,70th_Anniversary_Grand_Prix,MAG,10.0,52.0,42.0
2020,70th_Anniversary_Grand_Prix,NOR,13.0,52.0,39.0
2020,70th_Anniversary_Grand_Prix,OCO,23.0,52.0,29.0
2020,70th_Anniversary_Grand_Prix,RAI,27.0,52.0,25.0
2020,70th_Anniversary_Grand_Prix,RIC,27.0,52.0,25.0
2020,70th_Anniversary_Grand_Prix,RUS,9.0,52.0,43.0
2020,70th_Anniversary_Grand_Prix,SAI,23.0,52.0,29.0
2020,70th_Anniversary_Grand_Prix,STR,19.0,52.0,33.0
2020,70th_Anniversary_Grand_Prix,VER,27.0,52.0,25.0
2020,70th_Anniversary_Grand_Prix,VET,34.0,52.0,18.0
2020,Abu_Dhabi_Grand_Prix,ALB,11.0,55.0,44.0
2020,Abu_Dhabi_Grand_Prix,BOT,11.0,55.0,44.0
2020,Abu_Dhabi_Grand_Prix,FIT,11.0,55.0,44.0
2020,Abu_Dhabi_Grand_Prix,GAS,11.0,55.0,44.0
2020,Abu_Dhabi_Grand_Prix,GIO,28.0,55.0,27.0
2020,Abu_Dhabi_Grand_Prix,HAM,11.0,55.0,44.0
2020,Abu_Dhabi_Grand_Prix,KVY,11.0,55.0,44.0
2020,Abu_Dhabi_Grand_Prix,LAT,12.0,55.0,43.0
2020,Abu_Dhabi_Grand_Prix,LEC,23.0,55.0,32.0
2020,Abu_Dhabi_Grand_Prix,MAG,32.0,55.0,23.0
2020,Abu_Dhabi_Grand_Prix,NOR,11.0,55.0,44.0
2020,Abu_Dhabi_Grand_Prix,OCO,11.0,55.0,44.0
2020,Abu_Dhabi_Grand_Prix,RAI,11.0,55.0,44.0
2020,Abu_Dhabi_Grand_Prix,RIC,40.0,55.0,15.0
2020,Abu_Dhabi_Grand_Prix,RUS,11.0,55.0,44.0
2020,Abu_Dhabi_Grand_Prix,SAI,11.0,55.0,44.0
2020,Abu_Dhabi_Grand_Prix,STR,11.0,55.0,44.0
2020,Abu_Dhabi_Grand_Prix,VER,11.0,55.0,44.0
2020,Abu_Dhabi_Grand_Prix,VET,36.0,55.0,19.0
2020,Austrian_Grand_Prix,ALB,25.0,68.0,43.0
2020,Austrian_Grand_Prix,BOT,25.0,68.0,43.0
2020,Austrian_Grand_Prix,GAS,25.0,68.0,43.0
2020,Austrian_Grand_Prix,GIO,24.0,68.0,44.0
2020,Austrian_Grand_Prix,GRO,20.0,68.0,48.0
2020,Austrian_Grand_Prix,HAM,25.0,68.0,43.0
2020,Austrian_Grand_Prix,KVY,25.0,68.0,43.0
2020,Austrian_Grand_Prix,LAT,26.0,68.0,42.0
2020,Austrian_Grand_Prix,LEC,25.0,68.0,43.0
2020,Austrian_Grand_Prix,NOR,25.0,68.0,43.0
2020,Austrian_Grand_Prix,OCO,25.0,68.0,43.0
2020,Austrian_Grand_Prix,PER,25.0,68.0,43.0
2020,Austrian_Grand_Prix,RAI,20.0,68.0,48.0
2020,Austrian_Grand_Prix,RUS,21.0,68.0,47.0
2020,Austrian_Grand_Prix,SAI,25.0,68.0,43.0
2020,Austrian_Grand_Prix,VET,25.0,68.0,43.0
2020,Bahrain_Grand_Prix,ALB,35.0,57.0,22.0
2020,Bahrain_Grand_Prix,BOT,5.0,57.0,52.0
2020,Bahrain_Grand_Prix,GAS,2.0,57.0,55.0
2020,Bahrain_Grand_Prix,GIO,21.0,57.0,36.0
2020,Bahrain_Grand_Prix,HAM,36.0,57.0,21.0
2020,Bahrain_Grand_Prix,KVY,2.0,57.0,55.0
2020,Bahrain_Grand_Prix,LAT,2.0,57.0,55.0
2020,Bahrain_Grand_Prix,LEC,2.0,57.0,55.0
2020,Bahrain_Grand_Prix,MAG,2.0,57.0,55.0
2020,Bahrain_Grand_Prix,NOR,39.0,57.0,18.0
2020,Bahrain_Grand_Prix,OCO,35.0,57.0,22.0
2020,Bahrain_Grand_Prix,PER,21.0,57.0,36.0
2020,Bahrain_Grand_Prix,RAI,18.0,57.0,39.0
2020,Bahrain_Grand_Prix,RIC,17.0,57.0,40.0
2020,Bahrain_Grand_Prix,RUS,21.0,57.0,36.0
2020,Bahrain_Grand_Prix,SAI,22.0,57.0,35.0
2020,Bahrain_Grand_Prix,VER,21.0,57.0,36.0
2020,Bahrain_Grand_Prix,VET,2.0,57.0,55.0
2020,Belgian_Grand_Prix,BOT,12.0,44.0,32.0
2020,Belgian_Grand_Prix,GAS,27.0,44.0,17.0
2020,Belgian_Grand_Prix,GRO,11.0,44.0,33.0
2020,Belgian_Grand_Prix,HAM,12.0,44.0,32.0
2020,Belgian_Grand_Prix,KVY,12.0,44.0,32.0
2020,Belgian_Grand_Prix,LAT,11.0,44.0,33.0
2020,Belgian_Grand_Prix,LEC,11.0,44.0,33.0
2020,Belgian_Grand_Prix,MAG,11.0,44.0,33.0
2020,Belgian_Grand_Prix,OCO,12.0,44.0,32.0
2020,Belgian_Grand_Prix,PER,19.0,44.0,25.0
2020,Belgian_Grand_Prix,RAI,11.0,44.0,33.0
2020,Belgian_Grand_Prix,RIC,12.0,44.0,32.0
2020,Belgian_Grand_Prix,STR,12.0,44.0,32.0
2020,Belgian_Grand_Prix,VER,12.0,44.0,32.0
2020,Belgian_Grand_Prix,VET,12.0,44.0,32.0
2020,British_Grand_Prix,ALB,7.0,52.0,45.0
2020,British_Grand_Prix,BOT,14.0,52.0,38.0
2020,British_Grand_Prix,GAS,13.0,52.0,39.0
2020,British_Grand_Prix,GIO,13.0,52.0,39.0
2020,British_Grand_Prix,GRO,37.0,52.0,15.0
2020,British_Grand_Prix,HAM,14.0,52.0,38.0
2020,British_Grand_Prix,LAT,13.0,52.0,39.0
2020,British_Grand_Prix,LEC,14.0,52.0,38.0
2020,British_Grand_Prix,NOR,13.0,52.0,39.0
2020,British_Grand_Prix,OCO,13.0,52.0,39.0
2020,British_Grand_Prix,RAI,13.0,52.0,39.0
2020,British_Grand_Prix,RIC,13.0,52.0,39.0
2020,British_Grand_Prix,RUS,13.0,52.0,39.0
2020,British_Grand_Prix,SAI,14.0,52.0,38.0
2020,British_Grand_Prix,STR,14.0,52.0,38.0
2020,British_Grand_Prix,VER,14.0,52.0,38.0
2020,British_Grand_Prix,VET,13.0,52.0,39.0
2020,Eifel_Grand_Prix,ALB,8.0,60.0,52.0
2020,Eifel_Grand_Prix,BOT,14.0,60.0,46.0
2020,Eifel_Grand_Prix,GAS,31.0,60.0,29.0
2020,Eifel_Grand_Prix,GIO,16.0,60.0,44.0
2020,Eifel_Grand_Prix,GRO,29.0,60.0,31.0
2020,Eifel_Grand_Prix,HAM,17.0,60.0,43.0
2020,Eifel_Grand_Prix,HUL,30.0,60.0,30.0
2020,Eifel_Grand_Prix,KVY,18.0,60.0,42.0
2020,Eifel_Grand_Prix,LAT,15.0,60.0,45.0
2020,Eifel_Grand_Prix,LEC,11.0,60.0,49.0
2020,Eifel_Grand_Prix,MAG,15.0,60.0,45.0
2020,Eifel_Grand_Prix,NOR,30.0,60.0,30.0
2020,Eifel_Grand_Prix,PER,29.0,60.0,31.0
2020,Eifel_Grand_Prix,RAI,11.0,60.0,49.0
2020,Eifel_Grand_Prix,RIC,17.0,60.0,43.0
2020,Eifel_Grand_Prix,RUS,12.0,60.0,48.0
2020,Eifel_Grand_Prix,SAI,29.0,60.0,31.0
2020,Eifel_Grand_Prix,VER,17.0,60.0,43.0
2020,Eifel_Grand_Prix,VET,12.0,60.0,48.0
2020,Emilia_Romagna_Grand_Prix,ALB,15.0,63.0,48.0
2020,Emilia_Romagna_Grand_Prix,BOT,20.0,63.0,43.0
2020,Emilia_Romagna_Grand_Prix,GIO,11.0,63.0,52.0
2020,Emilia_Romagna_Grand_Prix,GRO,10.0,63.0,53.0
2020,Emilia_Romagna_Grand_Prix,HAM,31.0,63.0,32.0
2020,Emilia_Romagna_Grand_Prix,KVY,15.0,63.0,48.0
2020,Emilia_Romagna_Grand_Prix,LAT,35.0,63.0,28.0
2020,Emilia_Romagna_Grand_Prix,LEC,14.0,63.0,49.0
2020,Emilia_Romagna_Grand_Prix,MAG,28.0,63.0,35.0
2020,Emilia_Romagna_Grand_Prix,NOR,14.0,63.0,49.0
2020,Emilia_Romagna_Grand_Prix,OCO,14.0,63.0,49.0
2020,Emilia_Romagna_Grand_Prix,PER,28.0,63.0,35.0
2020,Emilia_Romagna_Grand_Prix,RAI,49.0,63.0,14.0
2020,Emilia_Romagna_Grand_Prix,RIC,15.0,63.0,48.0
2020,Emilia_Romagna_Grand_Prix,RUS,12.0,63.0,51.0
2020,Emilia_Romagna_Grand_Prix,SAI,18.0,63.0,45.0
2020,Emilia_Romagna_Grand_Prix,STR,2.0,63.0,61.0
2020,Emilia_Romagna_Grand_Prix,VER,19.0,63.0,44.0
2020,Emilia_Romagna_Grand_Prix,VET,40.0,63.0,23.0
2020,Hungarian_Grand_Prix,GRO,35.0,70.0,35.0
2020,Hungarian_Grand_Prix,MAG,36.0,70.0,34.0
2020,Italian_Grand_Prix,ALB,23.0,53.0,30.0
2020,Italian_Grand_Prix,BOT,23.0,53.0,30.0
2020,Italian_Grand_Prix,GAS,20.0,53.0,33.0
2020,Italian_Grand_Prix,GIO,21.0,53.0,32.0
2020,Italian_Grand_Prix,GRO,23.0,53.0,30.0
2020,Italian_Grand_Prix,HAM,21.0,53.0,32.0
2020,Italian_Grand_Prix,KVY,23.0,53.0,30.0
2020,Italian_Grand_Prix,LAT,17.0,53.0,36.0
2020,Italian_Grand_Prix,LEC,18.0,53.0,35.0
2020,Italian_Grand_Prix,MAG,2.0,53.0,51.0
2020,Italian_Grand_Prix,NOR,23.0,53.0,30.0
2020,Italian_Grand_Prix,OCO,23.0,53.0,30.0
2020,Italian_Grand_Prix,PER,23.0,53.0,30.0
2020,Italian_Grand_Prix,RAI,19.0,53.0,34.0
2020,Italian_Grand_Prix,RIC,23.0,53.0,30.0
2020,Italian_Grand_Prix,RUS,23.0,53.0,30.0
2020,Italian_Grand_Prix,SAI,23.0,53.0,30.0
2020,Italian_Grand_Prix,STR,27.0,53.0,26.0
2020,Italian_Grand_Prix,VER,23.0,53.0,30.0
2020,Portuguese_Grand_Prix,ALB,20.0,66.0,46.0
2020,Portuguese_Grand_Prix,BOT,42.0,66.0,24.0
2020,Portuguese_Grand_Prix,GAS,29.0,66.0,37.0
2020,Portuguese_Grand_Prix,GIO,29.0,66.0,37.0
2020,Portuguese_Grand_Prix,GRO,27.0,66.0,39.0
2020,Portuguese_Grand_Prix,HAM,41.0,66.0,25.0
2020,Portuguese_Grand_Prix,KVY,26.0,66.0,40.0
2020,Portuguese_Grand_Prix,LAT,25.0,66.0,41.0
2020,Portuguese_Grand_Prix,LEC,35.0,66.0,31.0
2020,Portuguese_Grand_Prix,MAG,32.0,66.0,34.0
2020,Portuguese_Grand_Prix,NOR,19.0,66.0,47.0
2020,Portuguese_Grand_Prix,OCO,54.0,66.0,12.0
2020,Portuguese_Grand_Prix,PER,2.0,66.0,64.0
2020,Portuguese_Grand_Prix,RAI,12.0,66.0,54.0
2020,Portuguese_Grand_Prix,RIC,15.0,66.0,51.0
2020,Portuguese_Grand_Prix,RUS,37.0,66.0,29.0
2020,Portuguese_Grand_Prix,SAI,27.0,66.0,39.0
2020,Portuguese_Grand_Prix,STR,19.0,66.0,47.0
2020,Portuguese_Grand_Prix,VER,24.0,66.0,42.0
2020,Portuguese_Grand_Prix,VET,28.0,66.0,38.0
2020,Russian_Grand_Prix,ALB,2.0,53.0,51.0
2020,Russian_Grand_Prix,BOT,27.0,53.0,26.0
2020,Russian_Grand_Prix,GAS,19.0,53.0,34.0
2020,Russian_Grand_Prix,GIO,17.0,53.0,36.0
2020,Russian_Grand_Prix,GRO,18.0,53.0,35.0
2020,Russian_Grand_Prix,HAM,17.0,53.0,36.0
2020,Russian_Grand_Prix,KVY,31.0,53.0,22.0
2020,Russian_Grand_Prix,LAT,18.0,53.0,35.0
2020,Russian_Grand_Prix,LEC,29.0,53.0,24.0
2020,Russian_Grand_Prix,MAG,20.0,53.0,33.0
2020,Russian_Grand_Prix,NOR,2.0,53.0,51.0
2020,Russian_Grand_Prix,OCO,19.0,53.0,34.0
2020,Russian_Grand_Prix,PER,21.0,53.0,32.0
2020,Russian_Grand_Prix,RAI,36.0,53.0,17.0
2020,Russian_Grand_Prix,RIC,16.0,53.0,37.0
2020,Russian_Grand_Prix,RUS,2.0,53.0,51.0
2020,Russian_Grand_Prix,VER,26.0,53.0,27.0
2020,Russian_Grand_Prix,VET,31.0,53.0,22.0
2020,Sakhir_Grand_Prix,AIT,32.0,87.0,55.0
2020,Sakhir_Grand_Prix,ALB,48.0,87.0,39.0
2020,Sakhir_Grand_Prix,BOT,50.0,87.0,37.0
2020,Sakhir_Grand_Prix,FIT,32.0,87.0,55.0
2020,Sakhir_Grand_Prix,GAS,29.0,87.0,58.0
2020,Sakhir_Grand_Prix,GIO,27.0,87.0,60.0
2020,Sakhir_Grand_Prix,KVY,28.0,87.0,59.0
2020,Sakhir_Grand_Prix,LAT,28.0,87.0,59.0
2020,Sakhir_Grand_Prix,MAG,27.0,87.0,60.0
2020,Sakhir_Grand_Prix,NOR,21.0,87.0,66.0
2020,Sakhir_Grand_Prix,OCO,42.0,87.0,45.0
2020,Sakhir_Grand_Prix,PER,2.0,87.0,85.0
2020,Sakhir_Grand_Prix,RAI,24.0,87.0,63.0
2020,Sakhir_Grand_Prix,RIC,30.0,87.0,57.0
2020,Sakhir_Grand_Prix,RUS,46.0,87.0,41.0
2020,Sakhir_Grand_Prix,SAI,29.0,87.0,58.0
2020,Sakhir_Grand_Prix,STR,43.0,87.0,44.0
2020,Sakhir_Grand_Prix,VET,32.0,87.0,55.0
2020,Spanish_Grand_Prix,ALB,18.0,66.0,48.0
2020,Spanish_Grand_Prix,BOT,24.0,66.0,42.0
2020,Spanish_Grand_Prix,GAS,22.0,66.0,44.0
2020,Spanish_Grand_Prix,GIO,46.0,66.0,20.0
2020,Spanish_Grand_Prix,GRO,33.0,66.0,33.0
2020,Spanish_Grand_Prix,HAM,24.0,66.0,42.0
2020,Spanish_Grand_Prix,KVY,22.0,66.0,44.0
2020,Spanish_Grand_Prix,LAT,50.0,66.0,16.0
2020,Spanish_Grand_Prix,LEC,30.0,66.0,36.0
2020,Spanish_Grand_Prix,MAG,29.0,66.0,37.0
2020,Spanish_Grand_Prix,NOR,45.0,66.0,21.0
2020,Spanish_Grand_Prix,OCO,35.0,66.0,31.0
2020,Spanish_Grand_Prix,PER,30.0,66.0,36.0
2020,Spanish_Grand_Prix,RAI,45.0,66.0,21.0
2020,Spanish_Grand_Prix,RIC,36.0,66.0,30.0
2020,Spanish_Grand_Prix,RUS,20.0,66.0,46.0
2020,Spanish_Grand_Prix,SAI,42.0,66.0,24.0
2020,Spanish_Grand_Prix,STR,28.0,66.0,38.0
2020,Spanish_Grand_Prix,VER,22.0,66.0,44.0
2020,Spanish_Grand_Prix,VET,30.0,66.0,36.0
2020,Styrian_Grand_Prix,ALB,36.0,71.0,35.0
2020,Styrian_Grand_Prix,BOT,35.0,71.0,36.0
2020,Styrian_Grand_Prix,GAS,25.0,71.0,46.0
2020,Styrian_Grand_Prix,GIO,40.0,71.0,31.0
2020,Styrian_Grand_Prix,GRO,38.0,71.0,33.0
2020,Styrian_Grand_Prix,HAM,28.0,71.0,43.0
2020,Styrian_Grand_Prix,KVY,37.0,71.0,34.0
2020,Styrian_Grand_Prix,LAT,33.0,71.0,38.0
2020,Styrian_Grand_Prix,LEC,2.0,71.0,69.0
2020,Styrian_Grand_Prix,MAG,32.0,71.0,39.0
2020,Styrian_Grand_Prix,NOR,40.0,71.0,31.0
2020,Styrian_Grand_Prix,PER,39.0,71.0,32.0
2020,Styrian_Grand_Prix,RAI,45.0,71.0,26.0
2020,Styrian_Grand_Prix,RIC,38.0,71.0,33.0
2020,Styrian_Grand_Prix,RUS,35.0,71.0,36.0
2020,Styrian_Grand_Prix,SAI,33.0,71.0,38.0
2020,Styrian_Grand_Prix,STR,34.0,71.0,37.0
2020,Styrian_Grand_Prix,VER,25.0,71.0,46.0
2020,Tuscan_Grand_Prix,ALB,33.0,59.0,26.0
2020,Tuscan_Grand_Prix,BOT,9.0,59.0,50.0
2020,Tuscan_Grand_Prix,GRO,8.0,59.0,51.0
2020,Tuscan_Grand_Prix,HAM,9.0,59.0,50.0
2020,Tuscan_Grand_Prix,KVY,9.0,59.0,50.0
2020,Tuscan_Grand_Prix,LEC,22.0,59.0,37.0
2020,Tuscan_Grand_Prix,NOR,30.0,59.0,29.0
2020,Tuscan_Grand_Prix,PER,29.0,59.0,30.0
2020,Tuscan_Grand_Prix,RAI,28.0,59.0,31.0
2020,Tuscan_Grand_Prix,RIC,28.0,59.0,31.0
2020,Tuscan_Grand_Prix,RUS,30.0,59.0,29.0
2020,Tuscan_Grand_Prix,STR,31.0,59.0,28.0
2020,Tuscan_Grand_Prix,VET,2.0,59.0,57.0
2021,Abu_Dhabi_Grand_Prix,ALO,37.0,58.0,21.0
2021,Abu_Dhabi_Grand_Prix,BOT,31.0,58.0,27.0
2021,Abu_Dhabi_Grand_Prix,GAS,37.0,58.0,21.0
2021,Abu_Dhabi_Grand_Prix,GIO,18.0,58.0,40.0
2021,Abu_Dhabi_Grand_Prix,HAM,15.0,58.0,43.0
2021,Abu_Dhabi_Grand_Prix,LAT,29.0,58.0,29.0
2021,Abu_Dhabi_Grand_Prix,LEC,16.0,58.0,42.0
2021,Abu_Dhabi_Grand_Prix,MSC,11.0,58.0,47.0
2021,Abu_Dhabi_Grand_Prix,NOR,18.0,58.0,40.0
2021,Abu_Dhabi_Grand_Prix,OCO,16.0,58.0,42.0
2021,Abu_Dhabi_Grand_Prix,PER,22.0,58.0,36.0
2021,Abu_Dhabi_Grand_Prix,RAI,22.0,58.0,36.0
2021,Abu_Dhabi_Grand_Prix,RIC,19.0,58.0,39.0
2021,Abu_Dhabi_Grand_Prix,SAI,20.0,58.0,38.0
2021,Abu_Dhabi_Grand_Prix,STR,22.0,58.0,36.0
2021,Abu_Dhabi_Grand_Prix,TSU,24.0,58.0,34.0
2021,Abu_Dhabi_Grand_Prix,VER,14.0,58.0,44.0
2021,Abu_Dhabi_Grand_Prix,VET,24.0,58.0,34.0
2021,Austrian_Grand_Prix,ALO,33.0,71.0,38.0
2021,Austrian_Grand_Prix,BOT,31.0,71.0,40.0
2021,Austrian_Grand_Prix,GAS,14.0,71.0,57.0
2021,Austrian_Grand_Prix,GIO,2.0,71.0,69.0
2021,Austrian_Grand_Prix,HAM,32.0,71.0,39.0
2021,Austrian_Grand_Prix,LAT,34.0,71.0,37.0
2021,Austrian_Grand_Prix,LEC,35.0,71.0,36.0
2021,Austrian_Grand_Prix,MAZ,28.0,71.0,43.0
2021,Austrian_Grand_Prix,MSC,35.0,71.0,36.0
2021,Austrian_Grand_Prix,NOR,31.0,71.0,40.0
2021,Austrian_Grand_Prix,PER,33.0,71.0,38.0
2021,Austrian_Grand_Prix,RAI,38.0,71.0,33.0
2021,Austrian_Grand_Prix,RIC,30.0,71.0,41.0
2021,Austrian_Grand_Prix,RUS,31.0,71.0,40.0
2021,Austrian_Grand_Prix,SAI,49.0,71.0,22.0
2021,Austrian_Grand_Prix,STR,15.0,71.0,56.0
2021,Austrian_Grand_Prix,TSU,13.0,71.0,58.0
2021,Austrian_Grand_Prix,VER,33.0,71.0,38.0
2021,Austrian_Grand_Prix,VET,18.0,71.0,53.0
2021,Azerbaijan_Grand_Prix,ALO,8.0,51.0,43.0
2021,Azerbaijan_Grand_Prix,BOT,12.0,51.0,39.0
2021,Azerbaijan_Grand_Prix,GAS,12.0,51.0,39.0
2021,Azerbaijan_Grand_Prix,GIO,3.0,51.0,48.0
2021,Azerbaijan_Grand_Prix,HAM,12.0,51.0,39.0
2021,Azerbaijan_Grand_Prix,LAT,10.0,51.0,41.0
2021,Azerbaijan_Grand_Prix,LEC,10.0,51.0,41.0
2021,Azerbaijan_Grand_Prix,MAZ,10.0,51.0,41.0
2021,Azerbaijan_Grand_Prix,MSC,9.0,51.0,42.0
2021,Azerbaijan_Grand_Prix,NOR,8.0,51.0,43.0
2021,Azerbaijan_Grand_Prix,PER,14.0,51.0,37.0
2021,Azerbaijan_Grand_Prix,RAI,14.0,51.0,37.0
2021,Azerbaijan_Grand_Prix,RIC,12.0,51.0,39.0
2021,Azerbaijan_Grand_Prix,RUS,2.0,51.0,49.0
2021,Azerbaijan_Grand_Prix,SAI,11.0,51.0,40.0
2021,Azerbaijan_Grand_Prix,TSU,10.0,51.0,41.0
2021,Azerbaijan_Grand_Prix,VER,13.0,51.0,38.0
2021,Azerbaijan_Grand_Prix,VET,19.0,51.0,32.0
2021,Bahrain_Grand_Prix,ALO,12.0,56.0,44.0
2021,Bahrain_Grand_Prix,BOT,17.0,56.0,39.0
2021,Bahrain_Grand_Prix,GAS,5.0,56.0,51.0
2021,Bahrain_Grand_Prix,GIO,13.0,56.0,43.0
2021,Bahrain_Grand_Prix,HAM,14.0,56.0,42.0
2021,Bahrain_Grand_Prix,LAT,15.0,56.0,41.0
2021,Bahrain_Grand_Prix,LEC,13.0,56.0,43.0
2021,Bahrain_Grand_Prix,MSC,34.0,56.0,22.0
2021,Bahrain_Grand_Prix,NOR,13.0,56.0,43.0
2021,Bahrain_Grand_Prix,OCO,14.0,56.0,42.0
2021,Bahrain_Grand_Prix,PER,20.0,56.0,36.0
2021,Bahrain_Grand_Prix,RAI,14.0,56.0,42.0
2021,Bahrain_Grand_Prix,RIC,14.0,56.0,42.0
2021,Bahrain_Grand_Prix,RUS,14.0,56.0,42.0
2021,Bahrain_Grand_Prix,SAI,16.0,56.0,40.0
2021,Bahrain_Grand_Prix,STR,13.0,56.0,43.0
2021,Bahrain_Grand_Prix,TSU,16.0,56.0,40.0
2021,Bahrain_Grand_Prix,VER,40.0,56.0,16.0
2021,Bahrain_Grand_Prix,VET,25.0,56.0,31.0
2021,British_Grand_Prix,ALO,25.0,52.0,27.0
2021,British_Grand_Prix,BOT,23.0,52.0,29.0
2021,British_Grand_Prix,GAS,29.0,52.0,23.0
2021,British_Grand_Prix,GIO,24.0,52.0,28.0
2021,British_Grand_Prix,HAM,28.0,52.0,24.0
2021,British_Grand_Prix,LAT,20.0,52.0,32.0
2021,British_Grand_Prix,LEC,30.0,52.0,22.0
2021,British_Grand_Prix,MAZ,26.0,52.0,26.0
2021,British_Grand_Prix,MSC,25.0,52.0,27.0
2021,British_Grand_Prix,NOR,22.0,52.0,30.0
2021,British_Grand_Prix,OCO,20.0,52.0,32.0
2021,British_Grand_Prix,PER,19.0,52.0,33.0
2021,British_Grand_Prix,RAI,19.0,52.0,33.0
2021,British_Grand_Prix,RIC,21.0,52.0,31.0
2021,British_Grand_Prix,RUS,19.0,52.0,33.0
2021,British_Grand_Prix,SAI,29.0,52.0,23.0
2021,British_Grand_Prix,STR,24.0,52.0,28.0
2021,British_Grand_Prix,TSU,31.0,52.0,21.0
2021,British_Grand_Prix,VET,19.0,52.0,33.0
2021,Dutch_Grand_Prix,ALO,34.0,72.0,38.0
2021,Dutch_Grand_Prix,BOT,32.0,72.0,40.0
2021,Dutch_Grand_Prix,GAS,25.0,72.0,47.0
2021,Dutch_Grand_Prix,GIO,28.0,72.0,44.0
2021,Dutch_Grand_Prix,HAM,21.0,72.0,51.0
2021,Dutch_Grand_Prix,KUB,41.0,72.0,31.0
2021,Dutch_Grand_Prix,LAT,24.0,72.0,48.0
2021,Dutch_Grand_Prix,LEC,35.0,72.0,37.0
2021,Dutch_Grand_Prix,MAZ,34.0,72.0,38.0
2021,Dutch_Grand_Prix,MSC,5.0,72.0,67.0
2021,Dutch_Grand_Prix,NOR,43.0,72.0,29.0
2021,Dutch_Grand_Prix,OCO,32.0,72.0,40.0
2021,Dutch_Grand_Prix,PER,9.0,72.0,63.0
2021,Dutch_Grand_Prix,RIC,31.0,72.0,41.0
2021,Dutch_Grand_Prix,RUS,28.0,72.0,44.0
2021,Dutch_Grand_Prix,SAI,32.0,72.0,40.0
2021,Dutch_Grand_Prix,STR,28.0,72.0,44.0
2021,Dutch_Grand_Prix,TSU,32.0,72.0,40.0
2021,Dutch_Grand_Prix,VER,22.0,72.0,50.0
2021,Dutch_Grand_Prix,VET,11.0,72.0,61.0
2021,French_Grand_Prix,ALO,19.0,53.0,34.0
2021,French_Grand_Prix,BOT,18.0,53.0,35.0
2021,French_Grand_Prix,GAS,18.0,53.0,35.0
2021,French_Grand_Prix,GIO,29.0,53.0,24.0
2021,French_Grand_Prix,HAM,20.0,53.0,33.0
2021,French_Grand_Prix,LAT,19.0,53.0,34.0
2021,French_Grand_Prix,LEC,15.0,53.0,38.0
2021,French_Grand_Prix,MAZ,32.0,53.0,21.0
2021,French_Grand_Prix,MSC,16.0,53.0,37.0
2021,French_Grand_Prix,NOR,25.0,53.0,28.0
2021,French_Grand_Prix,OCO,29.0,53.0,24.0
2021,French_Grand_Prix,PER,25.0,53.0,28.0
2021,French_Grand_Prix,RAI,34.0,53.0,19.0
2021,French_Grand_Prix,RIC,17.0,53.0,36.0
2021,French_Grand_Prix,RUS,18.0,53.0,35.0
2021,French_Grand_Prix,SAI,18.0,53.0,35.0
2021,French_Grand_Prix,STR,35.0,53.0,18.0
2021,French_Grand_Prix,TSU,16.0,53.0,37.0
2021,French_Grand_Prix,VER,19.0,53.0,34.0
2021,French_Grand_Prix,VET,38.0,53.0,15.0
2021,Italian_Grand_Prix,ALO,26.0,53.0,27.0
2021,Italian_Grand_Prix,BOT,27.0,53.0,26.0
2021,Italian_Grand_Prix,GIO,2.0,53.0,51.0
2021,Italian_Grand_Prix,KUB,27.0,53.0,26.0
2021,Italian_Grand_Prix,LAT,24.0,53.0,29.0
2021,Italian_Grand_Prix,LEC,27.0,53.0,26.0
2021,Italian_Grand_Prix,MAZ,25.0,53.0,28.0
2021,Italian_Grand_Prix,MSC,24.0,53.0,29.0
2021,Italian_Grand_Prix,NOR,25.0,53.0,28.0
2021,Italian_Grand_Prix,OCO,27.0,53.0,26.0
2021,Italian_Grand_Prix,PER,27.0,53.0,26.0
2021,Italian_Grand_Prix,RIC,23.0,53.0,30.0
2021,Italian_Grand_Prix,RUS,27.0,53.0,26.0
2021,Italian_Grand_Prix,SAI,27.0,53.0,26.0
2021,Italian_Grand_Prix,STR,26.0,53.0,27.0
2021,Italian_Grand_Prix,VER,24.0,53.0,29.0
2021,Italian_Grand_Prix,VET,23.0,53.0,30.0
2021,Mexico_City_Grand_Prix,ALO,40.0,71.0,31.0
2021,Mexico_City_Grand_Prix,BOT,2.0,71.0,69.0
2021,Mexico_City_Grand_Prix,GAS,32.0,71.0,39.0
2021,Mexico_City_Grand_Prix,GIO,17.0,71.0,54.0
2021,Mexico_City_Grand_Prix,HAM,30.0,71.0,41.0
2021,Mexico_City_Grand_Prix,LAT,12.0,71.0,59.0
2021,Mexico_City_Grand_Prix,LEC,31.0,71.0,40.0
2021,Mexico_City_Grand_Prix,MAZ,14.0,71.0,57.0
2021,Mexico_City_Grand_Prix,NOR,45.0,71.0,26.0
2021,Mexico_City_Grand_Prix,OCO,15.0,71.0,56.0
2021,Mexico_City_Grand_Prix,PER,41.0,71.0,30.0
2021,Mexico_City_Grand_Prix,RAI,33.0,71.0,38.0
2021,Mexico_City_Grand_Prix,RIC,2.0,71.0,69.0
2021,Mexico_City_Grand_Prix,RUS,16.0,71.0,55.0
2021,Mexico_City_Grand_Prix,SAI,43.0,71.0,28.0
2021,Mexico_City_Grand_Prix,STR,13.0,71.0,58.0
2021,Mexico_City_Grand_Prix,VER,34.0,71.0,37.0
2021,Mexico_City_Grand_Prix,VET,34.0,71.0,37.0
2021,Monaco_Grand_Prix,ALO,46.0,78.0,32.0
2021,Monaco_Grand_Prix,GAS,31.0,78.0,47.0
2021,Monaco_Grand_Prix,GIO,34.0,78.0,44.0
2021,Monaco_Grand_Prix,HAM,30.0,78.0,48.0
2021,Monaco_Grand_Prix,LAT,44.0,78.0,34.0
2021,Monaco_Grand_Prix,MAZ,35.0,78.0,43.0
2021,Monaco_Grand_Prix,MSC,38.0,78.0,40.0
2021,Monaco_Grand_Prix,NOR,31.0,78.0,47.0
2021,Monaco_Grand_Prix,OCO,38.0,78.0,40.0
2021,Monaco_Grand_Prix,PER,36.0,78.0,42.0
2021,Monaco_Grand_Prix,RAI,44.0,78.0,34.0
2021,Monaco_Grand_Prix,RIC,37.0,78.0,41.0
2021,Monaco_Grand_Prix,RUS,32.0,78.0,46.0
2021,Monaco_Grand_Prix,SAI,33.0,78.0,45.0
2021,Monaco_Grand_Prix,STR,59.0,78.0,19.0
2021,Monaco_Grand_Prix,TSU,65.0,78.0,13.0
2021,Monaco_Grand_Prix,VER,35.0,78.0,43.0
2021,Monaco_Grand_Prix,VET,32.0,78.0,46.0
2021,Portuguese_Grand_Prix,ALO,41.0,66.0,25.0
2021,Portuguese_Grand_Prix,BOT,37.0,66.0,29.0
2021,Portuguese_Grand_Prix,GAS,25.0,66.0,41.0
2021,Portuguese_Grand_Prix,GIO,23.0,66.0,43.0
2021,Portuguese_Grand_Prix,HAM,38.0,66.0,28.0
2021,Portuguese_Grand_Prix,LAT,25.0,66.0,41.0
2021,Portuguese_Grand_Prix,LEC,26.0,66.0,40.0
2021,Portuguese_Grand_Prix,MAZ,32.0,66.0,34.0
2021,Portuguese_Grand_Prix,MSC,33.0,66.0,33.0
2021,Portuguese_Grand_Prix,NOR,23.0,66.0,43.0
2021,Portuguese_Grand_Prix,OCO,23.0,66.0,43.0
2021,Portuguese_Grand_Prix,PER,52.0,66.0,14.0
2021,Portuguese_Grand_Prix,RIC,42.0,66.0,24.0
2021,Portuguese_Grand_Prix,RUS,29.0,66.0,37.0
2021,Portuguese_Grand_Prix,SAI,22.0,66.0,44.0
2021,Portuguese_Grand_Prix,STR,40.0,66.0,26.0
2021,Portuguese_Grand_Prix,TSU,22.0,66.0,44.0
2021,Portuguese_Grand_Prix,VER,36.0,66.0,30.0
2021,Portuguese_Grand_Prix,VET,23.0,66.0,43.0
2021,Qatar_Grand_Prix,ALO,24.0,57.0,33.0
2021,Qatar_Grand_Prix,BOT,34.0,57.0,23.0
2021,Qatar_Grand_Prix,GAS,14.0,57.0,43.0
2021,Qatar_Grand_Prix,GIO,16.0,57.0,41.0
2021,Qatar_Grand_Prix,HAM,19.0,57.0,38.0
2021,Qatar_Grand_Prix,LAT,19.0,57.0,38.0
2021,Qatar_Grand_Prix,LEC,28.0,57.0,29.0
2021,Qatar_Grand_Prix,MAZ,32.0,57.0,25.0
2021,Qatar_Grand_Prix,MSC,23.0,57.0,34.0
2021,Qatar_Grand_Prix,NOR,26.0,57.0,31.0
2021,Qatar_Grand_Prix,OCO,25.0,57.0,32.0
2021,Qatar_Grand_Prix,PER,20.0,57.0,37.0
2021,Qatar_Grand_Prix,RAI,11.0,57.0,46.0
2021,Qatar_Grand_Prix,RIC,27.0,57.0,30.0
2021,Qatar_Grand_Prix,RUS,18.0,57.0,39.0
2021,Qatar_Grand_Prix,SAI,28.0,57.0,29.0
2021,Qatar_Grand_Prix,STR,24.0,57.0,33.0
2021,Qatar_Grand_Prix,TSU,10.0,57.0,47.0
2021,Qatar_Grand_Prix,VER,18.0,57.0,39.0
2021,Qatar_Grand_Prix,VET,27.0,57.0,30.0
2021,Russian_Grand_Prix,LAT,14.0,53.0,39.0
2021,Russian_Grand_Prix,MSC,21.0,53.0,32.0
2021,Saudi_Arabian_Grand_Prix,ALO,11.0,50.0,39.0
2021,Saudi_Arabian_Grand_Prix,BOT,11.0,50.0,39.0
2021,Saudi_Arabian_Grand_Prix,GAS,14.0,50.0,36.0
2021,Saudi_Arabian_Grand_Prix,GIO,14.0,50.0,36.0
2021,Saudi_Arabian_Grand_Prix,HAM,11.0,50.0,39.0
2021,Saudi_Arabian_Grand_Prix,LAT,11.0,50.0,39.0
2021,Saudi_Arabian_Grand_Prix,LEC,11.0,50.0,39.0
2021,Saudi_Arabian_Grand_Prix,MAZ,14.0,50.0,36.0
2021,Saudi_Arabian_Grand_Prix,NOR,11.0,50.0,39.0
2021,Saudi_Arabian_Grand_Prix,OCO,14.0,50.0,36.0
2021,Saudi_Arabian_Grand_Prix,PER,11.0,50.0,39.0
2021,Saudi_Arabian_Grand_Prix,RAI,14.0,50.0,36.0
2021,Saudi_Arabian_Grand_Prix,RIC,14.0,50.0,36.0
2021,Saudi_Arabian_Grand_Prix,RUS,10.0,50.0,40.0
2021,Saudi_Arabian_Grand_Prix,SAI,14.0,50.0,36.0
2021,Saudi_Arabian_Grand_Prix,STR,10.0,50.0,40.0
2021,Saudi_Arabian_Grand_Prix,TSU,14.0,50.0,36.0
2021,Saudi_Arabian_Grand_Prix,VER,14.0,50.0,36.0
2021,Saudi_Arabian_Grand_Prix,VET,14.0,50.0,36.0
2021,Spanish_Grand_Prix,ALO,22.0,66.0,44.0
2021,Spanish_Grand_Prix,BOT,24.0,66.0,42.0
2021,Spanish_Grand_Prix,GAS,19.0,66.0,47.0
2021,Spanish_Grand_Prix,GIO,9.0,66.0,57.0
2021,Spanish_Grand_Prix,HAM,29.0,66.0,37.0
2021,Spanish_Grand_Prix,LAT,10.0,66.0,56.0
2021,Spanish_Grand_Prix,LEC,29.0,66.0,37.0
2021,Spanish_Grand_Prix,MAZ,23.0,66.0,43.0
2021,Spanish_Grand_Prix,MSC,24.0,66.0,42.0
2021,Spanish_Grand_Prix,NOR,24.0,66.0,42.0
2021,Spanish_Grand_Prix,OCO,24.0,66.0,42.0
2021,Spanish_Grand_Prix,PER,28.0,66.0,38.0
2021,Spanish_Grand_Prix,RAI,38.0,66.0,28.0
2021,Spanish_Grand_Prix,RIC,26.0,66.0,40.0
2021,Spanish_Grand_Prix,RUS,10.0,66.0,56.0
2021,Spanish_Grand_Prix,SAI,23.0,66.0,43.0
2021,Spanish_Grand_Prix,STR,23.0,66.0,43.0
2021,Spanish_Grand_Prix,VER,25.0,66.0,41.0
2021,Spanish_Grand_Prix,VET,22.0,66.0,44.0
2021,Styrian_Grand_Prix,ALO,28.0,71.0,43.0
2021,Styrian_Grand_Prix,BOT,28.0,71.0,43.0
2021,Styrian_Grand_Prix,GIO,24.0,71.0,47.0
2021,Styrian_Grand_Prix,HAM,29.0,71.0,42.0
2021,Styrian_Grand_Prix,LAT,2.0,71.0,69.0
2021,Styrian_Grand_Prix,LEC,2.0,71.0,69.0
2021,Styrian_Grand_Prix,MAZ,22.0,71.0,49.0
2021,Styrian_Grand_Prix,MSC,34.0,71.0,37.0
2021,Styrian_Grand_Prix,NOR,32.0,71.0,39.0
2021,Styrian_Grand_Prix,OCO,37.0,71.0,34.0
2021,Styrian_Grand_Prix,PER,27.0,71.0,44.0
2021,Styrian_Grand_Prix,RAI,37.0,71.0,34.0
2021,Styrian_Grand_Prix,RIC,42.0,71.0,29.0
2021,Styrian_Grand_Prix,RUS,26.0,71.0,45.0
2021,Styrian_Grand_Prix,SAI,42.0,71.0,29.0
2021,Styrian_Grand_Prix,STR,29.0,71.0,42.0
2021,Styrian_Grand_Prix,TSU,27.0,71.0,44.0
2021,Styrian_Grand_Prix,VER,30.0,71.0,41.0
2021,Styrian_Grand_Prix,VET,28.0,71.0,43.0
2021,São_Paulo_Grand_Prix,ALO,35.0,71.0,36.0
2021,São_Paulo_Grand_Prix,BOT,31.0,71.0,40.0
2021,São_Paulo_Grand_Prix,GAS,26.0,71.0,45.0
2021,São_Paulo_Grand_Prix,GIO,30.0,71.0,41.0
2021,São_Paulo_Grand_Prix,HAM,27.0,71.0,44.0
2021,São_Paulo_Grand_Prix,LAT,14.0,71.0,57.0
2021,São_Paulo_Grand_Prix,LEC,53.0,71.0,18.0
2021,São_Paulo_Grand_Prix,MAZ,35.0,71.0,36.0
2021,São_Paulo_Grand_Prix,MSC,12.0,71.0,59.0
2021,São_Paulo_Grand_Prix,NOR,2.0,71.0,69.0
2021,São_Paulo_Grand_Prix,OCO,31.0,71.0,40.0
2021,São_Paulo_Grand_Prix,PER,29.0,71.0,42.0
2021,São_Paulo_Grand_Prix,RAI,29.0,71.0,42.0
2021,São_Paulo_Grand_Prix,RIC,31.0,71.0,40.0
2021,São_Paulo_Grand_Prix,RUS,7.0,71.0,64.0
2021,São_Paulo_Grand_Prix,SAI,54.0,71.0,17.0
2021,São_Paulo_Grand_Prix,STR,23.0,71.0,48.0
2021,São_Paulo_Grand_Prix,TSU,5.0,71.0,66.0
2021,São_Paulo_Grand_Prix,VER,28.0,71.0,43.0
2021,São_Paulo_Grand_Prix,VET,29.0,71.0,42.0
2021,United_States_Grand_Prix,ALO,8.0,56.0,48.0
2021,United_States_Grand_Prix,BOT,16.0,56.0,40.0
2021,United_States_Grand_Prix,GAS,11.0,56.0,45.0
2021,United_States_Grand_Prix,GIO,27.0,56.0,29.0
2021,United_States_Grand_Prix,HAM,14.0,56.0,42.0
2021,United_States_Grand_Prix,LAT,6.0,56.0,50.0
2021,United_States_Grand_Prix,LEC,13.0,56.0,43.0
2021,United_States_Grand_Prix,MAZ,2.0,56.0,54.0
2021,United_States_Grand_Prix,MSC,12.0,56.0,44.0
2021,United_States_Grand_Prix,NOR,11.0,56.0,45.0
2021,United_States_Grand_Prix,OCO,4.0,56.0,52.0
2021,United_States_Grand_Prix,PER,31.0,56.0,25.0
2021,United_States_Grand_Prix,RAI,32.0,56.0,24.0
2021,United_States_Grand_Prix,RIC,12.0,56.0,44.0
2021,United_States_Grand_Prix,RUS,10.0,56.0,46.0
2021,United_States_Grand_Prix,SAI,12.0,56.0,44.0
2021,United_States_Grand_Prix,STR,35.0,56.0,21.0
2021,United_States_Grand_Prix,TSU,10.0,56.0,46.0
2021,United_States_Grand_Prix,VER,11.0,56.0,45.0
2021,United_States_Grand_Prix,VET,39.0,56.0,17.0
2022,Abu_Dhabi_Grand_Prix,ALB,13.0,58.0,45.0
2022,Abu_Dhabi_Grand_Prix,ALO,20.0,58.0,38.0
2022,Abu_Dhabi_Grand_Prix,BOT,31.0,58.0,27.0
2022,Abu_Dhabi_Grand_Prix,GAS,15.0,58.0,43.0
2022,Abu_Dhabi_Grand_Prix,HAM,19.0,58.0,39.0
2022,Abu_Dhabi_Grand_Prix,LAT,16.0,58.0,42.0
2022,Abu_Dhabi_Grand_Prix,LEC,22.0,58.0,36.0
2022,Abu_Dhabi_Grand_Prix,MAG,29.0,58.0,29.0
2022,Abu_Dhabi_Grand_Prix,MSC,15.0,58.0,43.0
2022,Abu_Dhabi_Grand_Prix,NOR,16.0,58.0,42.0
2022,Abu_Dhabi_Grand_Prix,OCO,15.0,58.0,43.0
2022,Abu_Dhabi_Grand_Prix,PER,16.0,58.0,42.0
2022,Abu_Dhabi_Grand_Prix,RIC,20.0,58.0,38.0
2022,Abu_Dhabi_Grand_Prix,RUS,16.0,58.0,42.0
2022,Abu_Dhabi_Grand_Prix,SAI,18.0,58.0,40.0
2022,Abu_Dhabi_Grand_Prix,STR,14.0,58.0,44.0
2022,Abu_Dhabi_Grand_Prix,TSU,15.0,58.0,43.0
2022,Abu_Dhabi_Grand_Prix,VER,21.0,58.0,37.0
2022,Abu_Dhabi_Grand_Prix,VET,26.0,58.0,32.0
2022,Abu_Dhabi_Grand_Prix,ZHO,16.0,58.0,42.0
2022,Australian_Grand_Prix,ALB,58.0,58.0,0.0
2022,Australian_Grand_Prix,ALO,40.0,58.0,18.0
2022,Australian_Grand_Prix,BOT,23.0,58.0,35.0
2022,Australian_Grand_Prix,GAS,22.0,58.0,36.0
2022,Australian_Grand_Prix,HAM,23.0,58.0,35.0
2022,Australian_Grand_Prix,LAT,14.0,58.0,44.0
2022,Australian_Grand_Prix,LEC,23.0,58.0,35.0
2022,Australian_Grand_Prix,MAG,40.0,58.0,18.0
2022,Australian_Grand_Prix,MSC,15.0,58.0,43.0
2022,Australian_Grand_Prix,NOR,21.0,58.0,37.0
2022,Australian_Grand_Prix,OCO,18.0,58.0,40.0
2022,Australian_Grand_Prix,PER,21.0,58.0,37.0
2022,Australian_Grand_Prix,RIC,22.0,58.0,36.0
2022,Australian_Grand_Prix,RUS,24.0,58.0,34.0
2022,Australian_Grand_Prix,STR,4.0,58.0,54.0
2022,Australian_Grand_Prix,TSU,19.0,58.0,39.0
2022,Australian_Grand_Prix,VER,19.0,58.0,39.0
2022,Australian_Grand_Prix,ZHO,22.0,58.0,36.0
2022,Austrian_Grand_Prix,ALB,12.0,71.0,59.0
2022,Austrian_Grand_Prix,ALO,58.0,71.0,13.0
2022,Austrian_Grand_Prix,BOT,7.0,71.0,64.0
2022,Austrian_Grand_Prix,GAS,13.0,71.0,58.0
2022,Austrian_Grand_Prix,HAM,29.0,71.0,42.0
2022,Austrian_Grand_Prix,LAT,13.0,71.0,58.0
2022,Austrian_Grand_Prix,LEC,27.0,71.0,44.0
2022,Austrian_Grand_Prix,MAG,16.0,71.0,55.0
2022,Austrian_Grand_Prix,MSC,17.0,71.0,54.0
2022,Austrian_Grand_Prix,NOR,15.0,71.0,56.0
2022,Austrian_Grand_Prix,OCO,17.0,71.0,54.0
2022,Austrian_Grand_Prix,PER,2.0,71.0,69.0
2022,Austrian_Grand_Prix,RIC,13.0,71.0,58.0
2022,Austrian_Grand_Prix,RUS,12.0,71.0,59.0
2022,Austrian_Grand_Prix,SAI,28.0,71.0,43.0
2022,Austrian_Grand_Prix,STR,30.0,71.0,41.0
2022,Austrian_Grand_Prix,TSU,27.0,71.0,44.0
2022,Austrian_Grand_Prix,VER,14.0,71.0,57.0
2022,Austrian_Grand_Prix,VET,21.0,71.0,50.0
2022,Austrian_Grand_Prix,ZHO,47.0,71.0,24.0
2022,Azerbaijan_Grand_Prix,ALB,10.0,51.0,41.0
2022,Azerbaijan_Grand_Prix,ALO,19.0,51.0,32.0
2022,Azerbaijan_Grand_Prix,BOT,34.0,51.0,17.0
2022,Azerbaijan_Grand_Prix,GAS,10.0,51.0,41.0
2022,Azerbaijan_Grand_Prix,HAM,10.0,51.0,41.0
2022,Azerbaijan_Grand_Prix,LAT,18.0,51.0,33.0
2022,Azerbaijan_Grand_Prix,LEC,10.0,51.0,41.0
2022,Azerbaijan_Grand_Prix,MAG,10.0,51.0,41.0
2022,Azerbaijan_Grand_Prix,MSC,10.0,51.0,41.0
2022,Azerbaijan_Grand_Prix,NOR,21.0,51.0,30.0
2022,Azerbaijan_Grand_Prix,OCO,34.0,51.0,17.0
2022,Azerbaijan_Grand_Prix,PER,17.0,51.0,34.0
2022,Azerbaijan_Grand_Prix,RIC,34.0,51.0,17.0
2022,Azerbaijan_Grand_Prix,RUS,10.0,51.0,41.0
2022,Azerbaijan_Grand_Prix,STR,31.0,51.0,20.0
2022,Azerbaijan_Grand_Prix,TSU,10.0,51.0,41.0
2022,Azerbaijan_Grand_Prix,VER,19.0,51.0,32.0
2022,Azerbaijan_Grand_Prix,VET,10.0,51.0,41.0
2022,Azerbaijan_Grand_Prix,ZHO,10.0,51.0,41.0
2022,Bahrain_Grand_Prix,ALB,14.0,57.0,43.0
2022,Bahrain_Grand_Prix,ALO,12.0,57.0,45.0
2022,Bahrain_Grand_Prix,BOT,15.0,57.0,42.0
2022,Bahrain_Grand_Prix,GAS,15.0,57.0,42.0
2022,Bahrain_Grand_Prix,HAM,12.0,57.0,45.0
2022,Bahrain_Grand_Prix,HUL,38.0,57.0,19.0
2022,Bahrain_Grand_Prix,LAT,33.0,57.0,24.0
2022,Bahrain_Grand_Prix,LEC,32.0,57.0,25.0
2022,Bahrain_Grand_Prix,MAG,35.0,57.0,22.0
2022,Bahrain_Grand_Prix,MSC,13.0,57.0,44.0
2022,Bahrain_Grand_Prix,NOR,25.0,57.0,32.0
2022,Bahrain_Grand_Prix,OCO,15.0,57.0,42.0
2022,Bahrain_Grand_Prix,PER,16.0,57.0,41.0
2022,Bahrain_Grand_Prix,RIC,18.0,57.0,39.0
2022,Bahrain_Grand_Prix,RUS,16.0,57.0,41.0
2022,Bahrain_Grand_Prix,SAI,34.0,57.0,23.0
2022,Bahrain_Grand_Prix,STR,39.0,57.0,18.0
2022,Bahrain_Grand_Prix,TSU,16.0,57.0,41.0
2022,Bahrain_Grand_Prix,VER,31.0,57.0,26.0
2022,Bahrain_Grand_Prix,ZHO,16.0,57.0,41.0
2022,Belgian_Grand_Prix,ALB,11.0,44.0,33.0
2022,Belgian_Grand_Prix,ALO,26.0,44.0,18.0
2022,Belgian_Grand_Prix,GAS,11.0,44.0,33.0
2022,Belgian_Grand_Prix,LAT,16.0,44.0,28.0
2022,Belgian_Grand_Prix,LEC,4.0,44.0,40.0
2022,Belgian_Grand_Prix,MAG,12.0,44.0,32.0
2022,Belgian_Grand_Prix,MSC,15.0,44.0,29.0
2022,Belgian_Grand_Prix,NOR,14.0,44.0,30.0
2022,Belgian_Grand_Prix,OCO,13.0,44.0,31.0
2022,Belgian_Grand_Prix,PER,28.0,44.0,16.0
2022,Belgian_Grand_Prix,RIC,13.0,44.0,31.0
2022,Belgian_Grand_Prix,RUS,30.0,44.0,14.0
2022,Belgian_Grand_Prix,SAI,12.0,44.0,32.0
2022,Belgian_Grand_Prix,STR,27.0,44.0,17.0
2022,Belgian_Grand_Prix,TSU,19.0,44.0,25.0
2022,Belgian_Grand_Prix,VER,16.0,44.0,28.0
2022,Belgian_Grand_Prix,VET,15.0,44.0,29.0
2022,Belgian_Grand_Prix,ZHO,29.0,44.0,15.0
2022,British_Grand_Prix,ALO,34.0,52.0,18.0
2022,British_Grand_Prix,GAS,2.0,52.0,50.0
2022,British_Grand_Prix,HAM,34.0,52.0,18.0
2022,British_Grand_Prix,LAT,20.0,52.0,32.0
2022,British_Grand_Prix,LEC,26.0,52.0,26.0
2022,British_Grand_Prix,MAG,2.0,52.0,50.0
2022,British_Grand_Prix,MSC,20.0,52.0,32.0
2022,British_Grand_Prix,NOR,35.0,52.0,17.0
2022,British_Grand_Prix,OCO,2.0,52.0,50.0
2022,British_Grand_Prix,PER,40.0,52.0,12.0
2022,British_Grand_Prix,RIC,21.0,52.0,31.0
2022,British_Grand_Prix,SAI,21.0,52.0,31.0
2022,British_Grand_Prix,STR,16.0,52.0,36.0
2022,British_Grand_Prix,TSU,2.0,52.0,50.0
2022,British_Grand_Prix,VER,2.0,52.0,50.0
2022,British_Grand_Prix,VET,7.0,52.0,45.0
2022,Canadian_Grand_Prix,ALB,19.0,70.0,51.0
2022,Canadian_Grand_Prix,ALO,29.0,70.0,41.0
2022,Canadian_Grand_Prix,BOT,50.0,70.0,20.0
2022,Canadian_Grand_Prix,GAS,6.0,70.0,64.0
2022,Canadian_Grand_Prix,HAM,10.0,70.0,60.0
2022,Canadian_Grand_Prix,LAT,10.0,70.0,60.0
2022,Canadian_Grand_Prix,LEC,42.0,70.0,28.0
2022,Canadian_Grand_Prix,MAG,8.0,70.0,62.0
2022,Canadian_Grand_Prix,NOR,43.0,70.0,27.0
2022,Canadian_Grand_Prix,OCO,20.0,70.0,50.0
2022,Canadian_Grand_Prix,RIC,20.0,70.0,50.0
2022,Canadian_Grand_Prix,RUS,20.0,70.0,50.0
2022,Canadian_Grand_Prix,SAI,21.0,70.0,49.0
2022,Canadian_Grand_Prix,STR,48.0,70.0,22.0
2022,Canadian_Grand_Prix,TSU,10.0,70.0,60.0
2022,Canadian_Grand_Prix,VER,10.0,70.0,60.0
2022,Canadian_Grand_Prix,VET,6.0,70.0,64.0
2022,Canadian_Grand_Prix,ZHO,20.0,70.0,50.0
2022,Dutch_Grand_Prix,ALB,43.0,72.0,29.0
2022,Dutch_Grand_Prix,ALO,13.0,72.0,59.0
2022,Dutch_Grand_Prix,BOT,35.0,72.0,37.0
2022,Dutch_Grand_Prix,GAS,12.0,72.0,60.0
2022,Dutch_Grand_Prix,HAM,30.0,72.0,42.0
2022,Dutch_Grand_Prix,LAT,14.0,72.0,58.0
2022,Dutch_Grand_Prix,LEC,18.0,72.0,54.0
2022,Dutch_Grand_Prix,MAG,35.0,72.0,37.0
2022,Dutch_Grand_Prix,MSC,34.0,72.0,38.0
2022,Dutch_Grand_Prix,NOR,18.0,72.0,54.0
2022,Dutch_Grand_Prix,OCO,19.0,72.0,53.0
2022,Dutch_Grand_Prix,PER,15.0,72.0,57.0
2022,Dutch_Grand_Prix,RIC,12.0,72.0,60.0
2022,Dutch_Grand_Prix,RUS,32.0,72.0,40.0
2022,Dutch_Grand_Prix,SAI,15.0,72.0,57.0
2022,Dutch_Grand_Prix,STR,17.0,72.0,55.0
2022,Dutch_Grand_Prix,TSU,14.0,72.0,58.0
2022,Dutch_Grand_Prix,VER,19.0,72.0,53.0
2022,Dutch_Grand_Prix,VET,10.0,72.0,62.0
2022,Dutch_Grand_Prix,ZHO,38.0,72.0,34.0
2022,French_Grand_Prix,ALB,19.0,53.0,34.0
2022,French_Grand_Prix,ALO,19.0,53.0,34.0
2022,French_Grand_Prix,BOT,37.0,53.0,16.0
2022,French_Grand_Prix,GAS,19.0,53.0,34.0
2022,French_Grand_Prix,HAM,19.0,53.0,34.0
2022,French_Grand_Prix,LAT,20.0,53.0,33.0
2022,French_Grand_Prix,MAG,9.0,53.0,44.0
2022,French_Grand_Prix,MSC,10.0,53.0,43.0
2022,French_Grand_Prix,NOR,19.0,53.0,34.0
2022,French_Grand_Prix,OCO,19.0,53.0,34.0
2022,French_Grand_Prix,PER,19.0,53.0,34.0
2022,French_Grand_Prix,RIC,19.0,53.0,34.0
2022,French_Grand_Prix,RUS,19.0,53.0,34.0
2022,French_Grand_Prix,SAI,19.0,53.0,34.0
2022,French_Grand_Prix,STR,19.0,53.0,34.0
2022,French_Grand_Prix,TSU,12.0,53.0,41.0
2022,French_Grand_Prix,VER,17.0,53.0,36.0
2022,French_Grand_Prix,VET,20.0,53.0,33.0
2022,French_Grand_Prix,ZHO,10.0,53.0,43.0
2022,Hungarian_Grand_Prix,ALB,3.0,70.0,67.0
2022,Hungarian_Grand_Prix,ALO,22.0,70.0,48.0
2022,Hungarian_Grand_Prix,BOT,27.0,70.0,43.0
2022,Hungarian_Grand_Prix,GAS,17.0,70.0,53.0
2022,Hungarian_Grand_Prix,HAM,52.0,70.0,18.0
2022,Hungarian_Grand_Prix,LAT,40.0,70.0,30.0
2022,Hungarian_Grand_Prix,LEC,40.0,70.0,30.0
2022,Hungarian_Grand_Prix,MAG,7.0,70.0,63.0
2022,Hungarian_Grand_Prix,MSC,22.0,70.0,48.0
2022,Hungarian_Grand_Prix,NOR,15.0,70.0,55.0
2022,Hungarian_Grand_Prix,OCO,24.0,70.0,46.0
2022,Hungarian_Grand_Prix,PER,19.0,70.0,51.0
2022,Hungarian_Grand_Prix,RIC,16.0,70.0,54.0
2022,Hungarian_Grand_Prix,RUS,17.0,70.0,53.0
2022,Hungarian_Grand_Prix,SAI,48.0,70.0,22.0
2022,Hungarian_Grand_Prix,STR,15.0,70.0,55.0
2022,Hungarian_Grand_Prix,TSU,14.0,70.0,56.0
2022,Hungarian_Grand_Prix,VER,17.0,70.0,53.0
2022,Hungarian_Grand_Prix,VET,16.0,70.0,54.0
2022,Hungarian_Grand_Prix,ZHO,28.0,70.0,42.0
2022,Italian_Grand_Prix,BOT,36.0,53.0,17.0
2022,Italian_Grand_Prix,DEV,20.0,53.0,33.0
2022,Italian_Grand_Prix,GAS,19.0,53.0,34.0
2022,Italian_Grand_Prix,HAM,34.0,53.0,19.0
2022,Italian_Grand_Prix,LAT,16.0,53.0,37.0
2022,Italian_Grand_Prix,LEC,13.0,53.0,40.0
2022,Italian_Grand_Prix,MAG,25.0,53.0,28.0
2022,Italian_Grand_Prix,MSC,34.0,53.0,19.0
2022,Italian_Grand_Prix,NOR,36.0,53.0,17.0
2022,Italian_Grand_Prix,OCO,20.0,53.0,33.0
2022,Italian_Grand_Prix,PER,8.0,53.0,45.0
2022,Italian_Grand_Prix,RIC,20.0,53.0,33.0
2022,Italian_Grand_Prix,RUS,24.0,53.0,29.0
2022,Italian_Grand_Prix,SAI,31.0,53.0,22.0
2022,Italian_Grand_Prix,STR,19.0,53.0,34.0
2022,Italian_Grand_Prix,TSU,20.0,53.0,33.0
2022,Italian_Grand_Prix,VER,26.0,53.0,27.0
2022,Italian_Grand_Prix,ZHO,19.0,53.0,34.0
2022,Mexico_City_Grand_Prix,ALB,39.0,71.0,32.0
2022,Mexico_City_Grand_Prix,ALO,41.0,71.0,30.0
2022,Mexico_City_Grand_Prix,BOT,40.0,71.0,31.0
2022,Mexico_City_Grand_Prix,GAS,41.0,71.0,30.0
2022,Mexico_City_Grand_Prix,HAM,30.0,71.0,41.0
2022,Mexico_City_Grand_Prix,LAT,24.0,71.0,47.0
2022,Mexico_City_Grand_Prix,LEC,29.0,71.0,42.0
2022,Mexico_City_Grand_Prix,MAG,39.0,71.0,32.0
2022,Mexico_City_Grand_Prix,MSC,25.0,71.0,46.0
2022,Mexico_City_Grand_Prix,NOR,32.0,71.0,39.0
2022,Mexico_City_Grand_Prix,OCO,34.0,71.0,37.0
2022,Mexico_City_Grand_Prix,PER,24.0,71.0,47.0
2022,Mexico_City_Grand_Prix,RIC,45.0,71.0,26.0
2022,Mexico_City_Grand_Prix,RUS,35.0,71.0,36.0
2022,Mexico_City_Grand_Prix,SAI,30.0,71.0,41.0
2022,Mexico_City_Grand_Prix,STR,18.0,71.0,53.0
2022,Mexico_City_Grand_Prix,TSU,30.0,71.0,41.0
2022,Mexico_City_Grand_Prix,VER,26.0,71.0,45.0
2022,Mexico_City_Grand_Prix,VET,39.0,71.0,32.0
2022,Mexico_City_Grand_Prix,ZHO,46.0,71.0,25.0
2022,Miami_Grand_Prix,ALB,17.0,57.0,40.0
2022,Miami_Grand_Prix,ALO,16.0,57.0,41.0
2022,Miami_Grand_Prix,BOT,27.0,57.0,30.0
2022,Miami_Grand_Prix,GAS,17.0,57.0,40.0
2022,Miami_Grand_Prix,HAM,23.0,57.0,34.0
2022,Miami_Grand_Prix,LAT,35.0,57.0,22.0
2022,Miami_Grand_Prix,LEC,25.0,57.0,32.0
2022,Miami_Grand_Prix,MAG,13.0,57.0,44.0
2022,Miami_Grand_Prix,MSC,15.0,57.0,42.0
2022,Miami_Grand_Prix,NOR,19.0,57.0,38.0
2022,Miami_Grand_Prix,OCO,42.0,57.0,15.0
2022,Miami_Grand_Prix,PER,28.0,57.0,29.0
2022,Miami_Grand_Prix,RIC,31.0,57.0,26.0
2022,Miami_Grand_Prix,RUS,41.0,57.0,16.0
2022,Miami_Grand_Prix,SAI,28.0,57.0,29.0
2022,Miami_Grand_Prix,STR,41.0,57.0,16.0
2022,Miami_Grand_Prix,TSU,12.0,57.0,45.0
2022,Miami_Grand_Prix,VER,27.0,57.0,30.0
2022,Miami_Grand_Prix,VET,42.0,57.0,15.0
2022,Saudi_Arabian_Grand_Prix,ALB,14.0,50.0,36.0
2022,Saudi_Arabian_Grand_Prix,ALO,17.0,50.0,33.0
2022,Saudi_Arabian_Grand_Prix,BOT,17.0,50.0,33.0
2022,Saudi_Arabian_Grand_Prix,GAS,16.0,50.0,34.0
2022,Saudi_Arabian_Grand_Prix,HAM,41.0,50.0,9.0
2022,Saudi_Arabian_Grand_Prix,HUL,38.0,50.0,12.0
2022,Saudi_Arabian_Grand_Prix,LEC,17.0,50.0,33.0
2022,Saudi_Arabian_Grand_Prix,MAG,38.0,50.0,12.0
2022,Saudi_Arabian_Grand_Prix,NOR,17.0,50.0,33.0
2022,Saudi_Arabian_Grand_Prix,OCO,17.0,50.0,33.0
2022,Saudi_Arabian_Grand_Prix,PER,16.0,50.0,34.0
2022,Saudi_Arabian_Grand_Prix,RIC,9.0,50.0,41.0
2022,Saudi_Arabian_Grand_Prix,RUS,17.0,50.0,33.0
2022,Saudi_Arabian_Grand_Prix,SAI,17.0,50.0,33.0
2022,Saudi_Arabian_Grand_Prix,STR,14.0,50.0,36.0
2022,Saudi_Arabian_Grand_Prix,VER,17.0,50.0,33.0
2022,Saudi_Arabian_Grand_Prix,ZHO,17.0,50.0,33.0
2022,Spanish_Grand_Prix,ALB,12.0,66.0,54.0
2022,Spanish_Grand_Prix,ALO,11.0,66.0,55.0
2022,Spanish_Grand_Prix,BOT,15.0,66.0,51.0
2022,Spanish_Grand_Prix,GAS,11.0,66.0,55.0
2022,Spanish_Grand_Prix,HAM,2.0,66.0,64.0
2022,Spanish_Grand_Prix,LAT,13.0,66.0,53.0
2022,Spanish_Grand_Prix,LEC,22.0,66.0,44.0
2022,Spanish_Grand_Prix,MAG,2.0,66.0,64.0
2022,Spanish_Grand_Prix,MSC,31.0,66.0,35.0
2022,Spanish_Grand_Prix,NOR,13.0,66.0,53.0
2022,Spanish_Grand_Prix,OCO,14.0,66.0,52.0
2022,Spanish_Grand_Prix,PER,18.0,66.0,48.0
2022,Spanish_Grand_Prix,RIC,32.0,66.0,34.0
2022,Spanish_Grand_Prix,RUS,14.0,66.0,52.0
2022,Spanish_Grand_Prix,SAI,11.0,66.0,55.0
2022,Spanish_Grand_Prix,STR,28.0,66.0,38.0
2022,Spanish_Grand_Prix,TSU,12.0,66.0,54.0
2022,Spanish_Grand_Prix,VER,14.0,66.0,52.0
2022,Spanish_Grand_Prix,VET,43.0,66.0,23.0
2022,Spanish_Grand_Prix,ZHO,11.0,66.0,55.0
2022,São_Paulo_Grand_Prix,ALB,5.0,71.0,66.0
2022,São_Paulo_Grand_Prix,ALO,53.0,71.0,18.0
2022,São_Paulo_Grand_Prix,BOT,25.0,71.0,46.0
2022,São_Paulo_Grand_Prix,GAS,20.0,71.0,51.0
2022,São_Paulo_Grand_Prix,HAM,30.0,71.0,41.0
2022,São_Paulo_Grand_Prix,LAT,21.0,71.0,50.0
2022,São_Paulo_Grand_Prix,LEC,22.0,71.0,49.0
2022,São_Paulo_Grand_Prix,MSC,25.0,71.0,46.0
2022,São_Paulo_Grand_Prix,NOR,25.0,71.0,46.0
2022,São_Paulo_Grand_Prix,OCO,25.0,71.0,46.0
2022,São_Paulo_Grand_Prix,PER,24.0,71.0,47.0
2022,São_Paulo_Grand_Prix,RUS,25.0,71.0,46.0
2022,São_Paulo_Grand_Prix,SAI,18.0,71.0,53.0
2022,São_Paulo_Grand_Prix,STR,49.0,71.0,22.0
2022,São_Paulo_Grand_Prix,TSU,21.0,71.0,50.0
2022,São_Paulo_Grand_Prix,VER,8.0,71.0,63.0
2022,São_Paulo_Grand_Prix,VET,27.0,71.0,44.0
2022,São_Paulo_Grand_Prix,ZHO,17.0,71.0,54.0
2022,United_States_Grand_Prix,ALB,19.0,56.0,37.0
2022,United_States_Grand_Prix,ALO,19.0,56.0,37.0
2022,United_States_Grand_Prix,BOT,11.0,56.0,45.0
2022,United_States_Grand_Prix,GAS,12.0,56.0,44.0
2022,United_States_Grand_Prix,HAM,13.0,56.0,43.0
2022,United_States_Grand_Prix,LAT,19.0,56.0,37.0
2022,United_States_Grand_Prix,LEC,19.0,56.0,37.0
2022,United_States_Grand_Prix,MAG,19.0,56.0,37.0
2022,United_States_Grand_Prix,MSC,19.0,56.0,37.0
2022,United_States_Grand_Prix,NOR,15.0,56.0,41.0
2022,United_States_Grand_Prix,OCO,46.0,56.0,10.0
2022,United_States_Grand_Prix,PER,15.0,56.0,41.0
2022,United_States_Grand_Prix,RIC,11.0,56.0,45.0
2022,United_States_Grand_Prix,RUS,14.0,56.0,42.0
2022,United_States_Grand_Prix,TSU,34.0,56.0,22.0
2022,United_States_Grand_Prix,VER,14.0,56.0,42.0
2022,United_States_Grand_Prix,VET,42.0,56.0,14.0
2022,United_States_Grand_Prix,ZHO,10.0,56.0,46.0
2023,Abu_Dhabi_Grand_Prix,ALB,17.0,58.0,41.0
2023,Abu_Dhabi_Grand_Prix,ALO,13.0,58.0,45.0
2023,Abu_Dhabi_Grand_Prix,BOT,30.0,58.0,28.0
2023,Abu_Dhabi_Grand_Prix,GAS,18.0,58.0,40.0
2023,Abu_Dhabi_Grand_Prix,HAM,16.0,58.0,42.0
2023,Abu_Dhabi_Grand_Prix,HUL,14.0,58.0,44.0
2023,Abu_Dhabi_Grand_Prix,LEC,18.0,58.0,40.0
2023,Abu_Dhabi_Grand_Prix,MAG,6.0,58.0,52.0
2023,Abu_Dhabi_Grand_Prix,NOR,15.0,58.0,43.0
2023,Abu_Dhabi_Grand_Prix,OCO,16.0,58.0,42.0
2023,Abu_Dhabi_Grand_Prix,PER,18.0,58.0,40.0
2023,Abu_Dhabi_Grand_Prix,PIA,14.0,58.0,44.0
2023,Abu_Dhabi_Grand_Prix,RIC,8.0,58.0,50.0
2023,Abu_Dhabi_Grand_Prix,RUS,15.0,58.0,43.0
2023,Abu_Dhabi_Grand_Prix,SAI,57.0,58.0,1.0
2023,Abu_Dhabi_Grand_Prix,SAR,16.0,58.0,42.0
2023,Abu_Dhabi_Grand_Prix,STR,43.0,58.0,15.0
2023,Abu_Dhabi_Grand_Prix,TSU,23.0,58.0,35.0
2023,Abu_Dhabi_Grand_Prix,VER,17.0,58.0,41.0
2023,Abu_Dhabi_Grand_Prix,ZHO,14.0,58.0,44.0
2023,Australian_Grand_Prix,ALO,9.0,58.0,49.0
2023,Australian_Grand_Prix,BOT,2.0,58.0,56.0
2023,Australian_Grand_Prix,DEV,9.0,58.0,49.0
2023,Australian_Grand_Prix,GAS,9.0,58.0,49.0
2023,Australian_Grand_Prix,HAM,9.0,58.0,49.0
2023,Australian_Grand_Prix,HUL,9.0,58.0,49.0
2023,Australian_Grand_Prix,MAG,8.0,58.0,50.0
2023,Australian_Grand_Prix,NOR,9.0,58.0,49.0
2023,Australian_Grand_Prix,OCO,2.0,58.0,56.0
2023,Australian_Grand_Prix,PER,2.0,58.0,56.0
2023,Australian_Grand_Prix,PIA,9.0,58.0,49.0
2023,Australian_Grand_Prix,RUS,8.0,58.0,50.0
2023,Australian_Grand_Prix,SAI,8.0,58.0,50.0
2023,Australian_Grand_Prix,SAR,2.0,58.0,56.0
2023,Australian_Grand_Prix,STR,9.0,58.0,49.0
2023,Australian_Grand_Prix,TSU,9.0,58.0,49.0
2023,Australian_Grand_Prix,VER,9.0,58.0,49.0
2023,Australian_Grand_Prix,ZHO,2.0,58.0,56.0
2023,Austrian_Grand_Prix,ALB,15.0,71.0,56.0
2023,Austrian_Grand_Prix,ALO,16.0,71.0,55.0
2023,Austrian_Grand_Prix,BOT,22.0,71.0,49.0
2023,Austrian_Grand_Prix,DEV,13.0,71.0,58.0
2023,Austrian_Grand_Prix,GAS,15.0,71.0,56.0
2023,Austrian_Grand_Prix,HAM,15.0,71.0,56.0
2023,Austrian_Grand_Prix,HUL,12.0,71.0,59.0
2023,Austrian_Grand_Prix,LEC,48.0,71.0,23.0
2023,Austrian_Grand_Prix,MAG,2.0,71.0,69.0
2023,Austrian_Grand_Prix,NOR,15.0,71.0,56.0
2023,Austrian_Grand_Prix,OCO,15.0,71.0,56.0
2023,Austrian_Grand_Prix,PER,51.0,71.0,20.0
2023,Austrian_Grand_Prix,PIA,15.0,71.0,56.0
2023,Austrian_Grand_Prix,RUS,15.0,71.0,56.0
2023,Austrian_Grand_Prix,SAI,46.0,71.0,25.0
2023,Austrian_Grand_Prix,SAR,15.0,71.0,56.0
2023,Austrian_Grand_Prix,STR,16.0,71.0,55.0
2023,Austrian_Grand_Prix,TSU,2.0,71.0,69.0
2023,Austrian_Grand_Prix,VER,25.0,71.0,46.0
2023,Austrian_Grand_Prix,ZHO,9.0,71.0,62.0
2023,Azerbaijan_Grand_Prix,ALB,8.0,51.0,43.0
2023,Azerbaijan_Grand_Prix,ALO,12.0,51.0,39.0
2023,Azerbaijan_Grand_Prix,BOT,7.0,51.0,44.0
2023,Azerbaijan_Grand_Prix,GAS,6.0,51.0,45.0
2023,Azerbaijan_Grand_Prix,HAM,10.0,51.0,41.0
2023,Azerbaijan_Grand_Prix,HUL,50.0,51.0,1.0
2023,Azerbaijan_Grand_Prix,LEC,12.0,51.0,39.0
2023,Azerbaijan_Grand_Prix,MAG,11.0,51.0,40.0
2023,Azerbaijan_Grand_Prix,NOR,10.0,51.0,41.0
2023,Azerbaijan_Grand_Prix,OCO,51.0,51.0,0.0
2023,Azerbaijan_Grand_Prix,PER,12.0,51.0,39.0
2023,Azerbaijan_Grand_Prix,PIA,9.0,51.0,42.0
2023,Azerbaijan_Grand_Prix,RUS,12.0,51.0,39.0
2023,Azerbaijan_Grand_Prix,SAI,12.0,51.0,39.0
2023,Azerbaijan_Grand_Prix,SAR,9.0,51.0,42.0
2023,Azerbaijan_Grand_Prix,STR,12.0,51.0,39.0
2023,Azerbaijan_Grand_Prix,TSU,9.0,51.0,42.0
2023,Azerbaijan_Grand_Prix,VER,11.0,51.0,40.0
2023,Azerbaijan_Grand_Prix,ZHO,12.0,51.0,39.0
2023,Bahrain_Grand_Prix,ALB,27.0,57.0,30.0
2023,Bahrain_Grand_Prix,ALO,15.0,57.0,42.0
2023,Bahrain_Grand_Prix,BOT,12.0,57.0,45.0
2023,Bahrain_Grand_Prix,DEV,12.0,57.0,45.0
2023,Bahrain_Grand_Prix,GAS,10.0,57.0,47.0
2023,Bahrain_Grand_Prix,HAM,13.0,57.0,44.0
2023,Bahrain_Grand_Prix,HUL,12.0,57.0,45.0
2023,Bahrain_Grand_Prix,LEC,14.0,57.0,43.0
2023,Bahrain_Grand_Prix,MAG,30.0,57.0,27.0
2023,Bahrain_Grand_Prix,NOR,11.0,57.0,46.0
2023,Bahrain_Grand_Prix,OCO,13.0,57.0,44.0
2023,Bahrain_Grand_Prix,PER,35.0,57.0,22.0
2023,Bahrain_Grand_Prix,RUS,14.0,57.0,43.0
2023,Bahrain_Grand_Prix,SAI,14.0,57.0,43.0
2023,Bahrain_Grand_Prix,SAR,31.0,57.0,26.0
2023,Bahrain_Grand_Prix,STR,16.0,57.0,41.0
2023,Bahrain_Grand_Prix,TSU,11.0,57.0,46.0
2023,Bahrain_Grand_Prix,VER,37.0,57.0,20.0
2023,Bahrain_Grand_Prix,ZHO,13.0,57.0,44.0
2023,Belgian_Grand_Prix,ALB,8.0,44.0,36.0
2023,Belgian_Grand_Prix,ALO,30.0,44.0,14.0
2023,Belgian_Grand_Prix,BOT,7.0,44.0,37.0
2023,Belgian_Grand_Prix,GAS,24.0,44.0,20.0
2023,Belgian_Grand_Prix,HAM,13.0,44.0,31.0
2023,Belgian_Grand_Prix,HUL,13.0,44.0,31.0
2023,Belgian_Grand_Prix,LEC,14.0,44.0,30.0
2023,Belgian_Grand_Prix,MAG,6.0,44.0,38.0
2023,Belgian_Grand_Prix,NOR,6.0,44.0,38.0
2023,Belgian_Grand_Prix,OCO,7.0,44.0,37.0
2023,Belgian_Grand_Prix,PER,14.0,44.0,30.0
2023,Belgian_Grand_Prix,RIC,6.0,44.0,38.0
2023,Belgian_Grand_Prix,RUS,23.0,44.0,21.0
2023,Belgian_Grand_Prix,SAI,8.0,44.0,36.0
2023,Belgian_Grand_Prix,SAR,9.0,44.0,35.0
2023,Belgian_Grand_Prix,STR,21.0,44.0,23.0
2023,Belgian_Grand_Prix,TSU,25.0,44.0,19.0
2023,Belgian_Grand_Prix,VER,15.0,44.0,29.0
2023,Belgian_Grand_Prix,ZHO,8.0,44.0,36.0
2023,British_Grand_Prix,ALB,33.0,52.0,19.0
2023,British_Grand_Prix,ALO,34.0,52.0,18.0
2023,British_Grand_Prix,BOT,33.0,52.0,19.0
2023,British_Grand_Prix,DEV,28.0,52.0,24.0
2023,British_Grand_Prix,GAS,32.0,52.0,20.0
2023,British_Grand_Prix,HAM,34.0,52.0,18.0
2023,British_Grand_Prix,HUL,8.0,52.0,44.0
2023,British_Grand_Prix,LEC,19.0,52.0,33.0
2023,British_Grand_Prix,NOR,34.0,52.0,18.0
2023,British_Grand_Prix,PER,29.0,52.0,23.0
2023,British_Grand_Prix,PIA,30.0,52.0,22.0
2023,British_Grand_Prix,RUS,29.0,52.0,23.0
2023,British_Grand_Prix,SAI,27.0,52.0,25.0
2023,British_Grand_Prix,SAR,30.0,52.0,22.0
2023,British_Grand_Prix,STR,32.0,52.0,20.0
2023,British_Grand_Prix,TSU,15.0,52.0,37.0
2023,British_Grand_Prix,VER,34.0,52.0,18.0
2023,British_Grand_Prix,ZHO,25.0,52.0,27.0
2023,Canadian_Grand_Prix,ALB,13.0,70.0,57.0
2023,Canadian_Grand_Prix,ALO,13.0,70.0,57.0
2023,Canadian_Grand_Prix,BOT,37.0,70.0,33.0
2023,Canadian_Grand_Prix,DEV,12.0,70.0,58.0
2023,Canadian_Grand_Prix,GAS,11.0,70.0,59.0
2023,Canadian_Grand_Prix,HAM,13.0,70.0,57.0
2023,Canadian_Grand_Prix,HUL,12.0,70.0,58.0
2023,Canadian_Grand_Prix,LEC,40.0,70.0,30.0
2023,Canadian_Grand_Prix,MAG,36.0,70.0,34.0
2023,Canadian_Grand_Prix,NOR,13.0,70.0,57.0
2023,Canadian_Grand_Prix,OCO,13.0,70.0,57.0
2023,Canadian_Grand_Prix,PER,38.0,70.0,32.0
2023,Canadian_Grand_Prix,PIA,13.0,70.0,57.0
2023,Canadian_Grand_Prix,RUS,13.0,70.0,57.0
2023,Canadian_Grand_Prix,SAI,39.0,70.0,31.0
2023,Canadian_Grand_Prix,STR,12.0,70.0,58.0
2023,Canadian_Grand_Prix,TSU,2.0,70.0,68.0
2023,Canadian_Grand_Prix,VER,13.0,70.0,57.0
2023,Canadian_Grand_Prix,ZHO,13.0,70.0,57.0
2023,Hungarian_Grand_Prix,ALB,9.0,70.0,61.0
2023,Hungarian_Grand_Prix,ALO,21.0,70.0,49.0
2023,Hungarian_Grand_Prix,BOT,10.0,70.0,60.0
2023,Hungarian_Grand_Prix,HAM,17.0,70.0,53.0
2023,Hungarian_Grand_Prix,HUL,17.0,70.0,53.0
2023,Hungarian_Grand_Prix,LEC,18.0,70.0,52.0
2023,Hungarian_Grand_Prix,MAG,15.0,70.0,55.0
2023,Hungarian_Grand_Prix,NOR,18.0,70.0,52.0
2023,Hungarian_Grand_Prix,PER,25.0,70.0,45.0
2023,Hungarian_Grand_Prix,PIA,19.0,70.0,51.0
2023,Hungarian_Grand_Prix,RIC,19.0,70.0,51.0
2023,Hungarian_Grand_Prix,RUS,29.0,70.0,41.0
2023,Hungarian_Grand_Prix,SAI,16.0,70.0,54.0
2023,Hungarian_Grand_Prix,SAR,14.0,70.0,56.0
2023,Hungarian_Grand_Prix,STR,10.0,70.0,60.0
2023,Hungarian_Grand_Prix,TSU,10.0,70.0,60.0
2023,Hungarian_Grand_Prix,VER,24.0,70.0,46.0
2023,Hungarian_Grand_Prix,ZHO,11.0,70.0,59.0
2023,Italian_Grand_Prix,ALB,16.0,51.0,35.0
2023,Italian_Grand_Prix,ALO,22.0,51.0,29.0
2023,Italian_Grand_Prix,BOT,26.0,51.0,25.0
2023,Italian_Grand_Prix,GAS,11.0,51.0,40.0
2023,Italian_Grand_Prix,HAM,28.0,51.0,23.0
2023,Italian_Grand_Prix,HUL,15.0,51.0,36.0
2023,Italian_Grand_Prix,LAW,14.0,51.0,37.0
2023,Italian_Grand_Prix,LEC,21.0,51.0,30.0
2023,Italian_Grand_Prix,MAG,13.0,51.0,38.0
2023,Italian_Grand_Prix,NOR,23.0,51.0,28.0
2023,Italian_Grand_Prix,OCO,25.0,51.0,26.0
2023,Italian_Grand_Prix,PER,22.0,51.0,29.0
2023,Italian_Grand_Prix,PIA,24.0,51.0,27.0
2023,Italian_Grand_Prix,RUS,20.0,51.0,31.0
2023,Italian_Grand_Prix,SAI,20.0,51.0,31.0
2023,Italian_Grand_Prix,SAR,15.0,51.0,36.0
2023,Italian_Grand_Prix,STR,21.0,51.0,30.0
2023,Italian_Grand_Prix,VER,21.0,51.0,30.0
2023,Italian_Grand_Prix,ZHO,12.0,51.0,39.0
2023,Japanese_Grand_Prix,ALB,14.0,53.0,39.0
2023,Japanese_Grand_Prix,ALO,12.0,53.0,41.0
2023,Japanese_Grand_Prix,BOT,7.0,53.0,46.0
2023,Japanese_Grand_Prix,GAS,19.0,53.0,34.0
2023,Japanese_Grand_Prix,HAM,17.0,53.0,36.0
2023,Japanese_Grand_Prix,HUL,9.0,53.0,44.0
2023,Japanese_Grand_Prix,LAW,11.0,53.0,42.0
2023,Japanese_Grand_Prix,LEC,35.0,53.0,18.0
2023,Japanese_Grand_Prix,MAG,13.0,53.0,40.0
2023,Japanese_Grand_Prix,NOR,18.0,53.0,35.0
2023,Japanese_Grand_Prix,OCO,2.0,53.0,51.0
2023,Japanese_Grand_Prix,PER,3.0,53.0,50.0
2023,Japanese_Grand_Prix,PIA,14.0,53.0,39.0
2023,Japanese_Grand_Prix,RUS,25.0,53.0,28.0
2023,Japanese_Grand_Prix,SAI,39.0,53.0,14.0
2023,Japanese_Grand_Prix,SAR,22.0,53.0,31.0
2023,Japanese_Grand_Prix,STR,15.0,53.0,38.0
2023,Japanese_Grand_Prix,TSU,10.0,53.0,43.0
2023,Japanese_Grand_Prix,VER,38.0,53.0,15.0
2023,Japanese_Grand_Prix,ZHO,30.0,53.0,23.0
2023,Las_Vegas_Grand_Prix,ALB,17.0,50.0,33.0
2023,Las_Vegas_Grand_Prix,ALO,2.0,50.0,48.0
2023,Las_Vegas_Grand_Prix,BOT,2.0,50.0,48.0
2023,Las_Vegas_Grand_Prix,GAS,18.0,50.0,32.0
2023,Las_Vegas_Grand_Prix,HAM,18.0,50.0,32.0
2023,Las_Vegas_Grand_Prix,HUL,13.0,50.0,37.0
2023,Las_Vegas_Grand_Prix,LEC,22.0,50.0,28.0
2023,Las_Vegas_Grand_Prix,MAG,15.0,50.0,35.0
2023,Las_Vegas_Grand_Prix,OCO,21.0,50.0,29.0
2023,Las_Vegas_Grand_Prix,PER,2.0,50.0,48.0
2023,Las_Vegas_Grand_Prix,PIA,44.0,50.0,6.0
2023,Las_Vegas_Grand_Prix,RIC,18.0,50.0,32.0
2023,Las_Vegas_Grand_Prix,RUS,16.0,50.0,34.0
2023,Las_Vegas_Grand_Prix,SAI,4.0,50.0,46.0
2023,Las_Vegas_Grand_Prix,SAR,16.0,50.0,34.0
2023,Las_Vegas_Grand_Prix,STR,4.0,50.0,46.0
2023,Las_Vegas_Grand_Prix,TSU,11.0,50.0,39.0
2023,Las_Vegas_Grand_Prix,VER,17.0,50.0,33.0
2023,Las_Vegas_Grand_Prix,ZHO,27.0,50.0,23.0
2023,Mexico_City_Grand_Prix,ALB,34.0,71.0,37.0
2023,Mexico_City_Grand_Prix,ALO,30.0,71.0,41.0
2023,Mexico_City_Grand_Prix,BOT,32.0,71.0,39.0
2023,Mexico_City_Grand_Prix,GAS,29.0,71.0,42.0
2023,Mexico_City_Grand_Prix,HAM,25.0,71.0,46.0
2023,Mexico_City_Grand_Prix,HUL,24.0,71.0,47.0
2023,Mexico_City_Grand_Prix,LEC,32.0,71.0,39.0
2023,Mexico_City_Grand_Prix,MAG,24.0,71.0,47.0
2023,Mexico_City_Grand_Prix,NOR,12.0,71.0,59.0
2023,Mexico_City_Grand_Prix,OCO,35.0,71.0,36.0
2023,Mexico_City_Grand_Prix,PIA,26.0,71.0,45.0
2023,Mexico_City_Grand_Prix,RIC,28.0,71.0,43.0
2023,Mexico_City_Grand_Prix,RUS,27.0,71.0,44.0
2023,Mexico_City_Grand_Prix,SAI,31.0,71.0,40.0
2023,Mexico_City_Grand_Prix,SAR,23.0,71.0,48.0
2023,Mexico_City_Grand_Prix,STR,31.0,71.0,40.0
2023,Mexico_City_Grand_Prix,TSU,10.0,71.0,61.0
2023,Mexico_City_Grand_Prix,VER,20.0,71.0,51.0
2023,Mexico_City_Grand_Prix,ZHO,22.0,71.0,49.0
2023,Miami_Grand_Prix,ALB,23.0,57.0,34.0
2023,Miami_Grand_Prix,ALO,25.0,57.0,32.0
2023,Miami_Grand_Prix,BOT,16.0,57.0,41.0
2023,Miami_Grand_Prix,DEV,16.0,57.0,41.0
2023,Miami_Grand_Prix,GAS,16.0,57.0,41.0
2023,Miami_Grand_Prix,HAM,38.0,57.0,19.0
2023,Miami_Grand_Prix,HUL,34.0,57.0,23.0
2023,Miami_Grand_Prix,LEC,18.0,57.0,39.0
2023,Miami_Grand_Prix,MAG,15.0,57.0,42.0
2023,Miami_Grand_Prix,NOR,5.0,57.0,52.0
2023,Miami_Grand_Prix,OCO,40.0,57.0,17.0
2023,Miami_Grand_Prix,PER,21.0,57.0,36.0
2023,Miami_Grand_Prix,PIA,6.0,57.0,51.0
2023,Miami_Grand_Prix,RUS,18.0,57.0,39.0
2023,Miami_Grand_Prix,SAI,19.0,57.0,38.0
2023,Miami_Grand_Prix,SAR,3.0,57.0,54.0
2023,Miami_Grand_Prix,STR,43.0,57.0,14.0
2023,Miami_Grand_Prix,TSU,37.0,57.0,20.0
2023,Miami_Grand_Prix,VER,46.0,57.0,11.0
2023,Miami_Grand_Prix,ZHO,32.0,57.0,25.0
2023,Qatar_Grand_Prix,ALB,32.0,57.0,25.0
2023,Qatar_Grand_Prix,ALO,27.0,57.0,30.0
2023,Qatar_Grand_Prix,BOT,4.0,57.0,53.0
2023,Qatar_Grand_Prix,GAS,27.0,57.0,30.0
2023,Qatar_Grand_Prix,HUL,14.0,57.0,43.0
2023,Qatar_Grand_Prix,LAW,4.0,57.0,53.0
2023,Qatar_Grand_Prix,LEC,26.0,57.0,31.0
2023,Qatar_Grand_Prix,MAG,4.0,57.0,53.0
2023,Qatar_Grand_Prix,NOR,45.0,57.0,12.0
2023,Qatar_Grand_Prix,OCO,26.0,57.0,31.0
2023,Qatar_Grand_Prix,PER,18.0,57.0,39.0
2023,Qatar_Grand_Prix,PIA,44.0,57.0,13.0
2023,Qatar_Grand_Prix,RUS,33.0,57.0,24.0
2023,Qatar_Grand_Prix,SAR,27.0,57.0,30.0
2023,Qatar_Grand_Prix,STR,22.0,57.0,35.0
2023,Qatar_Grand_Prix,TSU,23.0,57.0,34.0
2023,Qatar_Grand_Prix,VER,35.0,57.0,22.0
2023,Qatar_Grand_Prix,ZHO,19.0,57.0,38.0
2023,Saudi_Arabian_Grand_Prix,ALB,18.0,50.0,32.0
2023,Saudi_Arabian_Grand_Prix,ALO,19.0,50.0,31.0
2023,Saudi_Arabian_Grand_Prix,BOT,10.0,50.0,40.0
2023,Saudi_Arabian_Grand_Prix,DEV,18.0,50.0,32.0
2023,Saudi_Arabian_Grand_Prix,GAS,15.0,50.0,35.0
2023,Saudi_Arabian_Grand_Prix,HAM,19.0,50.0,31.0
2023,Saudi_Arabian_Grand_Prix,HUL,12.0,50.0,38.0
2023,Saudi_Arabian_Grand_Prix,LEC,17.0,50.0,33.0
2023,Saudi_Arabian_Grand_Prix,MAG,9.0,50.0,41.0
2023,Saudi_Arabian_Grand_Prix,NOR,3.0,50.0,47.0
2023,Saudi_Arabian_Grand_Prix,OCO,17.0,50.0,33.0
2023,Saudi_Arabian_Grand_Prix,PER,19.0,50.0,31.0
2023,Saudi_Arabian_Grand_Prix,PIA,2.0,50.0,48.0
2023,Saudi_Arabian_Grand_Prix,RUS,19.0,50.0,31.0
2023,Saudi_Arabian_Grand_Prix,SAI,16.0,50.0,34.0
2023,Saudi_Arabian_Grand_Prix,SAR,19.0,50.0,31.0
2023,Saudi_Arabian_Grand_Prix,STR,14.0,50.0,36.0
2023,Saudi_Arabian_Grand_Prix,TSU,18.0,50.0,32.0
2023,Saudi_Arabian_Grand_Prix,VER,19.0,50.0,31.0
2023,Saudi_Arabian_Grand_Prix,ZHO,12.0,50.0,38.0
2023,Singapore_Grand_Prix,ALB,21.0,62.0,41.0
2023,Singapore_Grand_Prix,ALO,21.0,62.0,41.0
2023,Singapore_Grand_Prix,BOT,41.0,62.0,21.0
2023,Singapore_Grand_Prix,GAS,21.0,62.0,41.0
2023,Singapore_Grand_Prix,HAM,21.0,62.0,41.0
2023,Singapore_Grand_Prix,HUL,21.0,62.0,41.0
2023,Singapore_Grand_Prix,LAW,21.0,62.0,41.0
2023,Singapore_Grand_Prix,LEC,21.0,62.0,41.0
2023,Singapore_Grand_Prix,MAG,21.0,62.0,41.0
2023,Singapore_Grand_Prix,NOR,21.0,62.0,41.0
2023,Singapore_Grand_Prix,OCO,21.0,62.0,41.0
2023,Singapore_Grand_Prix,PER,40.0,62.0,22.0
2023,Singapore_Grand_Prix,PIA,21.0,62.0,41.0
2023,Singapore_Grand_Prix,RUS,21.0,62.0,41.0
2023,Singapore_Grand_Prix,SAI,21.0,62.0,41.0
2023,Singapore_Grand_Prix,SAR,20.0,62.0,42.0
2023,Singapore_Grand_Prix,VER,41.0,62.0,21.0
2023,Singapore_Grand_Prix,ZHO,3.0,62.0,59.0
2023,Spanish_Grand_Prix,ALB,17.0,66.0,49.0
2023,Spanish_Grand_Prix,ALO,45.0,66.0,21.0
2023,Spanish_Grand_Prix,BOT,6.0,66.0,60.0
2023,Spanish_Grand_Prix,DEV,10.0,66.0,56.0
2023,Spanish_Grand_Prix,GAS,20.0,66.0,46.0
2023,Spanish_Grand_Prix,HAM,25.0,66.0,41.0
2023,Spanish_Grand_Prix,HUL,9.0,66.0,57.0
2023,Spanish_Grand_Prix,LEC,17.0,66.0,49.0
2023,Spanish_Grand_Prix,MAG,11.0,66.0,55.0
2023,Spanish_Grand_Prix,NOR,2.0,66.0,64.0
2023,Spanish_Grand_Prix,OCO,14.0,66.0,52.0
2023,Spanish_Grand_Prix,PER,28.0,66.0,38.0
2023,Spanish_Grand_Prix,PIA,18.0,66.0,48.0
2023,Spanish_Grand_Prix,RUS,26.0,66.0,40.0
2023,Spanish_Grand_Prix,SAI,16.0,66.0,50.0
2023,Spanish_Grand_Prix,SAR,18.0,66.0,48.0
2023,Spanish_Grand_Prix,STR,35.0,66.0,31.0
2023,Spanish_Grand_Prix,TSU,11.0,66.0,55.0
2023,Spanish_Grand_Prix,VER,27.0,66.0,39.0
2023,Spanish_Grand_Prix,ZHO,10.0,66.0,56.0
2023,São_Paulo_Grand_Prix,ALO,26.0,71.0,45.0
2023,São_Paulo_Grand_Prix,BOT,19.0,71.0,52.0
2023,São_Paulo_Grand_Prix,GAS,27.0,71.0,44.0
2023,São_Paulo_Grand_Prix,HAM,19.0,71.0,52.0
2023,São_Paulo_Grand_Prix,HUL,2.0,71.0,69.0
2023,São_Paulo_Grand_Prix,NOR,28.0,71.0,43.0
2023,São_Paulo_Grand_Prix,OCO,15.0,71.0,56.0
2023,São_Paulo_Grand_Prix,PER,21.0,71.0,50.0
2023,São_Paulo_Grand_Prix,PIA,2.0,71.0,69.0
2023,São_Paulo_Grand_Prix,RIC,27.0,71.0,44.0
2023,São_Paulo_Grand_Prix,RUS,20.0,71.0,51.0
2023,São_Paulo_Grand_Prix,SAI,27.0,71.0,44.0
2023,São_Paulo_Grand_Prix,SAR,3.0,71.0,68.0
2023,São_Paulo_Grand_Prix,STR,23.0,71.0,48.0
2023,São_Paulo_Grand_Prix,TSU,27.0,71.0,44.0
2023,São_Paulo_Grand_Prix,VER,28.0,71.0,43.0
2023,São_Paulo_Grand_Prix,ZHO,16.0,71.0,55.0
2023,United_States_Grand_Prix,ALB,11.0,56.0,45.0
2023,United_States_Grand_Prix,ALO,43.0,56.0,13.0
2023,United_States_Grand_Prix,BOT,11.0,56.0,45.0
2023,United_States_Grand_Prix,GAS,38.0,56.0,18.0
2023,United_States_Grand_Prix,HAM,21.0,56.0,35.0
2023,United_States_Grand_Prix,HUL,20.0,56.0,36.0
2023,United_States_Grand_Prix,LEC,24.0,56.0,32.0
2023,United_States_Grand_Prix,MAG,11.0,56.0,45.0
2023,United_States_Grand_Prix,NOR,18.0,56.0,38.0
2023,United_States_Grand_Prix,PER,38.0,56.0,18.0
2023,United_States_Grand_Prix,RIC,23.0,56.0,33.0
2023,United_States_Grand_Prix,RUS,22.0,56.0,34.0
2023,United_States_Grand_Prix,SAI,36.0,56.0,20.0
2023,United_States_Grand_Prix,SAR,12.0,56.0,44.0
2023,United_States_Grand_Prix,STR,21.0,56.0,35.0
2023,United_States_Grand_Prix,TSU,18.0,56.0,38.0
2023,United_States_Grand_Prix,VER,36.0,56.0,20.0
2023,United_States_Grand_Prix,ZHO,10.0,56.0,46.0
2024,Abu_Dhabi_Grand_Prix,ALB,13.0,58.0,45.0
2024,Abu_Dhabi_Grand_Prix,ALO,14.0,58.0,44.0
2024,Abu_Dhabi_Grand_Prix,BOT,7.0,58.0,51.0
2024,Abu_Dhabi_Grand_Prix,COL,4.0,58.0,54.0
2024,Abu_Dhabi_Grand_Prix,DOO,23.0,58.0,35.0
2024,Abu_Dhabi_Grand_Prix,GAS,15.0,58.0,43.0
2024,Abu_Dhabi_Grand_Prix,HAM,35.0,58.0,23.0
2024,Abu_Dhabi_Grand_Prix,HUL,14.0,58.0,44.0
2024,Abu_Dhabi_Grand_Prix,LAW,24.0,58.0,34.0
2024,Abu_Dhabi_Grand_Prix,LEC,21.0,58.0,37.0
2024,Abu_Dhabi_Grand_Prix,MAG,13.0,58.0,45.0
2024,Abu_Dhabi_Grand_Prix,NOR,27.0,58.0,31.0
2024,Abu_Dhabi_Grand_Prix,PIA,5.0,58.0,53.0
2024,Abu_Dhabi_Grand_Prix,RUS,27.0,58.0,31.0
2024,Abu_Dhabi_Grand_Prix,SAI,26.0,58.0,32.0
2024,Abu_Dhabi_Grand_Prix,STR,12.0,58.0,46.0
2024,Abu_Dhabi_Grand_Prix,TSU,23.0,58.0,35.0
2024,Abu_Dhabi_Grand_Prix,VER,30.0,58.0,28.0
2024,Abu_Dhabi_Grand_Prix,ZHO,13.0,58.0,45.0
2024,Australian_Grand_Prix,ALB,7.0,58.0,51.0
2024,Australian_Grand_Prix,ALO,18.0,58.0,40.0
2024,Australian_Grand_Prix,BOT,9.0,58.0,49.0
2024,Australian_Grand_Prix,GAS,18.0,58.0,40.0
2024,Australian_Grand_Prix,HAM,8.0,58.0,50.0
2024,Australian_Grand_Prix,HUL,18.0,58.0,40.0
2024,Australian_Grand_Prix,LEC,10.0,58.0,48.0
2024,Australian_Grand_Prix,MAG,8.0,58.0,50.0
2024,Australian_Grand_Prix,NOR,15.0,58.0,43.0
2024,Australian_Grand_Prix,OCO,10.0,58.0,48.0
2024,Australian_Grand_Prix,PER,15.0,58.0,43.0
2024,Australian_Grand_Prix,PIA,10.0,58.0,48.0
2024,Australian_Grand_Prix,RIC,6.0,58.0,52.0
2024,Australian_Grand_Prix,RUS,9.0,58.0,49.0
2024,Australian_Grand_Prix,SAI,17.0,58.0,41.0
2024,Australian_Grand_Prix,STR,9.0,58.0,49.0
2024,Australian_Grand_Prix,TSU,10.0,58.0,48.0
2024,Australian_Grand_Prix,ZHO,7.0,58.0,51.0
2024,Austrian_Grand_Prix,ALB,13.0,71.0,58.0
2024,Austrian_Grand_Prix,ALO,36.0,71.0,35.0
2024,Austrian_Grand_Prix,BOT,20.0,71.0,51.0
2024,Austrian_Grand_Prix,GAS,21.0,71.0,50.0
2024,Austrian_Grand_Prix,HAM,22.0,71.0,49.0
2024,Austrian_Grand_Prix,HUL,12.0,71.0,59.0
2024,Austrian_Grand_Prix,LEC,2.0,71.0,69.0
2024,Austrian_Grand_Prix,MAG,11.0,71.0,60.0
2024,Austrian_Grand_Prix,NOR,24.0,71.0,47.0
2024,Austrian_Grand_Prix,OCO,20.0,71.0,51.0
2024,Austrian_Grand_Prix,PER,22.0,71.0,49.0
2024,Austrian_Grand_Prix,PIA,26.0,71.0,45.0
2024,Austrian_Grand_Prix,RIC,11.0,71.0,60.0
2024,Austrian_Grand_Prix,RUS,47.0,71.0,24.0
2024,Austrian_Grand_Prix,SAI,23.0,71.0,48.0
2024,Austrian_Grand_Prix,SAR,21.0,71.0,50.0
2024,Austrian_Grand_Prix,STR,44.0,71.0,27.0
2024,Austrian_Grand_Prix,TSU,22.0,71.0,49.0
2024,Austrian_Grand_Prix,VER,24.0,71.0,47.0
2024,Austrian_Grand_Prix,ZHO,29.0,71.0,42.0
2024,Azerbaijan_Grand_Prix,ALB,32.0,51.0,19.0
2024,Azerbaijan_Grand_Prix,ALO,12.0,51.0,39.0
2024,Azerbaijan_Grand_Prix,BEA,15.0,51.0,36.0
2024,Azerbaijan_Grand_Prix,BOT,12.0,51.0,39.0
2024,Azerbaijan_Grand_Prix,COL,11.0,51.0,40.0
2024,Azerbaijan_Grand_Prix,GAS,51.0,51.0,0.0
2024,Azerbaijan_Grand_Prix,HAM,13.0,51.0,38.0
2024,Azerbaijan_Grand_Prix,HUL,16.0,51.0,35.0
2024,Azerbaijan_Grand_Prix,LEC,17.0,51.0,34.0
2024,Azerbaijan_Grand_Prix,NOR,38.0,51.0,13.0
2024,Azerbaijan_Grand_Prix,OCO,50.0,51.0,1.0
2024,Azerbaijan_Grand_Prix,PER,14.0,51.0,37.0
2024,Azerbaijan_Grand_Prix,PIA,16.0,51.0,35.0
2024,Azerbaijan_Grand_Prix,RIC,50.0,51.0,1.0
2024,Azerbaijan_Grand_Prix,RUS,13.0,51.0,38.0
2024,Azerbaijan_Grand_Prix,SAI,18.0,51.0,33.0
2024,Azerbaijan_Grand_Prix,STR,2.0,51.0,49.0
2024,Azerbaijan_Grand_Prix,TSU,13.0,51.0,38.0
2024,Azerbaijan_Grand_Prix,VER,13.0,51.0,38.0
2024,Azerbaijan_Grand_Prix,ZHO,35.0,51.0,16.0
2024,Bahrain_Grand_Prix,ALB,16.0,57.0,41.0
2024,Bahrain_Grand_Prix,ALO,16.0,57.0,41.0
2024,Bahrain_Grand_Prix,BOT,13.0,57.0,44.0
2024,Bahrain_Grand_Prix,GAS,13.0,57.0,44.0
2024,Bahrain_Grand_Prix,HAM,13.0,57.0,44.0
2024,Bahrain_Grand_Prix,HUL,2.0,57.0,55.0
2024,Bahrain_Grand_Prix,LEC,12.0,57.0,45.0
2024,Bahrain_Grand_Prix,MAG,12.0,57.0,45.0
2024,Bahrain_Grand_Prix,NOR,14.0,57.0,43.0
2024,Bahrain_Grand_Prix,OCO,11.0,57.0,46.0
2024,Bahrain_Grand_Prix,PER,13.0,57.0,44.0
2024,Bahrain_Grand_Prix,PIA,13.0,57.0,44.0
2024,Bahrain_Grand_Prix,RIC,14.0,57.0,43.0
2024,Bahrain_Grand_Prix,RUS,12.0,57.0,45.0
2024,Bahrain_Grand_Prix,SAI,15.0,57.0,42.0
2024,Bahrain_Grand_Prix,SAR,11.0,57.0,46.0
2024,Bahrain_Grand_Prix,STR,10.0,57.0,47.0
2024,Bahrain_Grand_Prix,TSU,15.0,57.0,42.0
2024,Bahrain_Grand_Prix,VER,18.0,57.0,39.0
2024,Bahrain_Grand_Prix,ZHO,10.0,57.0,47.0
2024,Belgian_Grand_Prix,ALB,24.0,44.0,20.0
2024,Belgian_Grand_Prix,BOT,12.0,44.0,32.0
2024,Belgian_Grand_Prix,GAS,10.0,44.0,34.0
2024,Belgian_Grand_Prix,HAM,12.0,44.0,32.0
2024,Belgian_Grand_Prix,HUL,8.0,44.0,36.0
2024,Belgian_Grand_Prix,LEC,13.0,44.0,31.0
2024,Belgian_Grand_Prix,MAG,18.0,44.0,26.0
2024,Belgian_Grand_Prix,NOR,16.0,44.0,28.0
2024,Belgian_Grand_Prix,OCO,13.0,44.0,31.0
2024,Belgian_Grand_Prix,PER,22.0,44.0,22.0
2024,Belgian_Grand_Prix,PIA,12.0,44.0,32.0
2024,Belgian_Grand_Prix,RIC,9.0,44.0,35.0
2024,Belgian_Grand_Prix,RUS,11.0,44.0,33.0
2024,Belgian_Grand_Prix,SAI,21.0,44.0,23.0
2024,Belgian_Grand_Prix,SAR,25.0,44.0,19.0
2024,Belgian_Grand_Prix,TSU,16.0,44.0,28.0
2024,Belgian_Grand_Prix,VER,11.0,44.0,33.0
2024,Chinese_Grand_Prix,ALB,24.0,56.0,32.0
2024,Chinese_Grand_Prix,ALO,12.0,56.0,44.0
2024,Chinese_Grand_Prix,BOT,10.0,56.0,46.0
2024,Chinese_Grand_Prix,GAS,12.0,56.0,44.0
2024,Chinese_Grand_Prix,HAM,10.0,56.0,46.0
2024,Chinese_Grand_Prix,HUL,9.0,56.0,47.0
2024,Chinese_Grand_Prix,LEC,22.0,56.0,34.0
2024,Chinese_Grand_Prix,MAG,28.0,56.0,28.0
2024,Chinese_Grand_Prix,NOR,23.0,56.0,33.0
2024,Chinese_Grand_Prix,OCO,10.0,56.0,46.0
2024,Chinese_Grand_Prix,PER,14.0,56.0,42.0
2024,Chinese_Grand_Prix,PIA,25.0,56.0,31.0
2024,Chinese_Grand_Prix,RUS,24.0,56.0,32.0
2024,Chinese_Grand_Prix,SAI,18.0,56.0,38.0
2024,Chinese_Grand_Prix,SAR,13.0,56.0,43.0
2024,Chinese_Grand_Prix,STR,10.0,56.0,46.0
2024,Chinese_Grand_Prix,TSU,9.0,56.0,47.0
2024,Chinese_Grand_Prix,VER,14.0,56.0,42.0
2024,Chinese_Grand_Prix,ZHO,9.0,56.0,47.0
2024,Dutch_Grand_Prix,ALB,13.0,72.0,59.0
2024,Dutch_Grand_Prix,ALO,32.0,72.0,40.0
2024,Dutch_Grand_Prix,BOT,16.0,72.0,56.0
2024,Dutch_Grand_Prix,GAS,33.0,72.0,39.0
2024,Dutch_Grand_Prix,HAM,24.0,72.0,48.0
2024,Dutch_Grand_Prix,HUL,15.0,72.0,57.0
2024,Dutch_Grand_Prix,LEC,25.0,72.0,47.0
2024,Dutch_Grand_Prix,MAG,41.0,72.0,31.0
2024,Dutch_Grand_Prix,NOR,29.0,72.0,43.0
2024,Dutch_Grand_Prix,OCO,31.0,72.0,41.0
2024,Dutch_Grand_Prix,PER,30.0,72.0,42.0
2024,Dutch_Grand_Prix,PIA,34.0,72.0,38.0
2024,Dutch_Grand_Prix,RIC,30.0,72.0,42.0
2024,Dutch_Grand_Prix,RUS,26.0,72.0,46.0
2024,Dutch_Grand_Prix,SAI,31.0,72.0,41.0
2024,Dutch_Grand_Prix,SAR,23.0,72.0,49.0
2024,Dutch_Grand_Prix,STR,31.0,72.0,41.0
2024,Dutch_Grand_Prix,TSU,15.0,72.0,57.0
2024,Dutch_Grand_Prix,VER,28.0,72.0,44.0
2024,Dutch_Grand_Prix,ZHO,19.0,72.0,53.0
2024,Emilia_Romagna_Grand_Prix,ALB,9.0,63.0,54.0
2024,Emilia_Romagna_Grand_Prix,ALO,8.0,63.0,55.0
2024,Emilia_Romagna_Grand_Prix,BOT,9.0,63.0,54.0
2024,Emilia_Romagna_Grand_Prix,GAS,9.0,63.0,54.0
2024,Emilia_Romagna_Grand_Prix,HAM,28.0,63.0,35.0
2024,Emilia_Romagna_Grand_Prix,HUL,14.0,63.0,49.0
2024,Emilia_Romagna_Grand_Prix,LEC,26.0,63.0,37.0
2024,Emilia_Romagna_Grand_Prix,MAG,38.0,63.0,25.0
2024,Emilia_Romagna_Grand_Prix,NOR,23.0,63.0,40.0
2024,Emilia_Romagna_Grand_Prix,OCO,26.0,63.0,37.0
2024,Emilia_Romagna_Grand_Prix,PER,38.0,63.0,25.0
2024,Emilia_Romagna_Grand_Prix,PIA,24.0,63.0,39.0
2024,Emilia_Romagna_Grand_Prix,RIC,12.0,63.0,51.0
2024,Emilia_Romagna_Grand_Prix,RUS,22.0,63.0,41.0
2024,Emilia_Romagna_Grand_Prix,SAI,28.0,63.0,35.0
2024,Emilia_Romagna_Grand_Prix,SAR,32.0,63.0,31.0
2024,Emilia_Romagna_Grand_Prix,STR,38.0,63.0,25.0
2024,Emilia_Romagna_Grand_Prix,TSU,13.0,63.0,50.0
2024,Emilia_Romagna_Grand_Prix,VER,25.0,63.0,38.0
2024,Emilia_Romagna_Grand_Prix,ZHO,34.0,63.0,29.0
2024,Hungarian_Grand_Prix,ALB,7.0,70.0,63.0
2024,Hungarian_Grand_Prix,ALO,8.0,70.0,62.0
2024,Hungarian_Grand_Prix,BOT,17.0,70.0,53.0
2024,Hungarian_Grand_Prix,GAS,29.0,70.0,41.0
2024,Hungarian_Grand_Prix,HAM,17.0,70.0,53.0
2024,Hungarian_Grand_Prix,HUL,3.0,70.0,67.0
2024,Hungarian_Grand_Prix,LEC,24.0,70.0,46.0
2024,Hungarian_Grand_Prix,MAG,7.0,70.0,63.0
2024,Hungarian_Grand_Prix,NOR,18.0,70.0,52.0
2024,Hungarian_Grand_Prix,OCO,7.0,70.0,63.0
2024,Hungarian_Grand_Prix,PER,29.0,70.0,41.0
2024,Hungarian_Grand_Prix,PIA,19.0,70.0,51.0
2024,Hungarian_Grand_Prix,RIC,8.0,70.0,62.0
2024,Hungarian_Grand_Prix,RUS,34.0,70.0,36.0
2024,Hungarian_Grand_Prix,SAI,22.0,70.0,48.0
2024,Hungarian_Grand_Prix,SAR,9.0,70.0,61.0
2024,Hungarian_Grand_Prix,STR,15.0,70.0,55.0
2024,Hungarian_Grand_Prix,TSU,30.0,70.0,40.0
2024,Hungarian_Grand_Prix,VER,22.0,70.0,48.0
2024,Hungarian_Grand_Prix,ZHO,8.0,70.0,62.0
2024,Italian_Grand_Prix,ALB,18.0,53.0,35.0
2024,Italian_Grand_Prix,ALO,13.0,53.0,40.0
2024,Italian_Grand_Prix,BOT,34.0,53.0,19.0
2024,Italian_Grand_Prix,COL,17.0,53.0,36.0
2024,Italian_Grand_Prix,GAS,11.0,53.0,42.0
2024,Italian_Grand_Prix,HAM,16.0,53.0,37.0
2024,Italian_Grand_Prix,HUL,6.0,53.0,47.0
2024,Italian_Grand_Prix,LEC,16.0,53.0,37.0
2024,Italian_Grand_Prix,MAG,15.0,53.0,38.0
2024,Italian_Grand_Prix,NOR,15.0,53.0,38.0
2024,Italian_Grand_Prix,OCO,32.0,53.0,21.0
2024,Italian_Grand_Prix,PER,36.0,53.0,17.0
2024,Italian_Grand_Prix,PIA,17.0,53.0,36.0
2024,Italian_Grand_Prix,RIC,12.0,53.0,41.0
2024,Italian_Grand_Prix,RUS,12.0,53.0,41.0
2024,Italian_Grand_Prix,SAI,20.0,53.0,33.0
2024,Italian_Grand_Prix,STR,37.0,53.0,16.0
2024,Italian_Grand_Prix,VER,42.0,53.0,11.0
2024,Italian_Grand_Prix,ZHO,16.0,53.0,37.0
2024,Japanese_Grand_Prix,ALO,14.0,53.0,39.0
2024,Japanese_Grand_Prix,BOT,7.0,53.0,46.0
2024,Japanese_Grand_Prix,GAS,2.0,53.0,51.0
2024,Japanese_Grand_Prix,HAM,2.0,53.0,51.0
2024,Japanese_Grand_Prix,HUL,6.0,53.0,47.0
2024,Japanese_Grand_Prix,LEC,27.0,53.0,26.0
2024,Japanese_Grand_Prix,MAG,23.0,53.0,30.0
2024,Japanese_Grand_Prix,NOR,12.0,53.0,41.0
2024,Japanese_Grand_Prix,OCO,2.0,53.0,51.0
2024,Japanese_Grand_Prix,PER,34.0,53.0,19.0
2024,Japanese_Grand_Prix,PIA,13.0,53.0,40.0
2024,Japanese_Grand_Prix,RUS,2.0,53.0,51.0
2024,Japanese_Grand_Prix,SAI,37.0,53.0,16.0
2024,Japanese_Grand_Prix,SAR,2.0,53.0,51.0
2024,Japanese_Grand_Prix,STR,13.0,53.0,40.0
2024,Japanese_Grand_Prix,TSU,2.0,53.0,51.0
2024,Japanese_Grand_Prix,VER,35.0,53.0,18.0
2024,Japanese_Grand_Prix,ZHO,2.0,53.0,51.0
2024,Las_Vegas_Grand_Prix,ALB,10.0,50.0,40.0
2024,Las_Vegas_Grand_Prix,ALO,5.0,50.0,45.0
2024,Las_Vegas_Grand_Prix,BOT,18.0,50.0,32.0
2024,Las_Vegas_Grand_Prix,COL,17.0,50.0,33.0
2024,Las_Vegas_Grand_Prix,GAS,11.0,50.0,39.0
2024,Las_Vegas_Grand_Prix,HAM,14.0,50.0,36.0
2024,Las_Vegas_Grand_Prix,HUL,15.0,50.0,35.0
2024,Las_Vegas_Grand_Prix,LAW,12.0,50.0,38.0
2024,Las_Vegas_Grand_Prix,LEC,10.0,50.0,40.0
2024,Las_Vegas_Grand_Prix,MAG,18.0,50.0,32.0
2024,Las_Vegas_Grand_Prix,NOR,10.0,50.0,40.0
2024,Las_Vegas_Grand_Prix,OCO,13.0,50.0,37.0
2024,Las_Vegas_Grand_Prix,PER,18.0,50.0,32.0
2024,Las_Vegas_Grand_Prix,PIA,11.0,50.0,39.0
2024,Las_Vegas_Grand_Prix,RUS,13.0,50.0,37.0
2024,Las_Vegas_Grand_Prix,SAI,11.0,50.0,39.0
2024,Las_Vegas_Grand_Prix,STR,10.0,50.0,40.0
2024,Las_Vegas_Grand_Prix,TSU,11.0,50.0,39.0
2024,Las_Vegas_Grand_Prix,VER,12.0,50.0,38.0
2024,Las_Vegas_Grand_Prix,ZHO,12.0,50.0,38.0
2024,Mexico_City_Grand_Prix,BOT,50.0,71.0,21.0
2024,Mexico_City_Grand_Prix,COL,48.0,71.0,23.0
2024,Mexico_City_Grand_Prix,GAS,29.0,71.0,42.0
2024,Mexico_City_Grand_Prix,HAM,29.0,71.0,42.0
2024,Mexico_City_Grand_Prix,HUL,30.0,71.0,41.0
2024,Mexico_City_Grand_Prix,LAW,40.0,71.0,31.0
2024,Mexico_City_Grand_Prix,LEC,32.0,71.0,39.0
2024,Mexico_City_Grand_Prix,MAG,31.0,71.0,40.0
2024,Mexico_City_Grand_Prix,NOR,31.0,71.0,40.0
2024,Mexico_City_Grand_Prix,OCO,49.0,71.0,22.0
2024,Mexico_City_Grand_Prix,PER,21.0,71.0,50.0
2024,Mexico_City_Grand_Prix,PIA,40.0,71.0,31.0
2024,Mexico_City_Grand_Prix,RUS,32.0,71.0,39.0
2024,Mexico_City_Grand_Prix,SAI,33.0,71.0,38.0
2024,Mexico_City_Grand_Prix,STR,27.0,71.0,44.0
2024,Mexico_City_Grand_Prix,VER,27.0,71.0,44.0
2024,Mexico_City_Grand_Prix,ZHO,44.0,71.0,27.0
2024,Miami_Grand_Prix,ALB,11.0,57.0,46.0
2024,Miami_Grand_Prix,ALO,23.0,57.0,34.0
2024,Miami_Grand_Prix,BOT,12.0,57.0,45.0
2024,Miami_Grand_Prix,GAS,13.0,57.0,44.0
2024,Miami_Grand_Prix,HAM,27.0,57.0,30.0
2024,Miami_Grand_Prix,HUL,13.0,57.0,44.0
2024,Miami_Grand_Prix,LEC,20.0,57.0,37.0
2024,Miami_Grand_Prix,MAG,23.0,57.0,34.0
2024,Miami_Grand_Prix,NOR,30.0,57.0,27.0
2024,Miami_Grand_Prix,OCO,23.0,57.0,34.0
2024,Miami_Grand_Prix,PER,18.0,57.0,39.0
2024,Miami_Grand_Prix,PIA,28.0,57.0,29.0
2024,Miami_Grand_Prix,RIC,29.0,57.0,28.0
2024,Miami_Grand_Prix,RUS,25.0,57.0,32.0
2024,Miami_Grand_Prix,SAI,28.0,57.0,29.0
2024,Miami_Grand_Prix,SAR,12.0,57.0,45.0
2024,Miami_Grand_Prix,STR,12.0,57.0,45.0
2024,Miami_Grand_Prix,TSU,29.0,57.0,28.0
2024,Miami_Grand_Prix,VER,24.0,57.0,33.0
2024,Miami_Grand_Prix,ZHO,29.0,57.0,28.0
2024,Monaco_Grand_Prix,ALB,2.0,78.0,76.0
2024,Monaco_Grand_Prix,ALO,2.0,78.0,76.0
2024,Monaco_Grand_Prix,BOT,2.0,78.0,76.0
2024,Monaco_Grand_Prix,GAS,2.0,78.0,76.0
2024,Monaco_Grand_Prix,HAM,2.0,78.0,76.0
2024,Monaco_Grand_Prix,LEC,2.0,78.0,76.0
2024,Monaco_Grand_Prix,NOR,2.0,78.0,76.0
2024,Monaco_Grand_Prix,PIA,2.0,78.0,76.0
2024,Monaco_Grand_Prix,RIC,2.0,78.0,76.0
2024,Monaco_Grand_Prix,RUS,2.0,78.0,76.0
2024,Monaco_Grand_Prix,SAI,2.0,78.0,76.0
2024,Monaco_Grand_Prix,SAR,58.0,78.0,20.0
2024,Monaco_Grand_Prix,STR,2.0,78.0,76.0
2024,Monaco_Grand_Prix,TSU,2.0,78.0,76.0
2024,Monaco_Grand_Prix,VER,2.0,78.0,76.0
2024,Monaco_Grand_Prix,ZHO,2.0,78.0,76.0
2024,Qatar_Grand_Prix,ALB,36.0,57.0,21.0
2024,Qatar_Grand_Prix,ALO,36.0,57.0,21.0
2024,Qatar_Grand_Prix,BOT,25.0,57.0,32.0
2024,Qatar_Grand_Prix,GAS,36.0,57.0,21.0
2024,Qatar_Grand_Prix,HAM,35.0,57.0,22.0
2024,Qatar_Grand_Prix,HUL,32.0,57.0,25.0
2024,Qatar_Grand_Prix,LAW,36.0,57.0,21.0
2024,Qatar_Grand_Prix,LEC,36.0,57.0,21.0
2024,Qatar_Grand_Prix,MAG,28.0,57.0,29.0
2024,Qatar_Grand_Prix,NOR,36.0,57.0,21.0
2024,Qatar_Grand_Prix,PER,36.0,57.0,21.0
2024,Qatar_Grand_Prix,PIA,35.0,57.0,22.0
2024,Qatar_Grand_Prix,RUS,24.0,57.0,33.0
2024,Qatar_Grand_Prix,SAI,35.0,57.0,22.0
2024,Qatar_Grand_Prix,STR,2.0,57.0,55.0
2024,Qatar_Grand_Prix,TSU,36.0,57.0,21.0
2024,Qatar_Grand_Prix,VER,36.0,57.0,21.0
2024,Qatar_Grand_Prix,ZHO,36.0,57.0,21.0
2024,Saudi_Arabian_Grand_Prix,ALB,8.0,50.0,42.0
2024,Saudi_Arabian_Grand_Prix,ALO,8.0,50.0,42.0
2024,Saudi_Arabian_Grand_Prix,BEA,8.0,50.0,42.0
2024,Saudi_Arabian_Grand_Prix,BOT,8.0,50.0,42.0
2024,Saudi_Arabian_Grand_Prix,HAM,37.0,50.0,13.0
2024,Saudi_Arabian_Grand_Prix,HUL,34.0,50.0,16.0
2024,Saudi_Arabian_Grand_Prix,LEC,8.0,50.0,42.0
2024,Saudi_Arabian_Grand_Prix,MAG,8.0,50.0,42.0
2024,Saudi_Arabian_Grand_Prix,NOR,38.0,50.0,12.0
2024,Saudi_Arabian_Grand_Prix,OCO,8.0,50.0,42.0
2024,Saudi_Arabian_Grand_Prix,PER,8.0,50.0,42.0
2024,Saudi_Arabian_Grand_Prix,PIA,8.0,50.0,42.0
2024,Saudi_Arabian_Grand_Prix,RIC,8.0,50.0,42.0
2024,Saudi_Arabian_Grand_Prix,RUS,8.0,50.0,42.0
2024,Saudi_Arabian_Grand_Prix,SAR,8.0,50.0,42.0
2024,Saudi_Arabian_Grand_Prix,TSU,8.0,50.0,42.0
2024,Saudi_Arabian_Grand_Prix,VER,8.0,50.0,42.0
2024,Saudi_Arabian_Grand_Prix,ZHO,42.0,50.0,8.0
2024,Singapore_Grand_Prix,ALB,12.0,62.0,50.0
2024,Singapore_Grand_Prix,ALO,26.0,62.0,36.0
2024,Singapore_Grand_Prix,BOT,34.0,62.0,28.0
2024,Singapore_Grand_Prix,COL,30.0,62.0,32.0
2024,Singapore_Grand_Prix,GAS,38.0,62.0,24.0
2024,Singapore_Grand_Prix,HAM,18.0,62.0,44.0
2024,Singapore_Grand_Prix,HUL,30.0,62.0,32.0
2024,Singapore_Grand_Prix,LEC,37.0,62.0,25.0
2024,Singapore_Grand_Prix,MAG,29.0,62.0,33.0
2024,Singapore_Grand_Prix,NOR,31.0,62.0,31.0
2024,Singapore_Grand_Prix,OCO,30.0,62.0,32.0
2024,Singapore_Grand_Prix,PER,29.0,62.0,33.0
2024,Singapore_Grand_Prix,PIA,39.0,62.0,23.0
2024,Singapore_Grand_Prix,RIC,11.0,62.0,51.0
2024,Singapore_Grand_Prix,RUS,28.0,62.0,34.0
2024,Singapore_Grand_Prix,SAI,14.0,62.0,48.0
2024,Singapore_Grand_Prix,STR,27.0,62.0,35.0
2024,Singapore_Grand_Prix,TSU,34.0,62.0,28.0
2024,Singapore_Grand_Prix,VER,30.0,62.0,32.0
2024,Singapore_Grand_Prix,ZHO,35.0,62.0,27.0
2024,Spanish_Grand_Prix,ALB,19.0,66.0,47.0
2024,Spanish_Grand_Prix,ALO,20.0,66.0,46.0
2024,Spanish_Grand_Prix,BOT,29.0,66.0,37.0
2024,Spanish_Grand_Prix,GAS,15.0,66.0,51.0
2024,Spanish_Grand_Prix,HAM,17.0,66.0,49.0
2024,Spanish_Grand_Prix,HUL,13.0,66.0,53.0
2024,Spanish_Grand_Prix,LEC,25.0,66.0,41.0
2024,Spanish_Grand_Prix,MAG,11.0,66.0,55.0
2024,Spanish_Grand_Prix,NOR,24.0,66.0,42.0
2024,Spanish_Grand_Prix,OCO,14.0,66.0,52.0
2024,Spanish_Grand_Prix,PER,32.0,66.0,34.0
2024,Spanish_Grand_Prix,PIA,22.0,66.0,44.0
2024,Spanish_Grand_Prix,RIC,17.0,66.0,49.0
2024,Spanish_Grand_Prix,RUS,16.0,66.0,50.0
2024,Spanish_Grand_Prix,SAI,16.0,66.0,50.0
2024,Spanish_Grand_Prix,SAR,15.0,66.0,51.0
2024,Spanish_Grand_Prix,STR,18.0,66.0,48.0
2024,Spanish_Grand_Prix,TSU,10.0,66.0,56.0
2024,Spanish_Grand_Prix,VER,18.0,66.0,48.0
2024,Spanish_Grand_Prix,ZHO,10.0,66.0,56.0
2024,United_States_Grand_Prix,ALB,34.0,56.0,22.0
2024,United_States_Grand_Prix,ALO,27.0,56.0,29.0
2024,United_States_Grand_Prix,BOT,16.0,56.0,40.0
2024,United_States_Grand_Prix,COL,40.0,56.0,16.0
2024,United_States_Grand_Prix,GAS,19.0,56.0,37.0
2024,United_States_Grand_Prix,HUL,28.0,56.0,28.0
2024,United_States_Grand_Prix,LAW,37.0,56.0,19.0
2024,United_States_Grand_Prix,LEC,27.0,56.0,29.0
2024,United_States_Grand_Prix,MAG,18.0,56.0,38.0
2024,United_States_Grand_Prix,NOR,32.0,56.0,24.0
2024,United_States_Grand_Prix,OCO,32.0,56.0,24.0
2024,United_States_Grand_Prix,PER,27.0,56.0,29.0
2024,United_States_Grand_Prix,PIA,33.0,56.0,23.0
2024,United_States_Grand_Prix,RUS,41.0,56.0,15.0
2024,United_States_Grand_Prix,SAI,22.0,56.0,34.0
2024,United_States_Grand_Prix,STR,28.0,56.0,28.0
2024,United_States_Grand_Prix,TSU,19.0,56.0,37.0
2024,United_States_Grand_Prix,VER,26.0,56.0,30.0
2024,United_States_Grand_Prix,ZHO,36.0,56.0,20.0
2025,Abu_Dhabi_Grand_Prix,ALB,9.0,58.0,49.0
2025,Abu_Dhabi_Grand_Prix,ALO,17.0,58.0,41.0
2025,Abu_Dhabi_Grand_Prix,ANT,33.0,58.0,25.0
2025,Abu_Dhabi_Grand_Prix,BEA,15.0,58.0,43.0
2025,Abu_Dhabi_Grand_Prix,BOR,16.0,58.0,42.0
2025,Abu_Dhabi_Grand_Prix,COL,16.0,58.0,42.0
2025,Abu_Dhabi_Grand_Prix,GAS,14.0,58.0,44.0
2025,Abu_Dhabi_Grand_Prix,HAD,15.0,58.0,43.0
2025,Abu_Dhabi_Grand_Prix,HAM,9.0,58.0,49.0
2025,Abu_Dhabi_Grand_Prix,HUL,8.0,58.0,50.0
2025,Abu_Dhabi_Grand_Prix,LAW,22.0,58.0,36.0
2025,Abu_Dhabi_Grand_Prix,LEC,17.0,58.0,41.0
2025,Abu_Dhabi_Grand_Prix,NOR,17.0,58.0,41.0
2025,Abu_Dhabi_Grand_Prix,OCO,20.0,58.0,38.0
2025,Abu_Dhabi_Grand_Prix,PIA,42.0,58.0,16.0
2025,Abu_Dhabi_Grand_Prix,RUS,15.0,58.0,43.0
2025,Abu_Dhabi_Grand_Prix,SAI,19.0,58.0,39.0
2025,Abu_Dhabi_Grand_Prix,STR,43.0,58.0,15.0
2025,Abu_Dhabi_Grand_Prix,TSU,33.0,58.0,25.0
2025,Abu_Dhabi_Grand_Prix,VER,24.0,58.0,34.0
2025,Austrian_Grand_Prix,ALO,34.0,70.0,36.0
2025,Austrian_Grand_Prix,BEA,12.0,70.0,58.0
2025,Austrian_Grand_Prix,BOR,50.0,70.0,20.0
2025,Austrian_Grand_Prix,COL,14.0,70.0,56.0
2025,Austrian_Grand_Prix,GAS,13.0,70.0,57.0
2025,Austrian_Grand_Prix,HAD,3.0,70.0,67.0
2025,Austrian_Grand_Prix,HAM,27.0,70.0,43.0
2025,Austrian_Grand_Prix,HUL,13.0,70.0,57.0
2025,Austrian_Grand_Prix,LAW,33.0,70.0,37.0
2025,Austrian_Grand_Prix,LEC,26.0,70.0,44.0
2025,Austrian_Grand_Prix,NOR,21.0,70.0,49.0
2025,Austrian_Grand_Prix,OCO,20.0,70.0,50.0
2025,Austrian_Grand_Prix,PIA,25.0,70.0,45.0
2025,Austrian_Grand_Prix,RUS,46.0,70.0,24.0
2025,Austrian_Grand_Prix,STR,27.0,70.0,43.0
2025,Austrian_Grand_Prix,TSU,19.0,70.0,51.0
2025,Azerbaijan_Grand_Prix,ALB,16.0,51.0,35.0
2025,Azerbaijan_Grand_Prix,ALO,22.0,51.0,29.0
2025,Azerbaijan_Grand_Prix,ANT,19.0,51.0,32.0
2025,Azerbaijan_Grand_Prix,BEA,29.0,51.0,22.0
2025,Azerbaijan_Grand_Prix,BOR,27.0,51.0,24.0
2025,Azerbaijan_Grand_Prix,COL,17.0,51.0,34.0
2025,Azerbaijan_Grand_Prix,GAS,36.0,51.0,15.0
2025,Azerbaijan_Grand_Prix,HAD,30.0,51.0,21.0
2025,Azerbaijan_Grand_Prix,HAM,37.0,51.0,14.0
2025,Azerbaijan_Grand_Prix,HUL,37.0,51.0,14.0
2025,Azerbaijan_Grand_Prix,LAW,21.0,51.0,30.0
2025,Azerbaijan_Grand_Prix,LEC,20.0,51.0,31.0
2025,Azerbaijan_Grand_Prix,NOR,38.0,51.0,13.0
2025,Azerbaijan_Grand_Prix,OCO,2.0,51.0,49.0
2025,Azerbaijan_Grand_Prix,RUS,40.0,51.0,11.0
2025,Azerbaijan_Grand_Prix,SAI,28.0,51.0,23.0
2025,Azerbaijan_Grand_Prix,STR,38.0,51.0,13.0
2025,Azerbaijan_Grand_Prix,TSU,39.0,51.0,12.0
2025,Azerbaijan_Grand_Prix,VER,41.0,51.0,10.0
2025,Bahrain_Grand_Prix,ALB,17.0,57.0,40.0
2025,Bahrain_Grand_Prix,ALO,33.0,57.0,24.0
2025,Bahrain_Grand_Prix,ANT,13.0,57.0,44.0
2025,Bahrain_Grand_Prix,BEA,15.0,57.0,42.0
2025,Bahrain_Grand_Prix,BOR,14.0,57.0,43.0
2025,Bahrain_Grand_Prix,DOO,10.0,57.0,47.0
2025,Bahrain_Grand_Prix,GAS,11.0,57.0,46.0
2025,Bahrain_Grand_Prix,HAD,7.0,57.0,50.0
2025,Bahrain_Grand_Prix,HAM,33.0,57.0,24.0
2025,Bahrain_Grand_Prix,HUL,6.0,57.0,51.0
2025,Bahrain_Grand_Prix,LAW,15.0,57.0,42.0
2025,Bahrain_Grand_Prix,LEC,33.0,57.0,24.0
2025,Bahrain_Grand_Prix,NOR,11.0,57.0,46.0
2025,Bahrain_Grand_Prix,OCO,9.0,57.0,48.0
2025,Bahrain_Grand_Prix,PIA,15.0,57.0,42.0
2025,Bahrain_Grand_Prix,RUS,14.0,57.0,43.0
2025,Bahrain_Grand_Prix,SAI,15.0,57.0,42.0
2025,Bahrain_Grand_Prix,STR,13.0,57.0,44.0
2025,Bahrain_Grand_Prix,TSU,12.0,57.0,45.0
2025,Bahrain_Grand_Prix,VER,11.0,57.0,46.0
2025,Canadian_Grand_Prix,ALB,24.0,70.0,46.0
2025,Canadian_Grand_Prix,ALO,16.0,70.0,54.0
2025,Canadian_Grand_Prix,ANT,15.0,70.0,55.0
2025,Canadian_Grand_Prix,BEA,19.0,70.0,51.0
2025,Canadian_Grand_Prix,BOR,50.0,70.0,20.0
2025,Canadian_Grand_Prix,COL,15.0,70.0,55.0
2025,Canadian_Grand_Prix,GAS,54.0,70.0,16.0
2025,Canadian_Grand_Prix,HAD,14.0,70.0,56.0
2025,Canadian_Grand_Prix,HAM,16.0,70.0,54.0
2025,Canadian_Grand_Prix,HUL,20.0,70.0,50.0
2025,Canadian_Grand_Prix,LAW,39.0,70.0,31.0
2025,Canadian_Grand_Prix,LEC,54.0,70.0,16.0
2025,Canadian_Grand_Prix,NOR,30.0,70.0,40.0
2025,Canadian_Grand_Prix,OCO,58.0,70.0,12.0
2025,Canadian_Grand_Prix,PIA,17.0,70.0,53.0
2025,Canadian_Grand_Prix,RUS,14.0,70.0,56.0
2025,Canadian_Grand_Prix,SAI,58.0,70.0,12.0
2025,Canadian_Grand_Prix,STR,52.0,70.0,18.0
2025,Canadian_Grand_Prix,TSU,57.0,70.0,13.0
2025,Canadian_Grand_Prix,VER,13.0,70.0,57.0
2025,Chinese_Grand_Prix,ALB,21.0,56.0,35.0
2025,Chinese_Grand_Prix,ANT,13.0,56.0,43.0
2025,Chinese_Grand_Prix,BEA,27.0,56.0,29.0
2025,Chinese_Grand_Prix,BOR,2.0,56.0,54.0
2025,Chinese_Grand_Prix,DOO,12.0,56.0,44.0
2025,Chinese_Grand_Prix,GAS,11.0,56.0,45.0
2025,Chinese_Grand_Prix,HAD,13.0,56.0,43.0
2025,Chinese_Grand_Prix,HAM,14.0,56.0,42.0
2025,Chinese_Grand_Prix,HUL,21.0,56.0,35.0
2025,Chinese_Grand_Prix,LAW,19.0,56.0,37.0
2025,Chinese_Grand_Prix,LEC,16.0,56.0,40.0
2025,Chinese_Grand_Prix,NOR,16.0,56.0,40.0
2025,Chinese_Grand_Prix,OCO,12.0,56.0,44.0
2025,Chinese_Grand_Prix,PIA,15.0,56.0,41.0
2025,Chinese_Grand_Prix,RUS,15.0,56.0,41.0
2025,Chinese_Grand_Prix,SAI,18.0,56.0,38.0
2025,Chinese_Grand_Prix,STR,37.0,56.0,19.0
2025,Chinese_Grand_Prix,TSU,12.0,56.0,44.0
2025,Chinese_Grand_Prix,VER,14.0,56.0,42.0
2025,Dutch_Grand_Prix,ALB,24.0,72.0,48.0
2025,Dutch_Grand_Prix,ALO,19.0,72.0,53.0
2025,Dutch_Grand_Prix,ANT,24.0,72.0,48.0
2025,Dutch_Grand_Prix,BEA,54.0,72.0,18.0
2025,Dutch_Grand_Prix,BOR,23.0,72.0,49.0
2025,Dutch_Grand_Prix,COL,20.0,72.0,52.0
2025,Dutch_Grand_Prix,GAS,24.0,72.0,48.0
2025,Dutch_Grand_Prix,HAD,24.0,72.0,48.0
2025,Dutch_Grand_Prix,HUL,20.0,72.0,52.0
2025,Dutch_Grand_Prix,LAW,24.0,72.0,48.0
2025,Dutch_Grand_Prix,LEC,23.0,72.0,49.0
2025,Dutch_Grand_Prix,NOR,24.0,72.0,48.0
2025,Dutch_Grand_Prix,OCO,53.0,72.0,19.0
2025,Dutch_Grand_Prix,PIA,24.0,72.0,48.0
2025,Dutch_Grand_Prix,RUS,24.0,72.0,48.0
2025,Dutch_Grand_Prix,SAI,24.0,72.0,48.0
2025,Dutch_Grand_Prix,STR,9.0,72.0,63.0
2025,Dutch_Grand_Prix,TSU,20.0,72.0,52.0
2025,Dutch_Grand_Prix,VER,24.0,72.0,48.0
2025,Emilia_Romagna_Grand_Prix,ALB,30.0,63.0,33.0
2025,Emilia_Romagna_Grand_Prix,ALO,13.0,63.0,50.0
2025,Emilia_Romagna_Grand_Prix,ANT,30.0,63.0,33.0
2025,Emilia_Romagna_Grand_Prix,BEA,30.0,63.0,33.0
2025,Emilia_Romagna_Grand_Prix,BOR,13.0,63.0,50.0
2025,Emilia_Romagna_Grand_Prix,COL,23.0,63.0,40.0
2025,Emilia_Romagna_Grand_Prix,GAS,10.0,63.0,53.0
2025,Emilia_Romagna_Grand_Prix,HAD,30.0,63.0,33.0
2025,Emilia_Romagna_Grand_Prix,HAM,30.0,63.0,33.0
2025,Emilia_Romagna_Grand_Prix,HUL,30.0,63.0,33.0
2025,Emilia_Romagna_Grand_Prix,LAW,11.0,63.0,52.0
2025,Emilia_Romagna_Grand_Prix,LEC,11.0,63.0,52.0
2025,Emilia_Romagna_Grand_Prix,NOR,29.0,63.0,34.0
2025,Emilia_Romagna_Grand_Prix,OCO,2.0,63.0,61.0
2025,Emilia_Romagna_Grand_Prix,PIA,14.0,63.0,49.0
2025,Emilia_Romagna_Grand_Prix,RUS,12.0,63.0,51.0
2025,Emilia_Romagna_Grand_Prix,SAI,12.0,63.0,51.0
2025,Emilia_Romagna_Grand_Prix,STR,15.0,63.0,48.0
2025,Emilia_Romagna_Grand_Prix,TSU,30.0,63.0,33.0
2025,Emilia_Romagna_Grand_Prix,VER,30.0,63.0,33.0
2025,Hungarian_Grand_Prix,ALB,15.0,70.0,55.0
2025,Hungarian_Grand_Prix,ALO,40.0,70.0,30.0
2025,Hungarian_Grand_Prix,ANT,22.0,70.0,48.0
2025,Hungarian_Grand_Prix,BEA,31.0,70.0,39.0
2025,Hungarian_Grand_Prix,BOR,41.0,70.0,29.0
2025,Hungarian_Grand_Prix,COL,14.0,70.0,56.0
2025,Hungarian_Grand_Prix,GAS,33.0,70.0,37.0
2025,Hungarian_Grand_Prix,HAD,34.0,70.0,36.0
2025,Hungarian_Grand_Prix,HAM,43.0,70.0,27.0
2025,Hungarian_Grand_Prix,HUL,6.0,70.0,64.0
2025,Hungarian_Grand_Prix,LAW,41.0,70.0,29.0
2025,Hungarian_Grand_Prix,LEC,20.0,70.0,50.0
2025,Hungarian_Grand_Prix,NOR,32.0,70.0,38.0
2025,Hungarian_Grand_Prix,OCO,15.0,70.0,55.0
2025,Hungarian_Grand_Prix,PIA,19.0,70.0,51.0
2025,Hungarian_Grand_Prix,RUS,20.0,70.0,50.0
2025,Hungarian_Grand_Prix,SAI,16.0,70.0,54.0
2025,Hungarian_Grand_Prix,STR,37.0,70.0,33.0
2025,Hungarian_Grand_Prix,TSU,21.0,70.0,49.0
2025,Hungarian_Grand_Prix,VER,18.0,70.0,52.0
2025,Italian_Grand_Prix,ALB,42.0,53.0,11.0
2025,Italian_Grand_Prix,ALO,21.0,53.0,32.0
2025,Italian_Grand_Prix,ANT,29.0,53.0,24.0
2025,Italian_Grand_Prix,BEA,19.0,53.0,34.0
2025,Italian_Grand_Prix,BOR,21.0,53.0,32.0
2025,Italian_Grand_Prix,COL,34.0,53.0,19.0
2025,Italian_Grand_Prix,GAS,50.0,53.0,3.0
2025,Italian_Grand_Prix,HAD,33.0,53.0,20.0
2025,Italian_Grand_Prix,HAM,39.0,53.0,14.0
2025,Italian_Grand_Prix,LAW,10.0,53.0,43.0
2025,Italian_Grand_Prix,LEC,34.0,53.0,19.0
2025,Italian_Grand_Prix,NOR,47.0,53.0,6.0
2025,Italian_Grand_Prix,OCO,52.0,53.0,1.0
2025,Italian_Grand_Prix,PIA,46.0,53.0,7.0
2025,Italian_Grand_Prix,RUS,28.0,53.0,25.0
2025,Italian_Grand_Prix,SAI,31.0,53.0,22.0
2025,Italian_Grand_Prix,STR,50.0,53.0,3.0
2025,Italian_Grand_Prix,TSU,20.0,53.0,33.0
2025,Italian_Grand_Prix,VER,38.0,53.0,15.0
2025,Japanese_Grand_Prix,ALB,25.0,53.0,28.0
2025,Japanese_Grand_Prix,ALO,25.0,53.0,28.0
2025,Japanese_Grand_Prix,ANT,32.0,53.0,21.0
2025,Japanese_Grand_Prix,BEA,24.0,53.0,29.0
2025,Japanese_Grand_Prix,BOR,32.0,53.0,21.0
2025,Japanese_Grand_Prix,DOO,16.0,53.0,37.0
2025,Japanese_Grand_Prix,GAS,25.0,53.0,28.0
2025,Japanese_Grand_Prix,HAD,26.0,53.0,27.0
2025,Japanese_Grand_Prix,HAM,31.0,53.0,22.0
2025,Japanese_Grand_Prix,HUL,23.0,53.0,30.0
2025,Japanese_Grand_Prix,LAW,34.0,53.0,19.0
2025,Japanese_Grand_Prix,LEC,22.0,53.0,31.0
2025,Japanese_Grand_Prix,NOR,22.0,53.0,31.0
2025,Japanese_Grand_Prix,OCO,33.0,53.0,20.0
2025,Japanese_Grand_Prix,PIA,21.0,53.0,32.0
2025,Japanese_Grand_Prix,RUS,20.0,53.0,33.0
2025,Japanese_Grand_Prix,SAI,34.0,53.0,19.0
2025,Japanese_Grand_Prix,STR,10.0,53.0,43.0
2025,Japanese_Grand_Prix,TSU,24.0,53.0,29.0
2025,Japanese_Grand_Prix,VER,22.0,53.0,31.0
2025,Las_Vegas_Grand_Prix,ALB,14.0,50.0,36.0
2025,Las_Vegas_Grand_Prix,ALO,17.0,50.0,33.0
2025,Las_Vegas_Grand_Prix,ANT,3.0,50.0,47.0
2025,Las_Vegas_Grand_Prix,BEA,18.0,50.0,32.0
2025,Las_Vegas_Grand_Prix,BOR,2.0,50.0,48.0
2025,Las_Vegas_Grand_Prix,COL,26.0,50.0,24.0
2025,Las_Vegas_Grand_Prix,GAS,3.0,50.0,47.0
2025,Las_Vegas_Grand_Prix,HAD,21.0,50.0,29.0
2025,Las_Vegas_Grand_Prix,HAM,30.0,50.0,20.0
2025,Las_Vegas_Grand_Prix,HUL,31.0,50.0,19.0
2025,Las_Vegas_Grand_Prix,LAW,3.0,50.0,47.0
2025,Las_Vegas_Grand_Prix,LEC,25.0,50.0,25.0
2025,Las_Vegas_Grand_Prix,NOR,23.0,50.0,27.0
2025,Las_Vegas_Grand_Prix,OCO,28.0,50.0,22.0
2025,Las_Vegas_Grand_Prix,PIA,22.0,50.0,28.0
2025,Las_Vegas_Grand_Prix,RUS,18.0,50.0,32.0
2025,Las_Vegas_Grand_Prix,SAI,23.0,50.0,27.0
2025,Las_Vegas_Grand_Prix,TSU,2.0,50.0,48.0
2025,Las_Vegas_Grand_Prix,VER,26.0,50.0,24.0
2025,Mexico_City_Grand_Prix,ALB,42.0,71.0,29.0
2025,Mexico_City_Grand_Prix,ALO,21.0,71.0,50.0
2025,Mexico_City_Grand_Prix,ANT,23.0,71.0,48.0
2025,Mexico_City_Grand_Prix,BEA,25.0,71.0,46.0
2025,Mexico_City_Grand_Prix,BOR,38.0,71.0,33.0
2025,Mexico_City_Grand_Prix,COL,49.0,71.0,22.0
2025,Mexico_City_Grand_Prix,GAS,34.0,71.0,37.0
2025,Mexico_City_Grand_Prix,HAD,35.0,71.0,36.0
2025,Mexico_City_Grand_Prix,HAM,24.0,71.0,47.0
2025,Mexico_City_Grand_Prix,LAW,3.0,71.0,68.0
2025,Mexico_City_Grand_Prix,LEC,32.0,71.0,39.0
2025,Mexico_City_Grand_Prix,NOR,35.0,71.0,36.0
2025,Mexico_City_Grand_Prix,OCO,28.0,71.0,43.0
2025,Mexico_City_Grand_Prix,PIA,25.0,71.0,46.0
2025,Mexico_City_Grand_Prix,RUS,26.0,71.0,45.0
2025,Mexico_City_Grand_Prix,SAI,18.0,71.0,53.0
2025,Mexico_City_Grand_Prix,STR,27.0,71.0,44.0
2025,Mexico_City_Grand_Prix,TSU,37.0,71.0,34.0
2025,Mexico_City_Grand_Prix,VER,38.0,71.0,33.0
2025,Miami_Grand_Prix,ALB,33.0,57.0,24.0
2025,Miami_Grand_Prix,ALO,33.0,57.0,24.0
2025,Miami_Grand_Prix,ANT,33.0,57.0,24.0
2025,Miami_Grand_Prix,GAS,33.0,57.0,24.0
2025,Miami_Grand_Prix,HAM,33.0,57.0,24.0
2025,Miami_Grand_Prix,HUL,37.0,57.0,20.0
2025,Miami_Grand_Prix,LAW,32.0,57.0,25.0
2025,Miami_Grand_Prix,LEC,33.0,57.0,24.0
2025,Miami_Grand_Prix,NOR,33.0,57.0,24.0
2025,Miami_Grand_Prix,PIA,33.0,57.0,24.0
2025,Miami_Grand_Prix,RUS,33.0,57.0,24.0
2025,Miami_Grand_Prix,SAI,33.0,57.0,24.0
2025,Miami_Grand_Prix,TSU,33.0,57.0,24.0
2025,Miami_Grand_Prix,VER,33.0,57.0,24.0
2025,Monaco_Grand_Prix,ALB,41.0,78.0,37.0
2025,Monaco_Grand_Prix,ANT,70.0,78.0,8.0
2025,Monaco_Grand_Prix,BEA,2.0,78.0,76.0
2025,Monaco_Grand_Prix,BOR,2.0,78.0,76.0
2025,Monaco_Grand_Prix,COL,14.0,78.0,64.0
2025,Monaco_Grand_Prix,HAD,15.0,78.0,63.0
2025,Monaco_Grand_Prix,HAM,57.0,78.0,21.0
2025,Monaco_Grand_Prix,HUL,13.0,78.0,65.0
2025,Monaco_Grand_Prix,LAW,32.0,78.0,46.0
2025,Monaco_Grand_Prix,LEC,23.0,78.0,55.0
2025,Monaco_Grand_Prix,NOR,20.0,78.0,58.0
2025,Monaco_Grand_Prix,OCO,29.0,78.0,49.0
2025,Monaco_Grand_Prix,PIA,21.0,78.0,57.0
2025,Monaco_Grand_Prix,RUS,54.0,78.0,24.0
2025,Monaco_Grand_Prix,SAI,49.0,78.0,29.0
2025,Monaco_Grand_Prix,STR,65.0,78.0,13.0
2025,Monaco_Grand_Prix,TSU,2.0,78.0,76.0
2025,Monaco_Grand_Prix,VER,29.0,78.0,49.0
2025,Qatar_Grand_Prix,ALB,8.0,57.0,49.0
2025,Qatar_Grand_Prix,ALO,33.0,57.0,24.0
2025,Qatar_Grand_Prix,ANT,33.0,57.0,24.0
2025,Qatar_Grand_Prix,BEA,33.0,57.0,24.0
2025,Qatar_Grand_Prix,BOR,33.0,57.0,24.0
2025,Qatar_Grand_Prix,COL,8.0,57.0,49.0
2025,Qatar_Grand_Prix,GAS,8.0,57.0,49.0
2025,Qatar_Grand_Prix,HAD,33.0,57.0,24.0
2025,Qatar_Grand_Prix,HAM,8.0,57.0,49.0
2025,Qatar_Grand_Prix,LAW,33.0,57.0,24.0
2025,Qatar_Grand_Prix,LEC,33.0,57.0,24.0
2025,Qatar_Grand_Prix,NOR,45.0,57.0,12.0
2025,Qatar_Grand_Prix,OCO,9.0,57.0,48.0
2025,Qatar_Grand_Prix,PIA,43.0,57.0,14.0
2025,Qatar_Grand_Prix,RUS,33.0,57.0,24.0
2025,Qatar_Grand_Prix,SAI,33.0,57.0,24.0
2025,Qatar_Grand_Prix,STR,50.0,57.0,7.0
2025,Qatar_Grand_Prix,TSU,33.0,57.0,24.0
2025,Qatar_Grand_Prix,VER,33.0,57.0,24.0
2025,Saudi_Arabian_Grand_Prix,ALB,23.0,50.0,27.0
2025,Saudi_Arabian_Grand_Prix,ALO,20.0,50.0,30.0
2025,Saudi_Arabian_Grand_Prix,ANT,20.0,50.0,30.0
2025,Saudi_Arabian_Grand_Prix,BEA,19.0,50.0,31.0
2025,Saudi_Arabian_Grand_Prix,BOR,2.0,50.0,48.0
2025,Saudi_Arabian_Grand_Prix,DOO,2.0,50.0,48.0
2025,Saudi_Arabian_Grand_Prix,HAD,35.0,50.0,15.0
2025,Saudi_Arabian_Grand_Prix,HAM,24.0,50.0,26.0
2025,Saudi_Arabian_Grand_Prix,HUL,34.0,50.0,16.0
2025,Saudi_Arabian_Grand_Prix,LAW,21.0,50.0,29.0
2025,Saudi_Arabian_Grand_Prix,LEC,30.0,50.0,20.0
2025,Saudi_Arabian_Grand_Prix,NOR,35.0,50.0,15.0
2025,Saudi_Arabian_Grand_Prix,OCO,2.0,50.0,48.0
2025,Saudi_Arabian_Grand_Prix,PIA,20.0,50.0,30.0
2025,Saudi_Arabian_Grand_Prix,RUS,21.0,50.0,29.0
2025,Saudi_Arabian_Grand_Prix,SAI,22.0,50.0,28.0
2025,Saudi_Arabian_Grand_Prix,STR,40.0,50.0,10.0
2025,Saudi_Arabian_Grand_Prix,VER,22.0,50.0,28.0
2025,Singapore_Grand_Prix,ALB,43.0,62.0,19.0
2025,Singapore_Grand_Prix,ALO,28.0,62.0,34.0
2025,Singapore_Grand_Prix,ANT,26.0,62.0,36.0
2025,Singapore_Grand_Prix,BEA,24.0,62.0,38.0
2025,Singapore_Grand_Prix,BOR,14.0,62.0,48.0
2025,Singapore_Grand_Prix,COL,15.0,62.0,47.0
2025,Singapore_Grand_Prix,GAS,25.0,62.0,37.0
2025,Singapore_Grand_Prix,HAD,21.0,62.0,41.0
2025,Singapore_Grand_Prix,HAM,25.0,62.0,37.0
2025,Singapore_Grand_Prix,HUL,26.0,62.0,36.0
2025,Singapore_Grand_Prix,LAW,49.0,62.0,13.0
2025,Singapore_Grand_Prix,LEC,22.0,62.0,40.0
2025,Singapore_Grand_Prix,NOR,27.0,62.0,35.0
2025,Singapore_Grand_Prix,OCO,31.0,62.0,31.0
2025,Singapore_Grand_Prix,PIA,28.0,62.0,34.0
2025,Singapore_Grand_Prix,RUS,26.0,62.0,36.0
2025,Singapore_Grand_Prix,SAI,51.0,62.0,11.0
2025,Singapore_Grand_Prix,STR,39.0,62.0,23.0
2025,Singapore_Grand_Prix,TSU,14.0,62.0,48.0
2025,Singapore_Grand_Prix,VER,20.0,62.0,42.0
2025,Spanish_Grand_Prix,ALO,16.0,66.0,50.0
2025,Spanish_Grand_Prix,ANT,22.0,66.0,44.0
2025,Spanish_Grand_Prix,BEA,9.0,66.0,57.0
2025,Spanish_Grand_Prix,BOR,20.0,66.0,46.0
2025,Spanish_Grand_Prix,COL,15.0,66.0,51.0
2025,Spanish_Grand_Prix,GAS,32.0,66.0,34.0
2025,Spanish_Grand_Prix,HAD,20.0,66.0,46.0
2025,Spanish_Grand_Prix,HAM,17.0,66.0,49.0
2025,Spanish_Grand_Prix,HUL,10.0,66.0,56.0
2025,Spanish_Grand_Prix,LAW,19.0,66.0,47.0
2025,Spanish_Grand_Prix,LEC,18.0,66.0,48.0
2025,Spanish_Grand_Prix,NOR,22.0,66.0,44.0
2025,Spanish_Grand_Prix,OCO,21.0,66.0,45.0
2025,Spanish_Grand_Prix,PIA,23.0,66.0,43.0
2025,Spanish_Grand_Prix,RUS,21.0,66.0,45.0
2025,Spanish_Grand_Prix,SAI,35.0,66.0,31.0
2025,Spanish_Grand_Prix,TSU,9.0,66.0,57.0
2025,Spanish_Grand_Prix,VER,30.0,66.0,36.0
2025,São_Paulo_Grand_Prix,ALB,36.0,71.0,35.0
2025,São_Paulo_Grand_Prix,ALO,29.0,71.0,42.0
2025,São_Paulo_Grand_Prix,ANT,22.0,71.0,49.0
2025,São_Paulo_Grand_Prix,BEA,18.0,71.0,53.0
2025,São_Paulo_Grand_Prix,COL,30.0,71.0,41.0
2025,São_Paulo_Grand_Prix,GAS,19.0,71.0,52.0
2025,São_Paulo_Grand_Prix,HAD,19.0,71.0,52.0
2025,São_Paulo_Grand_Prix,HAM,3.0,71.0,68.0
2025,São_Paulo_Grand_Prix,HUL,37.0,71.0,34.0
2025,São_Paulo_Grand_Prix,LAW,20.0,71.0,51.0
2025,São_Paulo_Grand_Prix,NOR,31.0,71.0,40.0
2025,São_Paulo_Grand_Prix,OCO,9.0,71.0,62.0
2025,São_Paulo_Grand_Prix,PIA,39.0,71.0,32.0
2025,São_Paulo_Grand_Prix,RUS,35.0,71.0,36.0
2025,São_Paulo_Grand_Prix,SAI,18.0,71.0,53.0
2025,São_Paulo_Grand_Prix,STR,30.0,71.0,41.0
2025,São_Paulo_Grand_Prix,TSU,3.0,71.0,68.0
2025,São_Paulo_Grand_Prix,VER,8.0,71.0,63.0
2025,United_States_Grand_Prix,ALB,8.0,56.0,48.0
2025,United_States_Grand_Prix,ALO,31.0,56.0,25.0
2025,United_States_Grand_Prix,ANT,32.0,56.0,24.0
2025,United_States_Grand_Prix,BEA,31.0,56.0,25.0
2025,United_States_Grand_Prix,BOR,15.0,56.0,41.0
2025,United_States_Grand_Prix,COL,33.0,56.0,23.0
2025,United_States_Grand_Prix,GAS,28.0,56.0,28.0
2025,United_States_Grand_Prix,HAD,29.0,56.0,27.0
2025,United_States_Grand_Prix,HAM,32.0,56.0,24.0
2025,United_States_Grand_Prix,HUL,34.0,56.0,22.0
2025,United_States_Grand_Prix,LAW,31.0,56.0,25.0
2025,United_States_Grand_Prix,LEC,23.0,56.0,33.0
2025,United_States_Grand_Prix,NOR,33.0,56.0,23.0
2025,United_States_Grand_Prix,OCO,25.0,56.0,31.0
2025,United_States_Grand_Prix,PIA,31.0,56.0,25.0
2025,United_States_Grand_Prix,RUS,34.0,56.0,22.0
2025,United_States_Grand_Prix,STR,29.0,56.0,27.0
2025,United_States_Grand_Prix,TSU,30.0,56.0,26.0
2025,United_States_Grand_Prix,VER,34.0,56.0,22.0
2026,Australian_Grand_Prix,ALB,13.0,58.0,45.0
2026,Australian_Grand_Prix,ANT,13.0,58.0,45.0
2026,Australian_Grand_Prix,BEA,19.0,58.0,39.0
2026,Australian_Grand_Prix,BOR,19.0,58.0,39.0
2026,Australian_Grand_Prix,COL,47.0,58.0,11.0
2026,Australian_Grand_Prix,GAS,12.0,58.0,46.0
2026,Australian_Grand_Prix,HAM,29.0,58.0,29.0
2026,Australian_Grand_Prix,LAW,12.0,58.0,46.0
2026,Australian_Grand_Prix,LEC,26.0,58.0,32.0
2026,Australian_Grand_Prix,LIN,19.0,58.0,39.0
2026,Australian_Grand_Prix,NOR,12.0,58.0,46.0
2026,Australian_Grand_Prix,OCO,12.0,58.0,46.0
2026,Australian_Grand_Prix,PER,19.0,58.0,39.0
2026,Australian_Grand_Prix,RUS,13.0,58.0,45.0
2026,Australian_Grand_Prix,SAI,12.0,58.0,46.0
2026,Australian_Grand_Prix,STR,12.0,58.0,46.0
2026,Australian_Grand_Prix,VER,19.0,58.0,39.0
2026,Canadian_Grand_Prix,ANT,32.0,68.0,36.0
2026,Canadian_Grand_Prix,BEA,31.0,68.0,37.0
2026,Canadian_Grand_Prix,COL,31.0,68.0,37.0
2026,Canadian_Grand_Prix,GAS,31.0,68.0,37.0
2026,Canadian_Grand_Prix,HAD,32.0,68.0,36.0
2026,Canadian_Grand_Prix,HAM,32.0,68.0,36.0
2026,Canadian_Grand_Prix,LAW,31.0,68.0,37.0
2026,Canadian_Grand_Prix,LEC,32.0,68.0,36.0
2026,Canadian_Grand_Prix,OCO,17.0,68.0,51.0
2026,Canadian_Grand_Prix,STR,50.0,68.0,18.0
2026,Canadian_Grand_Prix,VER,32.0,68.0,36.0
2026,Chinese_Grand_Prix,ALO,32.0,56.0,24.0
2026,Chinese_Grand_Prix,ANT,11.0,56.0,45.0
2026,Chinese_Grand_Prix,BEA,11.0,56.0,45.0
2026,Chinese_Grand_Prix,BOT,11.0,56.0,45.0
2026,Chinese_Grand_Prix,COL,33.0,56.0,23.0
2026,Chinese_Grand_Prix,GAS,11.0,56.0,45.0
2026,Chinese_Grand_Prix,HAD,2.0,56.0,54.0
2026,Chinese_Grand_Prix,HAM,11.0,56.0,45.0
2026,Chinese_Grand_Prix,HUL,36.0,56.0,20.0
2026,Chinese_Grand_Prix,LAW,10.0,56.0,46.0
2026,Chinese_Grand_Prix,LEC,11.0,56.0,45.0
2026,Chinese_Grand_Prix,LIN,43.0,56.0,13.0
2026,Chinese_Grand_Prix,OCO,30.0,56.0,26.0
2026,Chinese_Grand_Prix,PER,12.0,56.0,44.0
2026,Chinese_Grand_Prix,RUS,11.0,56.0,45.0
2026,Chinese_Grand_Prix,SAI,10.0,56.0,46.0
2026,Chinese_Grand_Prix,VER,10.0,56.0,46.0
2026,Japanese_Grand_Prix,ALB,23.0,53.0,30.0
2026,Japanese_Grand_Prix,ALO,22.0,53.0,31.0
2026,Japanese_Grand_Prix,ANT,23.0,53.0,30.0
2026,Japanese_Grand_Prix,BEA,17.0,53.0,36.0
2026,Japanese_Grand_Prix,BOR,23.0,53.0,30.0
2026,Japanese_Grand_Prix,BOT,20.0,53.0,33.0
2026,Japanese_Grand_Prix,COL,18.0,53.0,35.0
2026,Japanese_Grand_Prix,GAS,23.0,53.0,30.0
2026,Japanese_Grand_Prix,HAD,20.0,53.0,33.0
2026,Japanese_Grand_Prix,HAM,23.0,53.0,30.0
2026,Japanese_Grand_Prix,HUL,24.0,53.0,29.0
2026,Japanese_Grand_Prix,LAW,23.0,53.0,30.0
2026,Japanese_Grand_Prix,LEC,18.0,53.0,35.0
2026,Japanese_Grand_Prix,LIN,19.0,53.0,34.0
2026,Japanese_Grand_Prix,NOR,17.0,53.0,36.0
2026,Japanese_Grand_Prix,OCO,20.0,53.0,33.0
2026,Japanese_Grand_Prix,PER,22.0,53.0,31.0
2026,Japanese_Grand_Prix,PIA,19.0,53.0,34.0
2026,Japanese_Grand_Prix,RUS,22.0,53.0,31.0
2026,Japanese_Grand_Prix,SAI,23.0,53.0,30.0
2026,Japanese_Grand_Prix,STR,22.0,53.0,31.0
2026,Japanese_Grand_Prix,VER,23.0,53.0,30.0
2026,Miami_Grand_Prix,ALB,28.0,57.0,29.0
2026,Miami_Grand_Prix,ALO,42.0,57.0,15.0
2026,Miami_Grand_Prix,ANT,27.0,57.0,30.0
2026,Miami_Grand_Prix,BEA,27.0,57.0,30.0
2026,Miami_Grand_Prix,BOR,33.0,57.0,24.0
2026,Miami_Grand_Prix,BOT,7.0,57.0,50.0
2026,Miami_Grand_Prix,COL,32.0,57.0,25.0
2026,Miami_Grand_Prix,HAM,28.0,57.0,29.0
2026,Miami_Grand_Prix,LEC,22.0,57.0,35.0
2026,Miami_Grand_Prix,LIN,29.0,57.0,28.0
2026,Miami_Grand_Prix,NOR,28.0,57.0,29.0
2026,Miami_Grand_Prix,OCO,32.0,57.0,25.0
2026,Miami_Grand_Prix,PER,30.0,57.0,27.0
2026,Miami_Grand_Prix,PIA,29.0,57.0,28.0
2026,Miami_Grand_Prix,RUS,21.0,57.0,36.0
2026,Miami_Grand_Prix,SAI,29.0,57.0,28.0
2026,Miami_Grand_Prix,STR,22.0,57.0,35.0
2026,Miami_Grand_Prix,VER,7.0,57.0,50.0
2026,Monaco_Grand_Prix,ALB,44.0,78.0,34.0
2026,Monaco_Grand_Prix,ALO,4.0,78.0,74.0
2026,Monaco_Grand_Prix,ANT,38.0,78.0,40.0
2026,Monaco_Grand_Prix,BEA,2.0,78.0,76.0
2026,Monaco_Grand_Prix,BOR,2.0,78.0,76.0
2026,Monaco_Grand_Prix,BOT,2.0,78.0,76.0
2026,Monaco_Grand_Prix,COL,36.0,78.0,42.0
2026,Monaco_Grand_Prix,GAS,46.0,78.0,32.0
2026,Monaco_Grand_Prix,HAD,33.0,78.0,45.0
2026,Monaco_Grand_Prix,HAM,29.0,78.0,49.0
2026,Monaco_Grand_Prix,HUL,13.0,78.0,65.0
2026,Monaco_Grand_Prix,LAW,45.0,78.0,33.0
2026,Monaco_Grand_Prix,LEC,36.0,78.0,42.0
2026,Monaco_Grand_Prix,LIN,68.0,78.0,10.0
2026,Monaco_Grand_Prix,OCO,10.0,78.0,68.0
2026,Monaco_Grand_Prix,PER,5.0,78.0,73.0
2026,Monaco_Grand_Prix,PIA,49.0,78.0,29.0
2026,Monaco_Grand_Prix,RUS,32.0,78.0,46.0
2026,Monaco_Grand_Prix,SAI,53.0,78.0,25.0
2026,Monaco_Grand_Prix,STR,5.0,78.0,73.0
