driver,season,round,target_race,prior_career_races,tyre_management_pti,consistency_factor_pti,profile_source
AIT,2020,53,Sakhir_Grand_Prix,0,1.05,0.95,fallback
ALB,2019,20,Abu_Dhabi_Grand_Prix,0,1.05,0.95,fallback
ALB,2019,21,Australian_Grand_Prix,1,1.05,0.95,fallback
ALB,2019,22,Austrian_Grand_Prix,2,1.05,0.95,fallback
ALB,2019,23,Azerbaijan_Grand_Prix,3,1.05,0.95,fallback
ALB,2019,24,Bahrain_Grand_Prix,4,1.05,0.95,fallback
ALB,2019,26,Brazilian_Grand_Prix,5,1.05,0.95,fallback
ALB,2019,27,British_Grand_Prix,6,1.05,0.95,fallback
ALB,2019,28,Canadian_Grand_Prix,7,1.05,0.95,fallback
ALB,2019,29,Chinese_Grand_Prix,8,1.05,0.95,fallback
ALB,2019,30,French_Grand_Prix,9,1.05,0.95,fallback
ALB,2019,31,German_Grand_Prix,10,1.0,0.9,fallback
ALB,2019,32,Hungarian_Grand_Prix,11,1.0,0.9,fallback
ALB,2019,33,Italian_Grand_Prix,12,1.0,0.9,fallback
ALB,2019,34,Japanese_Grand_Prix,13,1.0,0.9,fallback
ALB,2019,35,Mexican_Grand_Prix,14,1.0,0.9,fallback
ALB,2019,36,Monaco_Grand_Prix,15,1.0,0.9,fallback
ALB,2019,37,Russian_Grand_Prix,16,1.0,0.9,fallback
ALB,2019,38,Singapore_Grand_Prix,17,1.0,0.9,fallback
ALB,2019,39,Spanish_Grand_Prix,18,1.0,0.9,fallback
ALB,2019,40,United_States_Grand_Prix,19,1.0,0.9,fallback
ALB,2020,41,70th_Anniversary_Grand_Prix,20,0.9396018103533176,1.1132348659942817,rolling
ALB,2020,42,Abu_Dhabi_Grand_Prix,21,0.9250330132094543,1.0942971656786755,rolling
ALB,2020,43,Austrian_Grand_Prix,22,0.9183951408196691,1.0839361722249765,rolling
ALB,2020,44,Bahrain_Grand_Prix,23,0.9172268015174373,1.0653945459621248,rolling
ALB,2020,45,Belgian_Grand_Prix,24,0.9266810652319906,1.0696633756455918,rolling
ALB,2020,46,British_Grand_Prix,25,0.9195256696920444,1.0643009240735437,rolling
ALB,2020,47,Eifel_Grand_Prix,26,0.921457780145574,1.0413082521158472,rolling
ALB,2020,48,Emilia_Romagna_Grand_Prix,27,0.9097352804057018,1.0458803629901652,rolling
ALB,2020,49,Hungarian_Grand_Prix,28,0.9061657931981277,1.0091823279485808,rolling
ALB,2020,50,Italian_Grand_Prix,29,0.895744174237908,1.0112421764468897,rolling
ALB,2020,51,Portuguese_Grand_Prix,30,0.8766979620825291,1.0881940930628689,rolling
ALB,2020,52,Russian_Grand_Prix,31,0.8835199478288679,1.0747155833184932,rolling
ALB,2020,54,Spanish_Grand_Prix,32,0.8749656997496067,1.0592967122432708,rolling
ALB,2020,55,Styrian_Grand_Prix,33,0.8658816550037454,1.0576140010198531,rolling
ALB,2020,56,Turkish_Grand_Prix,34,0.8594045667551459,1.0485492380595893,rolling
ALB,2022,80,Abu_Dhabi_Grand_Prix,35,0.85,1.0503023984856183,rolling
ALB,2022,81,Australian_Grand_Prix,36,0.85,1.0515745369427847,rolling
ALB,2022,82,Austrian_Grand_Prix,37,0.85,1.0423656013178921,rolling
ALB,2022,83,Azerbaijan_Grand_Prix,38,0.85,1.041363840727229,rolling
ALB,2022,84,Bahrain_Grand_Prix,39,0.8501197668961853,1.0388791681252294,rolling
ALB,2022,85,Belgian_Grand_Prix,40,0.8552427379519739,1.03887641155514,rolling
ALB,2022,87,Canadian_Grand_Prix,41,0.8519939283837532,1.0474650679094364,rolling
ALB,2022,88,Dutch_Grand_Prix,42,0.8585051977875103,1.0487902379285474,rolling
ALB,2022,89,Emilia_Romagna_Grand_Prix,43,0.8670167671651583,1.0520258733179286,rolling
ALB,2022,90,French_Grand_Prix,44,0.8726607161486821,1.0547214834363954,rolling
ALB,2022,91,Hungarian_Grand_Prix,45,0.8776863543667285,1.05410032034123,rolling
ALB,2022,94,Mexico_City_Grand_Prix,46,0.8811287700876849,1.0526465232555235,rolling
ALB,2022,95,Miami_Grand_Prix,47,0.8866755772634564,1.0512695239312826,rolling
ALB,2022,96,Monaco_Grand_Prix,48,0.8951398291264646,1.0522747491650364,rolling
ALB,2022,97,Saudi_Arabian_Grand_Prix,49,0.9430934923970501,1.0280843462724711,rolling
ALB,2022,98,Singapore_Grand_Prix,50,0.9466207111749908,1.0189333890956778,rolling
ALB,2022,99,Spanish_Grand_Prix,51,0.9541885741140002,1.0137265202794894,rolling
ALB,2022,100,São_Paulo_Grand_Prix,52,0.9512821464163821,1.0148813501505716,rolling
ALB,2022,101,United_States_Grand_Prix,53,0.9483635713908356,1.016721573056569,rolling
ALB,2023,102,Abu_Dhabi_Grand_Prix,54,0.9471990721102814,1.0151576718446431,rolling
ALB,2023,103,Australian_Grand_Prix,55,0.9467746913545847,1.0152194717227367,rolling
ALB,2023,104,Austrian_Grand_Prix,56,0.9559500074717662,1.0301033472491827,rolling
ALB,2023,105,Azerbaijan_Grand_Prix,57,0.9563837298067428,1.0299100925119682,rolling
ALB,2023,106,Bahrain_Grand_Prix,58,0.9563819229391639,1.0308520901918026,rolling
ALB,2023,107,Belgian_Grand_Prix,59,0.9586126048338564,1.0328268265053215,rolling
ALB,2023,108,British_Grand_Prix,60,0.9547880782000207,1.034208318034042,rolling
ALB,2023,109,Canadian_Grand_Prix,61,0.9562771791734217,1.0352153142101035,rolling
ALB,2023,110,Dutch_Grand_Prix,62,0.9786745177207765,1.0367658100212085,rolling
ALB,2023,111,Hungarian_Grand_Prix,63,1.15,1.0753702272632741,rolling
ALB,2023,112,Italian_Grand_Prix,64,1.15,1.0759821246652337,rolling
ALB,2023,113,Japanese_Grand_Prix,65,1.15,1.076508600289894,rolling
ALB,2023,114,Las_Vegas_Grand_Prix,66,1.15,1.0748738988084974,rolling
ALB,2023,115,Mexico_City_Grand_Prix,67,1.15,1.0751728252457136,rolling
ALB,2023,116,Miami_Grand_Prix,68,1.15,1.1121273709198842,rolling
ALB,2023,117,Monaco_Grand_Prix,69,1.15,1.108052855862673,rolling
ALB,2023,118,Qatar_Grand_Prix,70,1.15,1.1145878395124689,rolling
ALB,2023,119,Saudi_Arabian_Grand_Prix,71,1.15,1.1103456319478038,rolling
ALB,2023,120,Singapore_Grand_Prix,72,1.15,1.110313053416241,rolling
ALB,2023,121,Spanish_Grand_Prix,73,1.15,1.0971804938756982,rolling
ALB,2023,123,United_States_Grand_Prix,74,1.15,1.0956670663734793,rolling
ALB,2024,124,Abu_Dhabi_Grand_Prix,75,1.15,1.0956900058511208,rolling
ALB,2024,126,Austrian_Grand_Prix,76,1.15,1.0970075006665834,rolling
ALB,2024,127,Azerbaijan_Grand_Prix,77,1.15,1.0996918381801204,rolling
ALB,2024,128,Bahrain_Grand_Prix,78,1.15,1.0977049677839947,rolling
ALB,2024,129,Belgian_Grand_Prix,79,1.15,1.1008511745631133,rolling
ALB,2024,130,British_Grand_Prix,80,1.15,1.1028006878491283,rolling
ALB,2024,131,Canadian_Grand_Prix,81,1.15,1.1022514175749585,rolling
ALB,2024,132,Chinese_Grand_Prix,82,1.15,1.1140961674934906,rolling
ALB,2024,133,Dutch_Grand_Prix,83,1.15,1.1129417919726663,rolling
ALB,2024,134,Emilia_Romagna_Grand_Prix,84,1.15,1.1101737583698008,rolling
ALB,2024,135,Hungarian_Grand_Prix,85,1.15,1.1100525440862492,rolling
ALB,2024,136,Italian_Grand_Prix,86,1.15,1.1106085809364699,rolling
ALB,2024,138,Las_Vegas_Grand_Prix,87,1.15,1.110678017064496,rolling
ALB,2024,140,Miami_Grand_Prix,88,1.15,1.1131649016172922,rolling
ALB,2024,141,Monaco_Grand_Prix,89,1.15,1.1101807105096977,rolling
ALB,2024,143,Saudi_Arabian_Grand_Prix,90,1.15,1.114798832504677,rolling
ALB,2024,144,Singapore_Grand_Prix,91,1.15,1.1123834485823503,rolling
ALB,2024,145,Spanish_Grand_Prix,92,1.15,1.1107823002545532,rolling
ALB,2024,147,United_States_Grand_Prix,93,1.15,1.1057664313303177,rolling
ALB,2025,148,Abu_Dhabi_Grand_Prix,94,1.15,1.1055936054601012,rolling
ALB,2025,151,Azerbaijan_Grand_Prix,95,1.15,1.1040630849044852,rolling
ALB,2025,152,Bahrain_Grand_Prix,96,1.15,1.0989096565399263,rolling
ALB,2025,153,Belgian_Grand_Prix,97,1.15,1.099186677457622,rolling
ALB,2025,154,British_Grand_Prix,98,1.15,1.1016587118417063,rolling
ALB,2025,155,Canadian_Grand_Prix,99,1.15,1.098055262773498,rolling
ALB,2025,156,Chinese_Grand_Prix,100,1.15,1.0962563207048825,rolling
ALB,2025,157,Dutch_Grand_Prix,101,1.15,1.0947397248147879,rolling
ALB,2025,158,Emilia_Romagna_Grand_Prix,102,1.15,1.0931158491888697,rolling
ALB,2025,159,Hungarian_Grand_Prix,103,1.15,1.0915611682893218,rolling
ALB,2025,160,Italian_Grand_Prix,104,1.15,1.0916476103393007,rolling
ALB,2025,161,Japanese_Grand_Prix,105,1.15,1.0926463554851227,rolling
ALB,2025,162,Las_Vegas_Grand_Prix,106,1.15,1.0931314494972595,rolling
ALB,2025,163,Mexico_City_Grand_Prix,107,1.15,1.0920882750246266,rolling
ALB,2025,164,Miami_Grand_Prix,108,1.15,1.089909768585851,rolling
ALB,2025,165,Monaco_Grand_Prix,109,1.15,1.0892354839310827,rolling
ALB,2025,166,Qatar_Grand_Prix,110,1.15,1.0894959976964478,rolling
ALB,2025,167,Saudi_Arabian_Grand_Prix,111,1.15,1.0884375552976606,rolling
ALB,2025,168,Singapore_Grand_Prix,112,1.15,1.087255461665664,rolling
ALB,2025,169,Spanish_Grand_Prix,113,1.15,1.0874368912735017,rolling
ALB,2025,170,São_Paulo_Grand_Prix,114,1.15,1.086897891632824,rolling
ALB,2025,171,United_States_Grand_Prix,115,1.1487370633490803,1.0840291384465954,rolling
ALB,2026,172,Australian_Grand_Prix,116,1.149908913582193,1.0807210579198825,rolling
ALB,2026,173,Canadian_Grand_Prix,117,1.15,1.0854700844255598,rolling
ALB,2026,175,Japanese_Grand_Prix,118,1.126122984911909,1.0759722495239623,rolling
ALB,2026,176,Miami_Grand_Prix,119,1.1245380663902387,1.0760892698937594,rolling
ALB,2026,177,Monaco_Grand_Prix,120,1.12482997609354,1.0764826299598005,rolling
ALO,2018,0,Abu_Dhabi_Grand_Prix,0,0.9,0.85,fallback
ALO,2018,1,Australian_Grand_Prix,1,0.9,0.85,fallback
ALO,2018,2,Austrian_Grand_Prix,2,0.9,0.85,fallback
ALO,2018,3,Azerbaijan_Grand_Prix,3,0.9,0.85,fallback
ALO,2018,4,Bahrain_Grand_Prix,4,0.9,0.85,fallback
ALO,2018,6,Brazilian_Grand_Prix,5,0.9,0.85,fallback
ALO,2018,7,British_Grand_Prix,6,0.9,0.85,fallback
ALO,2018,8,Canadian_Grand_Prix,7,0.9,0.85,fallback
ALO,2018,9,Chinese_Grand_Prix,8,0.9,0.85,fallback
ALO,2018,10,French_Grand_Prix,9,0.9,0.85,fallback
ALO,2018,11,German_Grand_Prix,10,1.0,0.9,fallback
ALO,2018,12,Hungarian_Grand_Prix,11,1.0,0.9,fallback
ALO,2018,13,Japanese_Grand_Prix,12,1.0,0.9,fallback
ALO,2018,14,Mexican_Grand_Prix,13,1.0,0.9,fallback
ALO,2018,15,Monaco_Grand_Prix,14,1.0,0.9,fallback
ALO,2018,16,Russian_Grand_Prix,15,1.0,0.9,fallback
ALO,2018,17,Singapore_Grand_Prix,16,1.0,0.9,fallback
ALO,2018,18,Spanish_Grand_Prix,17,1.0,0.9,fallback
ALO,2021,58,Abu_Dhabi_Grand_Prix,18,1.0,0.9,fallback
ALO,2021,60,Azerbaijan_Grand_Prix,19,1.0,0.9,fallback
ALO,2021,61,Bahrain_Grand_Prix,20,0.8749484469435829,1.1082336855269137,rolling
ALO,2021,63,British_Grand_Prix,21,0.8805572859467552,1.12879262083265,rolling
ALO,2021,64,Dutch_Grand_Prix,22,0.9746075835603722,1.15,rolling
ALO,2021,65,Emilia_Romagna_Grand_Prix,23,0.9661401825888468,1.15,rolling
ALO,2021,66,French_Grand_Prix,24,0.96841133654455,1.15,rolling
ALO,2021,67,Hungarian_Grand_Prix,25,0.9612874132659258,1.15,rolling
ALO,2021,68,Italian_Grand_Prix,26,0.9441535513891208,1.15,rolling
ALO,2021,69,Mexico_City_Grand_Prix,27,0.9440218856626026,1.15,rolling
ALO,2021,70,Monaco_Grand_Prix,28,0.9507926887011192,1.15,rolling
ALO,2021,71,Portuguese_Grand_Prix,29,0.9492415085560276,1.15,rolling
ALO,2021,72,Qatar_Grand_Prix,30,0.9425977834116688,1.15,rolling
ALO,2021,73,Russian_Grand_Prix,31,0.9338246210122821,1.15,rolling
ALO,2021,74,Saudi_Arabian_Grand_Prix,32,0.904996117103503,1.15,rolling
ALO,2021,75,Spanish_Grand_Prix,33,0.8673987060986686,1.0824086543985532,rolling
ALO,2021,76,Styrian_Grand_Prix,34,0.8723972272848597,1.0778506673351804,rolling
ALO,2021,77,São_Paulo_Grand_Prix,35,0.8801482204541698,1.0813191347817395,rolling
ALO,2021,78,Turkish_Grand_Prix,36,0.880740455688393,1.0756757462805544,rolling
ALO,2021,79,United_States_Grand_Prix,37,0.8666026619553308,1.070564902663182,rolling
ALO,2022,80,Abu_Dhabi_Grand_Prix,38,0.8622737842429167,1.0588793110785566,rolling
ALO,2022,81,Australian_Grand_Prix,39,0.858342075497928,1.062137151196982,rolling
ALO,2022,82,Austrian_Grand_Prix,40,0.854528221536414,1.0587289008287128,rolling
ALO,2022,83,Azerbaijan_Grand_Prix,41,0.8532889110966665,1.0484190368721298,rolling
ALO,2022,84,Bahrain_Grand_Prix,42,0.85,1.049833689772824,rolling
ALO,2022,85,Belgian_Grand_Prix,43,0.85,1.0488856324358777,rolling
ALO,2022,86,British_Grand_Prix,44,0.8551545378641817,1.0521927455655138,rolling
ALO,2022,87,Canadian_Grand_Prix,45,0.854405060066188,1.0334771156202034,rolling
ALO,2022,88,Dutch_Grand_Prix,46,0.8543592403993238,1.032560743630949,rolling
ALO,2022,89,Emilia_Romagna_Grand_Prix,47,0.854769742995774,1.0297632034191644,rolling
ALO,2022,90,French_Grand_Prix,48,0.8738441226225707,1.0297632034191644,rolling
ALO,2022,91,Hungarian_Grand_Prix,49,0.8728870269587266,1.029055207827802,rolling
ALO,2022,92,Italian_Grand_Prix,50,0.8733580920318169,1.026344548163232,rolling
ALO,2022,93,Japanese_Grand_Prix,51,0.8774808801615084,1.029730089945431,rolling
ALO,2022,94,Mexico_City_Grand_Prix,52,0.8755843797057351,1.017141654168601,rolling
ALO,2022,95,Miami_Grand_Prix,53,0.8748967838967613,1.0154469187085835,rolling
ALO,2022,96,Monaco_Grand_Prix,54,0.8794930225506906,1.0179320985655855,rolling
ALO,2022,97,Saudi_Arabian_Grand_Prix,55,0.8748485094177204,1.0209754215065998,rolling
ALO,2022,98,Singapore_Grand_Prix,56,0.8778127025775802,1.024414776299771,rolling
ALO,2022,99,Spanish_Grand_Prix,57,0.8910006062549986,1.0291739524224028,rolling
ALO,2022,100,São_Paulo_Grand_Prix,58,0.8902199703687108,1.0294287598621483,rolling
ALO,2022,101,United_States_Grand_Prix,59,0.8904947820535702,1.026804884045241,rolling
ALO,2023,102,Abu_Dhabi_Grand_Prix,60,0.8884715416856905,1.028839229075733,rolling
ALO,2023,103,Australian_Grand_Prix,61,0.8928244074198376,1.0297041816882377,rolling
ALO,2023,104,Austrian_Grand_Prix,62,0.8936614846299131,1.0311998535918174,rolling
ALO,2023,105,Azerbaijan_Grand_Prix,63,0.8958883603194376,1.0353571593834647,rolling
ALO,2023,106,Bahrain_Grand_Prix,64,0.8894165416211269,1.0326092379330687,rolling
ALO,2023,107,Belgian_Grand_Prix,65,0.8912533439447659,1.0319102851705406,rolling
ALO,2023,108,British_Grand_Prix,66,0.8945622066109812,1.0328674150287893,rolling
ALO,2023,109,Canadian_Grand_Prix,67,0.8952836562853494,1.0337679100401478,rolling
ALO,2023,110,Dutch_Grand_Prix,68,0.8971256175533537,1.0347256716382776,rolling
ALO,2023,111,Hungarian_Grand_Prix,69,0.8975473535551257,1.0705100118741226,rolling
ALO,2023,112,Italian_Grand_Prix,70,0.8981760753663486,1.0680623477111564,rolling
ALO,2023,113,Japanese_Grand_Prix,71,0.9007566580376113,1.0718893581514544,rolling
ALO,2023,114,Las_Vegas_Grand_Prix,72,0.9000096368533621,1.0669531023718404,rolling
ALO,2023,115,Mexico_City_Grand_Prix,73,0.8989949349437458,1.0659619143514334,rolling
ALO,2023,116,Miami_Grand_Prix,74,0.8980412627649781,1.0616784294940376,rolling
ALO,2023,117,Monaco_Grand_Prix,75,0.8989630718183137,1.0636976169164973,rolling
ALO,2023,118,Qatar_Grand_Prix,76,0.8711633540038997,1.0139047509806536,rolling
ALO,2023,119,Saudi_Arabian_Grand_Prix,77,0.8767180830798387,1.0144729559984316,rolling
ALO,2023,121,Spanish_Grand_Prix,78,0.877358817469696,1.0112398704268903,rolling
ALO,2023,122,São_Paulo_Grand_Prix,79,0.8781603297744527,1.0093904049005236,rolling
ALO,2023,123,United_States_Grand_Prix,80,0.8783383939023665,1.0121358146697124,rolling
ALO,2024,124,Abu_Dhabi_Grand_Prix,81,0.8752798757370982,1.0121200347779002,rolling
ALO,2024,125,Australian_Grand_Prix,82,0.877093392180689,1.0106518385697665,rolling
ALO,2024,126,Austrian_Grand_Prix,83,0.8766226223281504,1.0101823230617908,rolling
ALO,2024,127,Azerbaijan_Grand_Prix,84,0.8782130726617798,1.0120811994791918,rolling
ALO,2024,128,Bahrain_Grand_Prix,85,0.8764761466904509,1.0119082519952847,rolling
ALO,2024,129,Belgian_Grand_Prix,86,0.8783563047794972,1.0090802305459714,rolling
ALO,2024,130,British_Grand_Prix,87,0.8793033144106132,1.008890103726003,rolling
ALO,2024,131,Canadian_Grand_Prix,88,0.8816350247231536,1.009694457454617,rolling
ALO,2024,132,Chinese_Grand_Prix,89,0.8778388696780717,1.0112904503164195,rolling
ALO,2024,133,Dutch_Grand_Prix,90,0.8737597020480569,1.0102136709168072,rolling
ALO,2024,134,Emilia_Romagna_Grand_Prix,91,0.8736662721250505,1.0102163047039308,rolling
ALO,2024,135,Hungarian_Grand_Prix,92,0.8715399176618354,1.009660897341291,rolling
ALO,2024,136,Italian_Grand_Prix,93,0.8724421029375324,1.0109491679153888,rolling
ALO,2024,137,Japanese_Grand_Prix,94,0.8747884776058,1.0119368376977727,rolling
ALO,2024,138,Las_Vegas_Grand_Prix,95,0.8988567518297614,1.0391788499902688,rolling
ALO,2024,139,Mexico_City_Grand_Prix,96,0.8991543418824866,1.0386339945241865,rolling
ALO,2024,140,Miami_Grand_Prix,97,0.89992094369895,1.0409515597382677,rolling
ALO,2024,141,Monaco_Grand_Prix,98,0.9002508901498965,1.0393534142938687,rolling
ALO,2024,142,Qatar_Grand_Prix,99,0.901527929919137,1.0406566145159888,rolling
ALO,2024,143,Saudi_Arabian_Grand_Prix,100,0.9124555487333645,1.0406217009515997,rolling
ALO,2024,144,Singapore_Grand_Prix,101,0.9104038192070734,1.0358453721807026,rolling
ALO,2024,145,Spanish_Grand_Prix,102,0.9117374147185731,1.0382524585206518,rolling
ALO,2024,147,United_States_Grand_Prix,103,0.9109121040550876,1.0359467350435567,rolling
ALO,2025,148,Abu_Dhabi_Grand_Prix,104,0.9118449517489083,1.0374205516938553,rolling
ALO,2025,149,Australian_Grand_Prix,105,0.9106841376727106,1.0405365277766117,rolling
ALO,2025,150,Austrian_Grand_Prix,106,0.9117627379982144,1.041341654372178,rolling
ALO,2025,151,Azerbaijan_Grand_Prix,107,0.9130439256326457,1.0433695520448343,rolling
ALO,2025,152,Bahrain_Grand_Prix,108,0.9116691164975002,1.0438439060111862,rolling
ALO,2025,153,Belgian_Grand_Prix,109,0.9112330082595241,1.0428173202792987,rolling
ALO,2025,154,British_Grand_Prix,110,0.9052223531432874,1.0441511218575048,rolling
ALO,2025,155,Canadian_Grand_Prix,111,0.896296605751434,1.0383053842133139,rolling
ALO,2025,156,Chinese_Grand_Prix,112,0.8965514521266543,1.0403109027765298,rolling
ALO,2025,157,Dutch_Grand_Prix,113,0.9008079187400704,1.0445132256901477,rolling
ALO,2025,158,Emilia_Romagna_Grand_Prix,114,0.9011824955061326,1.043465600315337,rolling
ALO,2025,159,Hungarian_Grand_Prix,115,0.901041612561167,1.041803879488343,rolling
ALO,2025,160,Italian_Grand_Prix,116,0.8990637288870381,1.0416289963055982,rolling
ALO,2025,161,Japanese_Grand_Prix,117,0.9004355423441809,1.0427601888158624,rolling
ALO,2025,163,Mexico_City_Grand_Prix,118,0.902224427470952,1.0436663254576128,rolling
ALO,2025,164,Miami_Grand_Prix,119,0.9011349859523567,1.0436069606405354,rolling
ALO,2025,165,Monaco_Grand_Prix,120,0.900374336730065,1.0406642404977617,rolling
ALO,2025,166,Qatar_Grand_Prix,121,0.8964215091577867,1.040654018170348,rolling
ALO,2025,167,Saudi_Arabian_Grand_Prix,122,0.8957930861822114,1.0413286039460516,rolling
ALO,2025,168,Singapore_Grand_Prix,123,0.8943311981801747,1.0409528449327736,rolling
ALO,2025,170,São_Paulo_Grand_Prix,124,0.8965500794877068,1.0404089802761067,rolling
ALO,2025,171,United_States_Grand_Prix,125,0.8961680453896868,1.039750610969216,rolling
ALO,2026,172,Australian_Grand_Prix,126,0.8981922523448195,1.0401410386749672,rolling
ALO,2026,173,Canadian_Grand_Prix,127,0.8962430282344436,1.0402158444884575,rolling
ALO,2026,174,Chinese_Grand_Prix,128,0.8985685742187345,1.0428912762444131,rolling
ALO,2026,175,Japanese_Grand_Prix,129,0.8981100104298798,1.0405373698255804,rolling
ALO,2026,176,Miami_Grand_Prix,130,0.8985540555875066,1.0389928726103004,rolling
ALO,2026,177,Monaco_Grand_Prix,131,0.8969940995111816,1.0405120137251516,rolling
ANT,2025,148,Abu_Dhabi_Grand_Prix,0,1.05,0.95,fallback
ANT,2025,149,Australian_Grand_Prix,1,1.05,0.95,fallback
ANT,2025,151,Azerbaijan_Grand_Prix,2,1.05,0.95,fallback
ANT,2025,152,Bahrain_Grand_Prix,3,1.05,0.95,fallback
ANT,2025,153,Belgian_Grand_Prix,4,1.05,0.95,fallback
ANT,2025,154,British_Grand_Prix,5,1.05,0.95,fallback
ANT,2025,155,Canadian_Grand_Prix,6,1.05,0.95,fallback
ANT,2025,156,Chinese_Grand_Prix,7,1.05,0.95,fallback
ANT,2025,157,Dutch_Grand_Prix,8,1.05,0.95,fallback
ANT,2025,158,Emilia_Romagna_Grand_Prix,9,1.05,0.95,fallback
ANT,2025,159,Hungarian_Grand_Prix,10,1.0,0.9,fallback
ANT,2025,160,Italian_Grand_Prix,11,1.0,0.9,fallback
ANT,2025,161,Japanese_Grand_Prix,12,1.0,0.9,fallback
ANT,2025,162,Las_Vegas_Grand_Prix,13,1.0,0.9,fallback
ANT,2025,163,Mexico_City_Grand_Prix,14,1.0,0.9,fallback
ANT,2025,164,Miami_Grand_Prix,15,1.0,0.9,fallback
ANT,2025,165,Monaco_Grand_Prix,16,1.0,0.9,fallback
ANT,2025,166,Qatar_Grand_Prix,17,1.0,0.9,fallback
ANT,2025,167,Saudi_Arabian_Grand_Prix,18,1.0,0.9,fallback
ANT,2025,168,Singapore_Grand_Prix,19,1.0,0.9,fallback
ANT,2025,169,Spanish_Grand_Prix,20,1.0332494949546134,1.0137757198029034,rolling
ANT,2025,170,São_Paulo_Grand_Prix,21,1.0404970504078535,1.0250654414090217,rolling
ANT,2025,171,United_States_Grand_Prix,22,1.0357241739266287,1.0309427132595181,rolling
ANT,2026,172,Australian_Grand_Prix,23,0.9923678093032766,0.9607239868209106,rolling
ANT,2026,173,Canadian_Grand_Prix,24,0.983162599137972,0.9631312668569718,rolling
ANT,2026,174,Chinese_Grand_Prix,25,0.977680525698328,0.9621634730386073,rolling
ANT,2026,175,Japanese_Grand_Prix,26,0.9783247821973604,0.9684027793309405,rolling
ANT,2026,176,Miami_Grand_Prix,27,0.9721314697914566,0.9648691713357929,rolling
ANT,2026,177,Monaco_Grand_Prix,28,0.9773859332958658,0.9702922764964411,rolling
BEA,2024,127,Azerbaijan_Grand_Prix,0,1.05,0.95,fallback
BEA,2024,143,Saudi_Arabian_Grand_Prix,1,1.05,0.95,fallback
BEA,2024,146,São_Paulo_Grand_Prix,2,1.05,0.95,fallback
BEA,2025,148,Abu_Dhabi_Grand_Prix,3,1.05,0.95,fallback
BEA,2025,149,Australian_Grand_Prix,4,1.05,0.95,fallback
BEA,2025,150,Austrian_Grand_Prix,5,1.05,0.95,fallback
BEA,2025,151,Azerbaijan_Grand_Prix,6,1.05,0.95,fallback
BEA,2025,152,Bahrain_Grand_Prix,7,1.05,0.95,fallback
BEA,2025,153,Belgian_Grand_Prix,8,1.05,0.95,fallback
BEA,2025,154,British_Grand_Prix,9,1.05,0.95,fallback
BEA,2025,155,Canadian_Grand_Prix,10,1.05,0.95,fallback
BEA,2025,156,Chinese_Grand_Prix,11,1.05,0.95,fallback
BEA,2025,157,Dutch_Grand_Prix,12,1.05,0.95,fallback
BEA,2025,158,Emilia_Romagna_Grand_Prix,13,1.05,0.95,fallback
BEA,2025,159,Hungarian_Grand_Prix,14,1.05,0.95,fallback
BEA,2025,160,Italian_Grand_Prix,15,1.05,0.95,fallback
BEA,2025,161,Japanese_Grand_Prix,16,1.05,0.95,fallback
BEA,2025,162,Las_Vegas_Grand_Prix,17,1.05,0.95,fallback
BEA,2025,163,Mexico_City_Grand_Prix,18,1.05,0.95,fallback
BEA,2025,164,Miami_Grand_Prix,19,1.05,0.95,fallback
BEA,2025,165,Monaco_Grand_Prix,20,0.85,0.8845099059498053,rolling
BEA,2025,166,Qatar_Grand_Prix,21,0.85,0.8847405946851756,rolling
BEA,2025,167,Saudi_Arabian_Grand_Prix,22,0.85,0.8955425198965192,rolling
BEA,2025,168,Singapore_Grand_Prix,23,0.8510023289010367,0.894769404889806,rolling
BEA,2025,169,Spanish_Grand_Prix,24,0.8523794174647026,0.8968343565033334,rolling
BEA,2025,170,São_Paulo_Grand_Prix,25,0.85,0.9101320145375934,rolling
BEA,2025,171,United_States_Grand_Prix,26,0.8586589072802964,0.9199313368797981,rolling
BEA,2026,172,Australian_Grand_Prix,27,0.8692131186374938,0.9299214322571211,rolling
BEA,2026,173,Canadian_Grand_Prix,28,0.8708422243619326,0.9325673335476172,rolling
BEA,2026,174,Chinese_Grand_Prix,29,0.8935224433421353,0.9403084952711072,rolling
BEA,2026,175,Japanese_Grand_Prix,30,0.9103457117765061,0.9579129589779214,rolling
BEA,2026,176,Miami_Grand_Prix,31,0.9061159070588716,0.9665993775169632,rolling
BEA,2026,177,Monaco_Grand_Prix,32,0.9088465339695366,0.9673920134212396,rolling
BOR,2025,148,Abu_Dhabi_Grand_Prix,0,1.05,0.95,fallback
BOR,2025,149,Australian_Grand_Prix,1,1.05,0.95,fallback
BOR,2025,150,Austrian_Grand_Prix,2,1.05,0.95,fallback
BOR,2025,151,Azerbaijan_Grand_Prix,3,1.05,0.95,fallback
BOR,2025,152,Bahrain_Grand_Prix,4,1.05,0.95,fallback
BOR,2025,153,Belgian_Grand_Prix,5,1.05,0.95,fallback
BOR,2025,155,Canadian_Grand_Prix,6,1.05,0.95,fallback
BOR,2025,156,Chinese_Grand_Prix,7,1.05,0.95,fallback
BOR,2025,157,Dutch_Grand_Prix,8,1.05,0.95,fallback
BOR,2025,158,Emilia_Romagna_Grand_Prix,9,1.05,0.95,fallback
BOR,2025,159,Hungarian_Grand_Prix,10,1.05,0.95,fallback
BOR,2025,161,Japanese_Grand_Prix,11,1.05,0.95,fallback
BOR,2025,163,Mexico_City_Grand_Prix,12,1.05,0.95,fallback
BOR,2025,164,Miami_Grand_Prix,13,1.05,0.95,fallback
BOR,2025,165,Monaco_Grand_Prix,14,1.05,0.95,fallback
BOR,2025,166,Qatar_Grand_Prix,15,1.05,0.95,fallback
BOR,2025,167,Saudi_Arabian_Grand_Prix,16,1.05,0.95,fallback
BOR,2025,168,Singapore_Grand_Prix,17,1.05,0.95,fallback
BOR,2025,169,Spanish_Grand_Prix,18,1.05,0.95,fallback
BOR,2025,171,United_States_Grand_Prix,19,1.05,0.95,fallback
BOR,2026,173,Canadian_Grand_Prix,20,0.8623362139859935,0.9119271881090539,rolling
BOR,2026,175,Japanese_Grand_Prix,21,0.8565052341571956,0.9323076815531002,rolling
BOR,2026,176,Miami_Grand_Prix,22,0.8674608568056172,0.9404145298353257,rolling
BOR,2026,177,Monaco_Grand_Prix,23,0.8736075554273457,0.9288347388660416,rolling
BOT,2018,0,Abu_Dhabi_Grand_Prix,0,1.05,0.95,fallback
BOT,2018,1,Australian_Grand_Prix,1,1.05,0.95,fallback
BOT,2018,2,Austrian_Grand_Prix,2,1.05,0.95,fallback
BOT,2018,3,Azerbaijan_Grand_Prix,3,1.05,0.95,fallback
BOT,2018,4,Bahrain_Grand_Prix,4,1.05,0.95,fallback
BOT,2018,5,Belgian_Grand_Prix,5,1.05,0.95,fallback
BOT,2018,6,Brazilian_Grand_Prix,6,1.05,0.95,fallback
BOT,2018,7,British_Grand_Prix,7,1.05,0.95,fallback
BOT,2018,8,Canadian_Grand_Prix,8,1.05,0.95,fallback
BOT,2018,9,Chinese_Grand_Prix,9,1.05,0.95,fallback
BOT,2018,10,French_Grand_Prix,10,1.0,0.9,fallback
BOT,2018,11,German_Grand_Prix,11,1.0,0.9,fallback
BOT,2018,12,Hungarian_Grand_Prix,12,1.0,0.9,fallback
BOT,2018,13,Japanese_Grand_Prix,13,1.0,0.9,fallback
BOT,2018,14,Mexican_Grand_Prix,14,1.0,0.9,fallback
BOT,2018,15,Monaco_Grand_Prix,15,1.0,0.9,fallback
BOT,2018,16,Russian_Grand_Prix,16,1.0,0.9,fallback
BOT,2018,17,Singapore_Grand_Prix,17,1.0,0.9,fallback
BOT,2018,18,Spanish_Grand_Prix,18,1.0,0.9,fallback
BOT,2018,19,United_States_Grand_Prix,19,1.0,0.9,fallback
BOT,2019,20,Abu_Dhabi_Grand_Prix,20,1.0046098662768084,0.969570957467608,rolling
BOT,2019,21,Australian_Grand_Prix,21,0.9981737834235431,0.9491325385132842,rolling
BOT,2019,22,Austrian_Grand_Prix,22,1.0024314335182805,0.9528021235701063,rolling
BOT,2019,23,Azerbaijan_Grand_Prix,23,1.0088990280210082,0.9631256747969117,rolling
BOT,2019,24,Bahrain_Grand_Prix,24,0.9985373425473183,0.9701241385665975,rolling
BOT,2019,25,Belgian_Grand_Prix,25,1.004440810003403,0.9735981066528702,rolling
BOT,2019,26,Brazilian_Grand_Prix,26,1.0025938586105052,0.9734221619362298,rolling
BOT,2019,27,British_Grand_Prix,27,0.991892617002572,0.9774922790218196,rolling
BOT,2019,28,Canadian_Grand_Prix,28,0.9874498274406993,0.9792913157593836,rolling
BOT,2019,29,Chinese_Grand_Prix,29,0.9784046702220057,0.9732714522026751,rolling
BOT,2019,30,French_Grand_Prix,30,0.9663101478003732,0.9738779243711655,rolling
BOT,2019,31,German_Grand_Prix,31,0.9628749601669313,0.9745234376910403,rolling
BOT,2019,32,Hungarian_Grand_Prix,32,0.963588805151917,0.9752157917799569,rolling
BOT,2019,33,Italian_Grand_Prix,33,0.9583182263326588,0.9709723250124331,rolling
BOT,2019,34,Japanese_Grand_Prix,34,0.964170238024535,0.9689601425639428,rolling
BOT,2019,35,Mexican_Grand_Prix,35,0.9605469001502587,0.9755852657391229,rolling
BOT,2019,36,Monaco_Grand_Prix,36,0.9628381171480302,0.9732213399618561,rolling
BOT,2019,37,Russian_Grand_Prix,37,0.9495787346869363,0.9694641640871557,rolling
BOT,2019,38,Singapore_Grand_Prix,38,0.9493409061450379,0.9677244424331896,rolling
BOT,2019,39,Spanish_Grand_Prix,39,0.9396925474572634,0.9680779560335254,rolling
BOT,2019,40,United_States_Grand_Prix,40,0.9423177416924213,0.9687589789837102,rolling
BOT,2020,41,70th_Anniversary_Grand_Prix,41,0.9353993163253322,0.9693054450360105,rolling
BOT,2020,42,Abu_Dhabi_Grand_Prix,42,0.9337448883076953,0.974327854531622,rolling
BOT,2020,43,Austrian_Grand_Prix,43,0.9340391209890241,0.976613761107072,rolling
BOT,2020,44,Bahrain_Grand_Prix,44,0.9365631391396647,0.9867775885785004,rolling
BOT,2020,45,Belgian_Grand_Prix,45,0.9329140487420424,0.9735960915448688,rolling
BOT,2020,46,British_Grand_Prix,46,0.9344699709374137,0.9756522411485328,rolling
BOT,2020,47,Eifel_Grand_Prix,47,0.9343259907334713,0.9772204474573944,rolling
BOT,2020,48,Emilia_Romagna_Grand_Prix,48,0.9382369933610394,0.9894699446351045,rolling
BOT,2020,49,Hungarian_Grand_Prix,49,0.9456401639521508,0.9940690823895545,rolling
BOT,2020,50,Italian_Grand_Prix,50,0.9333530480687914,0.9842489664060879,rolling
BOT,2020,51,Portuguese_Grand_Prix,51,0.9354010861931092,0.9840651310288988,rolling
BOT,2020,52,Russian_Grand_Prix,52,0.9356204205834515,0.9853860415467279,rolling
BOT,2020,53,Sakhir_Grand_Prix,53,0.9367021277809723,0.9851970682641921,rolling
BOT,2020,54,Spanish_Grand_Prix,54,0.9384814163831205,0.9878520815786522,rolling
BOT,2020,55,Styrian_Grand_Prix,55,0.9416744657089697,0.9902116418669109,rolling
BOT,2020,56,Turkish_Grand_Prix,56,0.9450827292811128,0.987922230077686,rolling
BOT,2020,57,Tuscan_Grand_Prix,57,0.9352031351587861,0.9790096190120207,rolling
BOT,2021,58,Abu_Dhabi_Grand_Prix,58,0.9341784998056057,0.9780651848620788,rolling
BOT,2021,59,Austrian_Grand_Prix,59,0.9338959126408826,0.9784057665225531,rolling
BOT,2021,60,Azerbaijan_Grand_Prix,60,0.9346564432237825,0.9771486046928688,rolling
BOT,2021,61,Bahrain_Grand_Prix,61,0.9350318069702732,0.9520767767028258,rolling
BOT,2021,63,British_Grand_Prix,62,0.9380222642441874,0.9518151044922267,rolling
BOT,2021,64,Dutch_Grand_Prix,63,0.9393527211052279,0.9546385925718975,rolling
BOT,2021,65,Emilia_Romagna_Grand_Prix,64,0.9397929332190681,0.955892820313298,rolling
BOT,2021,66,French_Grand_Prix,65,0.9353724608732513,0.9687742955578896,rolling
BOT,2021,68,Italian_Grand_Prix,66,0.932827320265575,0.9683776871390828,rolling
BOT,2021,69,Mexico_City_Grand_Prix,67,0.9302898688165249,0.9655709374676836,rolling
BOT,2021,70,Monaco_Grand_Prix,68,0.920793194941646,0.9575103315812507,rolling
BOT,2021,71,Portuguese_Grand_Prix,69,0.9269407856752275,0.9641449890982456,rolling
BOT,2021,72,Qatar_Grand_Prix,70,0.9273825192996554,0.9639499306302527,rolling
BOT,2021,73,Russian_Grand_Prix,71,0.9249614660139407,0.9623780450268264,rolling
BOT,2021,74,Saudi_Arabian_Grand_Prix,72,0.9217586950098571,0.9678737441154414,rolling
BOT,2021,75,Spanish_Grand_Prix,73,0.9172434129145816,0.9712012444847082,rolling
BOT,2021,76,Styrian_Grand_Prix,74,0.9135086839679125,0.9700933988689427,rolling
BOT,2021,77,São_Paulo_Grand_Prix,75,0.913207511930179,0.9693218638219645,rolling
BOT,2021,78,Turkish_Grand_Prix,76,0.9137840347741325,0.9688266482029325,rolling
BOT,2021,79,United_States_Grand_Prix,77,0.9124592036909627,0.9719449951833563,rolling
BOT,2022,80,Abu_Dhabi_Grand_Prix,78,0.9106326140092129,0.9688430276483521,rolling
BOT,2022,81,Australian_Grand_Prix,79,0.9094682550152827,0.9681994715350627,rolling
BOT,2022,82,Austrian_Grand_Prix,80,0.9086511587674757,0.968467072178173,rolling
BOT,2022,83,Azerbaijan_Grand_Prix,81,0.9104108046877628,0.9705147185479372,rolling
BOT,2022,84,Bahrain_Grand_Prix,82,0.9121148970492706,0.9686946668693894,rolling
BOT,2022,87,Canadian_Grand_Prix,83,0.9141826628331593,0.9697055981739573,rolling
BOT,2022,88,Dutch_Grand_Prix,84,0.9146987384467798,0.9700757972001064,rolling
BOT,2022,89,Emilia_Romagna_Grand_Prix,85,0.9141955896247911,0.971555234609576,rolling
BOT,2022,90,French_Grand_Prix,86,0.9160704801382024,0.9753372126927463,rolling
BOT,2022,91,Hungarian_Grand_Prix,87,0.9166821474253876,0.975150989409544,rolling
BOT,2022,92,Italian_Grand_Prix,88,0.9167327764645707,0.9806859946366138,rolling
BOT,2022,93,Japanese_Grand_Prix,89,0.914508408815564,0.9778686263331621,rolling
BOT,2022,94,Mexico_City_Grand_Prix,90,0.9255910407961805,0.9904477190759118,rolling
BOT,2022,95,Miami_Grand_Prix,91,0.9260039103620741,0.9916194278762888,rolling
BOT,2022,96,Monaco_Grand_Prix,92,0.9363357338381401,0.9916246246057887,rolling
BOT,2022,97,Saudi_Arabian_Grand_Prix,93,0.9433479385507584,0.9858062956421507,rolling
BOT,2022,98,Singapore_Grand_Prix,94,0.9420790465643847,0.9877355713095318,rolling
BOT,2022,99,Spanish_Grand_Prix,95,0.9524916146605418,0.9726378112991284,rolling
BOT,2022,100,São_Paulo_Grand_Prix,96,0.9566178164098664,0.9725528349493738,rolling
BOT,2022,101,United_States_Grand_Prix,97,0.9570247019281349,0.9732596930176811,rolling
BOT,2023,102,Abu_Dhabi_Grand_Prix,98,0.9543003766882823,0.9758322274429867,rolling
BOT,2023,103,Australian_Grand_Prix,99,0.9544532871093915,0.9765449930825509,rolling
BOT,2023,104,Austrian_Grand_Prix,100,0.9537824667593753,0.9754017668582716,rolling
BOT,2023,105,Azerbaijan_Grand_Prix,101,0.9537289404302296,0.9743095201022326,rolling
BOT,2023,106,Bahrain_Grand_Prix,102,0.9527262635804821,0.9745068544216765,rolling
BOT,2023,107,Belgian_Grand_Prix,103,0.9524280703886285,0.9754163801411845,rolling
BOT,2023,108,British_Grand_Prix,104,0.9560311400245836,0.9766473489143314,rolling
BOT,2023,109,Canadian_Grand_Prix,105,0.9559251021833032,0.9766804445563372,rolling
BOT,2023,110,Dutch_Grand_Prix,106,0.9564233146744523,0.9769787690533452,rolling
BOT,2023,111,Hungarian_Grand_Prix,107,0.9215694245762739,0.9473828933405478,rolling
BOT,2023,112,Italian_Grand_Prix,108,0.9228061503961086,0.9484123193227119,rolling
BOT,2023,113,Japanese_Grand_Prix,109,0.925035755058483,0.9487874945060469,rolling
BOT,2023,114,Las_Vegas_Grand_Prix,110,0.9292519939973827,0.9487874945060469,rolling
BOT,2023,115,Mexico_City_Grand_Prix,111,0.926781640347687,0.9494892851229264,rolling
BOT,2023,116,Miami_Grand_Prix,112,0.9220679127419616,0.9300535396397136,rolling
BOT,2023,117,Monaco_Grand_Prix,113,0.9210922582313542,0.9321519720856388,rolling
BOT,2023,118,Qatar_Grand_Prix,114,0.923989888847886,0.9374328461987294,rolling
BOT,2023,119,Saudi_Arabian_Grand_Prix,115,0.9236499867707801,0.9381725093401044,rolling
BOT,2023,120,Singapore_Grand_Prix,116,0.9236094789040571,0.938436428380053,rolling
BOT,2023,121,Spanish_Grand_Prix,117,0.9259337288298912,0.9362302887313411,rolling
BOT,2023,122,São_Paulo_Grand_Prix,118,0.9235662114839585,0.9356492202823501,rolling
BOT,2023,123,United_States_Grand_Prix,119,0.9271173101969211,0.9377992996597921,rolling
BOT,2024,124,Abu_Dhabi_Grand_Prix,120,0.9281004270150072,0.9386406945151482,rolling
BOT,2024,125,Australian_Grand_Prix,121,0.9286543092114249,0.9406589829981948,rolling
BOT,2024,126,Austrian_Grand_Prix,122,0.9297952826010377,0.94066994497218,rolling
BOT,2024,127,Azerbaijan_Grand_Prix,123,0.9302231895800885,0.9442651837549147,rolling
BOT,2024,128,Bahrain_Grand_Prix,124,0.9314256705290864,0.9448718786120444,rolling
BOT,2024,129,Belgian_Grand_Prix,125,0.9318541534527544,0.9451273072155382,rolling
BOT,2024,130,British_Grand_Prix,126,0.9278280689123929,0.9420627778613618,rolling
BOT,2024,131,Canadian_Grand_Prix,127,0.9316304959236621,0.9494090669328209,rolling
BOT,2024,132,Chinese_Grand_Prix,128,0.9322855997751739,0.9496452355789154,rolling
BOT,2024,133,Dutch_Grand_Prix,129,0.9322642489464285,0.954112372343887,rolling
BOT,2024,134,Emilia_Romagna_Grand_Prix,130,0.9319813266458328,0.9566058840261308,rolling
BOT,2024,135,Hungarian_Grand_Prix,131,0.9328746761078023,0.9565279939791917,rolling
BOT,2024,136,Italian_Grand_Prix,132,0.9304638807188312,0.9575497341391404,rolling
BOT,2024,137,Japanese_Grand_Prix,133,0.9294996956425945,0.957088934643062,rolling
BOT,2024,138,Las_Vegas_Grand_Prix,134,1.003206567923075,0.9747352100396133,rolling
BOT,2024,139,Mexico_City_Grand_Prix,135,1.000384933058775,0.9736161184327691,rolling
BOT,2024,140,Miami_Grand_Prix,136,1.0007660035521089,0.9742001371111348,rolling
BOT,2024,141,Monaco_Grand_Prix,137,1.0009144666084737,0.9748920794456148,rolling
BOT,2024,142,Qatar_Grand_Prix,138,1.0043790332628957,0.9749454518169203,rolling
BOT,2024,143,Saudi_Arabian_Grand_Prix,139,1.0032689974236604,0.976421949781572,rolling
BOT,2024,144,Singapore_Grand_Prix,140,1.0046630474279674,0.975612326625509,rolling
BOT,2024,145,Spanish_Grand_Prix,141,1.003952334965702,0.9759542458080178,rolling
BOT,2024,146,São_Paulo_Grand_Prix,142,1.0029349534377179,0.9770287458542967,rolling
BOT,2024,147,United_States_Grand_Prix,143,0.9999109456810965,0.9707596216833511,rolling
BOT,2026,172,Australian_Grand_Prix,144,1.0018558984871935,0.9739406309408847,rolling
BOT,2026,173,Canadian_Grand_Prix,145,0.9995414155549315,0.9731666688977175,rolling
BOT,2026,174,Chinese_Grand_Prix,146,0.9979738722318527,0.9701609016463115,rolling
BOT,2026,175,Japanese_Grand_Prix,147,0.998715303275262,0.97353237373738,rolling
BOT,2026,176,Miami_Grand_Prix,148,0.9981995690363128,0.9709704719028068,rolling
BOT,2026,177,Monaco_Grand_Prix,149,0.9982572328286581,0.9687176554232266,rolling
COL,2024,124,Abu_Dhabi_Grand_Prix,0,1.05,0.95,fallback
COL,2024,127,Azerbaijan_Grand_Prix,1,1.05,0.95,fallback
COL,2024,136,Italian_Grand_Prix,2,1.05,0.95,fallback
COL,2024,138,Las_Vegas_Grand_Prix,3,1.05,0.95,fallback
COL,2024,144,Singapore_Grand_Prix,4,1.05,0.95,fallback
COL,2024,147,United_States_Grand_Prix,5,1.05,0.95,fallback
COL,2025,148,Abu_Dhabi_Grand_Prix,6,1.05,0.95,fallback
COL,2025,150,Austrian_Grand_Prix,7,1.05,0.95,fallback
COL,2025,151,Azerbaijan_Grand_Prix,8,1.05,0.95,fallback
COL,2025,153,Belgian_Grand_Prix,9,1.05,0.95,fallback
COL,2025,155,Canadian_Grand_Prix,10,1.05,0.95,fallback
COL,2025,157,Dutch_Grand_Prix,11,1.05,0.95,fallback
COL,2025,158,Emilia_Romagna_Grand_Prix,12,1.05,0.95,fallback
COL,2025,159,Hungarian_Grand_Prix,13,1.05,0.95,fallback
COL,2025,160,Italian_Grand_Prix,14,1.05,0.95,fallback
COL,2025,162,Las_Vegas_Grand_Prix,15,1.05,0.95,fallback
COL,2025,163,Mexico_City_Grand_Prix,16,1.05,0.95,fallback
COL,2025,165,Monaco_Grand_Prix,17,1.05,0.95,fallback
COL,2025,166,Qatar_Grand_Prix,18,1.05,0.95,fallback
COL,2025,168,Singapore_Grand_Prix,19,1.05,0.95,fallback
COL,2025,169,Spanish_Grand_Prix,20,1.0134869473201955,0.9383928996414401,rolling
COL,2025,170,São_Paulo_Grand_Prix,21,0.9927571448804655,0.9349888954679095,rolling
COL,2025,171,United_States_Grand_Prix,22,0.9884771348959729,0.9265232687118712,rolling
COL,2026,172,Australian_Grand_Prix,23,0.9810469122026866,0.9249907366216831,rolling
COL,2026,173,Canadian_Grand_Prix,24,0.9746734335800364,0.919521316136538,rolling
COL,2026,174,Chinese_Grand_Prix,25,0.9834817189024496,0.9373298843029063,rolling
COL,2026,175,Japanese_Grand_Prix,26,0.9849922356284259,0.9424472919486253,rolling
COL,2026,176,Miami_Grand_Prix,27,0.9755861543462708,0.9467388471596518,rolling
COL,2026,177,Monaco_Grand_Prix,28,0.9926597579281637,0.9468024533790438,rolling
DEV,2022,92,Italian_Grand_Prix,0,1.05,0.95,fallback
DEV,2023,103,Australian_Grand_Prix,1,1.05,0.95,fallback
DEV,2023,104,Austrian_Grand_Prix,2,1.05,0.95,fallback
DEV,2023,105,Azerbaijan_Grand_Prix,3,1.05,0.95,fallback
DEV,2023,106,Bahrain_Grand_Prix,4,1.05,0.95,fallback
DEV,2023,108,British_Grand_Prix,5,1.05,0.95,fallback
DEV,2023,109,Canadian_Grand_Prix,6,1.05,0.95,fallback
DEV,2023,116,Miami_Grand_Prix,7,1.05,0.95,fallback
DEV,2023,117,Monaco_Grand_Prix,8,1.05,0.95,fallback
DEV,2023,119,Saudi_Arabian_Grand_Prix,9,1.05,0.95,fallback
DEV,2023,121,Spanish_Grand_Prix,10,1.05,0.95,fallback
DOO,2024,124,Abu_Dhabi_Grand_Prix,0,1.05,0.95,fallback
DOO,2025,152,Bahrain_Grand_Prix,1,1.05,0.95,fallback
DOO,2025,156,Chinese_Grand_Prix,2,1.05,0.95,fallback
DOO,2025,161,Japanese_Grand_Prix,3,1.05,0.95,fallback
ERI,2018,0,Abu_Dhabi_Grand_Prix,0,0.9,0.85,fallback
ERI,2018,1,Australian_Grand_Prix,1,0.9,0.85,fallback
ERI,2018,2,Austrian_Grand_Prix,2,0.9,0.85,fallback
ERI,2018,3,Azerbaijan_Grand_Prix,3,0.9,0.85,fallback
ERI,2018,4,Bahrain_Grand_Prix,4,0.9,0.85,fallback
ERI,2018,6,Brazilian_Grand_Prix,5,0.9,0.85,fallback
ERI,2018,7,British_Grand_Prix,6,0.9,0.85,fallback
ERI,2018,8,Canadian_Grand_Prix,7,0.9,0.85,fallback
ERI,2018,9,Chinese_Grand_Prix,8,0.9,0.85,fallback
ERI,2018,10,French_Grand_Prix,9,0.9,0.85,fallback
ERI,2018,11,German_Grand_Prix,10,1.05,0.95,fallback
ERI,2018,13,Japanese_Grand_Prix,11,1.05,0.95,fallback
ERI,2018,14,Mexican_Grand_Prix,12,1.05,0.95,fallback
ERI,2018,15,Monaco_Grand_Prix,13,1.05,0.95,fallback
ERI,2018,16,Russian_Grand_Prix,14,1.05,0.95,fallback
ERI,2018,17,Singapore_Grand_Prix,15,1.05,0.95,fallback
ERI,2018,18,Spanish_Grand_Prix,16,1.05,0.95,fallback
ERI,2018,19,United_States_Grand_Prix,17,1.05,0.95,fallback
FIT,2020,42,Abu_Dhabi_Grand_Prix,0,1.05,0.95,fallback
FIT,2020,53,Sakhir_Grand_Prix,1,1.05,0.95,fallback
GAS,2018,0,Abu_Dhabi_Grand_Prix,0,0.9,0.85,fallback
GAS,2018,1,Australian_Grand_Prix,1,0.9,0.85,fallback
GAS,2018,2,Austrian_Grand_Prix,2,0.9,0.85,fallback
GAS,2018,3,Azerbaijan_Grand_Prix,3,0.9,0.85,fallback
GAS,2018,4,Bahrain_Grand_Prix,4,0.9,0.85,fallback
GAS,2018,5,Belgian_Grand_Prix,5,0.9,0.85,fallback
GAS,2018,6,Brazilian_Grand_Prix,6,0.9,0.85,fallback
GAS,2018,9,Chinese_Grand_Prix,7,0.9,0.85,fallback
GAS,2018,11,German_Grand_Prix,8,0.9,0.85,fallback
GAS,2018,12,Hungarian_Grand_Prix,9,0.9,0.85,fallback
GAS,2018,13,Japanese_Grand_Prix,10,1.05,0.95,fallback
GAS,2018,14,Mexican_Grand_Prix,11,1.05,0.95,fallback
GAS,2018,15,Monaco_Grand_Prix,12,1.05,0.95,fallback
GAS,2018,17,Singapore_Grand_Prix,13,1.05,0.95,fallback
GAS,2018,19,United_States_Grand_Prix,14,1.05,0.95,fallback
GAS,2019,20,Abu_Dhabi_Grand_Prix,15,1.0,0.9,fallback
GAS,2019,21,Australian_Grand_Prix,16,1.0,0.9,fallback
GAS,2019,22,Austrian_Grand_Prix,17,1.0,0.9,fallback
GAS,2019,23,Azerbaijan_Grand_Prix,18,1.0,0.9,fallback
GAS,2019,24,Bahrain_Grand_Prix,19,1.0,0.9,fallback
GAS,2019,25,Belgian_Grand_Prix,20,0.8852283003281797,1.1010477926984912,rolling
GAS,2019,26,Brazilian_Grand_Prix,21,0.8921005000525468,1.1067432731065687,rolling
GAS,2019,27,British_Grand_Prix,22,0.9045935747096825,1.114030406823388,rolling
GAS,2019,28,Canadian_Grand_Prix,23,0.9010053585610274,1.1396052592752948,rolling
GAS,2019,29,Chinese_Grand_Prix,24,0.9044745155049736,1.1379220265281353,rolling
GAS,2019,30,French_Grand_Prix,25,0.906817164145622,1.1308963702271857,rolling
GAS,2019,31,German_Grand_Prix,26,0.8990538892660229,1.1244142039148266,rolling
GAS,2019,32,Hungarian_Grand_Prix,27,0.8551219128159774,1.1170519219975203,rolling
GAS,2019,33,Italian_Grand_Prix,28,0.8604748341602759,1.113572885925243,rolling
GAS,2019,34,Japanese_Grand_Prix,29,0.8572522664726006,1.0889490650819684,rolling
GAS,2019,35,Mexican_Grand_Prix,30,0.8841048420327512,1.1019112548809054,rolling
GAS,2019,36,Monaco_Grand_Prix,31,0.8761495640629515,1.0922329500718644,rolling
GAS,2019,37,Russian_Grand_Prix,32,0.8721326781400631,1.0733763086723445,rolling
GAS,2019,38,Singapore_Grand_Prix,33,0.8821254549195237,1.0722159180459796,rolling
GAS,2019,39,Spanish_Grand_Prix,34,0.8934901014286758,1.0799103121955413,rolling
GAS,2019,40,United_States_Grand_Prix,35,0.8951591306303422,1.0782633318460724,rolling
GAS,2020,41,70th_Anniversary_Grand_Prix,36,0.9036216351506385,1.0834437863064443,rolling
GAS,2020,42,Abu_Dhabi_Grand_Prix,37,0.9028283380294364,1.083526060955084,rolling
GAS,2020,43,Austrian_Grand_Prix,38,0.9062864854904902,1.0847302148124585,rolling
GAS,2020,44,Bahrain_Grand_Prix,39,0.9066565362737808,1.0308415563303577,rolling
GAS,2020,45,Belgian_Grand_Prix,40,0.9185419432552955,1.0319497765810606,rolling
GAS,2020,46,British_Grand_Prix,41,0.9202295616895951,1.0270428552462934,rolling
GAS,2020,47,Eifel_Grand_Prix,42,0.9267000378401926,1.0172234561330833,rolling
GAS,2020,48,Emilia_Romagna_Grand_Prix,43,0.9236637629202509,1.009200119438221,rolling
GAS,2020,49,Hungarian_Grand_Prix,44,0.9274759887762773,1.0184329750699004,rolling
GAS,2020,50,Italian_Grand_Prix,45,0.9013040511557352,1.007932565835139,rolling
GAS,2020,51,Portuguese_Grand_Prix,46,0.9202941906675219,1.0706303955915233,rolling
GAS,2020,52,Russian_Grand_Prix,47,0.9392418684847145,1.0746465059300359,rolling
GAS,2020,53,Sakhir_Grand_Prix,48,0.9248923195715878,1.0724912062284184,rolling
GAS,2020,54,Spanish_Grand_Prix,49,0.9269227112498079,1.0720822357404163,rolling
GAS,2020,55,Styrian_Grand_Prix,50,0.9256753337979133,1.0733522549580936,rolling
GAS,2020,56,Turkish_Grand_Prix,51,0.924848924223026,1.070387226194354,rolling
GAS,2021,58,Abu_Dhabi_Grand_Prix,52,0.9353448221597311,1.067315916749942,rolling
GAS,2021,59,Austrian_Grand_Prix,53,0.9319602967874142,1.064398104942593,rolling
GAS,2021,60,Azerbaijan_Grand_Prix,54,0.9337146533162445,1.0630017878075946,rolling
GAS,2021,61,Bahrain_Grand_Prix,55,0.9363099599260231,1.0642589525320911,rolling
GAS,2021,63,British_Grand_Prix,56,0.9375661928359257,1.0599254667867812,rolling
GAS,2021,64,Dutch_Grand_Prix,57,0.9413119421077645,1.0470631377386845,rolling
GAS,2021,65,Emilia_Romagna_Grand_Prix,58,0.9488844488229436,1.0487564521026347,rolling
GAS,2021,66,French_Grand_Prix,59,0.9860160653629291,1.054346291430027,rolling
GAS,2021,67,Hungarian_Grand_Prix,60,0.9859781681433052,1.0526317939299459,rolling
GAS,2021,70,Monaco_Grand_Prix,61,0.9783407307850744,1.0538195985680692,rolling
GAS,2021,71,Portuguese_Grand_Prix,62,0.9889722875673925,1.0619493987239996,rolling
GAS,2021,72,Qatar_Grand_Prix,63,0.9933359750043003,1.066543480679565,rolling
GAS,2021,73,Russian_Grand_Prix,64,0.9984577737212084,1.0657150944722786,rolling
GAS,2021,74,Saudi_Arabian_Grand_Prix,65,0.9925921882148752,1.061512470362022,rolling
GAS,2021,75,Spanish_Grand_Prix,66,1.0137251174873687,1.1057426298576951,rolling
GAS,2021,77,São_Paulo_Grand_Prix,67,1.0389420471741428,1.101509287776183,rolling
GAS,2021,78,Turkish_Grand_Prix,68,1.0396282359458227,1.1036313440010506,rolling
GAS,2021,79,United_States_Grand_Prix,69,1.0445184975142028,1.1114780838667948,rolling
GAS,2022,80,Abu_Dhabi_Grand_Prix,70,1.0341301135545613,1.1078052490486407,rolling
GAS,2022,81,Australian_Grand_Prix,71,1.0345840377968405,1.1067646056989473,rolling
GAS,2022,82,Austrian_Grand_Prix,72,1.0355851663611793,1.104973186745322,rolling
GAS,2022,83,Azerbaijan_Grand_Prix,73,1.0344748524057765,1.10602140314641,rolling
GAS,2022,84,Bahrain_Grand_Prix,74,1.0351977009082716,1.1072174629582363,rolling
GAS,2022,85,Belgian_Grand_Prix,75,1.0344656440717743,1.1079174816692448,rolling
GAS,2022,86,British_Grand_Prix,76,1.0330969502023728,1.1081626893324512,rolling
GAS,2022,87,Canadian_Grand_Prix,77,1.0055864455889398,1.0898697040555303,rolling
GAS,2022,88,Dutch_Grand_Prix,78,1.00628816067174,1.0869025386003273,rolling
GAS,2022,89,Emilia_Romagna_Grand_Prix,79,1.005289202723602,1.0820075297537126,rolling
GAS,2022,90,French_Grand_Prix,80,1.0037263774972833,1.0835275778374474,rolling
GAS,2022,91,Hungarian_Grand_Prix,81,1.0017656291765096,1.0821673498892614,rolling
GAS,2022,92,Italian_Grand_Prix,82,1.0017906586312249,1.0850919650512336,rolling
GAS,2022,93,Japanese_Grand_Prix,83,1.002778618096425,1.0850170055796988,rolling
GAS,2022,94,Mexico_City_Grand_Prix,84,0.9961051247383937,1.0845959992009684,rolling
GAS,2022,95,Miami_Grand_Prix,85,0.9951057513695363,1.0798821415125814,rolling
GAS,2022,96,Monaco_Grand_Prix,86,0.9985386324713379,1.082646713488735,rolling
GAS,2022,98,Singapore_Grand_Prix,87,1.0191384681564313,1.0821528005025534,rolling
GAS,2022,99,Spanish_Grand_Prix,88,1.0097696461471333,1.0666419817523183,rolling
GAS,2022,100,São_Paulo_Grand_Prix,89,1.0087638810827264,1.0646498599539878,rolling
GAS,2022,101,United_States_Grand_Prix,90,1.0111417104497236,1.0682347947716637,rolling
GAS,2023,102,Abu_Dhabi_Grand_Prix,91,1.0081307619281215,1.0676955345853913,rolling
GAS,2023,103,Australian_Grand_Prix,92,1.0066678697131577,1.0651104395716469,rolling
GAS,2023,104,Austrian_Grand_Prix,93,1.0006349377118002,1.0679442562136965,rolling
GAS,2023,105,Azerbaijan_Grand_Prix,94,1.0003974615766331,1.0664910990053802,rolling
GAS,2023,106,Bahrain_Grand_Prix,95,1.0037088646946168,1.064431374604967,rolling
GAS,2023,107,Belgian_Grand_Prix,96,1.0021103392273663,1.062361470438518,rolling
GAS,2023,108,British_Grand_Prix,97,1.0027330990408188,1.062474520172859,rolling
GAS,2023,109,Canadian_Grand_Prix,98,1.003567623500735,1.0597288698461989,rolling
GAS,2023,110,Dutch_Grand_Prix,99,1.0022553181735174,1.0577976877874253,rolling
GAS,2023,112,Italian_Grand_Prix,100,1.0049907490755865,1.0543145255707524,rolling
GAS,2023,113,Japanese_Grand_Prix,101,1.0043325121779214,1.054387913107213,rolling
GAS,2023,114,Las_Vegas_Grand_Prix,102,1.000979470360584,1.054489907920947,rolling
GAS,2023,115,Mexico_City_Grand_Prix,103,0.9984913414281438,1.0564642983866153,rolling
GAS,2023,116,Miami_Grand_Prix,104,1.0143260253194606,1.0807747233084437,rolling
GAS,2023,117,Monaco_Grand_Prix,105,1.0165406140866313,1.0811466811890806,rolling
GAS,2023,118,Qatar_Grand_Prix,106,1.0152196928957984,1.0805946215439355,rolling
GAS,2023,119,Saudi_Arabian_Grand_Prix,107,1.014082786530046,1.0793589965985781,rolling
GAS,2023,120,Singapore_Grand_Prix,108,1.0136487497578015,1.0786969256412058,rolling
GAS,2023,121,Spanish_Grand_Prix,109,1.0120961677739733,1.0765660318156507,rolling
GAS,2023,122,São_Paulo_Grand_Prix,110,1.0108986578523527,1.0746124709638363,rolling
GAS,2023,123,United_States_Grand_Prix,111,1.0114007441409085,1.074196820050082,rolling
GAS,2024,124,Abu_Dhabi_Grand_Prix,112,1.0351571472631789,1.0790945759602046,rolling
GAS,2024,125,Australian_Grand_Prix,113,1.0357485711447432,1.0802389728252946,rolling
GAS,2024,126,Austrian_Grand_Prix,114,1.033042489096964,1.0777669191660415,rolling
GAS,2024,127,Azerbaijan_Grand_Prix,115,1.032678588781779,1.077441866508288,rolling
GAS,2024,128,Bahrain_Grand_Prix,116,1.0297702387707857,1.0785043803050685,rolling
GAS,2024,129,Belgian_Grand_Prix,117,1.0295897622857728,1.076126407189019,rolling
GAS,2024,131,Canadian_Grand_Prix,118,1.030716001321486,1.0766520627028202,rolling
GAS,2024,132,Chinese_Grand_Prix,119,1.0255198132868752,1.0751748649476,rolling
GAS,2024,133,Dutch_Grand_Prix,120,1.0229236512607616,1.0725665030035385,rolling
GAS,2024,134,Emilia_Romagna_Grand_Prix,121,1.0226483222331408,1.0725714448558672,rolling
GAS,2024,135,Hungarian_Grand_Prix,122,1.0225249072675213,1.0725251895875052,rolling
GAS,2024,136,Italian_Grand_Prix,123,1.0220541154007121,1.0736222356065248,rolling
GAS,2024,137,Japanese_Grand_Prix,124,1.0207925107718343,1.0728586371381246,rolling
GAS,2024,138,Las_Vegas_Grand_Prix,125,1.0202788827629783,1.0737264842254617,rolling
GAS,2024,139,Mexico_City_Grand_Prix,126,1.0167891058236123,1.0727780250692678,rolling
GAS,2024,140,Miami_Grand_Prix,127,1.0145189097383058,1.0744008222255053,rolling
GAS,2024,144,Singapore_Grand_Prix,128,1.014173580923055,1.074817050881647,rolling
GAS,2024,145,Spanish_Grand_Prix,129,1.0128200794792,1.0716528129288798,rolling
GAS,2024,146,São_Paulo_Grand_Prix,130,1.0141396672888352,1.0719726138019812,rolling
GAS,2024,147,United_States_Grand_Prix,131,1.0072372572710753,1.0696606404697644,rolling
GAS,2025,148,Abu_Dhabi_Grand_Prix,132,1.0026132887185697,1.0700428899915035,rolling
GAS,2025,150,Austrian_Grand_Prix,133,1.0027820638530625,1.0703132452741315,rolling
GAS,2025,151,Azerbaijan_Grand_Prix,134,1.0028031817492054,1.0721365384248638,rolling
GAS,2025,152,Bahrain_Grand_Prix,135,1.0019737935553557,1.07076860650979,rolling
GAS,2025,153,Belgian_Grand_Prix,136,1.0020421491877236,1.0702586232653157,rolling
GAS,2025,155,Canadian_Grand_Prix,137,1.0016939877887108,1.072111475821181,rolling
GAS,2025,156,Chinese_Grand_Prix,138,1.000218479457477,1.0696644475216264,rolling
GAS,2025,157,Dutch_Grand_Prix,139,0.9994631490623244,1.068988558863027,rolling
GAS,2025,158,Emilia_Romagna_Grand_Prix,140,1.0004327195987721,1.0694295296995304,rolling
GAS,2025,159,Hungarian_Grand_Prix,141,0.9991677925807733,1.069051612219695,rolling
GAS,2025,160,Italian_Grand_Prix,142,1.0006723996751792,1.0696746705303852,rolling
GAS,2025,161,Japanese_Grand_Prix,143,0.9997287218765124,1.0698581161955618,rolling
GAS,2025,162,Las_Vegas_Grand_Prix,144,0.9997405200078319,1.068557165986176,rolling
GAS,2025,163,Mexico_City_Grand_Prix,145,0.9988531681592459,1.070431422604021,rolling
GAS,2025,165,Monaco_Grand_Prix,146,0.9980783367267901,1.0707466094762847,rolling
GAS,2025,166,Qatar_Grand_Prix,147,0.9992219452331981,1.0750193802947772,rolling
GAS,2025,168,Singapore_Grand_Prix,148,0.9988221000474014,1.074408292073105,rolling
GAS,2025,169,Spanish_Grand_Prix,149,0.9963031794605681,1.0727045643930726,rolling
GAS,2025,170,São_Paulo_Grand_Prix,150,0.9987613570891325,1.0734860872358318,rolling
GAS,2025,171,United_States_Grand_Prix,151,0.9990648844899294,1.0750397998764503,rolling
GAS,2026,172,Australian_Grand_Prix,152,0.9998974109530264,1.0756353720625706,rolling
GAS,2026,173,Canadian_Grand_Prix,153,1.0006504180355034,1.0768607432113515,rolling
GAS,2026,174,Chinese_Grand_Prix,154,0.9990118461858619,1.0743623376223723,rolling
GAS,2026,175,Japanese_Grand_Prix,155,0.9985049037333935,1.0737952213777935,rolling
GAS,2026,176,Miami_Grand_Prix,156,0.9998745061378003,1.0733127040622816,rolling
GAS,2026,177,Monaco_Grand_Prix,157,0.9966239925012015,1.073535693090558,rolling
GIO,2019,20,Abu_Dhabi_Grand_Prix,0,0.9,0.85,fallback
GIO,2019,21,Australian_Grand_Prix,1,0.9,0.85,fallback
GIO,2019,22,Austrian_Grand_Prix,2,0.9,0.85,fallback
GIO,2019,23,Azerbaijan_Grand_Prix,3,0.9,0.85,fallback
GIO,2019,24,Bahrain_Grand_Prix,4,0.9,0.85,fallback
GIO,2019,25,Belgian_Grand_Prix,5,0.9,0.85,fallback
GIO,2019,26,Brazilian_Grand_Prix,6,0.9,0.85,fallback
GIO,2019,27,British_Grand_Prix,7,0.9,0.85,fallback
GIO,2019,28,Canadian_Grand_Prix,8,0.9,0.85,fallback
GIO,2019,29,Chinese_Grand_Prix,9,0.9,0.85,fallback
GIO,2019,30,French_Grand_Prix,10,1.05,0.95,fallback
GIO,2019,31,German_Grand_Prix,11,1.05,0.95,fallback
GIO,2019,32,Hungarian_Grand_Prix,12,1.05,0.95,fallback
GIO,2019,33,Italian_Grand_Prix,13,1.05,0.95,fallback
GIO,2019,34,Japanese_Grand_Prix,14,1.05,0.95,fallback
GIO,2019,35,Mexican_Grand_Prix,15,1.05,0.95,fallback
GIO,2019,36,Monaco_Grand_Prix,16,1.05,0.95,fallback
GIO,2019,37,Russian_Grand_Prix,17,1.05,0.95,fallback
GIO,2019,38,Singapore_Grand_Prix,18,1.05,0.95,fallback
GIO,2019,39,Spanish_Grand_Prix,19,1.05,0.95,fallback
GIO,2019,40,United_States_Grand_Prix,20,0.8957923583222344,0.9023760713483882,rolling
GIO,2020,41,70th_Anniversary_Grand_Prix,21,0.9086541451268215,0.8984892355603646,rolling
GIO,2020,42,Abu_Dhabi_Grand_Prix,22,0.9206914891269218,0.9080125325752099,rolling
GIO,2020,43,Austrian_Grand_Prix,23,0.9284833137155626,0.9041931790127812,rolling
GIO,2020,44,Bahrain_Grand_Prix,24,0.9212425589288074,0.85,rolling
GIO,2020,45,Belgian_Grand_Prix,25,0.9276638269441696,0.85,rolling
GIO,2020,46,British_Grand_Prix,26,0.9011939018923852,0.85,rolling
GIO,2020,47,Eifel_Grand_Prix,27,0.9089265694877953,0.85,rolling
GIO,2020,48,Emilia_Romagna_Grand_Prix,28,0.9244565867595874,0.85,rolling
GIO,2020,49,Hungarian_Grand_Prix,29,0.9349105007230261,0.85,rolling
GIO,2020,50,Italian_Grand_Prix,30,0.9567304198714617,0.85,rolling
GIO,2020,51,Portuguese_Grand_Prix,31,0.862449221009467,0.85,rolling
GIO,2020,52,Russian_Grand_Prix,32,0.8631407651182837,0.85,rolling
GIO,2020,53,Sakhir_Grand_Prix,33,0.8649714487404695,0.85,rolling
GIO,2020,54,Spanish_Grand_Prix,34,0.8683369374216313,0.85,rolling
GIO,2020,55,Styrian_Grand_Prix,35,0.870860962714507,0.85,rolling
GIO,2020,56,Turkish_Grand_Prix,36,0.8753570724529545,0.85,rolling
GIO,2021,58,Abu_Dhabi_Grand_Prix,37,0.8806192975010718,0.85,rolling
GIO,2021,59,Austrian_Grand_Prix,38,0.893494683175382,0.85,rolling
GIO,2021,60,Azerbaijan_Grand_Prix,39,0.8974236233517208,0.85,rolling
GIO,2021,61,Bahrain_Grand_Prix,40,0.895239841932163,0.85,rolling
GIO,2021,63,British_Grand_Prix,41,0.9002534339114276,0.85,rolling
GIO,2021,64,Dutch_Grand_Prix,42,0.920895790075745,0.85,rolling
GIO,2021,65,Emilia_Romagna_Grand_Prix,43,0.923905826016722,0.85,rolling
GIO,2021,66,French_Grand_Prix,44,0.9254812821656191,0.85,rolling
GIO,2021,67,Hungarian_Grand_Prix,45,0.929640116221964,0.85,rolling
GIO,2021,68,Italian_Grand_Prix,46,0.9336427507154329,0.85,rolling
GIO,2021,69,Mexico_City_Grand_Prix,47,0.9359279750210152,0.85,rolling
GIO,2021,70,Monaco_Grand_Prix,48,0.9345530105432741,0.85,rolling
GIO,2021,72,Qatar_Grand_Prix,49,0.945561394647259,0.85,rolling
GIO,2021,73,Russian_Grand_Prix,50,0.9549963467134671,0.85,rolling
GIO,2021,74,Saudi_Arabian_Grand_Prix,51,0.9365392298852115,0.85,rolling
GIO,2021,75,Spanish_Grand_Prix,52,0.9764239911721544,0.9119790881776921,rolling
GIO,2021,76,Styrian_Grand_Prix,53,0.9811771828275015,0.9138165026974518,rolling
GIO,2021,77,São_Paulo_Grand_Prix,54,0.9841753300152363,0.9170834454011142,rolling
GIO,2021,78,Turkish_Grand_Prix,55,0.9840750158584248,0.9230696982344387,rolling
GIO,2021,79,United_States_Grand_Prix,56,0.9846178135063384,0.9280152087750159,rolling
GRO,2018,0,Abu_Dhabi_Grand_Prix,0,0.9,0.85,fallback
GRO,2018,1,Australian_Grand_Prix,1,0.9,0.85,fallback
GRO,2018,2,Austrian_Grand_Prix,2,0.9,0.85,fallback
GRO,2018,3,Azerbaijan_Grand_Prix,3,0.9,0.85,fallback
GRO,2018,4,Bahrain_Grand_Prix,4,0.9,0.85,fallback
GRO,2018,5,Belgian_Grand_Prix,5,0.9,0.85,fallback
GRO,2018,6,Brazilian_Grand_Prix,6,0.9,0.85,fallback
GRO,2018,7,British_Grand_Prix,7,0.9,0.85,fallback
GRO,2018,8,Canadian_Grand_Prix,8,0.9,0.85,fallback
GRO,2018,9,Chinese_Grand_Prix,9,0.9,0.85,fallback
GRO,2018,10,French_Grand_Prix,10,1.05,0.95,fallback
GRO,2018,11,German_Grand_Prix,11,1.05,0.95,fallback
GRO,2018,12,Hungarian_Grand_Prix,12,1.05,0.95,fallback
GRO,2018,14,Mexican_Grand_Prix,13,1.05,0.95,fallback
GRO,2018,15,Monaco_Grand_Prix,14,1.05,0.95,fallback
GRO,2018,16,Russian_Grand_Prix,15,1.05,0.95,fallback
GRO,2018,17,Singapore_Grand_Prix,16,1.05,0.95,fallback
GRO,2019,20,Abu_Dhabi_Grand_Prix,17,1.05,0.95,fallback
GRO,2019,21,Australian_Grand_Prix,18,1.05,0.95,fallback
GRO,2019,22,Austrian_Grand_Prix,19,1.05,0.95,fallback
GRO,2019,23,Azerbaijan_Grand_Prix,20,0.9453910407218239,1.039964695616566,rolling
GRO,2019,24,Bahrain_Grand_Prix,21,0.9242738118209882,1.0300867590644482,rolling
GRO,2019,25,Belgian_Grand_Prix,22,0.9196957060735516,1.0511221778732074,rolling
GRO,2019,26,Brazilian_Grand_Prix,23,0.9134736286019571,1.0640174489080723,rolling
GRO,2019,27,British_Grand_Prix,24,0.9200281487009087,1.0895668228315945,rolling
GRO,2019,28,Canadian_Grand_Prix,25,1.15,1.15,rolling
GRO,2019,29,Chinese_Grand_Prix,26,1.15,1.15,rolling
GRO,2019,30,French_Grand_Prix,27,1.15,1.15,rolling
GRO,2019,31,German_Grand_Prix,28,1.15,1.15,rolling
GRO,2019,32,Hungarian_Grand_Prix,29,1.15,1.15,rolling
GRO,2019,33,Italian_Grand_Prix,30,1.15,1.15,rolling
GRO,2019,34,Japanese_Grand_Prix,31,1.15,1.15,rolling
GRO,2019,35,Mexican_Grand_Prix,32,1.15,1.15,rolling
GRO,2019,36,Monaco_Grand_Prix,33,1.15,1.15,rolling
GRO,2019,38,Singapore_Grand_Prix,34,1.15,1.15,rolling
GRO,2019,39,Spanish_Grand_Prix,35,1.15,1.15,rolling
GRO,2019,40,United_States_Grand_Prix,36,1.15,1.15,rolling
GRO,2020,41,70th_Anniversary_Grand_Prix,37,1.15,1.15,rolling
GRO,2020,43,Austrian_Grand_Prix,38,1.15,1.15,rolling
GRO,2020,45,Belgian_Grand_Prix,39,1.1454178575795892,1.0697131876414159,rolling
GRO,2020,47,Eifel_Grand_Prix,40,1.1440369414267328,1.0745381691928342,rolling
GRO,2020,48,Emilia_Romagna_Grand_Prix,41,1.1347916426491542,1.074908454299106,rolling
GRO,2020,49,Hungarian_Grand_Prix,42,1.1296763057110986,1.0715107337008427,rolling
GRO,2020,50,Italian_Grand_Prix,43,1.1246796184521488,1.0681806194884726,rolling
GRO,2020,51,Portuguese_Grand_Prix,44,1.1080007761709973,1.0069689568641276,rolling
GRO,2020,52,Russian_Grand_Prix,45,1.1083553247860278,1.0103267033379666,rolling
GRO,2020,54,Spanish_Grand_Prix,46,1.1022644797156782,1.0080032022886187,rolling
GRO,2020,55,Styrian_Grand_Prix,47,1.1003660289754396,1.0035659808002249,rolling
GRO,2020,56,Turkish_Grand_Prix,48,1.0984638785758771,1.0048875821060836,rolling
HAD,2025,148,Abu_Dhabi_Grand_Prix,0,1.05,0.95,fallback
HAD,2025,150,Austrian_Grand_Prix,1,1.05,0.95,fallback
HAD,2025,151,Azerbaijan_Grand_Prix,2,1.05,0.95,fallback
HAD,2025,152,Bahrain_Grand_Prix,3,1.05,0.95,fallback
HAD,2025,153,Belgian_Grand_Prix,4,1.05,0.95,fallback
HAD,2025,155,Canadian_Grand_Prix,5,1.05,0.95,fallback
HAD,2025,156,Chinese_Grand_Prix,6,1.05,0.95,fallback
HAD,2025,157,Dutch_Grand_Prix,7,1.05,0.95,fallback
HAD,2025,158,Emilia_Romagna_Grand_Prix,8,1.05,0.95,fallback
HAD,2025,159,Hungarian_Grand_Prix,9,1.05,0.95,fallback
HAD,2025,160,Italian_Grand_Prix,10,1.0,0.9,fallback
HAD,2025,161,Japanese_Grand_Prix,11,1.0,0.9,fallback
HAD,2025,162,Las_Vegas_Grand_Prix,12,1.0,0.9,fallback
HAD,2025,163,Mexico_City_Grand_Prix,13,1.0,0.9,fallback
HAD,2025,164,Miami_Grand_Prix,14,1.0,0.9,fallback
HAD,2025,165,Monaco_Grand_Prix,15,1.0,0.9,fallback
HAD,2025,166,Qatar_Grand_Prix,16,1.0,0.9,fallback
HAD,2025,167,Saudi_Arabian_Grand_Prix,17,1.0,0.9,fallback
HAD,2025,168,Singapore_Grand_Prix,18,1.0,0.9,fallback
HAD,2025,169,Spanish_Grand_Prix,19,1.0,0.9,fallback
HAD,2025,170,São_Paulo_Grand_Prix,20,1.1349823744228815,1.0180041796725954,rolling
HAD,2025,171,United_States_Grand_Prix,21,1.12674905417022,1.0167506034474945,rolling
HAD,2026,172,Australian_Grand_Prix,22,1.1088688814836807,1.0098207355355835,rolling
HAD,2026,173,Canadian_Grand_Prix,23,1.1123643741017406,1.035195051767492,rolling
HAD,2026,174,Chinese_Grand_Prix,24,1.1086116530733328,1.0322901461585263,rolling
HAD,2026,175,Japanese_Grand_Prix,25,1.1008788856682243,1.0399161509717336,rolling
HAD,2026,176,Miami_Grand_Prix,26,1.0888435477091538,1.0362856263712077,rolling
HAM,2018,0,Abu_Dhabi_Grand_Prix,0,1.05,0.95,fallback
HAM,2018,1,Australian_Grand_Prix,1,1.05,0.95,fallback
HAM,2018,2,Austrian_Grand_Prix,2,1.05,0.95,fallback
HAM,2018,3,Azerbaijan_Grand_Prix,3,1.05,0.95,fallback
HAM,2018,4,Bahrain_Grand_Prix,4,1.05,0.95,fallback
HAM,2018,5,Belgian_Grand_Prix,5,1.05,0.95,fallback
HAM,2018,6,Brazilian_Grand_Prix,6,1.05,0.95,fallback
HAM,2018,7,British_Grand_Prix,7,1.05,0.95,fallback
HAM,2018,8,Canadian_Grand_Prix,8,1.05,0.95,fallback
HAM,2018,9,Chinese_Grand_Prix,9,1.05,0.95,fallback
HAM,2018,10,French_Grand_Prix,10,1.0,0.9,fallback
HAM,2018,11,German_Grand_Prix,11,1.0,0.9,fallback
HAM,2018,12,Hungarian_Grand_Prix,12,1.0,0.9,fallback
HAM,2018,13,Japanese_Grand_Prix,13,1.0,0.9,fallback
HAM,2018,14,Mexican_Grand_Prix,14,1.0,0.9,fallback
HAM,2018,15,Monaco_Grand_Prix,15,1.0,0.9,fallback
HAM,2018,16,Russian_Grand_Prix,16,1.0,0.9,fallback
HAM,2018,17,Singapore_Grand_Prix,17,1.0,0.9,fallback
HAM,2018,18,Spanish_Grand_Prix,18,1.0,0.9,fallback
HAM,2018,19,United_States_Grand_Prix,19,1.0,0.9,fallback
HAM,2019,20,Abu_Dhabi_Grand_Prix,20,0.9385810535542746,1.0872708453366668,rolling
HAM,2019,21,Australian_Grand_Prix,21,0.9450171364075398,1.1077092642909907,rolling
HAM,2019,22,Austrian_Grand_Prix,22,0.9407594863128026,1.1040396792341687,rolling
HAM,2019,23,Azerbaijan_Grand_Prix,23,0.9342918918100747,1.0937161280073633,rolling
HAM,2019,24,Bahrain_Grand_Prix,24,0.9446535772837646,1.0867176642376775,rolling
HAM,2019,25,Belgian_Grand_Prix,25,0.9387501098276799,1.083243696151405,rolling
HAM,2019,26,Brazilian_Grand_Prix,26,0.9405970612205776,1.0834196408680452,rolling
HAM,2019,27,British_Grand_Prix,27,0.9512983028285109,1.0793495237824553,rolling
HAM,2019,28,Canadian_Grand_Prix,28,0.9557410923903835,1.0775504870448915,rolling
HAM,2019,29,Chinese_Grand_Prix,29,0.9647862496090772,1.0835703506016,rolling
HAM,2019,30,French_Grand_Prix,30,0.9768807720307098,1.0829638784331095,rolling
HAM,2019,31,German_Grand_Prix,31,0.9803159596641515,1.0823183651132346,rolling
HAM,2019,32,Hungarian_Grand_Prix,32,0.9796021146791659,1.081626011024318,rolling
HAM,2019,33,Italian_Grand_Prix,33,0.9848726934984241,1.0858694777918418,rolling
HAM,2019,34,Japanese_Grand_Prix,34,0.9790206818065479,1.0878816602403323,rolling
HAM,2019,35,Mexican_Grand_Prix,35,0.9826440196808243,1.0812565370651521,rolling
HAM,2019,36,Monaco_Grand_Prix,36,0.9803528026830527,1.0836204628424189,rolling
HAM,2019,37,Russian_Grand_Prix,37,0.9936121851441466,1.0873776387171192,rolling
HAM,2019,38,Singapore_Grand_Prix,38,0.9938500136860451,1.0891173603710855,rolling
HAM,2019,39,Spanish_Grand_Prix,39,1.0034983723738196,1.0887638467707497,rolling
HAM,2019,40,United_States_Grand_Prix,40,1.0008731781386615,1.0880828238205646,rolling
HAM,2020,41,70th_Anniversary_Grand_Prix,41,1.0077916035057508,1.0875363577682644,rolling
HAM,2020,42,Abu_Dhabi_Grand_Prix,42,1.0094460315233875,1.082513948272653,rolling
HAM,2020,43,Austrian_Grand_Prix,43,1.0091517988420589,1.080228041697203,rolling
HAM,2020,44,Bahrain_Grand_Prix,44,1.0066277806914181,1.0700642142257746,rolling
HAM,2020,45,Belgian_Grand_Prix,45,1.0102768710890406,1.083245711259406,rolling
HAM,2020,46,British_Grand_Prix,46,1.0087209488936693,1.0811895616557423,rolling
HAM,2020,47,Eifel_Grand_Prix,47,1.0088649290976115,1.0796213553468805,rolling
HAM,2020,48,Emilia_Romagna_Grand_Prix,48,1.0049539264700436,1.0673718581691705,rolling
HAM,2020,49,Hungarian_Grand_Prix,49,0.997550755878932,1.0627727204147204,rolling
HAM,2020,50,Italian_Grand_Prix,50,1.0098378717622916,1.0725928363981871,rolling
HAM,2020,51,Portuguese_Grand_Prix,51,1.0077898336379738,1.0727766717753762,rolling
HAM,2020,52,Russian_Grand_Prix,52,1.0075704992476315,1.071455761257547,rolling
HAM,2020,54,Spanish_Grand_Prix,53,1.0064887920501107,1.071644734540083,rolling
HAM,2020,55,Styrian_Grand_Prix,54,1.0032036623922616,1.0691923117776998,rolling
HAM,2020,56,Turkish_Grand_Prix,55,0.9997027538775314,1.0714767646750862,rolling
HAM,2020,57,Tuscan_Grand_Prix,56,1.009730294978336,1.080502865367844,rolling
HAM,2021,58,Abu_Dhabi_Grand_Prix,57,1.010742336034098,1.0814170144752306,rolling
HAM,2021,59,Austrian_Grand_Prix,58,1.0109999692532365,1.0810250366390062,rolling
HAM,2021,60,Azerbaijan_Grand_Prix,59,1.0101976506593884,1.0822596249343244,rolling
HAM,2021,61,Bahrain_Grand_Prix,60,1.0097883112829216,1.1077065429438195,rolling
HAM,2021,63,British_Grand_Prix,61,1.0067221219484166,1.1079242832752092,rolling
HAM,2021,64,Dutch_Grand_Prix,62,1.0053451501966897,1.1050085198238797,rolling
HAM,2021,65,Emilia_Romagna_Grand_Prix,63,1.0048740307243627,1.103689854981957,rolling
HAM,2021,66,French_Grand_Prix,64,1.0093405097613275,1.090564280553997,rolling
HAM,2021,68,Italian_Grand_Prix,65,1.011901390212145,1.0909285787437455,rolling
HAM,2021,69,Mexico_City_Grand_Prix,66,1.0144539880369892,1.0937405145756423,rolling
HAM,2021,70,Monaco_Grand_Prix,67,1.0240692251484718,1.1018845675762152,rolling
HAM,2021,71,Portuguese_Grand_Prix,68,1.017806647782646,1.0951147960317176,rolling
HAM,2021,72,Qatar_Grand_Prix,69,1.017335954053128,1.0952776382119178,rolling
HAM,2021,73,Russian_Grand_Prix,70,1.0197697716211858,1.0968378969519943,rolling
HAM,2021,74,Saudi_Arabian_Grand_Prix,71,1.0229959574590726,1.0912313550709407,rolling
HAM,2021,75,Spanish_Grand_Prix,72,1.0275522332968126,1.0878262047467935,rolling
HAM,2021,76,Styrian_Grand_Prix,73,1.0313161403608289,1.0889192859678816,rolling
HAM,2021,77,São_Paulo_Grand_Prix,74,1.0315993025004553,1.0896719109204602,rolling
HAM,2021,78,Turkish_Grand_Prix,75,1.0309935474239218,1.0901450364552372,rolling
HAM,2021,79,United_States_Grand_Prix,76,1.0323149333586206,1.0869576338322566,rolling
HAM,2022,80,Abu_Dhabi_Grand_Prix,77,1.0341446837217112,1.0900731226831526,rolling
HAM,2022,81,Australian_Grand_Prix,78,1.0326673753397424,1.090118701083452,rolling
HAM,2022,82,Austrian_Grand_Prix,79,1.0326406372159578,1.0893260264726963,rolling
HAM,2022,83,Azerbaijan_Grand_Prix,80,1.0306023569298697,1.0878583345479795,rolling
HAM,2022,84,Bahrain_Grand_Prix,81,1.0247098552574274,1.0851872541044434,rolling
HAM,2022,87,Canadian_Grand_Prix,82,1.022509660671305,1.084741659957023,rolling
HAM,2022,88,Dutch_Grand_Prix,83,1.0242985631114891,1.0838121343073477,rolling
HAM,2022,89,Emilia_Romagna_Grand_Prix,84,1.0238018690577033,1.0846408262287648,rolling
HAM,2022,90,French_Grand_Prix,85,1.0228418264230337,1.08208692542181,rolling
HAM,2022,91,Hungarian_Grand_Prix,86,1.0237234234150157,1.0819115011479579,rolling
HAM,2022,92,Italian_Grand_Prix,87,1.023637961807088,1.0781300838379924,rolling
HAM,2022,93,Japanese_Grand_Prix,88,1.0193284194897025,1.0712529081114581,rolling
HAM,2022,94,Mexico_City_Grand_Prix,89,1.014538329933607,1.072129964845087,rolling
HAM,2022,95,Miami_Grand_Prix,90,1.0151751055305684,1.0719631001215748,rolling
HAM,2022,96,Monaco_Grand_Prix,91,1.019471376048064,1.0733368906519076,rolling
HAM,2022,97,Saudi_Arabian_Grand_Prix,92,0.9978411677011834,1.0701312110886438,rolling
HAM,2022,98,Singapore_Grand_Prix,93,0.991201638409319,1.0674806003484363,rolling
HAM,2022,99,Spanish_Grand_Prix,94,1.0256969189806857,1.071321679803301,rolling
HAM,2022,100,São_Paulo_Grand_Prix,95,1.0235775119616424,1.0680665900411517,rolling
HAM,2022,101,United_States_Grand_Prix,96,1.0213736406817882,1.0645265001290658,rolling
HAM,2023,102,Abu_Dhabi_Grand_Prix,97,1.0197458447402241,1.063855553622767,rolling
HAM,2023,103,Australian_Grand_Prix,98,1.0173739235102164,1.0631225583929507,rolling
HAM,2023,104,Austrian_Grand_Prix,99,1.0291022579870903,1.0794902576638556,rolling
HAM,2023,105,Azerbaijan_Grand_Prix,100,1.0280367460341782,1.0802350802522322,rolling
HAM,2023,106,Bahrain_Grand_Prix,101,1.0295318787521697,1.0802296962119862,rolling
HAM,2023,107,Belgian_Grand_Prix,102,1.0291169679564995,1.0804096136533123,rolling
HAM,2023,108,British_Grand_Prix,103,1.027494970801278,1.0814551845940463,rolling
HAM,2023,109,Canadian_Grand_Prix,104,1.024281686148656,1.0801611183194229,rolling
HAM,2023,110,Dutch_Grand_Prix,105,1.024890646530002,1.078613854188024,rolling
HAM,2023,111,Hungarian_Grand_Prix,106,1.0220009032102684,1.0788370827010467,rolling
HAM,2023,112,Italian_Grand_Prix,107,1.0225557797420208,1.0795786991938547,rolling
HAM,2023,113,Japanese_Grand_Prix,108,1.0213603633222201,1.077904981908137,rolling
HAM,2023,114,Las_Vegas_Grand_Prix,109,1.0176630024519815,1.0763242970731466,rolling
HAM,2023,115,Mexico_City_Grand_Prix,110,1.0159789358703495,1.0746786327158493,rolling
HAM,2023,116,Miami_Grand_Prix,111,1.0153052496764692,1.073938024416917,rolling
HAM,2023,117,Monaco_Grand_Prix,112,1.0154980518369165,1.0723190399830755,rolling
HAM,2023,119,Saudi_Arabian_Grand_Prix,113,1.0116302327686721,1.0700127603596346,rolling
HAM,2023,120,Singapore_Grand_Prix,114,1.0098510410916977,1.0684141589699772,rolling
HAM,2023,121,Spanish_Grand_Prix,115,1.0070243665403267,1.066859362534956,rolling
HAM,2023,122,São_Paulo_Grand_Prix,116,1.0066408654933692,1.066956113603908,rolling
HAM,2023,123,United_States_Grand_Prix,117,1.007422872831869,1.0660529966219416,rolling
HAM,2024,124,Abu_Dhabi_Grand_Prix,118,1.0089102068152243,1.067014987323975,rolling
HAM,2024,125,Australian_Grand_Prix,119,1.0080099108067861,1.0646072644951707,rolling
HAM,2024,126,Austrian_Grand_Prix,120,1.0045463129942471,1.0661733425777726,rolling
HAM,2024,127,Azerbaijan_Grand_Prix,121,1.0050456339420712,1.0660535301085994,rolling
HAM,2024,128,Bahrain_Grand_Prix,122,1.004078397365479,1.0650396485590603,rolling
HAM,2024,129,Belgian_Grand_Prix,123,1.004402487634708,1.0636344174677697,rolling
HAM,2024,130,British_Grand_Prix,124,1.0053154985621449,1.063361655908365,rolling
HAM,2024,131,Canadian_Grand_Prix,125,1.0043023899747616,1.0608553629217534,rolling
HAM,2024,132,Chinese_Grand_Prix,126,0.9959009979281905,1.0575936074546024,rolling
HAM,2024,133,Dutch_Grand_Prix,127,0.9957470931645848,1.0573055710497097,rolling
HAM,2024,134,Emilia_Romagna_Grand_Prix,128,0.9951202754690393,1.055639292481945,rolling
HAM,2024,135,Hungarian_Grand_Prix,129,0.9951406583469905,1.054655737717557,rolling
HAM,2024,136,Italian_Grand_Prix,130,0.9971499345466881,1.058387988668191,rolling
HAM,2024,137,Japanese_Grand_Prix,131,0.9984233547319982,1.0583004026041298,rolling
HAM,2024,138,Las_Vegas_Grand_Prix,132,0.9993175927956952,1.057097261405657,rolling
HAM,2024,139,Mexico_City_Grand_Prix,133,0.9979744722663276,1.0547090747328722,rolling
HAM,2024,140,Miami_Grand_Prix,134,0.9969769999889551,1.0533465046555546,rolling
HAM,2024,141,Monaco_Grand_Prix,135,0.9953619450804307,1.0519896379843188,rolling
HAM,2024,142,Qatar_Grand_Prix,136,0.9962608501475857,1.049653790072263,rolling
HAM,2024,143,Saudi_Arabian_Grand_Prix,137,0.9943113525748417,1.0491252428334648,rolling
HAM,2024,144,Singapore_Grand_Prix,138,0.9955342238537207,1.0489340131980704,rolling
HAM,2024,145,Spanish_Grand_Prix,139,0.9944970196445311,1.0486140557918842,rolling
HAM,2024,146,São_Paulo_Grand_Prix,140,0.9948219623382144,1.04799295082708,rolling
HAM,2025,148,Abu_Dhabi_Grand_Prix,141,0.9860183980812183,1.0406424064928872,rolling
HAM,2025,149,Australian_Grand_Prix,142,0.9853751184295271,1.0418302348560693,rolling
HAM,2025,150,Austrian_Grand_Prix,143,0.9849268901139849,1.0416216476090439,rolling
HAM,2025,151,Azerbaijan_Grand_Prix,144,0.9848834067043604,1.0412835966609806,rolling
HAM,2025,152,Bahrain_Grand_Prix,145,0.9850471326370078,1.0403490615814128,rolling
HAM,2025,153,Belgian_Grand_Prix,146,0.9839583609812388,1.0399960999313538,rolling
HAM,2025,154,British_Grand_Prix,147,0.9827026969544382,1.040672926415735,rolling
HAM,2025,155,Canadian_Grand_Prix,148,0.9905636686188011,1.0411841114690539,rolling
HAM,2025,156,Chinese_Grand_Prix,149,0.9901830019675328,1.0418647673435932,rolling
HAM,2025,157,Dutch_Grand_Prix,150,0.9906386356612644,1.0399267495523006,rolling
HAM,2025,158,Emilia_Romagna_Grand_Prix,151,0.9903588081376619,1.041437999756131,rolling
HAM,2025,159,Hungarian_Grand_Prix,152,0.9897454350094885,1.0397165536558606,rolling
HAM,2025,160,Italian_Grand_Prix,153,0.9877131594440467,1.036290549815106,rolling
HAM,2025,161,Japanese_Grand_Prix,154,0.9878515153727068,1.0360637879109258,rolling
HAM,2025,162,Las_Vegas_Grand_Prix,155,0.9878132043291803,1.0355663176731207,rolling
HAM,2025,163,Mexico_City_Grand_Prix,156,0.985495270853356,1.034961924225273,rolling
HAM,2025,164,Miami_Grand_Prix,157,0.9850096235084896,1.0336782796171182,rolling
HAM,2025,165,Monaco_Grand_Prix,158,0.9834416162197703,1.033512405896878,rolling
HAM,2025,166,Qatar_Grand_Prix,159,0.982426688221074,1.0329029744726728,rolling
HAM,2025,167,Saudi_Arabian_Grand_Prix,160,0.9821831705908183,1.033535883832463,rolling
HAM,2025,168,Singapore_Grand_Prix,161,0.9814494372930045,1.0334060104286646,rolling
HAM,2025,169,Spanish_Grand_Prix,162,0.9796701935683276,1.0219518002971018,rolling
HAM,2025,171,United_States_Grand_Prix,163,0.9797362062599186,1.0216985619453067,rolling
HAM,2026,172,Australian_Grand_Prix,164,0.9799341471577732,1.0217616143603925,rolling
HAM,2026,173,Canadian_Grand_Prix,165,0.9801853988078502,1.021906603991978,rolling
HAM,2026,174,Chinese_Grand_Prix,166,0.9793571065507679,1.0210877094235327,rolling
HAM,2026,175,Japanese_Grand_Prix,167,0.9789600775545393,1.0209356100038223,rolling
HAM,2026,176,Miami_Grand_Prix,168,0.9791361080884674,1.0213848141410324,rolling
HAM,2026,177,Monaco_Grand_Prix,169,0.9799337202178434,1.021541427154949,rolling
HAR,2018,0,Abu_Dhabi_Grand_Prix,0,0.9,0.85,fallback
HAR,2018,1,Australian_Grand_Prix,1,0.9,0.85,fallback
HAR,2018,2,Austrian_Grand_Prix,2,0.9,0.85,fallback
HAR,2018,3,Azerbaijan_Grand_Prix,3,0.9,0.85,fallback
HAR,2018,4,Bahrain_Grand_Prix,4,0.9,0.85,fallback
HAR,2018,5,Belgian_Grand_Prix,5,0.9,0.85,fallback
HAR,2018,6,Brazilian_Grand_Prix,6,0.9,0.85,fallback
HAR,2018,9,Chinese_Grand_Prix,7,0.9,0.85,fallback
HAR,2018,11,German_Grand_Prix,8,0.9,0.85,fallback
HAR,2018,12,Hungarian_Grand_Prix,9,0.9,0.85,fallback
HAR,2018,13,Japanese_Grand_Prix,10,1.05,0.95,fallback
HAR,2018,14,Mexican_Grand_Prix,11,1.05,0.95,fallback
HAR,2018,15,Monaco_Grand_Prix,12,1.05,0.95,fallback
HAR,2018,17,Singapore_Grand_Prix,13,1.05,0.95,fallback
HAR,2018,19,United_States_Grand_Prix,14,1.05,0.95,fallback
HUL,2018,1,Australian_Grand_Prix,0,0.9,0.85,fallback
HUL,2018,2,Austrian_Grand_Prix,1,0.9,0.85,fallback
HUL,2018,3,Azerbaijan_Grand_Prix,2,0.9,0.85,fallback
HUL,2018,4,Bahrain_Grand_Prix,3,0.9,0.85,fallback
HUL,2018,6,Brazilian_Grand_Prix,4,0.9,0.85,fallback
HUL,2018,7,British_Grand_Prix,5,0.9,0.85,fallback
HUL,2018,8,Canadian_Grand_Prix,6,0.9,0.85,fallback
HUL,2018,9,Chinese_Grand_Prix,7,0.9,0.85,fallback
HUL,2018,10,French_Grand_Prix,8,0.9,0.85,fallback
HUL,2018,11,German_Grand_Prix,9,0.9,0.85,fallback
HUL,2018,12,Hungarian_Grand_Prix,10,1.0,0.9,fallback
HUL,2018,13,Japanese_Grand_Prix,11,1.0,0.9,fallback
HUL,2018,14,Mexican_Grand_Prix,12,1.0,0.9,fallback
HUL,2018,15,Monaco_Grand_Prix,13,1.0,0.9,fallback
HUL,2018,16,Russian_Grand_Prix,14,1.0,0.9,fallback
HUL,2018,17,Singapore_Grand_Prix,15,1.0,0.9,fallback
HUL,2018,19,United_States_Grand_Prix,16,1.0,0.9,fallback
HUL,2019,20,Abu_Dhabi_Grand_Prix,17,1.0,0.9,fallback
HUL,2019,21,Australian_Grand_Prix,18,1.0,0.9,fallback
HUL,2019,22,Austrian_Grand_Prix,19,1.0,0.9,fallback
HUL,2019,23,Azerbaijan_Grand_Prix,20,0.8804118261803195,0.940567758761733,rolling
HUL,2019,24,Bahrain_Grand_Prix,21,0.8917119938136036,0.9505490777513848,rolling
HUL,2019,25,Belgian_Grand_Prix,22,0.8728709996097035,0.9502006094654043,rolling
HUL,2019,26,Brazilian_Grand_Prix,23,0.8715826905604067,0.9542861736948314,rolling
HUL,2019,27,British_Grand_Prix,24,0.8704555095139512,0.9575583939368573,rolling
HUL,2019,28,Canadian_Grand_Prix,25,0.874719472156216,0.9557146160494668,rolling
HUL,2019,29,Chinese_Grand_Prix,26,0.87904819171365,0.955395474982774,rolling
HUL,2019,30,French_Grand_Prix,27,0.8749999046540549,0.9602671390539425,rolling
HUL,2019,31,German_Grand_Prix,28,0.868854622361109,0.9600606412423079,rolling
HUL,2019,32,Hungarian_Grand_Prix,29,0.9500536108488703,0.9816092036690935,rolling
HUL,2019,33,Italian_Grand_Prix,30,0.956820748424777,0.9911832862292629,rolling
HUL,2019,34,Japanese_Grand_Prix,31,0.9603449431402385,0.988223216333455,rolling
HUL,2019,35,Mexican_Grand_Prix,32,0.967344776268099,0.9969308211078051,rolling
HUL,2019,36,Monaco_Grand_Prix,33,0.9645958996736739,0.9983249209346887,rolling
HUL,2019,37,Russian_Grand_Prix,34,0.9655080599292178,0.9839041447728696,rolling
HUL,2019,38,Singapore_Grand_Prix,35,0.9784735133469877,0.9793851564304593,rolling
HUL,2019,39,Spanish_Grand_Prix,36,0.9844259713755138,0.9856518962706822,rolling
HUL,2019,40,United_States_Grand_Prix,37,0.966549679867637,0.9849546941930656,rolling
HUL,2020,41,70th_Anniversary_Grand_Prix,38,0.9506956005067296,0.9734731552325777,rolling
HUL,2020,47,Eifel_Grand_Prix,39,0.9523237171497843,0.9744309994507752,rolling
HUL,2022,84,Bahrain_Grand_Prix,40,0.9422882318854737,0.9768341346637757,rolling
HUL,2022,97,Saudi_Arabian_Grand_Prix,41,0.9404151269794533,0.9740493679741462,rolling
HUL,2023,102,Abu_Dhabi_Grand_Prix,42,0.9374210012570913,1.0158564206303604,rolling
HUL,2023,103,Australian_Grand_Prix,43,0.9389976971600802,1.0140524948247953,rolling
HUL,2023,104,Austrian_Grand_Prix,44,0.9362359418338296,1.0171661034558215,rolling
HUL,2023,105,Azerbaijan_Grand_Prix,45,0.9399433132282112,1.0254490642067655,rolling
HUL,2023,106,Bahrain_Grand_Prix,46,0.9395263167503618,1.0262606566564052,rolling
HUL,2023,107,Belgian_Grand_Prix,47,0.9439042996377532,1.0278766921618958,rolling
HUL,2023,108,British_Grand_Prix,48,0.9396090232061707,1.025051076945746,rolling
HUL,2023,109,Canadian_Grand_Prix,49,0.9480270155276473,1.0212677822446918,rolling
HUL,2023,110,Dutch_Grand_Prix,50,0.9525229389197716,1.0254407968924926,rolling
HUL,2023,111,Hungarian_Grand_Prix,51,0.8859609777297374,0.966077557638321,rolling
HUL,2023,112,Italian_Grand_Prix,52,0.8905157585977681,0.9715343098278961,rolling
HUL,2023,113,Japanese_Grand_Prix,53,0.8954008812479632,0.9740867083976453,rolling
HUL,2023,114,Las_Vegas_Grand_Prix,54,0.8954128341696345,0.9750897850428468,rolling
HUL,2023,115,Mexico_City_Grand_Prix,55,0.8944241105718516,0.9746325243355024,rolling
HUL,2023,116,Miami_Grand_Prix,56,0.9009664817069868,0.9754538882933064,rolling
HUL,2023,117,Monaco_Grand_Prix,57,0.8987543067893617,0.9744343216805147,rolling
HUL,2023,118,Qatar_Grand_Prix,58,0.9258350504348053,1.0101079607451728,rolling
HUL,2023,119,Saudi_Arabian_Grand_Prix,59,0.931504134246497,1.0151661961444585,rolling
HUL,2023,120,Singapore_Grand_Prix,60,0.9339802155338801,1.0159923400488733,rolling
HUL,2023,121,Spanish_Grand_Prix,61,0.936479979434294,1.0222179146276282,rolling
HUL,2023,123,United_States_Grand_Prix,62,0.9397653689821499,1.022388963887513,rolling
HUL,2024,124,Abu_Dhabi_Grand_Prix,63,0.942004411098124,1.0224710836196451,rolling
HUL,2024,125,Australian_Grand_Prix,64,0.9498979244946981,1.026461904200358,rolling
HUL,2024,126,Austrian_Grand_Prix,65,0.9510322782422211,1.0262932708877281,rolling
HUL,2024,127,Azerbaijan_Grand_Prix,66,0.9493149156413733,1.0256654874588225,rolling
HUL,2024,128,Bahrain_Grand_Prix,67,0.9521982072816021,1.0278161229862894,rolling
HUL,2024,129,Belgian_Grand_Prix,68,0.9547541873289314,1.0278745715037458,rolling
HUL,2024,130,British_Grand_Prix,69,0.9578204578890268,1.0310011530047678,rolling
HUL,2024,131,Canadian_Grand_Prix,70,0.956013649142579,1.031156924690183,rolling
HUL,2024,132,Chinese_Grand_Prix,71,0.9616776674425629,1.025604853819864,rolling
HUL,2024,133,Dutch_Grand_Prix,72,0.9619524183736823,1.0283300811290825,rolling
HUL,2024,134,Emilia_Romagna_Grand_Prix,73,0.9669273206889668,1.033403762118415,rolling
HUL,2024,135,Hungarian_Grand_Prix,74,0.9683169620445805,1.0360634836124996,rolling
HUL,2024,136,Italian_Grand_Prix,75,0.9663444487772215,1.0338365234322824,rolling
HUL,2024,137,Japanese_Grand_Prix,76,0.9689867745870279,1.031997172236661,rolling
HUL,2024,138,Las_Vegas_Grand_Prix,77,0.9887137861552314,1.0563036627389244,rolling
HUL,2024,139,Mexico_City_Grand_Prix,78,0.9948570981642366,1.058265401447123,rolling
HUL,2024,140,Miami_Grand_Prix,79,0.9934163717458627,1.0591876087404046,rolling
HUL,2024,142,Qatar_Grand_Prix,80,0.9933263822918106,1.0606946379155096,rolling
HUL,2024,143,Saudi_Arabian_Grand_Prix,81,0.9888893774619858,1.0615565498726107,rolling
HUL,2024,144,Singapore_Grand_Prix,82,0.9936337014749681,1.0614698814337462,rolling
HUL,2024,145,Spanish_Grand_Prix,83,0.9977987268321525,1.0638912285964732,rolling
HUL,2024,146,São_Paulo_Grand_Prix,84,0.9963111509794481,1.0620909934710223,rolling
HUL,2024,147,United_States_Grand_Prix,85,1.0075819032345639,1.0870767470536178,rolling
HUL,2025,148,Abu_Dhabi_Grand_Prix,86,1.0069287375110396,1.0857800761518903,rolling
HUL,2025,149,Australian_Grand_Prix,87,1.003837529121687,1.0800031500943497,rolling
HUL,2025,150,Austrian_Grand_Prix,88,1.0042164693846998,1.0827794433623659,rolling
HUL,2025,151,Azerbaijan_Grand_Prix,89,1.0024716909061497,1.0828570900872259,rolling
HUL,2025,152,Bahrain_Grand_Prix,90,1.000592513333193,1.0804395860832252,rolling
HUL,2025,153,Belgian_Grand_Prix,91,0.9995334187750988,1.0792847414886984,rolling
HUL,2025,155,Canadian_Grand_Prix,92,0.9927900465650468,1.0775039702204996,rolling
HUL,2025,156,Chinese_Grand_Prix,93,0.9904569609526974,1.0783332265002787,rolling
HUL,2025,157,Dutch_Grand_Prix,94,0.9918096606900794,1.0775805761609254,rolling
HUL,2025,158,Emilia_Romagna_Grand_Prix,95,0.9915184738792326,1.076948324041344,rolling
HUL,2025,159,Hungarian_Grand_Prix,96,0.9901918474751626,1.075442750439241,rolling
HUL,2025,161,Japanese_Grand_Prix,97,0.9877790363540795,1.074771044193777,rolling
HUL,2025,163,Mexico_City_Grand_Prix,98,0.988650699303131,1.0751087966247046,rolling
HUL,2025,164,Miami_Grand_Prix,99,0.9805095401452152,1.0749901222213814,rolling
HUL,2025,165,Monaco_Grand_Prix,100,1.0271093914849518,1.097347726389827,rolling
HUL,2025,166,Qatar_Grand_Prix,101,1.026191407359856,1.0961165190831337,rolling
HUL,2025,167,Saudi_Arabian_Grand_Prix,102,1.0245042890262557,1.100809763267836,rolling
HUL,2025,168,Singapore_Grand_Prix,103,1.0261089684591063,1.0999033519281805,rolling
HUL,2025,169,Spanish_Grand_Prix,104,1.0227932145582144,1.0972165494653834,rolling
HUL,2025,171,United_States_Grand_Prix,105,1.0206609440382126,1.0971523854409533,rolling
HUL,2026,173,Canadian_Grand_Prix,106,1.0208770334231243,1.0969375362544054,rolling
HUL,2026,175,Japanese_Grand_Prix,107,1.022581970328047,1.0933860102367965,rolling
HUL,2026,176,Miami_Grand_Prix,108,1.0209438223380523,1.0920230236516615,rolling
HUL,2026,177,Monaco_Grand_Prix,109,1.0201494385984895,1.0946903579783662,rolling
KUB,2019,20,Abu_Dhabi_Grand_Prix,0,1.05,0.95,fallback
KUB,2019,21,Australian_Grand_Prix,1,1.05,0.95,fallback
KUB,2019,22,Austrian_Grand_Prix,2,1.05,0.95,fallback
KUB,2019,23,Azerbaijan_Grand_Prix,3,1.05,0.95,fallback
KUB,2019,24,Bahrain_Grand_Prix,4,1.05,0.95,fallback
KUB,2019,25,Belgian_Grand_Prix,5,1.05,0.95,fallback
KUB,2019,26,Brazilian_Grand_Prix,6,1.05,0.95,fallback
KUB,2019,27,British_Grand_Prix,7,1.05,0.95,fallback
KUB,2019,28,Canadian_Grand_Prix,8,1.05,0.95,fallback
KUB,2019,29,Chinese_Grand_Prix,9,1.05,0.95,fallback
KUB,2019,30,French_Grand_Prix,10,1.05,0.95,fallback
KUB,2019,31,German_Grand_Prix,11,1.05,0.95,fallback
KUB,2019,32,Hungarian_Grand_Prix,12,1.05,0.95,fallback
KUB,2019,33,Italian_Grand_Prix,13,1.05,0.95,fallback
KUB,2019,34,Japanese_Grand_Prix,14,1.05,0.95,fallback
KUB,2019,35,Mexican_Grand_Prix,15,1.05,0.95,fallback
KUB,2019,36,Monaco_Grand_Prix,16,1.05,0.95,fallback
KUB,2019,37,Russian_Grand_Prix,17,1.05,0.95,fallback
KUB,2019,38,Singapore_Grand_Prix,18,1.05,0.95,fallback
KUB,2019,39,Spanish_Grand_Prix,19,1.05,0.95,fallback
KUB,2019,40,United_States_Grand_Prix,20,0.8837203341388427,0.9777254207071918,rolling
KUB,2021,64,Dutch_Grand_Prix,21,0.8899670607008365,0.9954601899909207,rolling
KUB,2021,68,Italian_Grand_Prix,22,0.8900987208641316,0.9867141399090652,rolling
KVY,2019,20,Abu_Dhabi_Grand_Prix,0,0.9,0.85,fallback
KVY,2019,21,Australian_Grand_Prix,1,0.9,0.85,fallback
KVY,2019,22,Austrian_Grand_Prix,2,0.9,0.85,fallback
KVY,2019,23,Azerbaijan_Grand_Prix,3,0.9,0.85,fallback
KVY,2019,24,Bahrain_Grand_Prix,4,0.9,0.85,fallback
KVY,2019,25,Belgian_Grand_Prix,5,0.9,0.85,fallback
KVY,2019,26,Brazilian_Grand_Prix,6,0.9,0.85,fallback
KVY,2019,27,British_Grand_Prix,7,0.9,0.85,fallback
KVY,2019,28,Canadian_Grand_Prix,8,0.9,0.85,fallback
KVY,2019,29,Chinese_Grand_Prix,9,0.9,0.85,fallback
KVY,2019,30,French_Grand_Prix,10,1.05,0.95,fallback
KVY,2019,31,German_Grand_Prix,11,1.05,0.95,fallback
KVY,2019,32,Hungarian_Grand_Prix,12,1.05,0.95,fallback
KVY,2019,33,Italian_Grand_Prix,13,1.05,0.95,fallback
KVY,2019,34,Japanese_Grand_Prix,14,1.05,0.95,fallback
KVY,2019,35,Mexican_Grand_Prix,15,1.05,0.95,fallback
KVY,2019,36,Monaco_Grand_Prix,16,1.05,0.95,fallback
KVY,2019,37,Russian_Grand_Prix,17,1.05,0.95,fallback
KVY,2019,38,Singapore_Grand_Prix,18,1.05,0.95,fallback
KVY,2019,39,Spanish_Grand_Prix,19,1.05,0.95,fallback
KVY,2019,40,United_States_Grand_Prix,20,0.8828567444048284,0.8538742514503048,rolling
KVY,2020,41,70th_Anniversary_Grand_Prix,21,0.8762150721222212,0.8509317685424242,rolling
KVY,2020,42,Abu_Dhabi_Grand_Prix,22,0.8849744451241621,0.8563600451767757,rolling
KVY,2020,43,Austrian_Grand_Prix,23,0.8860169900440508,0.859455603876436,rolling
KVY,2020,44,Bahrain_Grand_Prix,24,0.8917026343668927,0.9517186732479909,rolling
KVY,2020,45,Belgian_Grand_Prix,25,0.8784792531640858,0.9529167837759032,rolling
KVY,2020,46,British_Grand_Prix,26,0.8814399211489095,0.9634228998210096,rolling
KVY,2020,47,Eifel_Grand_Prix,27,0.8766162707291867,0.9811558928021871,rolling
KVY,2020,48,Emilia_Romagna_Grand_Prix,28,0.8862746433298723,0.9955653903646187,rolling
KVY,2020,49,Hungarian_Grand_Prix,29,0.8850854907752446,0.9833526539924651,rolling
KVY,2020,50,Italian_Grand_Prix,30,0.9286977118820431,1.0009384736360039,rolling
KVY,2020,51,Portuguese_Grand_Prix,31,0.9041700583094985,0.9094504282985673,rolling
KVY,2020,52,Russian_Grand_Prix,32,0.8800508649796864,0.905950546829945,rolling
KVY,2020,53,Sakhir_Grand_Prix,33,0.9046774266220124,0.9113959751851552,rolling
KVY,2020,54,Spanish_Grand_Prix,34,0.9050930731339155,0.9141310979881789,rolling
KVY,2020,55,Styrian_Grand_Prix,35,0.9100514733636894,0.9143347410793736,rolling
KVY,2020,56,Turkish_Grand_Prix,36,0.9142073345022652,0.9204561653493051,rolling
LAT,2020,41,70th_Anniversary_Grand_Prix,0,0.9,0.85,fallback
LAT,2020,42,Abu_Dhabi_Grand_Prix,1,0.9,0.85,fallback
LAT,2020,43,Austrian_Grand_Prix,2,0.9,0.85,fallback
LAT,2020,44,Bahrain_Grand_Prix,3,0.9,0.85,fallback
LAT,2020,45,Belgian_Grand_Prix,4,0.9,0.85,fallback
LAT,2020,46,British_Grand_Prix,5,0.9,0.85,fallback
LAT,2020,47,Eifel_Grand_Prix,6,0.9,0.85,fallback
LAT,2020,48,Emilia_Romagna_Grand_Prix,7,0.9,0.85,fallback
LAT,2020,49,Hungarian_Grand_Prix,8,0.9,0.85,fallback
LAT,2020,50,Italian_Grand_Prix,9,0.9,0.85,fallback
LAT,2020,51,Portuguese_Grand_Prix,10,1.05,0.95,fallback
LAT,2020,52,Russian_Grand_Prix,11,1.05,0.95,fallback
LAT,2020,53,Sakhir_Grand_Prix,12,1.05,0.95,fallback
LAT,2020,54,Spanish_Grand_Prix,13,1.05,0.95,fallback
LAT,2020,55,Styrian_Grand_Prix,14,1.05,0.95,fallback
LAT,2020,56,Turkish_Grand_Prix,15,1.05,0.95,fallback
LAT,2021,58,Abu_Dhabi_Grand_Prix,16,1.05,0.95,fallback
LAT,2021,59,Austrian_Grand_Prix,17,1.05,0.95,fallback
LAT,2021,60,Azerbaijan_Grand_Prix,18,1.05,0.95,fallback
LAT,2021,61,Bahrain_Grand_Prix,19,1.05,0.95,fallback
LAT,2021,63,British_Grand_Prix,20,1.1137618133924034,0.9515371114746646,rolling
LAT,2021,64,Dutch_Grand_Prix,21,1.1340945569310867,0.9790314457763417,rolling
LAT,2021,66,French_Grand_Prix,22,1.1325762109583537,0.9785329772799315,rolling
LAT,2021,67,Hungarian_Grand_Prix,23,1.116313271357717,0.9769899785553752,rolling
LAT,2021,68,Italian_Grand_Prix,24,1.1243683793671426,0.9900028478622777,rolling
LAT,2021,69,Mexico_City_Grand_Prix,25,1.123791492908206,0.9924634688785015,rolling
LAT,2021,70,Monaco_Grand_Prix,26,1.1165109147368513,0.9873182242590561,rolling
LAT,2021,71,Portuguese_Grand_Prix,27,1.1078523900621222,0.9922656106951546,rolling
LAT,2021,72,Qatar_Grand_Prix,28,1.1041388710451447,0.998279522376132,rolling
LAT,2021,73,Russian_Grand_Prix,29,1.101733493872557,1.0031780004413546,rolling
LAT,2021,74,Saudi_Arabian_Grand_Prix,30,1.0883848622515488,1.0532897897213873,rolling
LAT,2021,75,Spanish_Grand_Prix,31,1.0809156205701032,0.9731889699206718,rolling
LAT,2021,76,Styrian_Grand_Prix,32,1.077931640233693,0.9711904893478998,rolling
LAT,2021,77,São_Paulo_Grand_Prix,33,1.065378030984893,0.9552499681745763,rolling
LAT,2021,78,Turkish_Grand_Prix,34,1.0672570820212581,0.9580440412149862,rolling
LAT,2021,79,United_States_Grand_Prix,35,1.071792847898749,0.9560275205790361,rolling
LAT,2022,80,Abu_Dhabi_Grand_Prix,36,1.0745354587152236,0.9586711893004738,rolling
LAT,2022,81,Australian_Grand_Prix,37,1.071081000507627,0.9587271685048033,rolling
LAT,2022,82,Austrian_Grand_Prix,38,1.0773439155790974,0.9689185031226379,rolling
LAT,2022,83,Azerbaijan_Grand_Prix,39,1.0703195779101224,0.9710627236562004,rolling
LAT,2022,84,Bahrain_Grand_Prix,40,1.0615617667517117,0.9745956604036714,rolling
LAT,2022,85,Belgian_Grand_Prix,41,1.057332267823703,0.9756560808202308,rolling
LAT,2022,87,Canadian_Grand_Prix,42,1.061232675117809,0.9682792808179156,rolling
LAT,2022,88,Dutch_Grand_Prix,43,1.0555696751497095,0.9679406834522007,rolling
LAT,2022,89,Emilia_Romagna_Grand_Prix,44,1.0479132788691412,0.9656901961722038,rolling
LAT,2022,90,French_Grand_Prix,45,1.0430227703918464,0.9639239492411283,rolling
LAT,2022,91,Hungarian_Grand_Prix,46,1.0387043728587697,0.9653619646630672,rolling
LAT,2022,92,Italian_Grand_Prix,47,1.035905416889442,0.9675801387852477,rolling
LAT,2022,94,Mexico_City_Grand_Prix,48,1.0288108724838398,0.9647090414974956,rolling
LAT,2022,95,Miami_Grand_Prix,49,1.0241690630960498,0.9668356783605686,rolling
LAT,2022,96,Monaco_Grand_Prix,50,1.0166903068969935,0.9666453941464135,rolling
LAT,2022,97,Saudi_Arabian_Grand_Prix,51,0.971232096770502,0.9906307157391296,rolling
LAT,2022,98,Singapore_Grand_Prix,52,0.9683956427660115,1.000162919578213,rolling
LAT,2022,99,Spanish_Grand_Prix,53,0.9616449551433814,1.005885481913232,rolling
LAT,2022,100,São_Paulo_Grand_Prix,54,0.9649503557146747,1.0054628642709222,rolling
LAT,2022,101,United_States_Grand_Prix,55,0.9682529537883836,1.004353151077557,rolling
LAW,2023,110,Dutch_Grand_Prix,0,1.05,0.95,fallback
LAW,2023,113,Japanese_Grand_Prix,1,1.05,0.95,fallback
LAW,2023,118,Qatar_Grand_Prix,2,1.05,0.95,fallback
LAW,2024,124,Abu_Dhabi_Grand_Prix,3,1.05,0.95,fallback
LAW,2024,138,Las_Vegas_Grand_Prix,4,1.05,0.95,fallback
LAW,2024,142,Qatar_Grand_Prix,5,1.05,0.95,fallback
LAW,2024,146,São_Paulo_Grand_Prix,6,1.05,0.95,fallback
LAW,2024,147,United_States_Grand_Prix,7,1.05,0.95,fallback
LAW,2025,148,Abu_Dhabi_Grand_Prix,8,1.05,0.95,fallback
LAW,2025,149,Australian_Grand_Prix,9,1.05,0.95,fallback
LAW,2025,150,Austrian_Grand_Prix,10,1.05,0.95,fallback
LAW,2025,151,Azerbaijan_Grand_Prix,11,1.05,0.95,fallback
LAW,2025,152,Bahrain_Grand_Prix,12,1.05,0.95,fallback
LAW,2025,153,Belgian_Grand_Prix,13,1.05,0.95,fallback
LAW,2025,155,Canadian_Grand_Prix,14,1.05,0.95,fallback
LAW,2025,156,Chinese_Grand_Prix,15,1.05,0.95,fallback
LAW,2025,157,Dutch_Grand_Prix,16,1.05,0.95,fallback
LAW,2025,158,Emilia_Romagna_Grand_Prix,17,1.05,0.95,fallback
LAW,2025,159,Hungarian_Grand_Prix,18,1.05,0.95,fallback
LAW,2025,160,Italian_Grand_Prix,19,1.05,0.95,fallback
LAW,2025,161,Japanese_Grand_Prix,20,0.9147073611326484,0.9898621738762499,rolling
LAW,2025,162,Las_Vegas_Grand_Prix,21,0.9224830003384284,0.9916329633822936,rolling
LAW,2025,163,Mexico_City_Grand_Prix,22,0.9137970214589235,0.9962049047147921,rolling
LAW,2025,164,Miami_Grand_Prix,23,0.9295680781856115,0.9962049047147921,rolling
LAW,2025,165,Monaco_Grand_Prix,24,0.85,1.0059880673777697,rolling
LAW,2025,166,Qatar_Grand_Prix,25,0.85,0.9854029590327781,rolling
LAW,2025,167,Saudi_Arabian_Grand_Prix,26,0.85,0.9839539571115428,rolling
LAW,2025,168,Singapore_Grand_Prix,27,0.85,0.9826455660028062,rolling
LAW,2025,169,Spanish_Grand_Prix,28,0.85,0.98347567869975,rolling
LAW,2025,170,São_Paulo_Grand_Prix,29,0.85,0.9867137918043872,rolling
LAW,2025,171,United_States_Grand_Prix,30,0.85,0.9893757006260877,rolling
LAW,2026,172,Australian_Grand_Prix,31,0.85,0.9959171247887816,rolling
LAW,2026,174,Chinese_Grand_Prix,32,0.85,0.9887329646989033,rolling
LAW,2026,175,Japanese_Grand_Prix,33,0.85,1.0109193469104434,rolling
LAW,2026,176,Miami_Grand_Prix,34,0.85,1.0115786277302947,rolling
LAW,2026,177,Monaco_Grand_Prix,35,0.85,1.0076576638981491,rolling
LEC,2018,0,Abu_Dhabi_Grand_Prix,0,0.9,0.85,fallback
LEC,2018,1,Australian_Grand_Prix,1,0.9,0.85,fallback
LEC,2018,2,Austrian_Grand_Prix,2,0.9,0.85,fallback
LEC,2018,3,Azerbaijan_Grand_Prix,3,0.9,0.85,fallback
LEC,2018,4,Bahrain_Grand_Prix,4,0.9,0.85,fallback
LEC,2018,6,Brazilian_Grand_Prix,5,0.9,0.85,fallback
LEC,2018,7,British_Grand_Prix,6,0.9,0.85,fallback
LEC,2018,8,Canadian_Grand_Prix,7,0.9,0.85,fallback
LEC,2018,9,Chinese_Grand_Prix,8,0.9,0.85,fallback
LEC,2018,10,French_Grand_Prix,9,0.9,0.85,fallback
LEC,2018,11,German_Grand_Prix,10,1.05,0.95,fallback
LEC,2018,13,Japanese_Grand_Prix,11,1.05,0.95,fallback
LEC,2018,14,Mexican_Grand_Prix,12,1.05,0.95,fallback
LEC,2018,15,Monaco_Grand_Prix,13,1.05,0.95,fallback
LEC,2018,16,Russian_Grand_Prix,14,1.05,0.95,fallback
LEC,2018,17,Singapore_Grand_Prix,15,1.05,0.95,fallback
LEC,2018,18,Spanish_Grand_Prix,16,1.05,0.95,fallback
LEC,2018,19,United_States_Grand_Prix,17,1.05,0.95,fallback
LEC,2019,20,Abu_Dhabi_Grand_Prix,18,1.0,0.9,fallback
LEC,2019,21,Australian_Grand_Prix,19,1.0,0.9,fallback
LEC,2019,22,Austrian_Grand_Prix,20,1.002904794206252,0.9338077598851672,rolling
LEC,2019,23,Azerbaijan_Grand_Prix,21,1.0035035565135124,0.9485111478892866,rolling
LEC,2019,24,Bahrain_Grand_Prix,22,0.9698215230141827,0.9526109549775059,rolling
LEC,2019,25,Belgian_Grand_Prix,23,0.9393965868740777,0.9287455305116528,rolling
LEC,2019,26,Brazilian_Grand_Prix,24,0.9473638506107498,0.9358768453358375,rolling
LEC,2019,27,British_Grand_Prix,25,0.9462767897864794,0.9357701852521625,rolling
LEC,2019,28,Canadian_Grand_Prix,26,0.9559590886215981,0.9523716198749606,rolling
LEC,2019,29,Chinese_Grand_Prix,27,0.9531992198896442,0.9503168078776516,rolling
LEC,2019,30,French_Grand_Prix,28,0.9577394348174548,0.9474568523333221,rolling
LEC,2019,31,German_Grand_Prix,29,0.9631740804236805,0.9557600268555285,rolling
LEC,2019,32,Hungarian_Grand_Prix,30,0.9255846076695221,1.0646121565716358,rolling
LEC,2019,33,Italian_Grand_Prix,31,0.9232096861767236,1.0729747976530675,rolling
LEC,2019,34,Japanese_Grand_Prix,32,0.9248322146532605,1.0769217590544935,rolling
LEC,2019,35,Mexican_Grand_Prix,33,0.9093692723015444,1.069614497787427,rolling
LEC,2019,36,Monaco_Grand_Prix,34,0.9122295508923781,1.0690449993761075,rolling
LEC,2019,37,Russian_Grand_Prix,35,0.9043194248494216,0.9393135533178208,rolling
LEC,2019,38,Singapore_Grand_Prix,36,0.9015173508934108,0.9319916582815526,rolling
LEC,2019,39,Spanish_Grand_Prix,37,0.8977883671642553,0.934421016353039,rolling
LEC,2019,40,United_States_Grand_Prix,38,0.9011067422966482,0.9399530762003683,rolling
LEC,2020,41,70th_Anniversary_Grand_Prix,39,0.8962806371150027,0.9305470211842112,rolling
LEC,2020,42,Abu_Dhabi_Grand_Prix,40,0.9029324483524892,0.9357942660822007,rolling
LEC,2020,43,Austrian_Grand_Prix,41,0.9134038860574636,0.9369013842524712,rolling
LEC,2020,44,Bahrain_Grand_Prix,42,0.9179684821728025,0.9050740928989985,rolling
LEC,2020,45,Belgian_Grand_Prix,43,0.9300755954303573,0.9112401346040498,rolling
LEC,2020,46,British_Grand_Prix,44,0.9227056440890369,0.9082728869742043,rolling
LEC,2020,47,Eifel_Grand_Prix,45,0.9239163004947033,0.9152666452063039,rolling
LEC,2020,48,Emilia_Romagna_Grand_Prix,46,0.9293077577122131,0.9175335182079516,rolling
LEC,2020,49,Hungarian_Grand_Prix,47,0.9386715070305703,0.9232168910311461,rolling
LEC,2020,50,Italian_Grand_Prix,48,0.9422661221217726,0.9264278625300049,rolling
LEC,2020,51,Portuguese_Grand_Prix,49,0.9554547038538991,0.9295566680233165,rolling
LEC,2020,52,Russian_Grand_Prix,50,0.9610847351514278,0.9364445906476209,rolling
LEC,2020,54,Spanish_Grand_Prix,51,0.9633853916085415,0.9409332864457287,rolling
LEC,2020,56,Turkish_Grand_Prix,52,0.9601562090272097,0.9372158560080709,rolling
LEC,2020,57,Tuscan_Grand_Prix,53,0.9567207476645446,0.9276626412176295,rolling
LEC,2021,58,Abu_Dhabi_Grand_Prix,54,0.9588036037206561,0.933854088785126,rolling
LEC,2021,59,Austrian_Grand_Prix,55,0.9649860172583098,0.9374421717446905,rolling
LEC,2021,60,Azerbaijan_Grand_Prix,56,0.9670298317312257,0.9409743821617583,rolling
LEC,2021,61,Bahrain_Grand_Prix,57,0.9641913954590402,0.9427885595541377,rolling
LEC,2021,63,British_Grand_Prix,58,0.9643264498993358,0.9462240074408145,rolling
LEC,2021,64,Dutch_Grand_Prix,59,0.9676721956901964,0.9489416361347922,rolling
LEC,2021,65,Emilia_Romagna_Grand_Prix,60,0.9681628138939403,0.9493554029201309,rolling
LEC,2021,66,French_Grand_Prix,61,0.9732504094128025,0.9631195535994439,rolling
LEC,2021,68,Italian_Grand_Prix,62,0.9714485411728736,0.960737028669064,rolling
LEC,2021,69,Mexico_City_Grand_Prix,63,0.9712851012658463,0.9640063860412413,rolling
LEC,2021,71,Portuguese_Grand_Prix,64,0.9736111637410407,0.9707313098300429,rolling
LEC,2021,72,Qatar_Grand_Prix,65,0.9731808977428883,0.9697675351308015,rolling
LEC,2021,73,Russian_Grand_Prix,66,0.9731229028593105,0.9689416140474777,rolling
LEC,2021,74,Saudi_Arabian_Grand_Prix,67,0.9608956766752149,0.9516209402954301,rolling
LEC,2021,75,Spanish_Grand_Prix,68,0.9651043891716762,0.9562467065084346,rolling
LEC,2021,76,Styrian_Grand_Prix,69,0.9687228393704205,0.9596230385172133,rolling
LEC,2021,77,São_Paulo_Grand_Prix,70,0.9753383559643923,0.9636865107023865,rolling
LEC,2021,78,Turkish_Grand_Prix,71,0.9766128789005311,0.9651576341073069,rolling
LEC,2021,79,United_States_Grand_Prix,72,0.9846051435762015,0.9692351747131318,rolling
LEC,2022,80,Abu_Dhabi_Grand_Prix,73,0.9835994627032788,0.9703254201806853,rolling
LEC,2022,82,Austrian_Grand_Prix,74,0.984757129306999,0.9725731440628019,rolling
LEC,2022,83,Azerbaijan_Grand_Prix,75,0.9820229642596531,0.9702144809082672,rolling
LEC,2022,84,Bahrain_Grand_Prix,76,0.9776543406272,0.9696182952735153,rolling
LEC,2022,85,Belgian_Grand_Prix,77,0.9779169489238362,0.9702767774006218,rolling
LEC,2022,86,British_Grand_Prix,78,0.9750156449353615,0.9682866557779756,rolling
LEC,2022,87,Canadian_Grand_Prix,79,0.9745254523838218,0.9704094103825996,rolling
LEC,2022,88,Dutch_Grand_Prix,80,0.9670285174053752,0.9679823985376553,rolling
LEC,2022,90,French_Grand_Prix,81,0.9682481923754837,0.9682615545385087,rolling
LEC,2022,91,Hungarian_Grand_Prix,82,0.967330424920404,0.9763097148506962,rolling
LEC,2022,92,Italian_Grand_Prix,83,0.9648718551323191,0.9749857629825383,rolling
LEC,2022,94,Mexico_City_Grand_Prix,84,0.9669566305031491,0.9798742057020212,rolling
LEC,2022,95,Miami_Grand_Prix,85,0.9676746783564132,0.9802176723998629,rolling
LEC,2022,96,Monaco_Grand_Prix,86,0.9670452728347639,0.9798493248151563,rolling
LEC,2022,97,Saudi_Arabian_Grand_Prix,87,0.9638306423870849,0.9812932431283244,rolling
LEC,2022,98,Singapore_Grand_Prix,88,0.9647563037549249,0.9829349012133264,rolling
LEC,2022,99,Spanish_Grand_Prix,89,0.9666423635774368,0.985074356136296,rolling
LEC,2022,100,São_Paulo_Grand_Prix,90,0.9675796596831552,0.9971118421255818,rolling
LEC,2023,102,Abu_Dhabi_Grand_Prix,91,0.9664941557189034,0.9979529598603429,rolling
LEC,2023,104,Austrian_Grand_Prix,92,0.9660469665179059,0.9976551033254148,rolling
LEC,2023,105,Azerbaijan_Grand_Prix,93,0.9665000065250365,0.9970473832004101,rolling
LEC,2023,106,Bahrain_Grand_Prix,94,0.9660566884390305,0.9963845955683783,rolling
LEC,2023,107,Belgian_Grand_Prix,95,0.9651113317449097,0.9979935562412616,rolling
LEC,2023,108,British_Grand_Prix,96,0.9752532367278264,0.9994700861566171,rolling
LEC,2023,109,Canadian_Grand_Prix,97,0.9763079057232507,1.000437034204226,rolling
LEC,2023,110,Dutch_Grand_Prix,98,0.9765889281236967,1.0002030625005505,rolling
LEC,2023,111,Hungarian_Grand_Prix,99,0.9730102297520619,0.9999011996088751,rolling
LEC,2023,112,Italian_Grand_Prix,100,0.9734382401363433,1.00054939632125,rolling
LEC,2023,113,Japanese_Grand_Prix,101,0.9729482422401035,1.0008890774879684,rolling
LEC,2023,114,Las_Vegas_Grand_Prix,102,0.9732130511925338,1.0017590535477634,rolling
LEC,2023,115,Mexico_City_Grand_Prix,103,0.9766589146788555,1.0039910276762607,rolling
LEC,2023,116,Miami_Grand_Prix,104,0.9766364132238327,1.0049954958005807,rolling
LEC,2023,117,Monaco_Grand_Prix,105,0.975959259612882,1.0045529054598057,rolling
LEC,2023,119,Saudi_Arabian_Grand_Prix,106,0.9743499041899908,1.0047084119465712,rolling
LEC,2023,120,Singapore_Grand_Prix,107,0.9726541427428911,1.0049440316944491,rolling
LEC,2023,121,Spanish_Grand_Prix,108,0.9748324425169222,1.0047881693457037,rolling
LEC,2023,123,United_States_Grand_Prix,109,0.9742131868239993,1.0038063551953098,rolling
LEC,2024,124,Abu_Dhabi_Grand_Prix,110,0.9752722912488557,1.005126643784425,rolling
LEC,2024,125,Australian_Grand_Prix,111,0.973664106682754,1.0043697738430952,rolling
LEC,2024,126,Austrian_Grand_Prix,112,0.9732976614059416,1.0037952190197807,rolling
LEC,2024,127,Azerbaijan_Grand_Prix,113,0.9729203538115468,1.004787709611949,rolling
LEC,2024,128,Bahrain_Grand_Prix,114,0.9728790943609533,1.0057616062782238,rolling
LEC,2024,129,Belgian_Grand_Prix,115,0.9724113491984018,1.0056608183991818,rolling
LEC,2024,130,British_Grand_Prix,116,0.9748555579756364,1.0066467771311094,rolling
LEC,2024,131,Canadian_Grand_Prix,117,0.9735307313140972,1.0003967619741423,rolling
LEC,2024,132,Chinese_Grand_Prix,118,0.9697233336778881,1.0033010912251,rolling
LEC,2024,133,Dutch_Grand_Prix,119,0.9703017424079738,1.0035824598864183,rolling
LEC,2024,134,Emilia_Romagna_Grand_Prix,120,0.9710944837170578,1.004967102289206,rolling
LEC,2024,135,Hungarian_Grand_Prix,121,0.9709817675552728,1.0050418863401407,rolling
LEC,2024,136,Italian_Grand_Prix,122,0.9715613979638353,1.0061746941225902,rolling
LEC,2024,137,Japanese_Grand_Prix,123,0.9717696824913868,1.007103371000968,rolling
LEC,2024,138,Las_Vegas_Grand_Prix,124,0.9715630305271816,1.0080799637209215,rolling
LEC,2024,139,Mexico_City_Grand_Prix,125,0.97069727524869,1.0082911032896553,rolling
LEC,2024,140,Miami_Grand_Prix,126,0.9705844502501279,1.0078641146582232,rolling
LEC,2024,141,Monaco_Grand_Prix,127,0.970179820190548,1.0081656779232884,rolling
LEC,2024,142,Qatar_Grand_Prix,128,0.9712407952357738,1.008591775653784,rolling
LEC,2024,143,Saudi_Arabian_Grand_Prix,129,0.9716821803234558,1.008333593361656,rolling
LEC,2024,144,Singapore_Grand_Prix,130,0.9736575639647961,1.0107301335911432,rolling
LEC,2024,145,Spanish_Grand_Prix,131,0.9740281579277267,1.0080316666533573,rolling
LEC,2024,146,São_Paulo_Grand_Prix,132,0.9747480264698399,1.0066583599961632,rolling
LEC,2024,147,United_States_Grand_Prix,133,0.9847103397492947,1.01056997335669,rolling
LEC,2025,148,Abu_Dhabi_Grand_Prix,134,0.9846528494589993,1.011405880519695,rolling
LEC,2025,149,Australian_Grand_Prix,135,0.9851259263688588,1.0101919685805827,rolling
LEC,2025,150,Austrian_Grand_Prix,136,0.9853964155170589,1.0104467301665552,rolling
LEC,2025,151,Azerbaijan_Grand_Prix,137,0.9852440740950587,1.0108368963092542,rolling
LEC,2025,152,Bahrain_Grand_Prix,138,0.9848768507530137,1.0118530477322352,rolling
LEC,2025,153,Belgian_Grand_Prix,139,0.9858281284377859,1.01225716351928,rolling
LEC,2025,154,British_Grand_Prix,140,0.9869566073117269,1.0115792709917772,rolling
LEC,2025,155,Canadian_Grand_Prix,141,0.9785176556042037,1.011075258349973,rolling
LEC,2025,156,Chinese_Grand_Prix,142,0.9787347607214364,1.010393319671655,rolling
LEC,2025,157,Dutch_Grand_Prix,143,0.9780769152884459,1.0124582594232838,rolling
LEC,2025,158,Emilia_Romagna_Grand_Prix,144,0.9781930911561221,1.0109044956250222,rolling
LEC,2025,159,Hungarian_Grand_Prix,145,0.9786611720941885,1.0127400757261549,rolling
LEC,2025,160,Italian_Grand_Prix,146,0.9806181753424078,1.0163603754594266,rolling
LEC,2025,161,Japanese_Grand_Prix,147,0.9803022078052036,1.016626444920471,rolling
LEC,2025,162,Las_Vegas_Grand_Prix,148,0.9801736632673643,1.0171754953044754,rolling
LEC,2025,163,Mexico_City_Grand_Prix,149,0.9824340771899355,1.0178357997856227,rolling
LEC,2025,164,Miami_Grand_Prix,150,0.9827774652228143,1.0192063083341139,rolling
LEC,2025,165,Monaco_Grand_Prix,151,0.9842552730553801,1.0194060782854446,rolling
LEC,2025,166,Qatar_Grand_Prix,152,0.9851557176760948,1.020069386937225,rolling
LEC,2025,167,Saudi_Arabian_Grand_Prix,153,0.9852509551582833,1.0194328114066886,rolling
LEC,2025,168,Singapore_Grand_Prix,154,0.9858606165545819,1.0195937381961475,rolling
LEC,2025,169,Spanish_Grand_Prix,155,0.9875646059054282,1.0315900226831969,rolling
LEC,2025,171,United_States_Grand_Prix,156,0.9873415036722742,1.0318757780111876,rolling
LEC,2026,172,Australian_Grand_Prix,157,0.9869825922241898,1.0318307262071986,rolling
LEC,2026,173,Canadian_Grand_Prix,158,0.9865700457570152,1.0316998792010281,rolling
LEC,2026,174,Chinese_Grand_Prix,159,0.987286599152876,1.0325751736536897,rolling
LEC,2026,175,Japanese_Grand_Prix,160,0.9875544182559861,1.0327537956713064,rolling
LEC,2026,176,Miami_Grand_Prix,161,0.9872258672890335,1.0323046410258274,rolling
LEC,2026,177,Monaco_Grand_Prix,162,0.9862507592309413,1.0321607197189477,rolling
LIN,2026,172,Australian_Grand_Prix,0,1.05,0.95,fallback
LIN,2026,174,Chinese_Grand_Prix,1,1.05,0.95,fallback
LIN,2026,175,Japanese_Grand_Prix,2,1.05,0.95,fallback
LIN,2026,176,Miami_Grand_Prix,3,1.05,0.95,fallback
LIN,2026,177,Monaco_Grand_Prix,4,1.05,0.95,fallback
MAG,2018,0,Abu_Dhabi_Grand_Prix,0,1.05,0.95,fallback
MAG,2018,1,Australian_Grand_Prix,1,1.05,0.95,fallback
MAG,2018,2,Austrian_Grand_Prix,2,1.05,0.95,fallback
MAG,2018,3,Azerbaijan_Grand_Prix,3,1.05,0.95,fallback
MAG,2018,4,Bahrain_Grand_Prix,4,1.05,0.95,fallback
MAG,2018,5,Belgian_Grand_Prix,5,1.05,0.95,fallback
MAG,2018,6,Brazilian_Grand_Prix,6,1.05,0.95,fallback
MAG,2018,7,British_Grand_Prix,7,1.05,0.95,fallback
MAG,2018,8,Canadian_Grand_Prix,8,1.05,0.95,fallback
MAG,2018,9,Chinese_Grand_Prix,9,1.05,0.95,fallback
MAG,2018,10,French_Grand_Prix,10,1.0,0.9,fallback
MAG,2018,11,German_Grand_Prix,11,1.0,0.9,fallback
MAG,2018,12,Hungarian_Grand_Prix,12,1.0,0.9,fallback
MAG,2018,14,Mexican_Grand_Prix,13,1.0,0.9,fallback
MAG,2018,15,Monaco_Grand_Prix,14,1.0,0.9,fallback
MAG,2018,16,Russian_Grand_Prix,15,1.0,0.9,fallback
MAG,2018,17,Singapore_Grand_Prix,16,1.0,0.9,fallback
MAG,2019,20,Abu_Dhabi_Grand_Prix,17,1.05,0.95,fallback
MAG,2019,21,Australian_Grand_Prix,18,1.05,0.95,fallback
MAG,2019,22,Austrian_Grand_Prix,19,1.05,0.95,fallback
MAG,2019,23,Azerbaijan_Grand_Prix,20,0.997799879109259,1.016877107187709,rolling
MAG,2019,24,Bahrain_Grand_Prix,21,1.0189171080100947,1.0267550437398267,rolling
MAG,2019,25,Belgian_Grand_Prix,22,1.0234952137575313,1.0057196249310676,rolling
MAG,2019,26,Brazilian_Grand_Prix,23,1.029717291229126,0.9928243538962027,rolling
MAG,2019,27,British_Grand_Prix,24,1.0231627711301743,0.9672749799726805,rolling
MAG,2019,28,Canadian_Grand_Prix,25,0.85,0.85,rolling
MAG,2019,29,Chinese_Grand_Prix,26,0.85,0.85,rolling
MAG,2019,30,French_Grand_Prix,27,0.85,0.85,rolling
MAG,2019,31,German_Grand_Prix,28,0.85,0.85,rolling
MAG,2019,32,Hungarian_Grand_Prix,29,0.85,0.85,rolling
MAG,2019,33,Italian_Grand_Prix,30,0.85,0.85,rolling
MAG,2019,34,Japanese_Grand_Prix,31,0.85,0.85,rolling
MAG,2019,35,Mexican_Grand_Prix,32,0.85,0.85,rolling
MAG,2019,36,Monaco_Grand_Prix,33,0.85,0.8527361908081232,rolling
MAG,2019,38,Singapore_Grand_Prix,34,0.85,0.85,rolling
MAG,2019,39,Spanish_Grand_Prix,35,0.85,0.85,rolling
MAG,2019,40,United_States_Grand_Prix,36,0.85,0.8515548736015403,rolling
MAG,2020,41,70th_Anniversary_Grand_Prix,37,0.85,0.8574457071512638,rolling
MAG,2020,42,Abu_Dhabi_Grand_Prix,38,0.85,0.8564291486571028,rolling
MAG,2020,43,Austrian_Grand_Prix,39,0.85,0.8544338020707651,rolling
MAG,2020,45,Belgian_Grand_Prix,40,0.85,0.9819156655785359,rolling
MAG,2020,47,Eifel_Grand_Prix,41,0.85,0.9773355116157942,rolling
MAG,2020,48,Emilia_Romagna_Grand_Prix,42,0.85,0.9770923314405204,rolling
MAG,2020,49,Hungarian_Grand_Prix,43,0.85,0.9805236170728857,rolling
MAG,2020,50,Italian_Grand_Prix,44,0.85,0.9838873071447597,rolling
MAG,2020,51,Portuguese_Grand_Prix,45,0.85,1.0438447967368094,rolling
MAG,2020,52,Russian_Grand_Prix,46,0.85,1.0406910892994305,rolling
MAG,2020,53,Sakhir_Grand_Prix,47,0.85,1.0430890692661727,rolling
MAG,2020,54,Spanish_Grand_Prix,48,0.85,1.0475221590129962,rolling
MAG,2020,55,Styrian_Grand_Prix,49,0.8503394961129632,1.0518051355733464,rolling
MAG,2020,56,Turkish_Grand_Prix,50,0.852015268391397,1.0505658120483363,rolling
MAG,2022,80,Abu_Dhabi_Grand_Prix,51,0.8816424982773492,1.0600825503673053,rolling
MAG,2022,81,Australian_Grand_Prix,52,0.8893779984550179,1.0631223447331068,rolling
MAG,2022,82,Austrian_Grand_Prix,53,0.8936411077282551,1.0644857320926397,rolling
MAG,2022,83,Azerbaijan_Grand_Prix,54,0.895902003390179,1.0650221546553031,rolling
MAG,2022,84,Bahrain_Grand_Prix,55,0.9013158034899714,1.0704795458266616,rolling
MAG,2022,85,Belgian_Grand_Prix,56,0.9044677901000016,1.0713134054295468,rolling
MAG,2022,86,British_Grand_Prix,57,0.9105752981771689,1.075105602982781,rolling
MAG,2022,87,Canadian_Grand_Prix,58,0.9220034420831869,1.0675985701564323,rolling
MAG,2022,88,Dutch_Grand_Prix,59,0.9284064124413914,1.0643511419775227,rolling
MAG,2022,89,Emilia_Romagna_Grand_Prix,60,0.9285372869777102,1.0577602632757,rolling
MAG,2022,90,French_Grand_Prix,61,0.9352513889337402,1.0665373662456301,rolling
MAG,2022,91,Hungarian_Grand_Prix,62,0.9408398790500031,1.0753167193073963,rolling
MAG,2022,92,Italian_Grand_Prix,63,0.9431525794424074,1.075379802677619,rolling
MAG,2022,93,Japanese_Grand_Prix,64,0.9484073095815557,1.0772320824845727,rolling
MAG,2022,94,Mexico_City_Grand_Prix,65,0.9575351615128385,1.0836548472097938,rolling
MAG,2022,95,Miami_Grand_Prix,66,0.955007591474905,1.0823001112206734,rolling
MAG,2022,96,Monaco_Grand_Prix,67,0.9510393183557103,1.0810646380529951,rolling
MAG,2022,98,Singapore_Grand_Prix,68,0.9233193694513757,1.0938402772889675,rolling
MAG,2022,99,Spanish_Grand_Prix,69,0.9533570128014378,1.0950006694490075,rolling
MAG,2022,101,United_States_Grand_Prix,70,0.9513937666908637,1.091421167553256,rolling
MAG,2023,102,Abu_Dhabi_Grand_Prix,71,0.953173434732753,1.0906931374637736,rolling
MAG,2023,103,Australian_Grand_Prix,72,0.9529623036218184,1.0910800965519603,rolling
MAG,2023,104,Austrian_Grand_Prix,73,0.95532871668215,1.088541883287061,rolling
MAG,2023,105,Azerbaijan_Grand_Prix,74,0.9537718862573924,1.0828445938582625,rolling
MAG,2023,106,Bahrain_Grand_Prix,75,0.9546873203684131,1.081660792419007,rolling
MAG,2023,107,Belgian_Grand_Prix,76,0.9526243215132145,1.0799893014317807,rolling
MAG,2023,108,British_Grand_Prix,77,0.9559079003105662,1.0810880720757519,rolling
MAG,2023,109,Canadian_Grand_Prix,78,0.9512308794459764,1.0828327399492703,rolling
MAG,2023,110,Dutch_Grand_Prix,79,0.9489414725504225,1.07959337980016,rolling
MAG,2023,111,Hungarian_Grand_Prix,80,0.9918963041635804,1.1168350401510896,rolling
MAG,2023,112,Italian_Grand_Prix,81,0.9897788354327183,1.113010078313521,rolling
MAG,2023,113,Japanese_Grand_Prix,82,0.987388406473453,1.1110225208801814,rolling
MAG,2023,114,Las_Vegas_Grand_Prix,83,0.9881083603811569,1.1100293453944654,rolling
MAG,2023,115,Mexico_City_Grand_Prix,84,0.9894660927997088,1.1099921074334047,rolling
MAG,2023,116,Miami_Grand_Prix,85,0.9858534802454963,1.1091241167204442,rolling
MAG,2023,117,Monaco_Grand_Prix,86,0.9879751654569292,1.109477362007882,rolling
MAG,2023,118,Qatar_Grand_Prix,87,0.9705703185161139,1.085383787908637,rolling
MAG,2023,119,Saudi_Arabian_Grand_Prix,88,0.967301109493277,1.0815532670630987,rolling
MAG,2023,120,Singapore_Grand_Prix,89,0.9661305566713481,1.0805482525162653,rolling
MAG,2023,121,Spanish_Grand_Prix,90,0.9649149405569104,1.0758875987488772,rolling
MAG,2023,123,United_States_Grand_Prix,91,0.9631358399840841,1.0753176123237664,rolling
MAG,2024,124,Abu_Dhabi_Grand_Prix,92,0.9620405145227633,1.0748171958397303,rolling
MAG,2024,125,Australian_Grand_Prix,93,0.9570293439510369,1.0716359163362816,rolling
MAG,2024,126,Austrian_Grand_Prix,94,0.9566307339275939,1.0713136306723303,rolling
MAG,2024,128,Bahrain_Grand_Prix,95,0.9581978269730383,1.0713206686465617,rolling
MAG,2024,129,Belgian_Grand_Prix,96,0.9567289544976014,1.0708386948130657,rolling
MAG,2024,130,British_Grand_Prix,97,0.9548746772744876,1.0681829671111787,rolling
MAG,2024,131,Canadian_Grand_Prix,98,0.9564764364267214,1.0676396371592325,rolling
MAG,2024,132,Chinese_Grand_Prix,99,0.9527244721334177,1.0711976399142578,rolling
MAG,2024,133,Dutch_Grand_Prix,100,0.9528145392655628,1.0688358693423219,rolling
MAG,2024,134,Emilia_Romagna_Grand_Prix,101,0.9495002431583951,1.064769504392932,rolling
MAG,2024,135,Hungarian_Grand_Prix,102,0.9487544578218099,1.0624346920961738,rolling
MAG,2024,136,Italian_Grand_Prix,103,0.9504443412685732,1.0636518342380368,rolling
MAG,2024,137,Japanese_Grand_Prix,104,0.9487672775016501,1.0646051432380481,rolling
MAG,2024,138,Las_Vegas_Grand_Prix,105,0.9345430582348953,1.046401711987146,rolling
MAG,2024,139,Mexico_City_Grand_Prix,106,0.9302105652041268,1.0445254932026056,rolling
MAG,2024,140,Miami_Grand_Prix,107,0.9314436553304283,1.0434151804174214,rolling
MAG,2024,142,Qatar_Grand_Prix,108,0.9316800446737521,1.0418751496733294,rolling
MAG,2024,143,Saudi_Arabian_Grand_Prix,109,0.9351440986561496,1.0408151234961758,rolling
MAG,2024,144,Singapore_Grand_Prix,110,0.9317815793347713,1.0404658229636519,rolling
MAG,2024,145,Spanish_Grand_Prix,111,0.9288273318967086,1.0382490147105035,rolling
MAG,2024,147,United_States_Grand_Prix,112,0.9300909143317925,1.0391947406929605,rolling
MAZ,2021,59,Austrian_Grand_Prix,0,0.9,0.85,fallback
MAZ,2021,60,Azerbaijan_Grand_Prix,1,0.9,0.85,fallback
MAZ,2021,63,British_Grand_Prix,2,0.9,0.85,fallback
MAZ,2021,64,Dutch_Grand_Prix,3,0.9,0.85,fallback
MAZ,2021,65,Emilia_Romagna_Grand_Prix,4,0.9,0.85,fallback
MAZ,2021,66,French_Grand_Prix,5,0.9,0.85,fallback
MAZ,2021,68,Italian_Grand_Prix,6,0.9,0.85,fallback
MAZ,2021,70,Monaco_Grand_Prix,7,0.9,0.85,fallback
MAZ,2021,71,Portuguese_Grand_Prix,8,0.9,0.85,fallback
MAZ,2021,72,Qatar_Grand_Prix,9,0.9,0.85,fallback
MAZ,2021,73,Russian_Grand_Prix,10,1.05,0.95,fallback
MAZ,2021,74,Saudi_Arabian_Grand_Prix,11,1.05,0.95,fallback
MAZ,2021,75,Spanish_Grand_Prix,12,1.05,0.95,fallback
MAZ,2021,76,Styrian_Grand_Prix,13,1.05,0.95,fallback
MAZ,2021,77,São_Paulo_Grand_Prix,14,1.05,0.95,fallback
MAZ,2021,78,Turkish_Grand_Prix,15,1.05,0.95,fallback
MAZ,2021,79,United_States_Grand_Prix,16,1.05,0.95,fallback
MSC,2021,59,Austrian_Grand_Prix,0,0.9,0.85,fallback
MSC,2021,60,Azerbaijan_Grand_Prix,1,0.9,0.85,fallback
MSC,2021,63,British_Grand_Prix,2,0.9,0.85,fallback
MSC,2021,64,Dutch_Grand_Prix,3,0.9,0.85,fallback
MSC,2021,65,Emilia_Romagna_Grand_Prix,4,0.9,0.85,fallback
MSC,2021,66,French_Grand_Prix,5,0.9,0.85,fallback
MSC,2021,68,Italian_Grand_Prix,6,0.9,0.85,fallback
MSC,2021,70,Monaco_Grand_Prix,7,0.9,0.85,fallback
MSC,2021,71,Portuguese_Grand_Prix,8,0.9,0.85,fallback
MSC,2021,72,Qatar_Grand_Prix,9,0.9,0.85,fallback
MSC,2021,73,Russian_Grand_Prix,10,1.05,0.95,fallback
MSC,2021,74,Saudi_Arabian_Grand_Prix,11,1.05,0.95,fallback
MSC,2021,75,Spanish_Grand_Prix,12,1.05,0.95,fallback
MSC,2021,76,Styrian_Grand_Prix,13,1.05,0.95,fallback
MSC,2021,77,São_Paulo_Grand_Prix,14,1.05,0.95,fallback
MSC,2021,78,Turkish_Grand_Prix,15,1.05,0.95,fallback
MSC,2021,79,United_States_Grand_Prix,16,1.05,0.95,fallback
MSC,2022,80,Abu_Dhabi_Grand_Prix,17,1.05,0.95,fallback
MSC,2022,81,Australian_Grand_Prix,18,1.05,0.95,fallback
MSC,2022,82,Austrian_Grand_Prix,19,1.05,0.95,fallback
MSC,2022,83,Azerbaijan_Grand_Prix,20,0.8810067168877168,0.9559346510428803,rolling
MSC,2022,84,Bahrain_Grand_Prix,21,0.8747459166050788,0.9433502930753271,rolling
MSC,2022,85,Belgian_Grand_Prix,22,0.8743194597675492,0.9431828306271776,rolling
MSC,2022,86,British_Grand_Prix,23,0.8663314471399404,0.9356258874190562,rolling
MSC,2022,87,Canadian_Grand_Prix,24,0.85,0.9556891464328333,rolling
MSC,2022,88,Dutch_Grand_Prix,25,0.85,0.9646952403836606,rolling
MSC,2022,89,Emilia_Romagna_Grand_Prix,26,0.85,0.9809740150972166,rolling
MSC,2022,90,French_Grand_Prix,27,0.85,0.9618149129959435,rolling
MSC,2022,91,Hungarian_Grand_Prix,28,0.85,0.943392399914986,rolling
MSC,2022,92,Italian_Grand_Prix,29,0.85,0.9445702768549126,rolling
MSC,2022,93,Japanese_Grand_Prix,30,0.85,0.941848470709136,rolling
MSC,2022,94,Mexico_City_Grand_Prix,31,0.85,0.9295994882082066,rolling
MSC,2022,95,Miami_Grand_Prix,32,0.85,0.9337557395415885,rolling
MSC,2022,96,Monaco_Grand_Prix,33,0.85,0.9375000623984507,rolling
MSC,2022,98,Singapore_Grand_Prix,34,0.8946411257578123,0.9130745810545308,rolling
MSC,2022,99,Spanish_Grand_Prix,35,0.85,0.9122134349236168,rolling
MSC,2022,101,United_States_Grand_Prix,36,0.85,0.9205521246773462,rolling
NOR,2019,20,Abu_Dhabi_Grand_Prix,0,0.9,0.85,fallback
NOR,2019,21,Australian_Grand_Prix,1,0.9,0.85,fallback
NOR,2019,22,Austrian_Grand_Prix,2,0.9,0.85,fallback
NOR,2019,23,Azerbaijan_Grand_Prix,3,0.9,0.85,fallback
NOR,2019,24,Bahrain_Grand_Prix,4,0.9,0.85,fallback
NOR,2019,26,Brazilian_Grand_Prix,5,0.9,0.85,fallback
NOR,2019,27,British_Grand_Prix,6,0.9,0.85,fallback
NOR,2019,28,Canadian_Grand_Prix,7,0.9,0.85,fallback
NOR,2019,29,Chinese_Grand_Prix,8,0.9,0.85,fallback
NOR,2019,30,French_Grand_Prix,9,0.9,0.85,fallback
NOR,2019,31,German_Grand_Prix,10,1.0,0.9,fallback
NOR,2019,32,Hungarian_Grand_Prix,11,1.0,0.9,fallback
NOR,2019,33,Italian_Grand_Prix,12,1.0,0.9,fallback
NOR,2019,34,Japanese_Grand_Prix,13,1.0,0.9,fallback
NOR,2019,35,Mexican_Grand_Prix,14,1.0,0.9,fallback
NOR,2019,36,Monaco_Grand_Prix,15,1.0,0.9,fallback
NOR,2019,37,Russian_Grand_Prix,16,1.0,0.9,fallback
NOR,2019,38,Singapore_Grand_Prix,17,1.0,0.9,fallback
NOR,2019,39,Spanish_Grand_Prix,18,1.0,0.9,fallback
NOR,2019,40,United_States_Grand_Prix,19,1.0,0.9,fallback
NOR,2020,41,70th_Anniversary_Grand_Prix,20,0.966060336600985,1.1414729638703758,rolling
NOR,2020,42,Abu_Dhabi_Grand_Prix,21,0.9612228246696104,1.139350586656269,rolling
NOR,2020,43,Austrian_Grand_Prix,22,0.9641007972474396,1.1371653795404928,rolling
NOR,2020,44,Bahrain_Grand_Prix,23,0.9666179853036028,1.1123902219350308,rolling
NOR,2020,46,British_Grand_Prix,24,0.9743632162505317,1.1133214644931948,rolling
NOR,2020,47,Eifel_Grand_Prix,25,0.975569016744319,1.1066617054954468,rolling
NOR,2020,48,Emilia_Romagna_Grand_Prix,26,0.9700422669693567,1.1186969139543537,rolling
NOR,2020,49,Hungarian_Grand_Prix,27,0.9686774592542027,1.1146397156038081,rolling
NOR,2020,50,Italian_Grand_Prix,28,0.9854536284356683,1.1000212196675645,rolling
NOR,2020,51,Portuguese_Grand_Prix,29,0.9846530096162852,1.097211307522511,rolling
NOR,2020,53,Sakhir_Grand_Prix,30,0.9848258444123648,1.0911948295826077,rolling
NOR,2020,54,Spanish_Grand_Prix,31,0.9819930786484496,1.0864917139812487,rolling
NOR,2020,55,Styrian_Grand_Prix,32,0.9823842255139179,1.085433852453502,rolling
NOR,2020,56,Turkish_Grand_Prix,33,0.9830500945778738,1.0778840210082825,rolling
NOR,2021,58,Abu_Dhabi_Grand_Prix,34,0.9488068238253247,1.0613559474587695,rolling
NOR,2021,59,Austrian_Grand_Prix,35,0.9424780825233086,1.0588718962591752,rolling
NOR,2021,60,Azerbaijan_Grand_Prix,36,0.9487901207492463,1.0645410485248825,rolling
NOR,2021,61,Bahrain_Grand_Prix,37,0.9484296344032264,1.0661537932838494,rolling
NOR,2021,63,British_Grand_Prix,38,0.9474251806112316,1.064055584427053,rolling
NOR,2021,64,Dutch_Grand_Prix,39,0.9478774315433044,1.0655367778906335,rolling
NOR,2021,65,Emilia_Romagna_Grand_Prix,40,0.9469542246284196,1.0585644046808065,rolling
NOR,2021,66,French_Grand_Prix,41,0.9488298113009169,1.0544386672048311,rolling
NOR,2021,68,Italian_Grand_Prix,42,0.9470781897739206,1.0494107174204081,rolling
NOR,2021,69,Mexico_City_Grand_Prix,43,0.9468210420467386,1.0473999980731081,rolling
NOR,2021,70,Monaco_Grand_Prix,44,0.9509968775252973,1.0471252836651408,rolling
NOR,2021,71,Portuguese_Grand_Prix,45,0.9616807880488311,1.0558675772861121,rolling
NOR,2021,72,Qatar_Grand_Prix,46,0.9622807159248771,1.0578233495419425,rolling
NOR,2021,73,Russian_Grand_Prix,47,0.9727602193389838,1.053461473447977,rolling
NOR,2021,74,Saudi_Arabian_Grand_Prix,48,0.9657036914188073,1.0466813639457446,rolling
NOR,2021,75,Spanish_Grand_Prix,49,0.9545715963036472,1.0021166304072444,rolling
NOR,2021,76,Styrian_Grand_Prix,50,0.9497337073240426,1.0004529338339734,rolling
NOR,2021,77,São_Paulo_Grand_Prix,51,0.9543871301251405,1.003599343673962,rolling
NOR,2021,78,Turkish_Grand_Prix,52,0.9585652352019636,0.9993107350325938,rolling
NOR,2021,79,United_States_Grand_Prix,53,0.9585208235660125,1.002456396649935,rolling
NOR,2022,80,Abu_Dhabi_Grand_Prix,54,0.9569938569708982,1.0000912138398044,rolling
NOR,2022,81,Australian_Grand_Prix,55,0.955246025273855,0.9973659177422187,rolling
NOR,2022,82,Austrian_Grand_Prix,56,0.9535980500308416,0.9978721934721332,rolling
NOR,2022,83,Azerbaijan_Grand_Prix,57,0.9539620610249763,0.9971844744296572,rolling
NOR,2022,84,Bahrain_Grand_Prix,58,0.9493096429353315,0.9962522343719964,rolling
NOR,2022,85,Belgian_Grand_Prix,59,0.950233290569494,0.994317769370001,rolling
NOR,2022,86,British_Grand_Prix,60,0.9469597188372678,0.9935038438326886,rolling
NOR,2022,87,Canadian_Grand_Prix,61,0.9414485690360602,0.9792320386346045,rolling
NOR,2022,88,Dutch_Grand_Prix,62,0.939402430191407,0.9765581386495805,rolling
NOR,2022,89,Emilia_Romagna_Grand_Prix,63,0.9422413752300284,0.9798044324669598,rolling
NOR,2022,90,French_Grand_Prix,64,0.9518374773323381,0.9847071352532344,rolling
NOR,2022,91,Hungarian_Grand_Prix,65,0.9531470631033013,0.9863018445137912,rolling
NOR,2022,92,Italian_Grand_Prix,66,0.9548984632068916,0.9827669461697995,rolling
NOR,2022,93,Japanese_Grand_Prix,67,0.9557078389433263,0.9784285270029993,rolling
NOR,2022,94,Mexico_City_Grand_Prix,68,0.9596124647477011,0.9919269963114776,rolling
NOR,2022,95,Miami_Grand_Prix,69,0.9609190499882958,0.9957725576389416,rolling
NOR,2022,96,Monaco_Grand_Prix,70,0.961784838779106,0.9988087961591838,rolling
NOR,2022,97,Saudi_Arabian_Grand_Prix,71,0.963823160135236,1.0029424627003265,rolling
NOR,2022,98,Singapore_Grand_Prix,72,0.9639558962227925,0.999358484706744,rolling
NOR,2022,99,Spanish_Grand_Prix,73,0.9700742015639288,0.9993650433496156,rolling
NOR,2022,101,United_States_Grand_Prix,74,0.9688591102997082,0.9980165191914352,rolling
NOR,2023,102,Abu_Dhabi_Grand_Prix,75,0.9660718484014066,0.997050720985859,rolling
NOR,2023,103,Australian_Grand_Prix,76,0.965229003728046,0.998703950746352,rolling
NOR,2023,104,Austrian_Grand_Prix,77,0.9664648066170876,0.999793555367471,rolling
NOR,2023,105,Azerbaijan_Grand_Prix,78,0.9681592197152794,1.0015017805576767,rolling
NOR,2023,106,Bahrain_Grand_Prix,79,0.9678933626957182,1.002234023886355,rolling
NOR,2023,108,British_Grand_Prix,80,0.9629036783616612,0.9942182704109809,rolling
NOR,2023,109,Canadian_Grand_Prix,81,0.9638186067388729,0.9943151941896289,rolling
NOR,2023,110,Dutch_Grand_Prix,82,0.9635911778142525,0.995157031173668,rolling
NOR,2023,111,Hungarian_Grand_Prix,83,1.0122078018200316,1.0206087343493182,rolling
NOR,2023,112,Italian_Grand_Prix,84,1.0119274451707625,1.0191163453807857,rolling
NOR,2023,113,Japanese_Grand_Prix,85,1.0116113570973428,1.020405285971318,rolling
NOR,2023,115,Mexico_City_Grand_Prix,86,1.0075906329358726,1.019386955484205,rolling
NOR,2023,116,Miami_Grand_Prix,87,1.0047852585803818,1.017815935640099,rolling
NOR,2023,117,Monaco_Grand_Prix,88,1.006764389013417,1.020201521876403,rolling
NOR,2023,118,Qatar_Grand_Prix,89,1.0087077724690168,1.0226839243683852,rolling
NOR,2023,119,Saudi_Arabian_Grand_Prix,90,1.0078047611695853,1.02050657772434,rolling
NOR,2023,120,Singapore_Grand_Prix,91,1.0028695291255276,1.0210937900019863,rolling
NOR,2023,121,Spanish_Grand_Prix,92,1.0045069437385332,1.0223596626782274,rolling
NOR,2023,122,São_Paulo_Grand_Prix,93,1.0035008274916875,1.0216273747753446,rolling
NOR,2023,123,United_States_Grand_Prix,94,1.00133171535684,1.0219015668345337,rolling
NOR,2024,124,Abu_Dhabi_Grand_Prix,95,1.002126616919885,1.0192794573878285,rolling
NOR,2024,125,Australian_Grand_Prix,96,1.002756658394423,1.020934474366735,rolling
NOR,2024,126,Austrian_Grand_Prix,97,1.0033927755770626,1.0215169289613877,rolling
NOR,2024,127,Azerbaijan_Grand_Prix,98,1.002348865217685,1.021950412683765,rolling
NOR,2024,128,Bahrain_Grand_Prix,99,0.9977975280461433,1.0171277615877896,rolling
NOR,2024,129,Belgian_Grand_Prix,100,0.9968057008222109,1.0174010944597132,rolling
NOR,2024,130,British_Grand_Prix,101,0.9964606219685339,1.0171493703412036,rolling
NOR,2024,131,Canadian_Grand_Prix,102,0.9953168191201338,1.02107697116014,rolling
NOR,2024,132,Chinese_Grand_Prix,103,0.9957420165034659,1.0212492262235564,rolling
NOR,2024,133,Dutch_Grand_Prix,104,0.9965973491245057,1.0195561208874766,rolling
NOR,2024,134,Emilia_Romagna_Grand_Prix,105,0.9968688177279444,1.0204306353004104,rolling
NOR,2024,135,Hungarian_Grand_Prix,106,0.997008265581688,1.020780354393287,rolling
NOR,2024,136,Italian_Grand_Prix,107,0.9962827228620336,1.0201557380445245,rolling
NOR,2024,137,Japanese_Grand_Prix,108,0.994341909969409,1.019810727259906,rolling
NOR,2024,138,Las_Vegas_Grand_Prix,109,0.9925421616686174,1.0211147117423505,rolling
NOR,2024,139,Mexico_City_Grand_Prix,110,0.9907231818015549,1.0196307474791921,rolling
NOR,2024,140,Miami_Grand_Prix,111,0.990783657054513,1.0217177224504863,rolling
NOR,2024,141,Monaco_Grand_Prix,112,0.9898102552866814,1.0205164337582469,rolling
NOR,2024,142,Qatar_Grand_Prix,113,0.9883737198672127,1.0199609120478539,rolling
NOR,2024,143,Saudi_Arabian_Grand_Prix,114,0.9882964932120344,1.0199725242361681,rolling
NOR,2024,144,Singapore_Grand_Prix,115,0.9892783178199661,1.0197237538016217,rolling
NOR,2024,145,Spanish_Grand_Prix,116,0.9865159906798041,1.0199990447229863,rolling
NOR,2024,146,São_Paulo_Grand_Prix,117,0.9846783676680578,1.0201675431777621,rolling
NOR,2024,147,United_States_Grand_Prix,118,0.986801375105243,1.0251659048670645,rolling
NOR,2025,148,Abu_Dhabi_Grand_Prix,119,0.9871556447093797,1.0259383983189363,rolling
NOR,2025,149,Australian_Grand_Prix,120,0.9853211460335931,1.0254867837295794,rolling
NOR,2025,150,Austrian_Grand_Prix,121,0.9837023563129407,1.02638416150519,rolling
NOR,2025,152,Bahrain_Grand_Prix,122,0.9837930415553024,1.0272474343697868,rolling
NOR,2025,153,Belgian_Grand_Prix,123,0.9840434992940317,1.0278736263081591,rolling
NOR,2025,154,British_Grand_Prix,124,0.9841093120595849,1.0260451167071443,rolling
NOR,2025,155,Canadian_Grand_Prix,125,0.986173909247259,1.0254253258099082,rolling
NOR,2025,156,Chinese_Grand_Prix,126,0.9863543048757318,1.0245177438529711,rolling
NOR,2025,157,Dutch_Grand_Prix,127,0.9856664770161205,1.0240226790048488,rolling
NOR,2025,158,Emilia_Romagna_Grand_Prix,128,0.9842531901603689,1.0244237072504463,rolling
NOR,2025,159,Hungarian_Grand_Prix,129,0.9850825547536015,1.0231237273377403,rolling
NOR,2025,160,Italian_Grand_Prix,130,0.9842489651242009,1.0233725887511063,rolling
NOR,2025,161,Japanese_Grand_Prix,131,0.985998501765938,1.0240363199247717,rolling
NOR,2025,162,Las_Vegas_Grand_Prix,132,0.9861169070306474,1.024404866873886,rolling
NOR,2025,163,Mexico_City_Grand_Prix,133,0.9857110748243464,1.0249447258441697,rolling
NOR,2025,164,Miami_Grand_Prix,134,0.9855852862928781,1.027624589201226,rolling
NOR,2025,165,Monaco_Grand_Prix,135,0.9860864086268811,1.0262423380537344,rolling
NOR,2025,166,Qatar_Grand_Prix,136,0.9867885640972127,1.02662887143474,rolling
NOR,2025,167,Saudi_Arabian_Grand_Prix,137,0.9872791156860694,1.0269075806505654,rolling
NOR,2025,168,Singapore_Grand_Prix,138,0.9858528412968731,1.0245462769620215,rolling
NOR,2025,169,Spanish_Grand_Prix,139,0.9861581092174472,1.0252055500874098,rolling
NOR,2025,170,São_Paulo_Grand_Prix,140,0.9869091028843597,1.025410572580857,rolling
NOR,2025,171,United_States_Grand_Prix,141,0.9868599469709479,1.0270144257215161,rolling
NOR,2026,173,Canadian_Grand_Prix,142,0.9862776237448958,1.0265197913871185,rolling
NOR,2026,175,Japanese_Grand_Prix,143,0.9850705711892991,1.0274950613432938,rolling
NOR,2026,176,Miami_Grand_Prix,144,0.9843666517247232,1.0272577364279365,rolling
NOR,2026,177,Monaco_Grand_Prix,145,0.9845642651209012,1.0283117350887907,rolling
OCO,2018,0,Abu_Dhabi_Grand_Prix,0,0.9,0.85,fallback
OCO,2018,1,Australian_Grand_Prix,1,0.9,0.85,fallback
OCO,2018,2,Austrian_Grand_Prix,2,0.9,0.85,fallback
OCO,2018,4,Bahrain_Grand_Prix,3,0.9,0.85,fallback
OCO,2018,5,Belgian_Grand_Prix,4,0.9,0.85,fallback
OCO,2018,6,Brazilian_Grand_Prix,5,0.9,0.85,fallback
OCO,2018,7,British_Grand_Prix,6,0.9,0.85,fallback
OCO,2018,8,Canadian_Grand_Prix,7,0.9,0.85,fallback
OCO,2018,9,Chinese_Grand_Prix,8,0.9,0.85,fallback
OCO,2018,11,German_Grand_Prix,9,0.9,0.85,fallback
OCO,2018,12,Hungarian_Grand_Prix,10,1.0,0.9,fallback
OCO,2018,13,Japanese_Grand_Prix,11,1.0,0.9,fallback
OCO,2018,14,Mexican_Grand_Prix,12,1.0,0.9,fallback
OCO,2018,15,Monaco_Grand_Prix,13,1.0,0.9,fallback
OCO,2018,16,Russian_Grand_Prix,14,1.0,0.9,fallback
OCO,2018,18,Spanish_Grand_Prix,15,1.0,0.9,fallback
OCO,2018,19,United_States_Grand_Prix,16,1.0,0.9,fallback
OCO,2020,41,70th_Anniversary_Grand_Prix,17,1.0,0.9,fallback
OCO,2020,42,Abu_Dhabi_Grand_Prix,18,1.0,0.9,fallback
OCO,2020,43,Austrian_Grand_Prix,19,1.0,0.9,fallback
OCO,2020,44,Bahrain_Grand_Prix,20,0.9210140400362106,0.8512558611147751,rolling
OCO,2020,45,Belgian_Grand_Prix,21,0.9427609988415503,0.8713440693986204,rolling
OCO,2020,46,British_Grand_Prix,22,0.9410210688127788,0.8803393400754294,rolling
OCO,2020,47,Eifel_Grand_Prix,23,0.9407151636869172,0.887207702782839,rolling
OCO,2020,48,Emilia_Romagna_Grand_Prix,24,0.9451147194791443,0.9131760449019295,rolling
OCO,2020,49,Hungarian_Grand_Prix,25,0.9432306094807551,0.9223758078132633,rolling
OCO,2020,50,Italian_Grand_Prix,26,0.9304945339941432,0.9290227441776346,rolling
OCO,2020,51,Portuguese_Grand_Prix,27,0.899788845405848,0.85,rolling
OCO,2020,52,Russian_Grand_Prix,28,0.8881802449334111,0.85,rolling
OCO,2020,53,Sakhir_Grand_Prix,29,0.8920522288278874,0.85,rolling
OCO,2020,54,Spanish_Grand_Prix,30,0.8963648181098076,0.85,rolling
OCO,2020,55,Styrian_Grand_Prix,31,0.9034629108660229,0.85,rolling
OCO,2020,56,Turkish_Grand_Prix,32,0.9041908392629735,0.8596646423236248,rolling
OCO,2021,58,Abu_Dhabi_Grand_Prix,33,0.9150202360959035,0.8631832446277519,rolling
OCO,2021,60,Azerbaijan_Grand_Prix,34,0.9298775846049299,0.8695551847663805,rolling
OCO,2021,61,Bahrain_Grand_Prix,35,0.9574762353162743,0.8695551847663805,rolling
OCO,2021,63,British_Grand_Prix,36,0.957281252496958,0.8600658769491306,rolling
OCO,2021,64,Dutch_Grand_Prix,37,0.9042068155750064,0.85,rolling
OCO,2021,65,Emilia_Romagna_Grand_Prix,38,0.9110259403918692,0.85,rolling
OCO,2021,66,French_Grand_Prix,39,0.9113212506973434,0.85,rolling
OCO,2021,67,Hungarian_Grand_Prix,40,0.9173601610612133,0.85,rolling
OCO,2021,68,Italian_Grand_Prix,41,0.9297997648246492,0.85,rolling
OCO,2021,69,Mexico_City_Grand_Prix,42,0.9315329214492517,0.85,rolling
OCO,2021,70,Monaco_Grand_Prix,43,0.9286969593013624,0.85,rolling
OCO,2021,71,Portuguese_Grand_Prix,44,0.9311670842112774,0.85,rolling
OCO,2021,72,Qatar_Grand_Prix,45,0.9369913971311561,0.85,rolling
OCO,2021,73,Russian_Grand_Prix,46,0.9442863922109224,0.85,rolling
OCO,2021,74,Saudi_Arabian_Grand_Prix,47,0.9652989886298331,0.85,rolling
OCO,2021,75,Spanish_Grand_Prix,48,0.9926658714893598,0.9090038894206419,rolling
OCO,2021,76,Styrian_Grand_Prix,49,0.9908939658141059,0.9135006150888999,rolling
OCO,2021,77,São_Paulo_Grand_Prix,50,0.9870662651302312,0.9124304646235364,rolling
OCO,2021,78,Turkish_Grand_Prix,51,0.98813795073444,0.9176426806423459,rolling
OCO,2021,79,United_States_Grand_Prix,52,0.9996266215331236,0.922495891350322,rolling
OCO,2022,80,Abu_Dhabi_Grand_Prix,53,1.0041824515220739,0.9320371970699741,rolling
OCO,2022,81,Australian_Grand_Prix,54,1.0084430316169009,0.9309452606578152,rolling
OCO,2022,82,Austrian_Grand_Prix,55,1.012605940183752,0.9345875042747037,rolling
OCO,2022,83,Azerbaijan_Grand_Prix,56,1.0148714488648336,0.9432405943831432,rolling
OCO,2022,84,Bahrain_Grand_Prix,57,1.0198874693428412,0.9433688337156529,rolling
OCO,2022,85,Belgian_Grand_Prix,58,1.0213376691429636,0.9451838808642062,rolling
OCO,2022,86,British_Grand_Prix,59,1.0172952472010721,0.9438143364664449,rolling
OCO,2022,87,Canadian_Grand_Prix,60,1.0190363744623312,0.958802852370953,rolling
OCO,2022,88,Dutch_Grand_Prix,61,1.0202143611832872,0.9605661619431123,rolling
OCO,2022,89,Emilia_Romagna_Grand_Prix,62,1.0210099046706311,0.9637202889426584,rolling
OCO,2022,90,French_Grand_Prix,63,1.0075470641956854,0.9637202889426584,rolling
OCO,2022,91,Hungarian_Grand_Prix,64,1.0092454613916417,0.9652789035109889,rolling
OCO,2022,92,Italian_Grand_Prix,65,1.0098224641274292,0.9683363535961449,rolling
OCO,2022,93,Japanese_Grand_Prix,66,1.0075459212343623,0.9667155622479755,rolling
OCO,2022,94,Mexico_City_Grand_Prix,67,1.0098859532065327,0.9773281459318581,rolling
OCO,2022,95,Miami_Grand_Prix,68,1.0112707056299801,0.9795827445858688,rolling
OCO,2022,96,Monaco_Grand_Prix,69,1.0085000758182723,0.9785765175253571,rolling
OCO,2022,97,Saudi_Arabian_Grand_Prix,70,1.0129378764436363,0.9770917685671154,rolling
OCO,2022,98,Singapore_Grand_Prix,71,1.0113802668241656,0.9752519055801491,rolling
OCO,2022,99,Spanish_Grand_Prix,72,1.0016898146132833,0.9723293403541433,rolling
OCO,2022,100,São_Paulo_Grand_Prix,73,1.003001833522427,0.9729077811062841,rolling
OCO,2022,101,United_States_Grand_Prix,74,1.0034579852323358,0.9757420336535001,rolling
OCO,2023,102,Abu_Dhabi_Grand_Prix,75,1.005733086227242,0.9748694702745548,rolling
OCO,2023,103,Australian_Grand_Prix,76,1.0065740487989836,0.9782763018854848,rolling
OCO,2023,104,Austrian_Grand_Prix,77,1.0129508238307394,0.9749417700673051,rolling
OCO,2023,105,Azerbaijan_Grand_Prix,78,1.0123345150486145,0.9769227247265815,rolling
OCO,2023,106,Bahrain_Grand_Prix,79,1.0074721814663028,0.9796383324812774,rolling
OCO,2023,107,Belgian_Grand_Prix,80,1.0085405354478805,0.9823496516568814,rolling
OCO,2023,108,British_Grand_Prix,81,1.0069619224015958,0.9823643966755881,rolling
OCO,2023,109,Canadian_Grand_Prix,82,1.005153538271314,0.9858778544001944,rolling
OCO,2023,110,Dutch_Grand_Prix,83,1.0059292971322003,0.9883768927011383,rolling
OCO,2023,112,Italian_Grand_Prix,84,1.0018990973026582,0.9927547395789798,rolling
OCO,2023,113,Japanese_Grand_Prix,85,1.0019318384805054,0.992783178090691,rolling
OCO,2023,114,Las_Vegas_Grand_Prix,86,1.0051752900449362,0.9927744547645659,rolling
OCO,2023,115,Mexico_City_Grand_Prix,87,1.0073972836020273,0.9904946338487416,rolling
OCO,2023,116,Miami_Grand_Prix,88,0.9879710923532088,0.9612108975545411,rolling
OCO,2023,117,Monaco_Grand_Prix,89,0.9846942606858545,0.9609327435829826,rolling
OCO,2023,118,Qatar_Grand_Prix,90,0.9856050794779312,0.961765478815001,rolling
OCO,2023,119,Saudi_Arabian_Grand_Prix,91,0.9863085424295011,0.9634137211925128,rolling
OCO,2023,120,Singapore_Grand_Prix,92,0.9861963202803046,0.9643645295081729,rolling
OCO,2023,121,Spanish_Grand_Prix,93,0.987406828732243,0.9670683512075179,rolling
OCO,2023,122,São_Paulo_Grand_Prix,94,0.9882091054844039,0.9695476893975256,rolling
OCO,2023,123,United_States_Grand_Prix,95,0.9870338589419262,0.9701801506219303,rolling
OCO,2024,125,Australian_Grand_Prix,96,0.9587426002654051,0.9644771311559572,rolling
OCO,2024,126,Austrian_Grand_Prix,97,0.9613940755423922,0.9675712344820397,rolling
OCO,2024,127,Azerbaijan_Grand_Prix,98,0.9612981866795145,0.9680804501570173,rolling
OCO,2024,128,Bahrain_Grand_Prix,99,0.9641929618880503,0.9669265108344653,rolling
OCO,2024,129,Belgian_Grand_Prix,100,0.9638963965672377,0.9698819574287766,rolling
OCO,2024,131,Canadian_Grand_Prix,101,0.962082619881732,0.9693648472020894,rolling
OCO,2024,132,Chinese_Grand_Prix,102,0.9676584892419924,0.9712309614597949,rolling
OCO,2024,133,Dutch_Grand_Prix,103,0.9701978296345735,0.9744333318527083,rolling
OCO,2024,134,Emilia_Romagna_Grand_Prix,104,0.9700380628199375,0.974523959341103,rolling
OCO,2024,135,Hungarian_Grand_Prix,105,0.9697100738731144,0.974673372363894,rolling
OCO,2024,136,Italian_Grand_Prix,106,0.9697936902722464,0.9734686279457544,rolling
OCO,2024,137,Japanese_Grand_Prix,107,0.9708009995071899,0.9744632674632173,rolling
OCO,2024,138,Las_Vegas_Grand_Prix,108,0.9709473042355146,0.9735296732394985,rolling
OCO,2024,139,Mexico_City_Grand_Prix,109,0.9745406677877414,0.9747361358471598,rolling
OCO,2024,140,Miami_Grand_Prix,110,0.9767240864155016,0.9729142136531381,rolling
OCO,2024,144,Singapore_Grand_Prix,111,0.9766894018391897,0.9725128329094639,rolling
OCO,2024,145,Spanish_Grand_Prix,112,0.9778227020474589,0.9763100930451015,rolling
OCO,2024,146,São_Paulo_Grand_Prix,113,0.9758846641983602,0.9760155415435439,rolling
OCO,2024,147,United_States_Grand_Prix,114,0.9834055615726623,0.9787987750612148,rolling
OCO,2025,148,Abu_Dhabi_Grand_Prix,115,0.9883004480936891,0.9784264339143451,rolling
OCO,2025,149,Australian_Grand_Prix,116,0.9884257792092143,0.9782505258370726,rolling
OCO,2025,150,Austrian_Grand_Prix,117,0.9844401154532654,0.9786709998365213,rolling
OCO,2025,151,Azerbaijan_Grand_Prix,118,0.9843582068770126,0.9784775656377172,rolling
OCO,2025,152,Bahrain_Grand_Prix,119,0.9818727077800172,0.9807108421677058,rolling
OCO,2025,153,Belgian_Grand_Prix,120,0.9828798285822855,0.9819831946972668,rolling
OCO,2025,154,British_Grand_Prix,121,0.9868702809959896,0.9794719685959298,rolling
OCO,2025,155,Canadian_Grand_Prix,122,0.9935282461557593,0.9788243944534013,rolling
OCO,2025,156,Chinese_Grand_Prix,123,0.9943230834021537,0.979562761136993,rolling
OCO,2025,157,Dutch_Grand_Prix,124,0.9922500167113824,0.9810460580577821,rolling
OCO,2025,158,Emilia_Romagna_Grand_Prix,125,0.991053426001752,0.9818355697861245,rolling
OCO,2025,159,Hungarian_Grand_Prix,126,0.9911699620460883,0.9847395572597845,rolling
OCO,2025,160,Italian_Grand_Prix,127,0.9917228899574215,0.9846247661568331,rolling
OCO,2025,161,Japanese_Grand_Prix,128,0.9917622981327902,0.9901821003421531,rolling
OCO,2025,162,Las_Vegas_Grand_Prix,129,0.9906921102036316,0.9899587734432738,rolling
OCO,2025,163,Mexico_City_Grand_Prix,130,0.9911215027527904,0.9892289256353,rolling
OCO,2025,164,Miami_Grand_Prix,131,0.9900448013649605,0.9895357819172154,rolling
OCO,2025,165,Monaco_Grand_Prix,132,0.9945784437971834,0.9871792540801897,rolling
OCO,2025,166,Qatar_Grand_Prix,133,0.9956195115084554,0.9885556523956973,rolling
OCO,2025,167,Saudi_Arabian_Grand_Prix,134,0.9956332017742114,0.9881458281614083,rolling
OCO,2025,168,Singapore_Grand_Prix,135,0.9959228631130861,0.9895814304163011,rolling
OCO,2025,169,Spanish_Grand_Prix,136,0.9963876837181521,0.9904988343623721,rolling
OCO,2025,170,São_Paulo_Grand_Prix,137,0.9975204754846532,0.9892919244444615,rolling
OCO,2025,171,United_States_Grand_Prix,138,0.9965730525738842,0.9885760088777328,rolling
OCO,2026,172,Australian_Grand_Prix,139,0.9951557522381472,0.9876898912270687,rolling
OCO,2026,173,Canadian_Grand_Prix,140,0.9953929457286554,0.9881619582066788,rolling
OCO,2026,174,Chinese_Grand_Prix,141,0.9912740052982627,0.9875261223870297,rolling
OCO,2026,175,Japanese_Grand_Prix,142,0.9881310223275553,0.9846752172008991,rolling
OCO,2026,176,Miami_Grand_Prix,143,0.9893606596140847,0.9835757466471059,rolling
OCO,2026,177,Monaco_Grand_Prix,144,0.9890852033086461,0.9841482982647352,rolling
PER,2018,0,Abu_Dhabi_Grand_Prix,0,1.05,0.95,fallback
PER,2018,1,Australian_Grand_Prix,1,1.05,0.95,fallback
PER,2018,2,Austrian_Grand_Prix,2,1.05,0.95,fallback
PER,2018,4,Bahrain_Grand_Prix,3,1.05,0.95,fallback
PER,2018,5,Belgian_Grand_Prix,4,1.05,0.95,fallback
PER,2018,6,Brazilian_Grand_Prix,5,1.05,0.95,fallback
PER,2018,7,British_Grand_Prix,6,1.05,0.95,fallback
PER,2018,8,Canadian_Grand_Prix,7,1.05,0.95,fallback
PER,2018,9,Chinese_Grand_Prix,8,1.05,0.95,fallback
PER,2018,11,German_Grand_Prix,9,1.05,0.95,fallback
PER,2018,12,Hungarian_Grand_Prix,10,1.0,0.9,fallback
PER,2018,13,Japanese_Grand_Prix,11,1.0,0.9,fallback
PER,2018,14,Mexican_Grand_Prix,12,1.0,0.9,fallback
PER,2018,15,Monaco_Grand_Prix,13,1.0,0.9,fallback
PER,2018,16,Russian_Grand_Prix,14,1.0,0.9,fallback
PER,2018,18,Spanish_Grand_Prix,15,1.0,0.9,fallback
PER,2018,19,United_States_Grand_Prix,16,1.0,0.9,fallback
PER,2019,20,Abu_Dhabi_Grand_Prix,17,1.0,0.9,fallback
PER,2019,21,Australian_Grand_Prix,18,1.0,0.9,fallback
PER,2019,22,Austrian_Grand_Prix,19,1.0,0.9,fallback
PER,2019,23,Azerbaijan_Grand_Prix,20,1.000854900672277,0.9863641495529631,rolling
PER,2019,24,Bahrain_Grand_Prix,21,0.9979648504496481,0.989127263770449,rolling
PER,2019,25,Belgian_Grand_Prix,22,0.9883806712028866,0.9794398350891809,rolling
PER,2019,26,Brazilian_Grand_Prix,23,0.9939521826781399,0.9900464448093869,rolling
PER,2019,27,British_Grand_Prix,24,0.991283805086054,0.9885658314052311,rolling
PER,2019,28,Canadian_Grand_Prix,25,0.9799915098084483,0.9968248785180855,rolling
PER,2019,29,Chinese_Grand_Prix,26,0.9838609600092103,0.9981449235857729,rolling
PER,2019,30,French_Grand_Prix,27,0.9915710968153555,1.0091449169273887,rolling
PER,2019,32,Hungarian_Grand_Prix,28,0.9837848370640128,1.0105913263038195,rolling
PER,2019,33,Italian_Grand_Prix,29,0.9894812199058038,1.0138633673922615,rolling
PER,2019,34,Japanese_Grand_Prix,30,0.9844622292916733,1.0338525381055133,rolling
PER,2019,35,Mexican_Grand_Prix,31,0.9820211445754925,1.0228268841996249,rolling
PER,2019,36,Monaco_Grand_Prix,32,0.9798207830275859,1.0220492337516554,rolling
PER,2019,37,Russian_Grand_Prix,33,0.9819834936462208,1.0137274539145942,rolling
PER,2019,38,Singapore_Grand_Prix,34,0.9765201628274134,1.012553595394016,rolling
PER,2019,39,Spanish_Grand_Prix,35,0.966585078979441,1.0148577840744242,rolling
PER,2019,40,United_States_Grand_Prix,36,0.9656490497468908,1.0118296756357799,rolling
PER,2020,42,Abu_Dhabi_Grand_Prix,37,0.9643026004839385,1.0077868027332255,rolling
PER,2020,43,Austrian_Grand_Prix,38,0.9108428917791068,1.0016383744324768,rolling
PER,2020,45,Belgian_Grand_Prix,39,0.9101150053163605,0.899556423442321,rolling
PER,2020,47,Eifel_Grand_Prix,40,0.9115924517402324,0.89844347880393,rolling
PER,2020,48,Emilia_Romagna_Grand_Prix,41,0.9233166995820248,0.9005859645607484,rolling
PER,2020,49,Hungarian_Grand_Prix,42,0.9144951141223235,0.9023419432263909,rolling
PER,2020,50,Italian_Grand_Prix,43,0.9136425498749969,0.8976411750454194,rolling
PER,2020,51,Portuguese_Grand_Prix,44,0.9008964068007308,0.85,rolling
PER,2020,53,Sakhir_Grand_Prix,45,0.917856282119127,0.85,rolling
PER,2020,54,Spanish_Grand_Prix,46,0.9175200387009206,0.85,rolling
PER,2020,55,Styrian_Grand_Prix,47,0.9142349042978355,0.8536860176662769,rolling
PER,2020,56,Turkish_Grand_Prix,48,0.9136622522924922,0.8518905075491906,rolling
PER,2020,57,Tuscan_Grand_Prix,49,0.9256461425727474,0.8523180087017672,rolling
PER,2021,58,Abu_Dhabi_Grand_Prix,50,0.9275565828946999,0.85,rolling
PER,2021,59,Austrian_Grand_Prix,51,0.9283945780346898,0.85,rolling
PER,2021,60,Azerbaijan_Grand_Prix,52,0.9298625468801855,0.85,rolling
PER,2021,61,Bahrain_Grand_Prix,53,0.932041952034754,0.85,rolling
PER,2021,64,Dutch_Grand_Prix,54,0.9330915890336976,0.85,rolling
PER,2021,65,Emilia_Romagna_Grand_Prix,55,0.9285951382914739,0.85,rolling
PER,2021,66,French_Grand_Prix,56,0.9163776393179683,0.85,rolling
PER,2021,68,Italian_Grand_Prix,57,0.9183338220539512,0.85,rolling
PER,2021,69,Mexico_City_Grand_Prix,58,0.9197586310003895,0.85,rolling
PER,2021,70,Monaco_Grand_Prix,59,0.9229707537109072,0.85,rolling
PER,2021,71,Portuguese_Grand_Prix,60,0.9211493119650032,0.85,rolling
PER,2021,72,Qatar_Grand_Prix,61,0.9227509937897588,0.85,rolling
PER,2021,73,Russian_Grand_Prix,62,0.9224621750305861,0.85,rolling
PER,2021,74,Saudi_Arabian_Grand_Prix,63,0.9221151673866387,0.85,rolling
PER,2021,75,Spanish_Grand_Prix,64,0.9260882591385853,0.85,rolling
PER,2021,76,Styrian_Grand_Prix,65,0.9241785594397838,0.85,rolling
PER,2021,77,São_Paulo_Grand_Prix,66,0.9235605872991051,0.85,rolling
PER,2021,78,Turkish_Grand_Prix,67,0.9240967475883839,0.85,rolling
PER,2021,79,United_States_Grand_Prix,68,0.9237439484321508,0.85,rolling
PER,2022,80,Abu_Dhabi_Grand_Prix,69,0.9254275025588835,0.85,rolling
PER,2022,81,Australian_Grand_Prix,70,0.9275718477888442,0.85,rolling
PER,2022,82,Austrian_Grand_Prix,71,0.9315526976819228,0.85,rolling
PER,2022,83,Azerbaijan_Grand_Prix,72,0.9294752174786456,0.85,rolling
PER,2022,84,Bahrain_Grand_Prix,73,0.9294969858643019,0.8503716494489315,rolling
PER,2022,85,Belgian_Grand_Prix,74,0.9308325230573442,0.8519160110637769,rolling
PER,2022,86,British_Grand_Prix,75,0.936247953093643,0.8540232252439783,rolling
PER,2022,87,Canadian_Grand_Prix,76,0.8956477285692721,0.85,rolling
PER,2022,88,Dutch_Grand_Prix,77,0.8809209910402793,0.85,rolling
PER,2022,89,Emilia_Romagna_Grand_Prix,78,0.8803376119596091,0.85,rolling
PER,2022,90,French_Grand_Prix,79,0.8799203720498676,0.85,rolling
PER,2022,91,Hungarian_Grand_Prix,80,0.8801825836519612,0.85,rolling
PER,2022,92,Italian_Grand_Prix,81,0.881028066126364,0.85,rolling
PER,2022,93,Japanese_Grand_Prix,82,0.8781131766968128,0.85,rolling
PER,2022,94,Mexico_City_Grand_Prix,83,0.8785737873362014,0.85,rolling
PER,2022,95,Miami_Grand_Prix,84,0.8778924961464617,0.85,rolling
PER,2022,96,Monaco_Grand_Prix,85,0.8807708465165137,0.85,rolling
PER,2022,97,Saudi_Arabian_Grand_Prix,86,0.8834831692773935,0.85,rolling
PER,2022,98,Singapore_Grand_Prix,87,0.8849061092540422,0.85,rolling
PER,2022,99,Spanish_Grand_Prix,88,0.8878908348771642,0.85,rolling
PER,2022,100,São_Paulo_Grand_Prix,89,0.8897469008189764,0.85,rolling
PER,2022,101,United_States_Grand_Prix,90,0.8907778940915718,0.85,rolling
PER,2023,102,Abu_Dhabi_Grand_Prix,91,0.8924530558674475,0.85,rolling
PER,2023,103,Australian_Grand_Prix,92,0.8936275206158617,0.85,rolling
PER,2023,104,Austrian_Grand_Prix,93,0.8912623470484257,0.85,rolling
PER,2023,105,Azerbaijan_Grand_Prix,94,0.8900824272112308,0.85,rolling
PER,2023,106,Bahrain_Grand_Prix,95,0.8905744250297931,0.85,rolling
PER,2023,107,Belgian_Grand_Prix,96,0.891056480935501,0.85,rolling
PER,2023,108,British_Grand_Prix,97,0.8963998171957824,0.85,rolling
PER,2023,109,Canadian_Grand_Prix,98,0.8942848343150324,0.85,rolling
PER,2023,110,Dutch_Grand_Prix,99,0.8936640121817957,0.85,rolling
PER,2023,111,Hungarian_Grand_Prix,100,0.8964410972131305,0.85,rolling
PER,2023,112,Italian_Grand_Prix,101,0.898391310453955,0.85,rolling
PER,2023,113,Japanese_Grand_Prix,102,0.8999811201443402,0.85,rolling
PER,2023,114,Las_Vegas_Grand_Prix,103,0.9010184626646313,0.85,rolling
PER,2023,116,Miami_Grand_Prix,104,0.9017228851110825,0.85,rolling
PER,2023,117,Monaco_Grand_Prix,105,0.9041691975702681,0.85,rolling
PER,2023,118,Qatar_Grand_Prix,106,0.9145676240338876,0.85,rolling
PER,2023,119,Saudi_Arabian_Grand_Prix,107,0.9127371771161935,0.85,rolling
PER,2023,120,Singapore_Grand_Prix,108,0.9175904193209008,0.8541326247199275,rolling
PER,2023,121,Spanish_Grand_Prix,109,0.9164495134145458,0.8563362141724439,rolling
PER,2023,122,São_Paulo_Grand_Prix,110,0.9149172072592716,0.8555172891439344,rolling
PER,2023,123,United_States_Grand_Prix,111,0.9162164409394865,0.8567210716176171,rolling
PER,2024,125,Australian_Grand_Prix,112,0.9149159592258083,0.8576026253142335,rolling
PER,2024,126,Austrian_Grand_Prix,113,0.9215634546489507,0.8575049542469807,rolling
PER,2024,127,Azerbaijan_Grand_Prix,114,0.9224304441915608,0.8608578101406359,rolling
PER,2024,128,Bahrain_Grand_Prix,115,0.9239242216243911,0.8633707421138769,rolling
PER,2024,129,Belgian_Grand_Prix,116,0.9264528035849142,0.8649207013319496,rolling
PER,2024,130,British_Grand_Prix,117,0.928147598218836,0.8677120000254922,rolling
PER,2024,131,Canadian_Grand_Prix,118,0.9210801544615652,0.8621181128786707,rolling
PER,2024,132,Chinese_Grand_Prix,119,0.9066475990138266,0.8682194369274687,rolling
PER,2024,133,Dutch_Grand_Prix,120,0.9074099350832203,0.8696586866083068,rolling
PER,2024,134,Emilia_Romagna_Grand_Prix,121,0.9076654436806724,0.8700707230986945,rolling
PER,2024,135,Hungarian_Grand_Prix,122,0.9063809570601541,0.8666387878581288,rolling
PER,2024,136,Italian_Grand_Prix,123,0.9047122117991729,0.8660203182802723,rolling
PER,2024,137,Japanese_Grand_Prix,124,0.9036003649231408,0.8678947561739787,rolling
PER,2024,138,Las_Vegas_Grand_Prix,125,0.9042944740248839,0.8687984799543326,rolling
PER,2024,139,Mexico_City_Grand_Prix,126,0.9037381486229425,0.8680467011468517,rolling
PER,2024,140,Miami_Grand_Prix,127,0.9033946486139612,0.8667788255766874,rolling
PER,2024,142,Qatar_Grand_Prix,128,0.9038204673303015,0.8674673093346874,rolling
PER,2024,143,Saudi_Arabian_Grand_Prix,129,0.903253954778144,0.8696970587064361,rolling
PER,2024,144,Singapore_Grand_Prix,130,0.9035200792424782,0.8702164741809448,rolling
PER,2024,145,Spanish_Grand_Prix,131,0.9033475571108053,0.8717392467750618,rolling
PER,2024,146,São_Paulo_Grand_Prix,132,0.9040011246500523,0.8722630008785022,rolling
PER,2024,147,United_States_Grand_Prix,133,0.9026185362569553,0.8737250050396286,rolling
PER,2026,172,Australian_Grand_Prix,134,0.9008891335275692,0.873339188006469,rolling
PER,2026,173,Canadian_Grand_Prix,135,0.9036746588090085,0.8757170585107134,rolling
PER,2026,174,Chinese_Grand_Prix,136,0.9056513953578074,0.8804508403257848,rolling
PER,2026,175,Japanese_Grand_Prix,137,0.9051446456414588,0.8783632135778737,rolling
PER,2026,176,Miami_Grand_Prix,138,0.9059827589623201,0.8825773134704191,rolling
PER,2026,177,Monaco_Grand_Prix,139,0.9062015840470179,0.8864385426532172,rolling
PIA,2023,102,Abu_Dhabi_Grand_Prix,0,1.05,0.95,fallback
PIA,2023,103,Australian_Grand_Prix,1,1.05,0.95,fallback
PIA,2023,104,Austrian_Grand_Prix,2,1.05,0.95,fallback
PIA,2023,105,Azerbaijan_Grand_Prix,3,1.05,0.95,fallback
PIA,2023,106,Bahrain_Grand_Prix,4,1.05,0.95,fallback
PIA,2023,108,British_Grand_Prix,5,1.05,0.95,fallback
PIA,2023,109,Canadian_Grand_Prix,6,1.05,0.95,fallback
PIA,2023,110,Dutch_Grand_Prix,7,1.05,0.95,fallback
PIA,2023,111,Hungarian_Grand_Prix,8,1.05,0.95,fallback
PIA,2023,112,Italian_Grand_Prix,9,1.05,0.95,fallback
PIA,2023,113,Japanese_Grand_Prix,10,1.0,0.9,fallback
PIA,2023,115,Mexico_City_Grand_Prix,11,1.0,0.9,fallback
PIA,2023,116,Miami_Grand_Prix,12,1.0,0.9,fallback
PIA,2023,117,Monaco_Grand_Prix,13,1.0,0.9,fallback
PIA,2023,118,Qatar_Grand_Prix,14,1.0,0.9,fallback
PIA,2023,119,Saudi_Arabian_Grand_Prix,15,1.0,0.9,fallback
PIA,2023,120,Singapore_Grand_Prix,16,1.0,0.9,fallback
PIA,2023,121,Spanish_Grand_Prix,17,1.0,0.9,fallback
PIA,2023,122,São_Paulo_Grand_Prix,18,1.0,0.9,fallback
PIA,2023,123,United_States_Grand_Prix,19,1.0,0.9,fallback
PIA,2024,124,Abu_Dhabi_Grand_Prix,20,0.85,0.9542045839090605,rolling
PIA,2024,125,Australian_Grand_Prix,21,0.85,0.9506082092201256,rolling
PIA,2024,126,Austrian_Grand_Prix,22,0.85,0.9519173466535849,rolling
PIA,2024,127,Azerbaijan_Grand_Prix,23,0.85,0.953696743279512,rolling
PIA,2024,128,Bahrain_Grand_Prix,24,0.85,0.9769732893354519,rolling
PIA,2024,129,Belgian_Grand_Prix,25,0.8541836617464594,0.9783895879229998,rolling
PIA,2024,130,British_Grand_Prix,26,0.85907037411122,0.9817155593226548,rolling
PIA,2024,131,Canadian_Grand_Prix,27,0.8666380709367072,0.969025247826688,rolling
PIA,2024,132,Chinese_Grand_Prix,28,0.8679752387685298,0.9707751518368867,rolling
PIA,2024,133,Dutch_Grand_Prix,29,0.8676483102158036,0.9790820614815811,rolling
PIA,2024,134,Emilia_Romagna_Grand_Prix,30,0.8693296787867939,0.9779613817174859,rolling
PIA,2024,135,Hungarian_Grand_Prix,31,0.87133648365194,0.9786510450059208,rolling
PIA,2024,136,Italian_Grand_Prix,32,0.876101459951955,0.9825336810285036,rolling
PIA,2024,137,Japanese_Grand_Prix,33,0.884598869934396,0.9853037885578985,rolling
PIA,2024,138,Las_Vegas_Grand_Prix,34,0.8922583612495006,0.9826447585108402,rolling
PIA,2024,139,Mexico_City_Grand_Prix,35,0.8996434521720673,0.9888252842679408,rolling
PIA,2024,140,Miami_Grand_Prix,36,0.9009243280825985,0.9837344939691485,rolling
PIA,2024,141,Monaco_Grand_Prix,37,0.905262272209385,0.9887597350479447,rolling
PIA,2024,142,Qatar_Grand_Prix,38,0.9108003483866213,0.9916634083972207,rolling
PIA,2024,143,Saudi_Arabian_Grand_Prix,39,0.9121547250601489,0.992788887702128,rolling
PIA,2024,144,Singapore_Grand_Prix,40,0.9104004718513177,0.9946061124730986,rolling
PIA,2024,145,Spanish_Grand_Prix,41,0.9192771079103078,0.9948641170987389,rolling
PIA,2024,146,São_Paulo_Grand_Prix,42,0.925286624901148,0.9953942199981146,rolling
PIA,2024,147,United_States_Grand_Prix,43,0.9202333934982182,0.9826377865165035,rolling
PIA,2025,148,Abu_Dhabi_Grand_Prix,44,0.9200969859603855,0.9816630453948662,rolling
PIA,2025,149,Australian_Grand_Prix,45,0.9257876110771791,0.9839615811684954,rolling
PIA,2025,150,Austrian_Grand_Prix,46,0.9307431701841195,0.9826313795827843,rolling
PIA,2025,152,Bahrain_Grand_Prix,47,0.931119378562117,0.9814081236729013,rolling
PIA,2025,153,Belgian_Grand_Prix,48,0.9310667160173245,0.9808073869300221,rolling
PIA,2025,154,British_Grand_Prix,49,0.9314732450293887,0.9864175089727145,rolling
PIA,2025,155,Canadian_Grand_Prix,50,0.9268639193150454,0.988854569758293,rolling
PIA,2025,156,Chinese_Grand_Prix,51,0.9270094730813434,0.9919313782643745,rolling
PIA,2025,157,Dutch_Grand_Prix,52,0.9292629592360482,0.993917261272037,rolling
PIA,2025,158,Emilia_Romagna_Grand_Prix,53,0.9332094158608617,0.993682737632243,rolling
PIA,2025,159,Hungarian_Grand_Prix,54,0.9317046062549884,0.9975055666444773,rolling
PIA,2025,160,Italian_Grand_Prix,55,0.9341549773576172,0.9975757580096497,rolling
PIA,2025,161,Japanese_Grand_Prix,56,0.9305049358805048,0.9966640557291739,rolling
PIA,2025,162,Las_Vegas_Grand_Prix,57,0.9306989356566977,0.9964446387093009,rolling
PIA,2025,163,Mexico_City_Grand_Prix,58,0.9320842935977627,0.9958272430916002,rolling
PIA,2025,164,Miami_Grand_Prix,59,0.9328004158795546,0.9903521268885999,rolling
PIA,2025,165,Monaco_Grand_Prix,60,0.9320863109223587,0.9941099434156965,rolling
PIA,2025,166,Qatar_Grand_Prix,61,0.9309309839767316,0.9938463529487797,rolling
PIA,2025,167,Saudi_Arabian_Grand_Prix,62,0.9302578517845344,0.9938170532044679,rolling
PIA,2025,168,Singapore_Grand_Prix,63,0.9337892774681783,0.9995627211087266,rolling
PIA,2025,169,Spanish_Grand_Prix,64,0.9334942237198384,0.9986423123634853,rolling
PIA,2025,170,São_Paulo_Grand_Prix,65,0.9322388310048543,0.9987083245368816,rolling
PIA,2025,171,United_States_Grand_Prix,66,0.9327081335765653,0.9957777126104211,rolling
PIA,2026,173,Canadian_Grand_Prix,67,0.9342948908509381,0.9973342460426122,rolling
PIA,2026,175,Japanese_Grand_Prix,68,0.9371658749786672,0.995768424890281,rolling
PIA,2026,176,Miami_Grand_Prix,69,0.938938612320146,0.9967503539392976,rolling
PIA,2026,177,Monaco_Grand_Prix,70,0.9388133510821517,0.995036124033772,rolling
RAI,2018,0,Abu_Dhabi_Grand_Prix,0,1.05,0.95,fallback
RAI,2018,1,Australian_Grand_Prix,1,1.05,0.95,fallback
RAI,2018,2,Austrian_Grand_Prix,2,1.05,0.95,fallback
RAI,2018,3,Azerbaijan_Grand_Prix,3,1.05,0.95,fallback
RAI,2018,4,Bahrain_Grand_Prix,4,1.05,0.95,fallback
RAI,2018,5,Belgian_Grand_Prix,5,1.05,0.95,fallback
RAI,2018,6,Brazilian_Grand_Prix,6,1.05,0.95,fallback
RAI,2018,7,British_Grand_Prix,7,1.05,0.95,fallback
RAI,2018,8,Canadian_Grand_Prix,8,1.05,0.95,fallback
RAI,2018,9,Chinese_Grand_Prix,9,1.05,0.95,fallback
RAI,2018,10,French_Grand_Prix,10,1.0,0.9,fallback
RAI,2018,11,German_Grand_Prix,11,1.0,0.9,fallback
RAI,2018,12,Hungarian_Grand_Prix,12,1.0,0.9,fallback
RAI,2018,13,Japanese_Grand_Prix,13,1.0,0.9,fallback
RAI,2018,14,Mexican_Grand_Prix,14,1.0,0.9,fallback
RAI,2018,15,Monaco_Grand_Prix,15,1.0,0.9,fallback
RAI,2018,16,Russian_Grand_Prix,16,1.0,0.9,fallback
RAI,2018,17,Singapore_Grand_Prix,17,1.0,0.9,fallback
RAI,2018,18,Spanish_Grand_Prix,18,1.0,0.9,fallback
RAI,2018,19,United_States_Grand_Prix,19,1.0,0.9,fallback
RAI,2019,20,Abu_Dhabi_Grand_Prix,20,0.9154210790520405,0.9204430808481127,rolling
RAI,2019,21,Australian_Grand_Prix,21,0.9144931575242358,0.9240031569532375,rolling
RAI,2019,22,Austrian_Grand_Prix,22,0.9290299577560938,0.9446099677089144,rolling
RAI,2019,23,Azerbaijan_Grand_Prix,23,0.9305005495280988,0.949671632965888,rolling
RAI,2019,24,Bahrain_Grand_Prix,24,0.94245901931171,0.967915839837849,rolling
RAI,2019,25,Belgian_Grand_Prix,25,0.953309720671067,0.976321099392133,rolling
RAI,2019,26,Brazilian_Grand_Prix,26,0.9688618685595766,0.976535130342175,rolling
RAI,2019,27,British_Grand_Prix,27,0.9718150652711148,0.979580358597512,rolling
RAI,2019,28,Canadian_Grand_Prix,28,0.9813193495904327,0.9723331505218187,rolling
RAI,2019,29,Chinese_Grand_Prix,29,0.9851210460683407,0.9850525272788218,rolling
RAI,2019,30,French_Grand_Prix,30,0.9875403604641112,0.9904361078484669,rolling
RAI,2019,31,German_Grand_Prix,31,0.9837823642425116,0.9942702986032315,rolling
RAI,2019,32,Hungarian_Grand_Prix,32,0.9765225745502095,1.0004026611693193,rolling
RAI,2019,33,Italian_Grand_Prix,33,0.9736384769796333,1.0011545744972383,rolling
RAI,2019,34,Japanese_Grand_Prix,34,0.9682733695597481,0.9961381123709616,rolling
RAI,2019,35,Mexican_Grand_Prix,35,0.9639417626654598,0.9886977589330688,rolling
RAI,2019,36,Monaco_Grand_Prix,36,0.9607621812877136,0.9864801601782572,rolling
RAI,2019,37,Russian_Grand_Prix,37,0.9728228126878982,1.0248816169763784,rolling
RAI,2019,38,Singapore_Grand_Prix,38,0.984601439569812,1.0287780388288745,rolling
RAI,2019,39,Spanish_Grand_Prix,39,0.984599962625027,1.0344593448622386,rolling
RAI,2019,40,United_States_Grand_Prix,40,0.9814098202804444,1.0374544061519997,rolling
RAI,2020,41,70th_Anniversary_Grand_Prix,41,0.9764315573129341,1.0422991592459603,rolling
RAI,2020,42,Abu_Dhabi_Grand_Prix,42,0.9715097394412465,1.040073941952421,rolling
RAI,2020,43,Austrian_Grand_Prix,43,0.9685278260859949,1.0446460456782933,rolling
RAI,2020,44,Bahrain_Grand_Prix,44,0.9735268691521687,1.147852348415697,rolling
RAI,2020,45,Belgian_Grand_Prix,45,0.9710355311825254,1.141087508400544,rolling
RAI,2020,46,British_Grand_Prix,46,0.9869640010314554,1.1344131436440623,rolling
RAI,2020,47,Eifel_Grand_Prix,47,0.9836927455385016,1.1332117559473793,rolling
RAI,2020,48,Emilia_Romagna_Grand_Prix,48,0.9756871438967225,1.130633237112854,rolling
RAI,2020,49,Hungarian_Grand_Prix,49,0.9703786476566216,1.1289310889430295,rolling
RAI,2020,50,Italian_Grand_Prix,50,0.9580447315965889,1.137626986318256,rolling
RAI,2020,51,Portuguese_Grand_Prix,51,1.015910083225704,1.15,rolling
RAI,2020,52,Russian_Grand_Prix,52,1.0167312794586612,1.15,rolling
RAI,2020,53,Sakhir_Grand_Prix,53,1.0167861156043594,1.15,rolling
RAI,2020,54,Spanish_Grand_Prix,54,1.0158047589437438,1.15,rolling
RAI,2020,55,Styrian_Grand_Prix,55,1.0152721832749267,1.15,rolling
RAI,2020,56,Turkish_Grand_Prix,56,1.013400715833097,1.15,rolling
RAI,2021,58,Abu_Dhabi_Grand_Prix,57,1.0109398527587934,1.15,rolling
RAI,2021,59,Austrian_Grand_Prix,58,1.00339445817168,1.15,rolling
RAI,2021,60,Azerbaijan_Grand_Prix,59,1.0015821380294225,1.15,rolling
RAI,2021,61,Bahrain_Grand_Prix,60,1.0037744116166267,1.15,rolling
RAI,2021,63,British_Grand_Prix,61,1.0011288279302735,1.15,rolling
RAI,2021,65,Emilia_Romagna_Grand_Prix,62,0.9878196295284678,1.15,rolling
RAI,2021,66,French_Grand_Prix,63,0.9872187627623475,1.15,rolling
RAI,2021,67,Hungarian_Grand_Prix,64,0.9847710024868412,1.15,rolling
RAI,2021,69,Mexico_City_Grand_Prix,65,0.9823811350164213,1.1483814649084365,rolling
RAI,2021,70,Monaco_Grand_Prix,66,0.9837581063001367,1.1455229960902573,rolling
RAI,2021,72,Qatar_Grand_Prix,67,0.9760785388656951,1.1404518335131806,rolling
RAI,2021,73,Russian_Grand_Prix,68,0.9694580003805146,1.1376959973905456,rolling
RAI,2021,74,Saudi_Arabian_Grand_Prix,69,0.9833717616990383,1.1381579403343483,rolling
RAI,2021,75,Spanish_Grand_Prix,70,0.9540756522894069,1.0884522559867107,rolling
RAI,2021,76,Styrian_Grand_Prix,71,0.950706245509634,1.0878751783682967,rolling
RAI,2021,77,São_Paulo_Grand_Prix,72,0.9486146836118045,1.086190945253585,rolling
RAI,2021,78,Turkish_Grand_Prix,73,0.9488327409382246,1.0824145549291566,rolling
RAI,2021,79,United_States_Grand_Prix,74,0.9485609368132418,1.0793660273530534,rolling
RIC,2018,0,Abu_Dhabi_Grand_Prix,0,1.05,0.95,fallback
RIC,2018,1,Australian_Grand_Prix,1,1.05,0.95,fallback
RIC,2018,2,Austrian_Grand_Prix,2,1.05,0.95,fallback
RIC,2018,3,Azerbaijan_Grand_Prix,3,1.05,0.95,fallback
RIC,2018,5,Belgian_Grand_Prix,4,1.05,0.95,fallback
RIC,2018,6,Brazilian_Grand_Prix,5,1.05,0.95,fallback
RIC,2018,7,British_Grand_Prix,6,1.05,0.95,fallback
RIC,2018,8,Canadian_Grand_Prix,7,1.05,0.95,fallback
RIC,2018,9,Chinese_Grand_Prix,8,1.05,0.95,fallback
RIC,2018,10,French_Grand_Prix,9,1.05,0.95,fallback
RIC,2018,11,German_Grand_Prix,10,1.0,0.9,fallback
RIC,2018,12,Hungarian_Grand_Prix,11,1.0,0.9,fallback
RIC,2018,13,Japanese_Grand_Prix,12,1.0,0.9,fallback
RIC,2018,14,Mexican_Grand_Prix,13,1.0,0.9,fallback
RIC,2018,15,Monaco_Grand_Prix,14,1.0,0.9,fallback
RIC,2018,16,Russian_Grand_Prix,15,1.0,0.9,fallback
RIC,2018,17,Singapore_Grand_Prix,16,1.0,0.9,fallback
RIC,2018,18,Spanish_Grand_Prix,17,1.0,0.9,fallback
RIC,2018,19,United_States_Grand_Prix,18,1.0,0.9,fallback
RIC,2019,20,Abu_Dhabi_Grand_Prix,19,1.0,0.9,fallback
RIC,2019,21,Australian_Grand_Prix,20,0.85,1.0252735010889982,rolling
RIC,2019,22,Austrian_Grand_Prix,21,0.85,1.0331126547402076,rolling
RIC,2019,23,Azerbaijan_Grand_Prix,22,0.85,1.0196954282176485,rolling
RIC,2019,24,Bahrain_Grand_Prix,23,0.85,1.0147811202629617,rolling
RIC,2019,25,Belgian_Grand_Prix,24,0.8518174549413196,1.0189135330580241,rolling
RIC,2019,26,Brazilian_Grand_Prix,25,0.861742797877875,1.018663920378185,rolling
RIC,2019,27,British_Grand_Prix,26,0.8708550200512494,1.0188700135675173,rolling
RIC,2019,28,Canadian_Grand_Prix,27,0.8743839579849256,1.0235554892150973,rolling
RIC,2019,29,Chinese_Grand_Prix,28,0.8772961287419493,1.0266222522605875,rolling
RIC,2019,30,French_Grand_Prix,29,0.8875082097758993,1.0246667055584966,rolling
RIC,2019,31,German_Grand_Prix,30,0.8992665667626865,1.0272563687890834,rolling
RIC,2019,32,Hungarian_Grand_Prix,31,0.85,1.0093407714470222,rolling
RIC,2019,33,Italian_Grand_Prix,32,0.85,1.0024241886621184,rolling
RIC,2019,34,Japanese_Grand_Prix,33,0.85,1.007121052137359,rolling
RIC,2019,35,Mexican_Grand_Prix,34,0.85,1.0007344104183664,rolling
RIC,2019,36,Monaco_Grand_Prix,35,0.85,1.0011107326181077,rolling
RIC,2019,37,Russian_Grand_Prix,36,0.85,1.0163249698057002,rolling
RIC,2019,38,Singapore_Grand_Prix,37,0.85,1.022129761162729,rolling
RIC,2019,39,Spanish_Grand_Prix,38,0.85,1.0176488203985992,rolling
RIC,2019,40,United_States_Grand_Prix,39,0.85,1.0196831168859533,rolling
RIC,2020,41,70th_Anniversary_Grand_Prix,40,0.8652850702011687,1.031895678691548,rolling
RIC,2020,42,Abu_Dhabi_Grand_Prix,41,0.8779820500577321,1.0292462777864138,rolling
RIC,2020,43,Austrian_Grand_Prix,42,0.8693898961587789,1.0277800955601408,rolling
RIC,2020,44,Bahrain_Grand_Prix,43,0.8882025233964937,1.141243951969197,rolling
RIC,2020,45,Belgian_Grand_Prix,44,0.8808681647939084,1.1331187159637324,rolling
RIC,2020,46,British_Grand_Prix,45,0.8843757251678772,1.1298850062426684,rolling
RIC,2020,47,Eifel_Grand_Prix,46,0.8870894195971216,1.1274642478560544,rolling
RIC,2020,48,Emilia_Romagna_Grand_Prix,47,0.8872978663531556,1.1151010487349313,rolling
RIC,2020,49,Hungarian_Grand_Prix,48,0.8905870556022912,1.1109046036595993,rolling
RIC,2020,50,Italian_Grand_Prix,49,0.8995770804471881,1.1078585025546557,rolling
RIC,2020,51,Portuguese_Grand_Prix,50,0.9184205383926625,1.15,rolling
RIC,2020,52,Russian_Grand_Prix,51,0.9272445060252273,1.15,rolling
RIC,2020,53,Sakhir_Grand_Prix,52,0.9275421721008549,1.15,rolling
RIC,2020,54,Spanish_Grand_Prix,53,0.9274330936186801,1.15,rolling
RIC,2020,55,Styrian_Grand_Prix,54,0.9255692442234934,1.15,rolling
RIC,2020,56,Turkish_Grand_Prix,55,0.927221336151478,1.15,rolling
RIC,2021,58,Abu_Dhabi_Grand_Prix,56,0.9228357763109412,1.1491518485841203,rolling
RIC,2021,59,Austrian_Grand_Prix,57,0.9279770792103338,1.1479812485621412,rolling
RIC,2021,60,Azerbaijan_Grand_Prix,58,0.9253133271752249,1.1418760619486497,rolling
RIC,2021,61,Bahrain_Grand_Prix,59,0.9267103689838578,1.1383295049359203,rolling
RIC,2021,63,British_Grand_Prix,60,0.9284807049928545,1.1371976789549665,rolling
RIC,2021,64,Dutch_Grand_Prix,61,0.9292945943022998,1.1338832854195995,rolling
RIC,2021,65,Emilia_Romagna_Grand_Prix,62,0.930955032537475,1.1360819413532628,rolling
RIC,2021,66,French_Grand_Prix,63,0.930770629507202,1.1365795714054088,rolling
RIC,2021,68,Italian_Grand_Prix,64,0.9329137323690272,1.137782656641968,rolling
RIC,2021,69,Mexico_City_Grand_Prix,65,0.9340561377529805,1.1371074160369803,rolling
RIC,2021,70,Monaco_Grand_Prix,66,0.9322163950101742,1.1353562315315977,rolling
RIC,2021,71,Portuguese_Grand_Prix,67,0.9259358229763919,1.127609322198222,rolling
RIC,2021,72,Qatar_Grand_Prix,68,0.9263472586603293,1.1244240189563361,rolling
RIC,2021,73,Russian_Grand_Prix,69,0.9199998135122548,1.125577679981298,rolling
RIC,2021,74,Saudi_Arabian_Grand_Prix,70,0.9255590167572307,1.1284812214881859,rolling
RIC,2021,75,Spanish_Grand_Prix,71,0.9339731135501588,1.15,rolling
RIC,2021,76,Styrian_Grand_Prix,72,0.9380917338134576,1.15,rolling
RIC,2021,77,São_Paulo_Grand_Prix,73,0.9355991436194518,1.15,rolling
RIC,2021,78,Turkish_Grand_Prix,74,0.9333821595936639,1.15,rolling
RIC,2021,79,United_States_Grand_Prix,75,0.9340967908168754,1.15,rolling
RIC,2022,80,Abu_Dhabi_Grand_Prix,76,0.9358471789956171,1.15,rolling
RIC,2022,81,Australian_Grand_Prix,77,0.9377495248034344,1.15,rolling
RIC,2022,82,Austrian_Grand_Prix,78,0.9395762168978261,1.15,rolling
RIC,2022,83,Azerbaijan_Grand_Prix,79,0.9399466982425949,1.15,rolling
RIC,2022,84,Bahrain_Grand_Prix,80,0.9439357283646314,1.15,rolling
RIC,2022,85,Belgian_Grand_Prix,81,0.943879559699391,1.15,rolling
RIC,2022,86,British_Grand_Prix,82,0.9468733691322662,1.15,rolling
RIC,2022,87,Canadian_Grand_Prix,83,0.9515184049122085,1.15,rolling
RIC,2022,88,Dutch_Grand_Prix,84,0.9536265543675814,1.15,rolling
RIC,2022,89,Emilia_Romagna_Grand_Prix,85,0.9521125355186278,1.15,rolling
RIC,2022,90,French_Grand_Prix,86,0.9455391224318208,1.15,rolling
RIC,2022,91,Hungarian_Grand_Prix,87,0.9450872976611808,1.15,rolling
RIC,2022,92,Italian_Grand_Prix,88,0.9442846175728812,1.15,rolling
RIC,2022,93,Japanese_Grand_Prix,89,0.9441697823449058,1.15,rolling
RIC,2022,94,Mexico_City_Grand_Prix,90,0.9417008794987431,1.143557680894153,rolling
RIC,2022,95,Miami_Grand_Prix,91,0.9411703651469147,1.1397776083007862,rolling
RIC,2022,96,Monaco_Grand_Prix,92,0.9409583682919055,1.1366119011317384,rolling
RIC,2022,97,Saudi_Arabian_Grand_Prix,93,0.9398371521249683,1.1326111568424075,rolling
RIC,2022,98,Singapore_Grand_Prix,94,0.9401560203086577,1.1345189717232531,rolling
RIC,2022,99,Spanish_Grand_Prix,95,0.9358659436075704,1.133703030306881,rolling
RIC,2022,101,United_States_Grand_Prix,96,0.9371906053597776,1.133948494024101,rolling
RIC,2023,102,Abu_Dhabi_Grand_Prix,97,0.9397286037777592,1.1339207791272654,rolling
RIC,2023,107,Belgian_Grand_Prix,98,0.9377419014285387,1.1308523654658125,rolling
RIC,2023,111,Hungarian_Grand_Prix,99,0.937413387427046,1.1299203789143455,rolling
RIC,2023,114,Las_Vegas_Grand_Prix,100,0.9391035900290686,1.1278307131116645,rolling
RIC,2023,115,Mexico_City_Grand_Prix,101,0.9407144223640209,1.126451158592973,rolling
RIC,2023,122,São_Paulo_Grand_Prix,102,0.9444505624582331,1.1350939946369851,rolling
RIC,2023,123,United_States_Grand_Prix,103,0.9453950691006714,1.1362337908715605,rolling
RIC,2024,125,Australian_Grand_Prix,104,0.9437449640972072,1.1346909693299345,rolling
RIC,2024,126,Austrian_Grand_Prix,105,0.9420571946593606,1.1324163345416807,rolling
RIC,2024,127,Azerbaijan_Grand_Prix,106,0.9432705826093174,1.1331276700080233,rolling
RIC,2024,128,Bahrain_Grand_Prix,107,0.9470501909416676,1.131357812917924,rolling
RIC,2024,129,Belgian_Grand_Prix,108,0.9472925329258779,1.1286572665322026,rolling
RIC,2024,130,British_Grand_Prix,109,0.9485630802930987,1.127904428582145,rolling
RIC,2024,131,Canadian_Grand_Prix,110,0.9514168203549829,1.12734600204673,rolling
RIC,2024,132,Chinese_Grand_Prix,111,0.9536680018727415,1.1257450106342166,rolling
RIC,2024,133,Dutch_Grand_Prix,112,0.9560996107111468,1.123451900746468,rolling
RIC,2024,134,Emilia_Romagna_Grand_Prix,113,0.9578729842472753,1.1214029735430928,rolling
RIC,2024,135,Hungarian_Grand_Prix,114,0.9593895355041526,1.120430150084452,rolling
RIC,2024,136,Italian_Grand_Prix,115,0.9589028215081414,1.1183214601267082,rolling
RIC,2024,140,Miami_Grand_Prix,116,0.971218932795991,1.126742014681639,rolling
RIC,2024,141,Monaco_Grand_Prix,117,0.9702245191647281,1.1267341223443808,rolling
RIC,2024,143,Saudi_Arabian_Grand_Prix,118,0.9731787305691741,1.1267007117787597,rolling
RIC,2024,144,Singapore_Grand_Prix,119,0.971159045795527,1.1232260731806516,rolling
RIC,2024,145,Spanish_Grand_Prix,120,0.9700742434163797,1.121459597435372,rolling
RUS,2019,20,Abu_Dhabi_Grand_Prix,0,1.05,0.95,fallback
RUS,2019,21,Australian_Grand_Prix,1,1.05,0.95,fallback
RUS,2019,22,Austrian_Grand_Prix,2,1.05,0.95,fallback
RUS,2019,23,Azerbaijan_Grand_Prix,3,1.05,0.95,fallback
RUS,2019,24,Bahrain_Grand_Prix,4,1.05,0.95,fallback
RUS,2019,25,Belgian_Grand_Prix,5,1.05,0.95,fallback
RUS,2019,26,Brazilian_Grand_Prix,6,1.05,0.95,fallback
RUS,2019,27,British_Grand_Prix,7,1.05,0.95,fallback
RUS,2019,28,Canadian_Grand_Prix,8,1.05,0.95,fallback
RUS,2019,29,Chinese_Grand_Prix,9,1.05,0.95,fallback
RUS,2019,30,French_Grand_Prix,10,1.05,0.95,fallback
RUS,2019,31,German_Grand_Prix,11,1.05,0.95,fallback
RUS,2019,32,Hungarian_Grand_Prix,12,1.05,0.95,fallback
RUS,2019,33,Italian_Grand_Prix,13,1.05,0.95,fallback
RUS,2019,34,Japanese_Grand_Prix,14,1.05,0.95,fallback
RUS,2019,35,Mexican_Grand_Prix,15,1.05,0.95,fallback
RUS,2019,36,Monaco_Grand_Prix,16,1.05,0.95,fallback
RUS,2019,37,Russian_Grand_Prix,17,1.05,0.95,fallback
RUS,2019,38,Singapore_Grand_Prix,18,1.05,0.95,fallback
RUS,2019,39,Spanish_Grand_Prix,19,1.05,0.95,fallback
RUS,2019,40,United_States_Grand_Prix,20,1.0594705856922404,1.079116382097083,rolling
RUS,2020,41,70th_Anniversary_Grand_Prix,21,1.0532238591302463,1.0613816128133542,rolling
RUS,2020,42,Abu_Dhabi_Grand_Prix,22,1.062114242569626,1.0659897095855546,rolling
RUS,2020,43,Austrian_Grand_Prix,23,1.067258298741911,1.0741585645877214,rolling
RUS,2020,44,Bahrain_Grand_Prix,24,1.0636556398594785,1.136507617918711,rolling
RUS,2020,45,Belgian_Grand_Prix,25,1.0662777027645634,1.1406532784762138,rolling
RUS,2020,46,British_Grand_Prix,26,1.0292517944949044,1.15,rolling
RUS,2020,47,Eifel_Grand_Prix,27,1.0326387200175478,1.15,rolling
RUS,2020,48,Emilia_Romagna_Grand_Prix,28,1.004470883153581,1.15,rolling
RUS,2020,49,Hungarian_Grand_Prix,29,1.0104489252242168,1.15,rolling
RUS,2020,50,Italian_Grand_Prix,30,1.0288861995514875,1.135696432332605,rolling
RUS,2020,51,Portuguese_Grand_Prix,31,0.9572203693451498,1.0488221511264313,rolling
RUS,2020,52,Russian_Grand_Prix,32,0.9556727913578252,1.047200613312596,rolling
RUS,2020,53,Sakhir_Grand_Prix,33,0.9579488473105152,1.042579356147194,rolling
RUS,2020,54,Spanish_Grand_Prix,34,0.9565505637876796,1.0392174343651954,rolling
RUS,2020,55,Styrian_Grand_Prix,35,0.9555781773451211,1.0533687766389237,rolling
RUS,2020,56,Turkish_Grand_Prix,36,0.955403547110123,1.040430174165836,rolling
RUS,2021,58,Abu_Dhabi_Grand_Prix,37,0.9665414856489395,1.0727515192318144,rolling
RUS,2021,59,Austrian_Grand_Prix,38,0.9549061998705224,1.0748827067807796,rolling
RUS,2021,60,Azerbaijan_Grand_Prix,39,0.9599830409939974,1.073838029629093,rolling
RUS,2021,61,Bahrain_Grand_Prix,40,0.9369695145828966,1.077055791422293,rolling
RUS,2021,63,British_Grand_Prix,41,0.9437044132364373,1.085152861620108,rolling
RUS,2021,64,Dutch_Grand_Prix,42,0.9308172008290538,1.0718854999385432,rolling
RUS,2021,66,French_Grand_Prix,43,0.9287633118400089,1.0722783177062274,rolling
RUS,2021,67,Hungarian_Grand_Prix,44,0.9345791983819944,1.0732219422172027,rolling
RUS,2021,68,Italian_Grand_Prix,45,0.9278897730012201,1.0664290759653368,rolling
RUS,2021,69,Mexico_City_Grand_Prix,46,0.9258322714563536,1.0651006923473165,rolling
RUS,2021,70,Monaco_Grand_Prix,47,0.9275952967312843,1.0679316285533598,rolling
RUS,2021,71,Portuguese_Grand_Prix,48,0.9303633149517141,1.0651818893078848,rolling
RUS,2021,72,Qatar_Grand_Prix,49,0.9305460444882981,1.0617330071800046,rolling
RUS,2021,73,Russian_Grand_Prix,50,0.9301112833343518,1.0588284753671382,rolling
RUS,2021,74,Saudi_Arabian_Grand_Prix,51,0.936225108653066,1.0292496841631147,rolling
RUS,2021,75,Spanish_Grand_Prix,52,0.9391121748271292,1.0765079099850754,rolling
RUS,2021,76,Styrian_Grand_Prix,53,0.9394640709629588,1.0778493496308723,rolling
RUS,2021,77,São_Paulo_Grand_Prix,54,0.9457615582563815,1.0877352600483754,rolling
RUS,2021,78,Turkish_Grand_Prix,55,0.9433645327173524,1.0862599526157826,rolling
RUS,2021,79,United_States_Grand_Prix,56,0.9393255594920005,1.0877441674592068,rolling
RUS,2022,80,Abu_Dhabi_Grand_Prix,57,0.9364016739314258,1.0863037822099835,rolling
RUS,2022,81,Australian_Grand_Prix,58,0.9379167535171413,1.084181537083911,rolling
RUS,2022,82,Austrian_Grand_Prix,59,0.9374882637332972,1.0832520940141928,rolling
RUS,2022,83,Azerbaijan_Grand_Prix,60,0.9397570044294451,1.083280077952438,rolling
RUS,2022,84,Bahrain_Grand_Prix,61,0.9471360895759956,1.0849532075627706,rolling
RUS,2022,87,Canadian_Grand_Prix,62,0.9495838465285714,1.0837151440341504,rolling
RUS,2022,88,Dutch_Grand_Prix,63,0.9467682673237447,1.0831680905061527,rolling
RUS,2022,89,Emilia_Romagna_Grand_Prix,64,0.946984617166149,1.0803595195153985,rolling
RUS,2022,90,French_Grand_Prix,65,0.9478155103592898,1.082035258371572,rolling
RUS,2022,91,Hungarian_Grand_Prix,66,0.9462506049310824,1.0806383811982716,rolling
RUS,2022,92,Italian_Grand_Prix,67,0.9459618295784655,1.083970847264317,rolling
RUS,2022,93,Japanese_Grand_Prix,68,0.9511505185839869,1.0913227933766254,rolling
RUS,2022,94,Mexico_City_Grand_Prix,69,0.9569335613702175,1.088659141956672,rolling
RUS,2022,95,Miami_Grand_Prix,70,0.9557108360102277,1.0873887208297952,rolling
RUS,2022,96,Monaco_Grand_Prix,71,0.9498142777172445,1.084184143978987,rolling
RUS,2022,97,Saudi_Arabian_Grand_Prix,72,0.9770904504113945,1.086881967423343,rolling
RUS,2022,98,Singapore_Grand_Prix,73,0.9851142247382698,1.0888865622607624,rolling
RUS,2022,99,Spanish_Grand_Prix,74,0.940848260994689,1.0826624159288407,rolling
RUS,2022,100,São_Paulo_Grand_Prix,75,0.9432214530835532,1.0854902990551913,rolling
RUS,2022,101,United_States_Grand_Prix,76,0.945694658315815,1.0886894246508254,rolling
RUS,2023,102,Abu_Dhabi_Grand_Prix,77,0.9474351625647137,1.0882830310032325,rolling
RUS,2023,103,Australian_Grand_Prix,78,0.9501077035014687,1.0879822201147746,rolling
RUS,2023,104,Austrian_Grand_Prix,79,0.935102693116771,1.066277597285369,rolling
RUS,2023,105,Azerbaijan_Grand_Prix,80,0.9361719076670015,1.0642349933980866,rolling
RUS,2023,106,Bahrain_Grand_Prix,81,0.9340481281807391,1.0631598763267138,rolling
RUS,2023,107,Belgian_Grand_Prix,82,0.9343155893277699,1.0618806159761078,rolling
RUS,2023,108,British_Grand_Prix,83,0.9360845540209587,1.0595536011120024,rolling
RUS,2023,109,Canadian_Grand_Prix,84,0.9398201849600244,1.0601537905127056,rolling
RUS,2023,110,Dutch_Grand_Prix,85,0.9388219285915663,1.0610830802511648,rolling
RUS,2023,111,Hungarian_Grand_Prix,86,0.942145081342744,1.0598445063672657,rolling
RUS,2023,112,Italian_Grand_Prix,87,0.9412217841747044,1.0579917161259498,rolling
RUS,2023,113,Japanese_Grand_Prix,88,0.9424549470071231,1.0591284531071086,rolling
RUS,2023,114,Las_Vegas_Grand_Prix,89,0.9467514407639516,1.0601633184419736,rolling
RUS,2023,115,Mexico_City_Grand_Prix,90,0.9485739274372258,1.0612897325152164,rolling
RUS,2023,116,Miami_Grand_Prix,91,0.9491609298992502,1.0613235892048283,rolling
RUS,2023,117,Monaco_Grand_Prix,92,0.9486949614023508,1.0624421375284454,rolling
RUS,2023,119,Saudi_Arabian_Grand_Prix,93,0.9531687405561513,1.0644065485256669,rolling
RUS,2023,120,Singapore_Grand_Prix,94,0.9550966107442506,1.065519985252687,rolling
RUS,2023,121,Spanish_Grand_Prix,95,0.9582893564432275,1.066590608922256,rolling
RUS,2023,122,São_Paulo_Grand_Prix,96,0.9585223076754629,1.0656756996238042,rolling
RUS,2023,123,United_States_Grand_Prix,97,0.9573525436348214,1.0659836859791305,rolling
RUS,2024,124,Abu_Dhabi_Grand_Prix,98,0.9553414221381732,1.064058075952225,rolling
RUS,2024,125,Australian_Grand_Prix,99,0.956210861692535,1.066202396721475,rolling
RUS,2024,126,Austrian_Grand_Prix,100,0.9601568805408993,1.0635834244382294,rolling
RUS,2024,127,Azerbaijan_Grand_Prix,101,0.9593456913489116,1.063005031810093,rolling
RUS,2024,128,Bahrain_Grand_Prix,102,0.9602947350438563,1.0635097062211651,rolling
RUS,2024,129,Belgian_Grand_Prix,103,0.9597020620759588,1.0644916078935223,rolling
RUS,2024,130,British_Grand_Prix,104,0.9584123795290189,1.064131398382072,rolling
RUS,2024,131,Canadian_Grand_Prix,105,0.9594228711019982,1.0664422114472174,rolling
RUS,2024,132,Chinese_Grand_Prix,106,0.969215711258812,1.0696547153839753,rolling
RUS,2024,133,Dutch_Grand_Prix,107,0.9691934693487374,1.0693385855090882,rolling
RUS,2024,134,Emilia_Romagna_Grand_Prix,108,0.9697349788149188,1.0706671160916748,rolling
RUS,2024,135,Hungarian_Grand_Prix,109,0.9695121005974088,1.0711938496589843,rolling
RUS,2024,136,Italian_Grand_Prix,110,0.9669423938240088,1.066155664130305,rolling
RUS,2024,137,Japanese_Grand_Prix,111,0.9652512275824302,1.0656491048906456,rolling
RUS,2024,138,Las_Vegas_Grand_Prix,112,0.9640144143066145,1.0664679167969662,rolling
RUS,2024,139,Mexico_City_Grand_Prix,113,0.965417015573293,1.0686883190277805,rolling
RUS,2024,140,Miami_Grand_Prix,114,0.9664122850220596,1.0697061155137824,rolling
RUS,2024,141,Monaco_Grand_Prix,115,0.9681325810870233,1.07072321275945,rolling
RUS,2024,142,Qatar_Grand_Prix,116,0.9669036612984936,1.0728939392085888,rolling
RUS,2024,143,Saudi_Arabian_Grand_Prix,117,0.9690156918613221,1.0729512472875526,rolling
RUS,2024,144,Singapore_Grand_Prix,118,0.9674149091402172,1.0726220523923633,rolling
RUS,2024,145,Spanish_Grand_Prix,119,0.9684603979798349,1.072451966818193,rolling
RUS,2024,146,São_Paulo_Grand_Prix,120,0.9679165773555937,1.0726413874454164,rolling
RUS,2025,148,Abu_Dhabi_Grand_Prix,121,0.9780137256231451,1.0806796867483333,rolling
RUS,2025,149,Australian_Grand_Prix,122,0.9781364057790632,1.0831267801167723,rolling
RUS,2025,151,Azerbaijan_Grand_Prix,123,0.9812326324546782,1.0851882230676542,rolling
RUS,2025,152,Bahrain_Grand_Prix,124,0.9812231323479321,1.0840169407054099,rolling
RUS,2025,153,Belgian_Grand_Prix,125,0.9818836716368561,1.0831189646779797,rolling
RUS,2025,154,British_Grand_Prix,126,0.9856062770434052,1.0852391951011195,rolling
RUS,2025,155,Canadian_Grand_Prix,127,0.9631344065497442,1.077675495473884,rolling
RUS,2025,156,Chinese_Grand_Prix,128,0.9625733007145099,1.077690542107477,rolling
RUS,2025,157,Dutch_Grand_Prix,129,0.9640579575619564,1.0779969966168068,rolling
RUS,2025,158,Emilia_Romagna_Grand_Prix,130,0.9652039610401062,1.0791505539816213,rolling
RUS,2025,159,Hungarian_Grand_Prix,131,0.9657842683011725,1.0782198961029803,rolling
RUS,2025,160,Italian_Grand_Prix,132,0.9664662636712312,1.0788835533514018,rolling
RUS,2025,161,Japanese_Grand_Prix,133,0.9677986606681832,1.0785861208808092,rolling
RUS,2025,162,Las_Vegas_Grand_Prix,134,0.9670591033423814,1.0790244156645632,rolling
RUS,2025,163,Mexico_City_Grand_Prix,135,0.9724327987469243,1.080721157552958,rolling
RUS,2025,164,Miami_Grand_Prix,136,0.9713301842892484,1.0796125621348247,rolling
RUS,2025,165,Monaco_Grand_Prix,137,0.9690981726878991,1.0785692992235347,rolling
RUS,2025,166,Qatar_Grand_Prix,138,0.9673368863227514,1.0745721220156947,rolling
RUS,2025,167,Saudi_Arabian_Grand_Prix,139,0.9645635625236343,1.0743408225632016,rolling
RUS,2025,168,Singapore_Grand_Prix,140,0.9658638821451568,1.0745771752018267,rolling
RUS,2025,169,Spanish_Grand_Prix,141,0.9683580801271627,1.0753444238055019,rolling
RUS,2025,170,São_Paulo_Grand_Prix,142,0.9668748736499182,1.0734475048299201,rolling
RUS,2025,171,United_States_Grand_Prix,143,0.9671603441279619,1.0722519025631676,rolling
RUS,2026,172,Australian_Grand_Prix,144,0.9736707801565285,1.0831454990567062,rolling
RUS,2026,173,Canadian_Grand_Prix,145,0.975036831014036,1.0828365169605765,rolling
RUS,2026,174,Chinese_Grand_Prix,146,0.9758727442035577,1.0830767146622604,rolling
RUS,2026,175,Japanese_Grand_Prix,147,0.9756883018971247,1.0820520864411907,rolling
RUS,2026,176,Miami_Grand_Prix,148,0.9767450402126383,1.0827398861229551,rolling
RUS,2026,177,Monaco_Grand_Prix,149,0.9757194659287693,1.0817827438467629,rolling
SAI,2018,1,Australian_Grand_Prix,0,1.05,0.95,fallback
SAI,2018,2,Austrian_Grand_Prix,1,1.05,0.95,fallback
SAI,2018,3,Azerbaijan_Grand_Prix,2,1.05,0.95,fallback
SAI,2018,4,Bahrain_Grand_Prix,3,1.05,0.95,fallback
SAI,2018,6,Brazilian_Grand_Prix,4,1.05,0.95,fallback
SAI,2018,7,British_Grand_Prix,5,1.05,0.95,fallback
SAI,2018,8,Canadian_Grand_Prix,6,1.05,0.95,fallback
SAI,2018,9,Chinese_Grand_Prix,7,1.05,0.95,fallback
SAI,2018,10,French_Grand_Prix,8,1.05,0.95,fallback
SAI,2018,11,German_Grand_Prix,9,1.05,0.95,fallback
SAI,2018,12,Hungarian_Grand_Prix,10,1.0,0.9,fallback
SAI,2018,13,Japanese_Grand_Prix,11,1.0,0.9,fallback
SAI,2018,14,Mexican_Grand_Prix,12,1.0,0.9,fallback
SAI,2018,15,Monaco_Grand_Prix,13,1.0,0.9,fallback
SAI,2018,16,Russian_Grand_Prix,14,1.0,0.9,fallback
SAI,2018,17,Singapore_Grand_Prix,15,1.0,0.9,fallback
SAI,2018,19,United_States_Grand_Prix,16,1.0,0.9,fallback
SAI,2019,20,Abu_Dhabi_Grand_Prix,17,1.0,0.9,fallback
SAI,2019,21,Australian_Grand_Prix,18,1.0,0.9,fallback
SAI,2019,22,Austrian_Grand_Prix,19,1.0,0.9,fallback
SAI,2019,23,Azerbaijan_Grand_Prix,20,1.03726205243859,1.130662983628509,rolling
SAI,2019,24,Bahrain_Grand_Prix,21,1.0380451383861258,1.1220751000134146,rolling
SAI,2019,26,Brazilian_Grand_Prix,22,1.0262351160869372,1.1148214877474172,rolling
SAI,2019,27,British_Grand_Prix,23,1.0236092701160486,1.1118159271019614,rolling
SAI,2019,28,Canadian_Grand_Prix,24,1.015105696489792,1.1080170152432476,rolling
SAI,2019,29,Chinese_Grand_Prix,25,1.0319056064407732,1.15,rolling
SAI,2019,30,French_Grand_Prix,26,1.0295513607366191,1.15,rolling
SAI,2019,31,German_Grand_Prix,27,1.021245684053724,1.1478654877494545,rolling
SAI,2019,32,Hungarian_Grand_Prix,28,0.9924193627414212,1.0088282273887312,rolling
SAI,2019,33,Italian_Grand_Prix,29,0.9924249816057353,1.011591776949286,rolling
SAI,2019,34,Japanese_Grand_Prix,30,1.0074825897073512,1.0307978503396555,rolling
SAI,2019,35,Mexican_Grand_Prix,31,1.0186486974576976,1.0267899067457837,rolling
SAI,2019,36,Monaco_Grand_Prix,32,1.0182334980060488,1.0223064238063224,rolling
SAI,2019,37,Russian_Grand_Prix,33,1.0174530951170706,1.035274934564289,rolling
SAI,2019,38,Singapore_Grand_Prix,34,1.022189666626372,1.03647142829451,rolling
SAI,2019,39,Spanish_Grand_Prix,35,1.0161722506572552,1.02512376389998,rolling
SAI,2019,40,United_States_Grand_Prix,36,1.0213098489567995,1.0211697396943096,rolling
SAI,2020,41,70th_Anniversary_Grand_Prix,37,1.027056709405064,1.0281434080560705,rolling
SAI,2020,42,Abu_Dhabi_Grand_Prix,38,1.0284162258362193,1.02634854890802,rolling
SAI,2020,43,Austrian_Grand_Prix,39,1.0256017764160401,1.0247900161846113,rolling
SAI,2020,44,Bahrain_Grand_Prix,40,1.0229916019379364,1.036407891984731,rolling
SAI,2020,46,British_Grand_Prix,41,1.0173256455931377,1.033619937533233,rolling
SAI,2020,47,Eifel_Grand_Prix,42,1.015453194298917,1.035438851240889,rolling
SAI,2020,48,Emilia_Romagna_Grand_Prix,43,1.017682594367216,1.026178986732432,rolling
SAI,2020,49,Hungarian_Grand_Prix,44,1.0175079549763903,1.0266678562229372,rolling
SAI,2020,50,Italian_Grand_Prix,45,1.006114016499045,1.0338867921605448,rolling
SAI,2020,51,Portuguese_Grand_Prix,46,1.0055670865133597,1.033982906142778,rolling
SAI,2020,53,Sakhir_Grand_Prix,47,1.004456145658446,1.036241245022269,rolling
SAI,2020,54,Spanish_Grand_Prix,48,1.0053254095843134,1.037807959852301,rolling
SAI,2020,55,Styrian_Grand_Prix,49,1.004169404112953,1.0371221169514564,rolling
SAI,2020,56,Turkish_Grand_Prix,50,1.0028626763348263,1.0407907223732877,rolling
SAI,2021,58,Abu_Dhabi_Grand_Prix,51,1.0248538401486509,1.0505970274734082,rolling
SAI,2021,59,Austrian_Grand_Prix,52,1.0175365465215511,1.048194068315133,rolling
SAI,2021,60,Azerbaijan_Grand_Prix,53,1.0146349379473611,1.0458054226432207,rolling
SAI,2021,61,Bahrain_Grand_Prix,54,1.0169185864226773,1.0451879020253259,rolling
SAI,2021,63,British_Grand_Prix,55,1.0160867278847179,1.0428171631852814,rolling
SAI,2021,64,Dutch_Grand_Prix,56,1.0118970625344723,1.041164672814451,rolling
SAI,2021,65,Emilia_Romagna_Grand_Prix,57,1.0107424058569596,1.0418999269676914,rolling
SAI,2021,66,French_Grand_Prix,58,1.0047758950540215,1.0285546387173183,rolling
SAI,2021,68,Italian_Grand_Prix,59,1.0060789534648664,1.032162844754116,rolling
SAI,2021,69,Mexico_City_Grand_Prix,60,1.0056782891204674,1.0297957183363482,rolling
SAI,2021,71,Portuguese_Grand_Prix,61,1.0026841830718172,1.0237734982698463,rolling
SAI,2021,72,Qatar_Grand_Prix,62,1.002601326021787,1.0257893426271862,rolling
SAI,2021,73,Russian_Grand_Prix,63,1.0021447602818274,1.0276273698739427,rolling
SAI,2021,74,Saudi_Arabian_Grand_Prix,64,1.0144439385790827,1.0467017130031622,rolling
SAI,2021,75,Spanish_Grand_Prix,65,1.0095463824993507,1.0427627444957988,rolling
SAI,2021,76,Styrian_Grand_Prix,66,1.0052867928697553,1.0401091906048034,rolling
SAI,2021,77,São_Paulo_Grand_Prix,67,0.997915078332634,1.0367161536006262,rolling
SAI,2021,78,Turkish_Grand_Prix,68,0.9961422306424607,1.0360101150234486,rolling
SAI,2021,79,United_States_Grand_Prix,69,0.9873740096807189,1.0325621603865518,rolling
SAI,2022,80,Abu_Dhabi_Grand_Prix,70,0.9880115306849692,1.032211539651883,rolling
SAI,2022,82,Austrian_Grand_Prix,71,0.9864046658647937,1.0306336984644897,rolling
SAI,2022,83,Azerbaijan_Grand_Prix,72,0.9888642700760469,1.0338355692543104,rolling
SAI,2022,84,Bahrain_Grand_Prix,73,0.9930330246179896,1.0351794303622945,rolling
SAI,2022,85,Belgian_Grand_Prix,74,0.9923881964523802,1.0351975513539333,rolling
SAI,2022,86,British_Grand_Prix,75,0.9950440295931255,1.0379521774954816,rolling
SAI,2022,87,Canadian_Grand_Prix,76,0.9952000356046286,1.0364114584923962,rolling
SAI,2022,88,Dutch_Grand_Prix,77,1.0026444541775943,1.0395826517589524,rolling
SAI,2022,90,French_Grand_Prix,78,1.0010383551477138,1.0399245122261134,rolling
SAI,2022,91,Hungarian_Grand_Prix,79,1.0016606501303014,1.0321866209658637,rolling
SAI,2022,92,Italian_Grand_Prix,80,1.0038889143451941,1.034164539366424,rolling
SAI,2022,94,Mexico_City_Grand_Prix,81,1.001411247915612,1.0296838271691247,rolling
SAI,2022,95,Miami_Grand_Prix,82,1.0003598939385983,1.0299044259571317,rolling
SAI,2022,96,Monaco_Grand_Prix,83,1.0007127279433925,1.0308489753153491,rolling
SAI,2022,97,Saudi_Arabian_Grand_Prix,84,1.0037497013719758,1.0299028159037793,rolling
SAI,2022,98,Singapore_Grand_Prix,85,1.0025044352037653,1.0287402256954499,rolling
SAI,2022,99,Spanish_Grand_Prix,86,1.0002727009789842,1.0270513325297663,rolling
SAI,2022,100,São_Paulo_Grand_Prix,87,0.9990303929992141,1.0151127391401398,rolling
SAI,2023,102,Abu_Dhabi_Grand_Prix,88,0.9998867762707555,1.014749960818268,rolling
SAI,2023,104,Austrian_Grand_Prix,89,1.0000884773306788,1.015553799956909,rolling
SAI,2023,105,Azerbaijan_Grand_Prix,90,0.9993653968342273,1.0166665874141023,rolling
SAI,2023,106,Bahrain_Grand_Prix,91,0.9995741596535281,1.0178251574097148,rolling
SAI,2023,107,Belgian_Grand_Prix,92,1.0003064309326586,1.0166271224738699,rolling
SAI,2023,108,British_Grand_Prix,93,0.9895983694143093,1.0155569531428486,rolling
SAI,2023,109,Canadian_Grand_Prix,94,0.9882796079369985,1.0150039829607929,rolling
SAI,2023,110,Dutch_Grand_Prix,95,0.9877644838414947,1.0156811409881557,rolling
SAI,2023,111,Hungarian_Grand_Prix,96,0.9912345739108461,1.016419078754733,rolling
SAI,2023,112,Italian_Grand_Prix,97,0.9905762757432176,1.016168582396003,rolling
SAI,2023,113,Japanese_Grand_Prix,98,0.9908687879010926,1.0162279296026195,rolling
SAI,2023,114,Las_Vegas_Grand_Prix,99,0.9903876098863652,1.0157328511946864,rolling
SAI,2023,115,Mexico_City_Grand_Prix,100,0.9866342730829757,1.0138274168229524,rolling
SAI,2023,116,Miami_Grand_Prix,101,0.9864584105422987,1.01317948289598,rolling
SAI,2023,117,Monaco_Grand_Prix,102,0.9869603441228357,1.0140141771105788,rolling
SAI,2023,119,Saudi_Arabian_Grand_Prix,103,0.9884250333550865,1.0142257405342365,rolling
SAI,2023,120,Singapore_Grand_Prix,104,0.989981403135141,1.0143478207005878,rolling
SAI,2023,121,Spanish_Grand_Prix,105,0.9875556793099761,1.0148657548346234,rolling
SAI,2023,123,United_States_Grand_Prix,106,0.98801135542821,1.0162261852215753,rolling
SAI,2024,124,Abu_Dhabi_Grand_Prix,107,0.986744672165076,1.0152128909933948,rolling
SAI,2024,125,Australian_Grand_Prix,108,0.9882232133063208,1.0163287690629697,rolling
SAI,2024,126,Austrian_Grand_Prix,109,0.9884282176259997,1.017250726862139,rolling
SAI,2024,127,Azerbaijan_Grand_Prix,110,0.9886473157984156,1.0165565852258418,rolling
SAI,2024,128,Bahrain_Grand_Prix,111,0.9885241340649812,1.0158761643971137,rolling
SAI,2024,129,Belgian_Grand_Prix,112,0.9888417982176472,1.016293973666924,rolling
SAI,2024,130,British_Grand_Prix,113,0.986172856219911,1.0155905736477608,rolling
SAI,2024,131,Canadian_Grand_Prix,114,0.9873760774921534,1.0223086107125903,rolling
SAI,2024,132,Chinese_Grand_Prix,115,0.9911287473364794,1.0196253548734995,rolling
SAI,2024,133,Dutch_Grand_Prix,116,0.9903831283704149,1.0196290832011614,rolling
SAI,2024,134,Emilia_Romagna_Grand_Prix,117,0.9894205394128304,1.0184963752642568,rolling
SAI,2024,135,Hungarian_Grand_Prix,118,0.9893893068050099,1.018702557087034,rolling
SAI,2024,136,Italian_Grand_Prix,119,0.9886506928186751,1.017819320195591,rolling
SAI,2024,137,Japanese_Grand_Prix,120,0.9882953580866729,1.017141157965971,rolling
SAI,2024,138,Las_Vegas_Grand_Prix,121,0.988367678109933,1.0164097511607073,rolling
SAI,2024,139,Mexico_City_Grand_Prix,122,0.9891175110689938,1.0164586006839116,rolling
SAI,2024,140,Miami_Grand_Prix,123,0.9890979345107194,1.0171569150448154,rolling
SAI,2024,141,Monaco_Grand_Prix,124,0.989379358322307,1.0171046750322184,rolling
SAI,2024,142,Qatar_Grand_Prix,125,0.9881619738065417,1.0169209225549807,rolling
SAI,2024,144,Singapore_Grand_Prix,126,0.987581414080175,1.0174338957318065,rolling
SAI,2024,145,Spanish_Grand_Prix,127,0.9870570371718458,1.0204431629942576,rolling
SAI,2024,146,São_Paulo_Grand_Prix,128,0.9861748737122565,1.0220810024622753,rolling
SAI,2024,147,United_States_Grand_Prix,129,0.9757661942818806,1.018265947139762,rolling
SAI,2025,148,Abu_Dhabi_Grand_Prix,130,0.9756924872411074,1.017619749620263,rolling
SAI,2025,151,Azerbaijan_Grand_Prix,131,0.9757497022189172,1.0182230160363503,rolling
SAI,2025,152,Bahrain_Grand_Prix,132,0.979259201871584,1.0214751738004495,rolling
SAI,2025,153,Belgian_Grand_Prix,133,0.9771420124145809,1.020795368863964,rolling
SAI,2025,154,British_Grand_Prix,134,0.97547098174472,1.0185162672732357,rolling
SAI,2025,155,Canadian_Grand_Prix,135,0.9694083548702265,1.0206896619505836,rolling
SAI,2025,156,Chinese_Grand_Prix,136,0.9683179380765015,1.0215572434575082,rolling
SAI,2025,157,Dutch_Grand_Prix,137,0.9689228331562879,1.0222302684468618,rolling
SAI,2025,158,Emilia_Romagna_Grand_Prix,138,0.9683230270499028,1.022994812819226,rolling
SAI,2025,159,Hungarian_Grand_Prix,139,0.9663623894306916,1.0237204478800146,rolling
SAI,2025,160,Italian_Grand_Prix,140,0.9661958500489919,1.0232388065474227,rolling
SAI,2025,161,Japanese_Grand_Prix,141,0.9669254947885759,1.0220833962325733,rolling
SAI,2025,162,Las_Vegas_Grand_Prix,142,0.9674030356192793,1.021313622188912,rolling
SAI,2025,163,Mexico_City_Grand_Prix,143,0.9686308907586313,1.0216913592496801,rolling
SAI,2025,164,Miami_Grand_Prix,144,0.9695992775290723,1.022929837471331,rolling
SAI,2025,165,Monaco_Grand_Prix,145,0.9693637161503392,1.023050521775585,rolling
SAI,2025,166,Qatar_Grand_Prix,146,0.971098325716719,1.022474489466732,rolling
SAI,2025,167,Saudi_Arabian_Grand_Prix,147,0.9717850316370005,1.0228986964184765,rolling
SAI,2025,168,Singapore_Grand_Prix,148,0.971750518334158,1.023425048025718,rolling
SAI,2025,169,Spanish_Grand_Prix,149,0.97378050572774,1.0229261201561024,rolling
SAI,2025,170,São_Paulo_Grand_Prix,150,0.9749853124900167,1.022978951825515,rolling
SAI,2025,171,United_States_Grand_Prix,151,0.9747622090902567,1.0248125384199671,rolling
SAI,2026,172,Australian_Grand_Prix,152,0.9726816631715113,1.026995021755733,rolling
SAI,2026,173,Canadian_Grand_Prix,153,0.9669863176152665,1.0230309016378532,rolling
SAI,2026,175,Japanese_Grand_Prix,154,0.9885773792055907,1.0299730142036283,rolling
SAI,2026,176,Miami_Grand_Prix,155,0.9886876750752188,1.0295663762363434,rolling
SAI,2026,177,Monaco_Grand_Prix,156,0.9873731623442539,1.0289508823180693,rolling
SAR,2023,102,Abu_Dhabi_Grand_Prix,0,1.05,0.95,fallback
SAR,2023,103,Australian_Grand_Prix,1,1.05,0.95,fallback
SAR,2023,104,Austrian_Grand_Prix,2,1.05,0.95,fallback
SAR,2023,105,Azerbaijan_Grand_Prix,3,1.05,0.95,fallback
SAR,2023,106,Bahrain_Grand_Prix,4,1.05,0.95,fallback
SAR,2023,107,Belgian_Grand_Prix,5,1.05,0.95,fallback
SAR,2023,108,British_Grand_Prix,6,1.05,0.95,fallback
SAR,2023,109,Canadian_Grand_Prix,7,1.05,0.95,fallback
SAR,2023,110,Dutch_Grand_Prix,8,1.05,0.95,fallback
SAR,2023,111,Hungarian_Grand_Prix,9,1.05,0.95,fallback
SAR,2023,112,Italian_Grand_Prix,10,1.05,0.95,fallback
SAR,2023,113,Japanese_Grand_Prix,11,1.05,0.95,fallback
SAR,2023,114,Las_Vegas_Grand_Prix,12,1.05,0.95,fallback
SAR,2023,115,Mexico_City_Grand_Prix,13,1.05,0.95,fallback
SAR,2023,116,Miami_Grand_Prix,14,1.05,0.95,fallback
SAR,2023,117,Monaco_Grand_Prix,15,1.05,0.95,fallback
SAR,2023,118,Qatar_Grand_Prix,16,1.05,0.95,fallback
SAR,2023,119,Saudi_Arabian_Grand_Prix,17,1.05,0.95,fallback
SAR,2023,120,Singapore_Grand_Prix,18,1.05,0.95,fallback
SAR,2023,121,Spanish_Grand_Prix,19,1.05,0.95,fallback
SAR,2023,123,United_States_Grand_Prix,20,0.85,0.85,rolling
SAR,2024,126,Austrian_Grand_Prix,21,0.85,0.85,rolling
SAR,2024,128,Bahrain_Grand_Prix,22,0.85,0.85,rolling
SAR,2024,129,Belgian_Grand_Prix,23,0.85,0.85,rolling
SAR,2024,130,British_Grand_Prix,24,0.85,0.85,rolling
SAR,2024,131,Canadian_Grand_Prix,25,0.85,0.85,rolling
SAR,2024,132,Chinese_Grand_Prix,26,0.85,0.85,rolling
SAR,2024,133,Dutch_Grand_Prix,27,0.85,0.85,rolling
SAR,2024,134,Emilia_Romagna_Grand_Prix,28,0.85,0.85,rolling
SAR,2024,135,Hungarian_Grand_Prix,29,0.85,0.85,rolling
SAR,2024,140,Miami_Grand_Prix,30,0.85,0.85,rolling
SAR,2024,141,Monaco_Grand_Prix,31,0.85,0.85,rolling
SAR,2024,143,Saudi_Arabian_Grand_Prix,32,0.85,0.85,rolling
SAR,2024,145,Spanish_Grand_Prix,33,0.85,0.85,rolling
SIR,2018,0,Abu_Dhabi_Grand_Prix,0,1.05,0.95,fallback
SIR,2018,1,Australian_Grand_Prix,1,1.05,0.95,fallback
SIR,2018,2,Austrian_Grand_Prix,2,1.05,0.95,fallback
SIR,2018,4,Bahrain_Grand_Prix,3,1.05,0.95,fallback
SIR,2018,5,Belgian_Grand_Prix,4,1.05,0.95,fallback
SIR,2018,6,Brazilian_Grand_Prix,5,1.05,0.95,fallback
SIR,2018,7,British_Grand_Prix,6,1.05,0.95,fallback
SIR,2018,9,Chinese_Grand_Prix,7,1.05,0.95,fallback
SIR,2018,10,French_Grand_Prix,8,1.05,0.95,fallback
SIR,2018,11,German_Grand_Prix,9,1.05,0.95,fallback
SIR,2018,12,Hungarian_Grand_Prix,10,1.05,0.95,fallback
SIR,2018,13,Japanese_Grand_Prix,11,1.05,0.95,fallback
SIR,2018,14,Mexican_Grand_Prix,12,1.05,0.95,fallback
SIR,2018,15,Monaco_Grand_Prix,13,1.05,0.95,fallback
SIR,2018,16,Russian_Grand_Prix,14,1.05,0.95,fallback
SIR,2018,17,Singapore_Grand_Prix,15,1.05,0.95,fallback
SIR,2018,18,Spanish_Grand_Prix,16,1.05,0.95,fallback
SIR,2018,19,United_States_Grand_Prix,17,1.05,0.95,fallback
STR,2018,0,Abu_Dhabi_Grand_Prix,0,1.05,0.95,fallback
STR,2018,1,Australian_Grand_Prix,1,1.05,0.95,fallback
STR,2018,2,Austrian_Grand_Prix,2,1.05,0.95,fallback
STR,2018,4,Bahrain_Grand_Prix,3,1.05,0.95,fallback
STR,2018,5,Belgian_Grand_Prix,4,1.05,0.95,fallback
STR,2018,6,Brazilian_Grand_Prix,5,1.05,0.95,fallback
STR,2018,7,British_Grand_Prix,6,1.05,0.95,fallback
STR,2018,9,Chinese_Grand_Prix,7,1.05,0.95,fallback
STR,2018,10,French_Grand_Prix,8,1.05,0.95,fallback
STR,2018,11,German_Grand_Prix,9,1.05,0.95,fallback
STR,2018,12,Hungarian_Grand_Prix,10,1.05,0.95,fallback
STR,2018,13,Japanese_Grand_Prix,11,1.05,0.95,fallback
STR,2018,14,Mexican_Grand_Prix,12,1.05,0.95,fallback
STR,2018,15,Monaco_Grand_Prix,13,1.05,0.95,fallback
STR,2018,16,Russian_Grand_Prix,14,1.05,0.95,fallback
STR,2018,17,Singapore_Grand_Prix,15,1.05,0.95,fallback
STR,2018,18,Spanish_Grand_Prix,16,1.05,0.95,fallback
STR,2018,19,United_States_Grand_Prix,17,1.05,0.95,fallback
STR,2019,20,Abu_Dhabi_Grand_Prix,18,1.05,0.95,fallback
STR,2019,21,Australian_Grand_Prix,19,1.05,0.95,fallback
STR,2019,22,Austrian_Grand_Prix,20,1.0506304319841577,1.0487801240176493,rolling
STR,2019,23,Azerbaijan_Grand_Prix,21,1.0497354933651026,1.0428429855543395,rolling
STR,2019,24,Bahrain_Grand_Prix,22,1.0476123833864166,1.0414615886966017,rolling
STR,2019,25,Belgian_Grand_Prix,23,1.052328280317885,1.0518692574498678,rolling
STR,2019,26,Brazilian_Grand_Prix,24,1.0429256638336968,1.0427684527290548,rolling
STR,2019,27,British_Grand_Prix,25,1.0417398292548692,1.0451509178076777,rolling
STR,2019,28,Canadian_Grand_Prix,26,1.0491427010791117,1.0380989514911394,rolling
STR,2019,29,Chinese_Grand_Prix,27,1.0422334789948047,1.0376395737517017,rolling
STR,2019,30,French_Grand_Prix,28,1.0318378642469885,1.0277844839389578,rolling
STR,2019,32,Hungarian_Grand_Prix,29,1.0365894929299655,1.027074585297505,rolling
STR,2019,33,Italian_Grand_Prix,30,1.028510209177471,1.0245508086187762,rolling
STR,2019,34,Japanese_Grand_Prix,31,1.0309543772152685,1.0058008894379917,rolling
STR,2019,35,Mexican_Grand_Prix,32,1.0310621253254482,1.0170191283862202,rolling
STR,2019,36,Monaco_Grand_Prix,33,1.0310778592485739,1.0182882376151128,rolling
STR,2019,37,Russian_Grand_Prix,34,1.0269873541644554,1.02685068073454,rolling
STR,2019,38,Singapore_Grand_Prix,35,1.0304151633033085,1.0284556766732484,rolling
STR,2019,39,Spanish_Grand_Prix,36,1.0383035946471806,1.0266552857544353,rolling
STR,2019,40,United_States_Grand_Prix,37,1.0375468189330257,1.030015843504884,rolling
STR,2020,41,70th_Anniversary_Grand_Prix,38,1.037278757719352,1.0343469640590452,rolling
STR,2020,42,Abu_Dhabi_Grand_Prix,39,1.034502347784118,1.034646086084762,rolling
STR,2020,43,Austrian_Grand_Prix,40,1.0838987203427837,1.0408473158201306,rolling
STR,2020,45,Belgian_Grand_Prix,41,1.0833337661904983,1.138299808531539,rolling
STR,2020,48,Emilia_Romagna_Grand_Prix,42,1.0807300588421493,1.139811793206921,rolling
STR,2020,49,Hungarian_Grand_Prix,43,1.0879312390913207,1.1384790709064472,rolling
STR,2020,50,Italian_Grand_Prix,44,1.0874181670288772,1.1434371122803837,rolling
STR,2020,51,Portuguese_Grand_Prix,45,1.098595066988764,1.15,rolling
STR,2020,53,Sakhir_Grand_Prix,46,1.0807799595260197,1.15,rolling
STR,2020,54,Spanish_Grand_Prix,47,1.0799293611307736,1.15,rolling
STR,2020,55,Styrian_Grand_Prix,48,1.0820156702337818,1.15,rolling
STR,2020,56,Turkish_Grand_Prix,49,1.0814937853675766,1.15,rolling
STR,2020,57,Tuscan_Grand_Prix,50,1.0687102705363467,1.15,rolling
STR,2021,58,Abu_Dhabi_Grand_Prix,51,1.0658340448623147,1.15,rolling
STR,2021,59,Austrian_Grand_Prix,52,1.0654930873286406,1.15,rolling
STR,2021,60,Azerbaijan_Grand_Prix,53,1.0637867083851809,1.15,rolling
STR,2021,61,Bahrain_Grand_Prix,54,1.060463187856063,1.15,rolling
STR,2021,63,British_Grand_Prix,55,1.0585386483854962,1.15,rolling
STR,2021,64,Dutch_Grand_Prix,56,1.0336650627991086,1.1381718368585505,rolling
STR,2021,65,Emilia_Romagna_Grand_Prix,57,1.0343633611169827,1.1460247698076187,rolling
STR,2021,66,French_Grand_Prix,58,1.0547921017679636,1.1442087424883152,rolling
STR,2021,68,Italian_Grand_Prix,59,1.052602379288587,1.1435098916969437,rolling
STR,2021,69,Mexico_City_Grand_Prix,60,1.0534750059426643,1.1420189264819922,rolling
STR,2021,70,Monaco_Grand_Prix,61,1.0518656411702119,1.1353424883317857,rolling
STR,2021,71,Portuguese_Grand_Prix,62,1.0418357881918472,1.1301507674826818,rolling
STR,2021,72,Qatar_Grand_Prix,63,1.0388359616574547,1.1272338284344317,rolling
STR,2021,73,Russian_Grand_Prix,64,1.0410100373969653,1.129505116134963,rolling
STR,2021,74,Saudi_Arabian_Grand_Prix,65,1.0416034470671862,1.1226831335569778,rolling
STR,2021,75,Spanish_Grand_Prix,66,1.057472512909211,1.1410700346535374,rolling
STR,2021,76,Styrian_Grand_Prix,67,1.0571184612954514,1.1393810443590884,rolling
STR,2021,77,São_Paulo_Grand_Prix,68,1.058330671234446,1.1383535296022822,rolling
STR,2021,78,Turkish_Grand_Prix,69,1.0556647608529561,1.1383398208670656,rolling
STR,2021,79,United_States_Grand_Prix,70,1.0501125258596786,1.1385616397794556,rolling
STR,2022,80,Abu_Dhabi_Grand_Prix,71,1.0467353032147872,1.1384822945892905,rolling
STR,2022,81,Australian_Grand_Prix,72,1.0456757462995776,1.1370841570497987,rolling
STR,2022,82,Austrian_Grand_Prix,73,1.0492462940117706,1.140892200453219,rolling
STR,2022,83,Azerbaijan_Grand_Prix,74,1.0519329735406053,1.15,rolling
STR,2022,84,Bahrain_Grand_Prix,75,1.0516961932134299,1.15,rolling
STR,2022,85,Belgian_Grand_Prix,76,1.0520383484223643,1.15,rolling
STR,2022,86,British_Grand_Prix,77,1.0498147110102956,1.15,rolling
STR,2022,87,Canadian_Grand_Prix,78,1.0575060697935275,1.15,rolling
STR,2022,88,Dutch_Grand_Prix,79,1.0549295245088872,1.15,rolling
STR,2022,89,Emilia_Romagna_Grand_Prix,80,1.056212354482456,1.15,rolling
STR,2022,90,French_Grand_Prix,81,1.0577910308948093,1.1486444062905212,rolling
STR,2022,91,Hungarian_Grand_Prix,82,1.058037593312788,1.1478036651531083,rolling
STR,2022,92,Italian_Grand_Prix,83,1.0555688385694038,1.1453965158030859,rolling
STR,2022,93,Japanese_Grand_Prix,84,1.0591918613565117,1.1457048683843092,rolling
STR,2022,94,Mexico_City_Grand_Prix,85,1.057600088887701,1.1322147318138973,rolling
STR,2022,95,Miami_Grand_Prix,86,1.05610727164004,1.1304044840467697,rolling
STR,2022,96,Monaco_Grand_Prix,87,1.0563869616539812,1.1291075338413625,rolling
STR,2022,97,Saudi_Arabian_Grand_Prix,88,1.0527694056135266,1.135094816796948,rolling
STR,2022,98,Singapore_Grand_Prix,89,1.0536206378334965,1.114777978667422,rolling
STR,2022,99,Spanish_Grand_Prix,90,1.0481030857168292,1.1124775224665264,rolling
STR,2022,100,São_Paulo_Grand_Prix,91,1.0445067424050498,1.1104957655283625,rolling
STR,2022,101,United_States_Grand_Prix,92,1.043468305001166,1.106018991762925,rolling
STR,2023,102,Abu_Dhabi_Grand_Prix,93,1.0414598868948697,1.1061353085447312,rolling
STR,2023,103,Australian_Grand_Prix,94,1.0387762132934606,1.1047612134494762,rolling
STR,2023,104,Austrian_Grand_Prix,95,1.0383519134207564,1.1029994881173897,rolling
STR,2023,105,Azerbaijan_Grand_Prix,96,1.037006958768052,1.0995520590320207,rolling
STR,2023,106,Bahrain_Grand_Prix,97,1.0413831649271805,1.1005036437156634,rolling
STR,2023,107,Belgian_Grand_Prix,98,1.040291318623571,1.100174694176835,rolling
STR,2023,108,British_Grand_Prix,99,1.0382030491416774,1.0987959114751076,rolling
STR,2023,109,Canadian_Grand_Prix,100,1.0378239345006348,1.0974623744807284,rolling
STR,2023,110,Dutch_Grand_Prix,101,1.036683637102821,1.0960999908451523,rolling
STR,2023,111,Hungarian_Grand_Prix,102,1.03649032221118,1.0718692589286742,rolling
STR,2023,112,Italian_Grand_Prix,103,1.0361519019905896,1.072654731696472,rolling
STR,2023,113,Japanese_Grand_Prix,104,1.0344753786522676,1.0693091644177806,rolling
STR,2023,114,Las_Vegas_Grand_Prix,105,1.0350634206370974,1.0717966042730949,rolling
STR,2023,115,Mexico_City_Grand_Prix,106,1.0358388083893864,1.0716877971561916,rolling
STR,2023,116,Miami_Grand_Prix,107,1.036576461826085,1.0738149280069313,rolling
STR,2023,117,Monaco_Grand_Prix,108,1.036015698087565,1.0717218517427067,rolling
STR,2023,118,Qatar_Grand_Prix,109,1.0554743283978465,1.104805286728005,rolling
STR,2023,119,Saudi_Arabian_Grand_Prix,110,1.0517365020213194,1.1038554357167527,rolling
STR,2023,121,Spanish_Grand_Prix,111,1.0514190160061938,1.1055151466584305,rolling
STR,2023,122,São_Paulo_Grand_Prix,112,1.0509823518479744,1.106251714794584,rolling
STR,2023,123,United_States_Grand_Prix,113,1.0509806094406784,1.103836296397349,rolling
STR,2024,124,Abu_Dhabi_Grand_Prix,114,1.053275450562387,1.1033285446709487,rolling
STR,2024,125,Australian_Grand_Prix,115,1.052109600520275,1.1038402744101325,rolling
STR,2024,126,Austrian_Grand_Prix,116,1.0525670300451961,1.1036711403236705,rolling
STR,2024,127,Azerbaijan_Grand_Prix,117,1.051544837219836,1.1018530247099263,rolling
STR,2024,128,Bahrain_Grand_Prix,118,1.052909851775026,1.101490840131786,rolling
STR,2024,129,Belgian_Grand_Prix,119,1.0516670898061824,1.1030118192277483,rolling
STR,2024,130,British_Grand_Prix,120,1.0510902372006683,1.1026860736671473,rolling
STR,2024,131,Canadian_Grand_Prix,121,1.0495002112561744,1.1016620340369847,rolling
STR,2024,132,Chinese_Grand_Prix,122,1.0523683545583389,1.1000770662692458,rolling
STR,2024,133,Dutch_Grand_Prix,123,1.0554586698615585,1.1004041465406644,rolling
STR,2024,134,Emilia_Romagna_Grand_Prix,124,1.0556399172076474,1.0999685786236708,rolling
STR,2024,135,Hungarian_Grand_Prix,125,1.057315991936561,1.099941727280585,rolling
STR,2024,136,Italian_Grand_Prix,126,1.0567638632031708,1.0985925729626445,rolling
STR,2024,137,Japanese_Grand_Prix,127,1.0551372941864245,1.0974621354976597,rolling
STR,2024,138,Las_Vegas_Grand_Prix,128,1.0373777558798818,1.077258508047712,rolling
STR,2024,139,Mexico_City_Grand_Prix,129,1.037210219190423,1.0771935534630455,rolling
STR,2024,140,Miami_Grand_Prix,130,1.0366907267485863,1.0750462116128865,rolling
STR,2024,141,Monaco_Grand_Prix,131,1.036494119856913,1.0757657993542256,rolling
STR,2024,142,Qatar_Grand_Prix,132,1.0355851726801666,1.074366649108851,rolling
STR,2024,143,Saudi_Arabian_Grand_Prix,133,1.0274146158065502,1.0739549203005019,rolling
STR,2024,144,Singapore_Grand_Prix,134,1.0289858504143605,1.077052843657748,rolling
STR,2024,145,Spanish_Grand_Prix,135,1.0280064023257434,1.074854584050125,rolling
STR,2024,147,United_States_Grand_Prix,136,1.0286568001281386,1.0761532078105671,rolling
STR,2025,148,Abu_Dhabi_Grand_Prix,137,1.0279750910441277,1.0746525695742144,rolling
STR,2025,149,Australian_Grand_Prix,138,1.0288827457907856,1.0719266503351732,rolling
STR,2025,150,Austrian_Grand_Prix,139,1.0280862882502404,1.070924099678724,rolling
STR,2025,151,Azerbaijan_Grand_Prix,140,1.0271309655123724,1.0690072910581845,rolling
STR,2025,152,Bahrain_Grand_Prix,141,1.0282054010817465,1.0682568189962551,rolling
STR,2025,153,Belgian_Grand_Prix,142,1.0285635151676003,1.0686412256942042,rolling
STR,2025,154,British_Grand_Prix,143,1.033210833064034,1.0672519437808095,rolling
STR,2025,155,Canadian_Grand_Prix,144,1.0401241364954192,1.0712979447556896,rolling
STR,2025,156,Chinese_Grand_Prix,145,1.039973980519968,1.069412644285907,rolling
STR,2025,157,Dutch_Grand_Prix,146,1.0367252459985188,1.0658555238224157,rolling
STR,2025,158,Emilia_Romagna_Grand_Prix,147,1.0364732460241066,1.066289585695004,rolling
STR,2025,159,Hungarian_Grand_Prix,148,1.036620115733376,1.0672008091426004,rolling
STR,2025,160,Italian_Grand_Prix,149,1.0381970533020708,1.0669845259010315,rolling
STR,2025,161,Japanese_Grand_Prix,150,1.0371665730564459,1.0657721335138133,rolling
STR,2025,163,Mexico_City_Grand_Prix,151,1.0358056482847338,1.0647337072226315,rolling
STR,2025,164,Miami_Grand_Prix,152,1.0366925192372878,1.064440203628698,rolling
STR,2025,165,Monaco_Grand_Prix,153,1.0373241618602713,1.0663750769318503,rolling
STR,2025,166,Qatar_Grand_Prix,154,1.0404656200257674,1.0660570181158564,rolling
STR,2025,167,Saudi_Arabian_Grand_Prix,155,1.0410009193397527,1.0652130211702668,rolling
STR,2025,168,Singapore_Grand_Prix,156,1.0421945676638529,1.0651858866721553,rolling
STR,2025,170,São_Paulo_Grand_Prix,157,1.04048452863107,1.0652945144384782,rolling
STR,2025,171,United_States_Grand_Prix,158,1.0408257347954042,1.0654977912285875,rolling
STR,2026,172,Australian_Grand_Prix,159,1.0392606219859657,1.0648888627071618,rolling
STR,2026,173,Canadian_Grand_Prix,160,1.0408436814079534,1.064529245049261,rolling
STR,2026,174,Chinese_Grand_Prix,161,1.039032714477515,1.0621378929499823,rolling
STR,2026,175,Japanese_Grand_Prix,162,1.0394323710200897,1.0636857864611036,rolling
STR,2026,176,Miami_Grand_Prix,163,1.039112878185057,1.0646079600198362,rolling
STR,2026,177,Monaco_Grand_Prix,164,1.0403926235024783,1.0631279098147042,rolling
TSU,2021,58,Abu_Dhabi_Grand_Prix,0,1.05,0.95,fallback
TSU,2021,59,Austrian_Grand_Prix,1,1.05,0.95,fallback
TSU,2021,60,Azerbaijan_Grand_Prix,2,1.05,0.95,fallback
TSU,2021,61,Bahrain_Grand_Prix,3,1.05,0.95,fallback
TSU,2021,63,British_Grand_Prix,4,1.05,0.95,fallback
TSU,2021,64,Dutch_Grand_Prix,5,1.05,0.95,fallback
TSU,2021,65,Emilia_Romagna_Grand_Prix,6,1.05,0.95,fallback
TSU,2021,66,French_Grand_Prix,7,1.05,0.95,fallback
TSU,2021,67,Hungarian_Grand_Prix,8,1.05,0.95,fallback
TSU,2021,70,Monaco_Grand_Prix,9,1.05,0.95,fallback
TSU,2021,71,Portuguese_Grand_Prix,10,1.05,0.95,fallback
TSU,2021,72,Qatar_Grand_Prix,11,1.05,0.95,fallback
TSU,2021,73,Russian_Grand_Prix,12,1.05,0.95,fallback
TSU,2021,74,Saudi_Arabian_Grand_Prix,13,1.05,0.95,fallback
TSU,2021,75,Spanish_Grand_Prix,14,1.05,0.95,fallback
TSU,2021,77,São_Paulo_Grand_Prix,15,1.05,0.95,fallback
TSU,2021,78,Turkish_Grand_Prix,16,1.05,0.95,fallback
TSU,2021,79,United_States_Grand_Prix,17,1.05,0.95,fallback
TSU,2022,80,Abu_Dhabi_Grand_Prix,18,1.05,0.95,fallback
TSU,2022,81,Australian_Grand_Prix,19,1.05,0.95,fallback
TSU,2022,82,Austrian_Grand_Prix,20,0.85,0.8539597140709647,rolling
TSU,2022,83,Azerbaijan_Grand_Prix,21,0.85,0.854978242866611,rolling
TSU,2022,84,Bahrain_Grand_Prix,22,0.85,0.8553115942627976,rolling
TSU,2022,85,Belgian_Grand_Prix,23,0.85,0.8571294787087804,rolling
TSU,2022,86,British_Grand_Prix,24,0.85,0.8601777728763866,rolling
TSU,2022,87,Canadian_Grand_Prix,25,0.85,0.9200602211531209,rolling
TSU,2022,88,Dutch_Grand_Prix,26,0.85,0.930766020503177,rolling
TSU,2022,89,Emilia_Romagna_Grand_Prix,27,0.85,0.94653931467293,rolling
TSU,2022,90,French_Grand_Prix,28,0.85,0.9432068543757461,rolling
TSU,2022,91,Hungarian_Grand_Prix,29,0.85,0.9480442969410612,rolling
TSU,2022,92,Italian_Grand_Prix,30,0.85,0.940938020697469,rolling
TSU,2022,93,Japanese_Grand_Prix,31,0.85,0.9421326482198225,rolling
TSU,2022,94,Mexico_City_Grand_Prix,32,0.85,0.9441656696203888,rolling
TSU,2022,95,Miami_Grand_Prix,33,0.8539164315248841,0.9571583374232918,rolling
TSU,2022,96,Monaco_Grand_Prix,34,0.85,0.9507479884209152,rolling
TSU,2022,98,Singapore_Grand_Prix,35,0.85,0.9526456321549844,rolling
TSU,2022,99,Spanish_Grand_Prix,36,0.85,0.9911732827151906,rolling
TSU,2022,100,São_Paulo_Grand_Prix,37,0.85,0.9959388334824388,rolling
TSU,2022,101,United_States_Grand_Prix,38,0.85,0.9873495960028866,rolling
TSU,2023,102,Abu_Dhabi_Grand_Prix,39,0.85,0.9886401111049512,rolling
TSU,2023,103,Australian_Grand_Prix,40,0.85,0.9945147473898125,rolling
TSU,2023,104,Austrian_Grand_Prix,41,0.85,1.003697130422991,rolling
TSU,2023,105,Azerbaijan_Grand_Prix,42,0.85,1.0010330222605996,rolling
TSU,2023,106,Bahrain_Grand_Prix,43,0.8562668697548028,0.9957628621821906,rolling
TSU,2023,107,Belgian_Grand_Prix,44,0.8594490743822171,0.9946239526424145,rolling
TSU,2023,108,British_Grand_Prix,45,0.8634162483859528,0.9951491116044432,rolling
TSU,2023,109,Canadian_Grand_Prix,46,0.8700637324863445,0.9968589733848943,rolling
TSU,2023,110,Dutch_Grand_Prix,47,0.8751649553498689,0.999348405031691,rolling
TSU,2023,111,Hungarian_Grand_Prix,48,0.8777611379980939,1.0020827767225111,rolling
TSU,2023,113,Japanese_Grand_Prix,49,0.876924324410414,1.0048134956497663,rolling
TSU,2023,114,Las_Vegas_Grand_Prix,50,0.8775666995918497,1.002877850814524,rolling
TSU,2023,115,Mexico_City_Grand_Prix,51,0.8768574165404768,1.0041615418981698,rolling
TSU,2023,116,Miami_Grand_Prix,52,0.8719445856042641,0.9857896154717063,rolling
TSU,2023,117,Monaco_Grand_Prix,53,0.8704624994684462,0.98569446882302,rolling
TSU,2023,118,Qatar_Grand_Prix,54,0.8775275548948922,0.9617248690871028,rolling
TSU,2023,119,Saudi_Arabian_Grand_Prix,55,0.893982047123953,0.9661794380588933,rolling
TSU,2023,121,Spanish_Grand_Prix,56,0.9004663147351163,0.9697388667797227,rolling
TSU,2023,122,São_Paulo_Grand_Prix,57,0.9006349103577351,0.973951492781383,rolling
TSU,2023,123,United_States_Grand_Prix,58,0.9006490700619416,0.9710273083542217,rolling
TSU,2024,124,Abu_Dhabi_Grand_Prix,59,0.9052042853336153,0.9728922938441806,rolling
TSU,2024,125,Australian_Grand_Prix,60,0.9060249994241868,0.9752035269489925,rolling
TSU,2024,126,Austrian_Grand_Prix,61,0.9104616674124423,0.9782491656259105,rolling
TSU,2024,127,Azerbaijan_Grand_Prix,62,0.9098496179779884,0.9761648872904974,rolling
TSU,2024,128,Bahrain_Grand_Prix,63,0.9048599771475486,0.9783382833880587,rolling
TSU,2024,129,Belgian_Grand_Prix,64,0.9058772867951604,0.9820696070779995,rolling
TSU,2024,130,British_Grand_Prix,65,0.9051316165964373,0.9825030573203126,rolling
TSU,2024,131,Canadian_Grand_Prix,66,0.9017313865378657,0.9826221669536075,rolling
TSU,2024,132,Chinese_Grand_Prix,67,0.8993457382463288,0.9844816248729048,rolling
TSU,2024,133,Dutch_Grand_Prix,68,0.8966668704494262,0.9874734406776843,rolling
TSU,2024,134,Emilia_Romagna_Grand_Prix,69,0.8950731491318608,0.9900451107553873,rolling
TSU,2024,135,Hungarian_Grand_Prix,70,0.8938925483199741,0.9908493335095425,rolling
TSU,2024,136,Italian_Grand_Prix,71,0.8959472095248788,0.9934980893454693,rolling
TSU,2024,138,Las_Vegas_Grand_Prix,72,0.8773315425722055,0.9791680605254713,rolling
TSU,2024,140,Miami_Grand_Prix,73,0.8763408783205721,0.9804095187165164,rolling
TSU,2024,141,Monaco_Grand_Prix,74,0.879205439179657,0.9797421359173989,rolling
TSU,2024,142,Qatar_Grand_Prix,75,0.8758076260564844,0.9791329091345429,rolling
TSU,2024,143,Saudi_Arabian_Grand_Prix,76,0.8798821561815247,0.9862434365824959,rolling
TSU,2024,144,Singapore_Grand_Prix,77,0.8841740071054778,0.9908847307074033,rolling
TSU,2024,145,Spanish_Grand_Prix,78,0.8869693167519875,0.9928681677375286,rolling
TSU,2024,146,São_Paulo_Grand_Prix,79,0.8876046559814136,0.990766396627208,rolling
TSU,2024,147,United_States_Grand_Prix,80,0.8898401521439037,0.9919995859638174,rolling
TSU,2025,148,Abu_Dhabi_Grand_Prix,81,0.8890837696693302,0.9887522633923924,rolling
TSU,2025,151,Azerbaijan_Grand_Prix,82,0.8896824823919461,0.9890752917088248,rolling
TSU,2025,152,Bahrain_Grand_Prix,83,0.8891523568912043,0.9888831900064543,rolling
TSU,2025,153,Belgian_Grand_Prix,84,0.8932789903008009,0.9902853722939644,rolling
TSU,2025,154,British_Grand_Prix,85,0.8946542449341328,0.990181049947144,rolling
TSU,2025,155,Canadian_Grand_Prix,86,0.9022514960995374,0.9923193094983559,rolling
TSU,2025,156,Chinese_Grand_Prix,87,0.901474894981622,0.9919857564323855,rolling
TSU,2025,157,Dutch_Grand_Prix,88,0.9043775785025316,0.992737173371603,rolling
TSU,2025,158,Emilia_Romagna_Grand_Prix,89,0.9038507541343134,0.9959186409468908,rolling
TSU,2025,159,Hungarian_Grand_Prix,90,0.9012120018027,0.9979469914956376,rolling
TSU,2025,160,Italian_Grand_Prix,91,0.9018283044726951,0.9989676887252893,rolling
TSU,2025,161,Japanese_Grand_Prix,92,0.9006262714774805,0.9997511531690605,rolling
TSU,2025,162,Las_Vegas_Grand_Prix,93,0.9006038663180247,0.9984480264038658,rolling
TSU,2025,163,Mexico_City_Grand_Prix,94,0.9014763956859632,0.9987543671698405,rolling
TSU,2025,164,Miami_Grand_Prix,95,0.9011273941560013,1.0001554974403326,rolling
TSU,2025,165,Monaco_Grand_Prix,96,0.9006426198097149,1.0020079895125567,rolling
TSU,2025,166,Qatar_Grand_Prix,97,0.8987652808353123,1.002438570858932,rolling
TSU,2025,168,Singapore_Grand_Prix,98,0.8985447284646988,1.0004542508033751,rolling
TSU,2025,169,Spanish_Grand_Prix,99,0.8974323702222757,0.9989063320416482,rolling
TSU,2025,170,São_Paulo_Grand_Prix,100,0.8950598399965317,0.9983693572251495,rolling
TSU,2025,171,United_States_Grand_Prix,101,0.8960570992152365,0.998403518811408,rolling
VAN,2018,0,Abu_Dhabi_Grand_Prix,0,1.05,0.95,fallback
VAN,2018,1,Australian_Grand_Prix,1,1.05,0.95,fallback
VAN,2018,2,Austrian_Grand_Prix,2,1.05,0.95,fallback
VAN,2018,3,Azerbaijan_Grand_Prix,3,1.05,0.95,fallback
VAN,2018,4,Bahrain_Grand_Prix,4,1.05,0.95,fallback
VAN,2018,6,Brazilian_Grand_Prix,5,1.05,0.95,fallback
VAN,2018,7,British_Grand_Prix,6,1.05,0.95,fallback
VAN,2018,8,Canadian_Grand_Prix,7,1.05,0.95,fallback
VAN,2018,9,Chinese_Grand_Prix,8,1.05,0.95,fallback
VAN,2018,10,French_Grand_Prix,9,1.05,0.95,fallback
VAN,2018,11,German_Grand_Prix,10,1.05,0.95,fallback
VAN,2018,12,Hungarian_Grand_Prix,11,1.05,0.95,fallback
VAN,2018,13,Japanese_Grand_Prix,12,1.05,0.95,fallback
VAN,2018,14,Mexican_Grand_Prix,13,1.05,0.95,fallback
VAN,2018,15,Monaco_Grand_Prix,14,1.05,0.95,fallback
VAN,2018,16,Russian_Grand_Prix,15,1.05,0.95,fallback
VAN,2018,17,Singapore_Grand_Prix,16,1.05,0.95,fallback
VAN,2018,18,Spanish_Grand_Prix,17,1.05,0.95,fallback
VER,2018,0,Abu_Dhabi_Grand_Prix,0,1.05,0.95,fallback
VER,2018,1,Australian_Grand_Prix,1,1.05,0.95,fallback
VER,2018,2,Austrian_Grand_Prix,2,1.05,0.95,fallback
VER,2018,3,Azerbaijan_Grand_Prix,3,1.05,0.95,fallback
VER,2018,5,Belgian_Grand_Prix,4,1.05,0.95,fallback
VER,2018,6,Brazilian_Grand_Prix,5,1.05,0.95,fallback
VER,2018,7,British_Grand_Prix,6,1.05,0.95,fallback
VER,2018,8,Canadian_Grand_Prix,7,1.05,0.95,fallback
VER,2018,9,Chinese_Grand_Prix,8,1.05,0.95,fallback
VER,2018,10,French_Grand_Prix,9,1.05,0.95,fallback
VER,2018,11,German_Grand_Prix,10,1.0,0.9,fallback
VER,2018,12,Hungarian_Grand_Prix,11,1.0,0.9,fallback
VER,2018,13,Japanese_Grand_Prix,12,1.0,0.9,fallback
VER,2018,14,Mexican_Grand_Prix,13,1.0,0.9,fallback
VER,2018,15,Monaco_Grand_Prix,14,1.0,0.9,fallback
VER,2018,16,Russian_Grand_Prix,15,1.0,0.9,fallback
VER,2018,17,Singapore_Grand_Prix,16,1.0,0.9,fallback
VER,2018,18,Spanish_Grand_Prix,17,1.0,0.9,fallback
VER,2018,19,United_States_Grand_Prix,18,1.0,0.9,fallback
VER,2019,20,Abu_Dhabi_Grand_Prix,19,1.0,0.9,fallback
VER,2019,21,Australian_Grand_Prix,20,1.136671224649138,1.0145298752870313,rolling
VER,2019,22,Austrian_Grand_Prix,21,1.1460075506343461,1.0228933923115717,rolling
VER,2019,23,Azerbaijan_Grand_Prix,22,1.1345975655874614,1.0178697156076437,rolling
VER,2019,24,Bahrain_Grand_Prix,23,1.15,1.02485640711945,rolling
VER,2019,26,Brazilian_Grand_Prix,24,1.15,1.0330896439998825,rolling
VER,2019,27,British_Grand_Prix,25,1.1483343693031094,1.0579528361116644,rolling
VER,2019,28,Canadian_Grand_Prix,26,1.1472879057353156,1.0309004112453324,rolling
VER,2019,29,Chinese_Grand_Prix,27,1.1403115312493908,1.0281868452533127,rolling
VER,2019,30,French_Grand_Prix,28,1.1345914832872661,1.0305573573442617,rolling
VER,2019,31,German_Grand_Prix,29,1.1381648425723616,1.0327616469771639,rolling
VER,2019,32,Hungarian_Grand_Prix,30,1.15,1.0360432324331492,rolling
VER,2019,33,Italian_Grand_Prix,31,1.15,1.0360806407685481,rolling
VER,2019,34,Japanese_Grand_Prix,32,1.15,1.0439633703068674,rolling
VER,2019,35,Mexican_Grand_Prix,33,1.15,1.056262980409533,rolling
VER,2019,36,Monaco_Grand_Prix,34,1.15,1.0529214040153256,rolling
VER,2019,37,Russian_Grand_Prix,35,1.15,1.067638546115375,rolling
VER,2019,38,Singapore_Grand_Prix,36,1.15,1.0682985339044007,rolling
VER,2019,39,Spanish_Grand_Prix,37,1.15,1.0642582497784083,rolling
VER,2019,40,United_States_Grand_Prix,38,1.15,1.0634771327537174,rolling
VER,2020,41,70th_Anniversary_Grand_Prix,39,1.15,1.0670635782061308,rolling
VER,2020,42,Abu_Dhabi_Grand_Prix,40,1.15,1.0739194548369206,rolling
VER,2020,43,Austrian_Grand_Prix,41,1.15,1.0767625533313123,rolling
VER,2020,44,Bahrain_Grand_Prix,42,1.15,1.0844435171716356,rolling
VER,2020,45,Belgian_Grand_Prix,43,1.15,1.0798982108290147,rolling
VER,2020,46,British_Grand_Prix,44,1.15,1.0808377905024436,rolling
VER,2020,47,Eifel_Grand_Prix,45,1.15,1.092160291816408,rolling
VER,2020,48,Emilia_Romagna_Grand_Prix,46,1.15,1.0878108628004393,rolling
VER,2020,49,Hungarian_Grand_Prix,47,1.15,1.108038427868057,rolling
VER,2020,50,Italian_Grand_Prix,48,1.15,1.105536041212571,rolling
VER,2020,51,Portuguese_Grand_Prix,49,1.15,1.0571994307363555,rolling
VER,2020,52,Russian_Grand_Prix,50,1.15,1.0637850723579696,rolling
VER,2020,54,Spanish_Grand_Prix,51,1.15,1.071858504152772,rolling
VER,2020,55,Styrian_Grand_Prix,52,1.15,1.0714972744754838,rolling
VER,2020,56,Turkish_Grand_Prix,53,1.15,1.0759488304746896,rolling
VER,2021,58,Abu_Dhabi_Grand_Prix,54,1.15,1.0735596289813374,rolling
VER,2021,59,Austrian_Grand_Prix,55,1.15,1.0788976107021626,rolling
VER,2021,60,Azerbaijan_Grand_Prix,56,1.15,1.0867133752255347,rolling
VER,2021,61,Bahrain_Grand_Prix,57,1.15,1.0859593916600787,rolling
VER,2021,64,Dutch_Grand_Prix,58,1.15,1.0864557790672489,rolling
VER,2021,65,Emilia_Romagna_Grand_Prix,59,1.15,1.093514994203515,rolling
VER,2021,66,French_Grand_Prix,60,1.15,1.1007141116698582,rolling
VER,2021,68,Italian_Grand_Prix,61,1.15,1.0998098798413452,rolling
VER,2021,69,Mexico_City_Grand_Prix,62,1.15,1.0999583735566305,rolling
VER,2021,70,Monaco_Grand_Prix,63,1.15,1.1000950476862026,rolling
VER,2021,71,Portuguese_Grand_Prix,64,1.15,1.1027200612319903,rolling
VER,2021,72,Qatar_Grand_Prix,65,1.15,1.102228030306307,rolling
VER,2021,73,Russian_Grand_Prix,66,1.15,1.1054150157088123,rolling
VER,2021,74,Saudi_Arabian_Grand_Prix,67,1.15,1.113673305613016,rolling
VER,2021,75,Spanish_Grand_Prix,68,1.15,1.1073571923798837,rolling
VER,2021,76,Styrian_Grand_Prix,69,1.15,1.108685589053403,rolling
VER,2021,77,São_Paulo_Grand_Prix,70,1.15,1.1110418849720114,rolling
VER,2021,78,Turkish_Grand_Prix,71,1.15,1.1112031526465451,rolling
VER,2021,79,United_States_Grand_Prix,72,1.1499412969266785,1.1123767262122553,rolling
VER,2022,80,Abu_Dhabi_Grand_Prix,73,1.1465623988407565,1.110508572358182,rolling
VER,2022,81,Australian_Grand_Prix,74,1.1427934373858133,1.1116576374615488,rolling
VER,2022,82,Austrian_Grand_Prix,75,1.1373292412824512,1.1136998604474155,rolling
VER,2022,83,Azerbaijan_Grand_Prix,76,1.1376435512232759,1.112322036376446,rolling
VER,2022,84,Bahrain_Grand_Prix,77,1.1360134610801103,1.1113797809829937,rolling
VER,2022,85,Belgian_Grand_Prix,78,1.133178213908335,1.111133724737786,rolling
VER,2022,86,British_Grand_Prix,79,1.1265076180873603,1.1103204463009202,rolling
VER,2022,87,Canadian_Grand_Prix,80,1.15,1.15,rolling
VER,2022,88,Dutch_Grand_Prix,81,1.15,1.15,rolling
VER,2022,89,Emilia_Romagna_Grand_Prix,82,1.15,1.15,rolling
VER,2022,90,French_Grand_Prix,83,1.15,1.15,rolling
VER,2022,91,Hungarian_Grand_Prix,84,1.15,1.15,rolling
VER,2022,92,Italian_Grand_Prix,85,1.15,1.15,rolling
VER,2022,93,Japanese_Grand_Prix,86,1.15,1.15,rolling
VER,2022,94,Mexico_City_Grand_Prix,87,1.15,1.15,rolling
VER,2022,95,Miami_Grand_Prix,88,1.15,1.15,rolling
VER,2022,96,Monaco_Grand_Prix,89,1.15,1.15,rolling
VER,2022,97,Saudi_Arabian_Grand_Prix,90,1.15,1.15,rolling
VER,2022,98,Singapore_Grand_Prix,91,1.15,1.15,rolling
VER,2022,99,Spanish_Grand_Prix,92,1.15,1.15,rolling
VER,2022,100,São_Paulo_Grand_Prix,93,1.15,1.147414167522752,rolling
VER,2022,101,United_States_Grand_Prix,94,1.15,1.1443170620281964,rolling
VER,2023,102,Abu_Dhabi_Grand_Prix,95,1.1483213152029927,1.1443446097283307,rolling
VER,2023,103,Australian_Grand_Prix,96,1.146179292202019,1.1442911741009274,rolling
VER,2023,104,Austrian_Grand_Prix,97,1.1474508927049545,1.1486806199059036,rolling
VER,2023,105,Azerbaijan_Grand_Prix,98,1.147607934998567,1.1495545542248784,rolling
VER,2023,106,Bahrain_Grand_Prix,99,1.1461812760577375,1.1482552229939051,rolling
VER,2023,107,Belgian_Grand_Prix,100,1.1447828545756933,1.1486849364370928,rolling
VER,2023,108,British_Grand_Prix,101,1.1387338245467091,1.1463285722144676,rolling
VER,2023,109,Canadian_Grand_Prix,102,1.1398644676879062,1.1463964696680835,rolling
VER,2023,110,Dutch_Grand_Prix,103,1.1395780891346885,1.1469542368045562,rolling
VER,2023,111,Hungarian_Grand_Prix,104,1.1360419383210454,1.15,rolling
VER,2023,112,Italian_Grand_Prix,105,1.1333156178160322,1.1498218136552394,rolling
VER,2023,113,Japanese_Grand_Prix,106,1.1309507442607662,1.1479056214289722,rolling
VER,2023,114,Las_Vegas_Grand_Prix,107,1.1291321720723175,1.1437653757308512,rolling
VER,2023,116,Miami_Grand_Prix,108,1.1276486568006807,1.1435761800196214,rolling
VER,2023,117,Monaco_Grand_Prix,109,1.12450146936678,1.142057396867999,rolling
VER,2023,118,Qatar_Grand_Prix,110,1.1137040788917834,1.1409224864591663,rolling
VER,2023,119,Saudi_Arabian_Grand_Prix,111,1.1147020702169967,1.141018356961084,rolling
VER,2023,120,Singapore_Grand_Prix,112,1.1092699408811888,1.1374688676237499,rolling
VER,2023,121,Spanish_Grand_Prix,113,1.1096300232123542,1.1359206292178765,rolling
VER,2023,122,São_Paulo_Grand_Prix,114,1.1103814711095852,1.1372773547665607,rolling
VER,2023,123,United_States_Grand_Prix,115,1.1084134476570493,1.1366723748040823,rolling
VER,2024,125,Australian_Grand_Prix,116,1.1089670250981398,1.1363681881003025,rolling
VER,2024,126,Austrian_Grand_Prix,117,1.1018571187108925,1.136999878869442,rolling
VER,2024,127,Azerbaijan_Grand_Prix,118,1.1003396063262625,1.1342889585119094,rolling
VER,2024,128,Bahrain_Grand_Prix,119,1.098227307708933,1.1323789405054305,rolling
VER,2024,129,Belgian_Grand_Prix,120,1.0951250067345752,1.1313897475961683,rolling
VER,2024,130,British_Grand_Prix,121,1.092838412828317,1.1291909823625457,rolling
VER,2024,131,Canadian_Grand_Prix,122,1.0990364724360373,1.1350927651800964,rolling
VER,2024,132,Chinese_Grand_Prix,123,1.1123742642345282,1.1296746624397593,rolling
VER,2024,133,Dutch_Grand_Prix,124,1.1110249797849756,1.1287572248731181,rolling
VER,2024,134,Emilia_Romagna_Grand_Prix,125,1.1101756955023452,1.1288257806810056,rolling
VER,2024,135,Hungarian_Grand_Prix,126,1.1108269427114825,1.1326086489220657,rolling
VER,2024,136,Italian_Grand_Prix,127,1.1118603182009323,1.133661138088211,rolling
VER,2024,137,Japanese_Grand_Prix,128,1.112364126032643,1.1322918415852123,rolling
VER,2024,138,Las_Vegas_Grand_Prix,129,1.1111274034834755,1.1318553278836687,rolling
VER,2024,139,Mexico_City_Grand_Prix,130,1.1111109884293782,1.1330161903814293,rolling
VER,2024,140,Miami_Grand_Prix,131,1.1108969905967017,1.134671145409573,rolling
VER,2024,142,Qatar_Grand_Prix,132,1.1099454336643446,1.1344231598852854,rolling
VER,2024,143,Saudi_Arabian_Grand_Prix,133,1.1099642692888918,1.1326736385667042,rolling
VER,2024,144,Singapore_Grand_Prix,134,1.1091834970157617,1.1325762288192789,rolling
VER,2024,145,Spanish_Grand_Prix,135,1.1088359988144432,1.131498939115388,rolling
VER,2024,146,São_Paulo_Grand_Prix,136,1.10769435505507,1.1313847337864151,rolling
VER,2024,147,United_States_Grand_Prix,137,1.1085365426200908,1.1303536937477987,rolling
VER,2025,148,Abu_Dhabi_Grand_Prix,138,1.1097233238280022,1.1311106690120032,rolling
VER,2025,149,Australian_Grand_Prix,139,1.1089700100372055,1.1304667161231718,rolling
VER,2025,151,Azerbaijan_Grand_Prix,140,1.1097564690914992,1.13449951791412,rolling
VER,2025,152,Bahrain_Grand_Prix,141,1.1096696065731249,1.1341393153217658,rolling
VER,2025,153,Belgian_Grand_Prix,142,1.1068367315728476,1.1328437940916618,rolling
VER,2025,154,British_Grand_Prix,143,1.1056211969863037,1.1324422558811609,rolling
VER,2025,155,Canadian_Grand_Prix,144,1.1006875294702332,1.130708423767076,rolling
VER,2025,156,Chinese_Grand_Prix,145,1.1007414342393362,1.1304521009138226,rolling
VER,2025,157,Dutch_Grand_Prix,146,1.098632312048634,1.1306581812873588,rolling
VER,2025,158,Emilia_Romagna_Grand_Prix,147,1.0985443419673506,1.128279241382221,rolling
VER,2025,159,Hungarian_Grand_Prix,148,1.0997489604374495,1.1265906763220042,rolling
VER,2025,160,Italian_Grand_Prix,149,1.0989848424147741,1.12551296281253,rolling
VER,2025,161,Japanese_Grand_Prix,150,1.0993379411381299,1.1245815122954599,rolling
VER,2025,162,Las_Vegas_Grand_Prix,151,1.0989757582708775,1.1249371409477968,rolling
VER,2025,163,Mexico_City_Grand_Prix,152,1.0980651894199298,1.124309908075764,rolling
VER,2025,164,Miami_Grand_Prix,153,1.0979135847145152,1.1230070986108092,rolling
VER,2025,165,Monaco_Grand_Prix,154,1.0978531189885676,1.121421643856391,rolling
VER,2025,166,Qatar_Grand_Prix,155,1.0986711645469538,1.1207225843650164,rolling
VER,2025,168,Singapore_Grand_Prix,156,1.0984619889493186,1.1215440203459452,rolling
VER,2025,169,Spanish_Grand_Prix,157,1.0988206365188533,1.1221050871552822,rolling
VER,2025,170,São_Paulo_Grand_Prix,158,1.0999864019344505,1.1220388078214671,rolling
VER,2025,171,United_States_Grand_Prix,159,1.0990267887068463,1.1216173192525711,rolling
VER,2026,172,Australian_Grand_Prix,160,1.0991720431902436,1.1210243720817248,rolling
VER,2026,173,Canadian_Grand_Prix,161,1.0970276560159689,1.1170974263555444,rolling
VER,2026,174,Chinese_Grand_Prix,162,1.0959403979566797,1.1169206495264548,rolling
VER,2026,175,Japanese_Grand_Prix,163,1.0955229627047092,1.1152311212540762,rolling
VER,2026,176,Miami_Grand_Prix,164,1.0958870350119896,1.1151851312881715,rolling
VET,2018,0,Abu_Dhabi_Grand_Prix,0,1.05,0.95,fallback
VET,2018,1,Australian_Grand_Prix,1,1.05,0.95,fallback
VET,2018,2,Austrian_Grand_Prix,2,1.05,0.95,fallback
VET,2018,3,Azerbaijan_Grand_Prix,3,1.05,0.95,fallback
VET,2018,4,Bahrain_Grand_Prix,4,1.05,0.95,fallback
VET,2018,5,Belgian_Grand_Prix,5,1.05,0.95,fallback
VET,2018,6,Brazilian_Grand_Prix,6,1.05,0.95,fallback
VET,2018,7,British_Grand_Prix,7,1.05,0.95,fallback
VET,2018,8,Canadian_Grand_Prix,8,1.05,0.95,fallback
VET,2018,9,Chinese_Grand_Prix,9,1.05,0.95,fallback
VET,2018,10,French_Grand_Prix,10,1.0,0.9,fallback
VET,2018,11,German_Grand_Prix,11,1.0,0.9,fallback
VET,2018,12,Hungarian_Grand_Prix,12,1.0,0.9,fallback
VET,2018,13,Japanese_Grand_Prix,13,1.0,0.9,fallback
VET,2018,14,Mexican_Grand_Prix,14,1.0,0.9,fallback
VET,2018,15,Monaco_Grand_Prix,15,1.0,0.9,fallback
VET,2018,16,Russian_Grand_Prix,16,1.0,0.9,fallback
VET,2018,17,Singapore_Grand_Prix,17,1.0,0.9,fallback
VET,2018,18,Spanish_Grand_Prix,18,1.0,0.9,fallback
VET,2018,19,United_States_Grand_Prix,19,1.0,0.9,fallback
VET,2019,20,Abu_Dhabi_Grand_Prix,20,1.0277698407790425,1.1363987219561622,rolling
VET,2019,21,Australian_Grand_Prix,21,1.0139036484342414,1.1264480067288085,rolling
VET,2019,22,Austrian_Grand_Prix,22,1.0160134453051333,1.1384180026778252,rolling
VET,2019,23,Azerbaijan_Grand_Prix,23,1.0121742571254475,1.1243243023367284,rolling
VET,2019,24,Bahrain_Grand_Prix,24,1.0400291672578383,1.1198997438632883,rolling
VET,2019,25,Belgian_Grand_Prix,25,1.0653537176890973,1.1412291785304123,rolling
VET,2019,26,Brazilian_Grand_Prix,26,1.0556316517501658,1.1341413146066346,rolling
VET,2019,27,British_Grand_Prix,27,1.0544232050122742,1.13375206071603,rolling
VET,2019,28,Canadian_Grand_Prix,28,1.0433786034165329,1.1178835698818634,rolling
VET,2019,29,Chinese_Grand_Prix,29,1.044012040780523,1.1193341401223735,rolling
VET,2019,30,French_Grand_Prix,30,1.03797382881993,1.1215764604572227,rolling
VET,2019,31,German_Grand_Prix,31,1.0311955363558383,1.1134157000981821,rolling
VET,2019,32,Hungarian_Grand_Prix,32,1.064836332783223,1.0109813933596616,rolling
VET,2019,33,Italian_Grand_Prix,33,1.0656361068939835,1.002557344249013,rolling
VET,2019,34,Japanese_Grand_Prix,34,1.0627662308796069,0.9982928411918532,rolling
VET,2019,35,Mexican_Grand_Prix,35,1.0760767900768882,1.0046576076024567,rolling
VET,2019,36,Monaco_Grand_Prix,36,1.0722016618925632,1.0047112921413248,rolling
VET,2019,37,Russian_Grand_Prix,37,1.078569611042553,1.1269730792582675,rolling
VET,2019,38,Singapore_Grand_Prix,38,1.0801795201571713,1.133661063246,rolling
VET,2019,39,Spanish_Grand_Prix,39,1.082729941868947,1.1311303666468135,rolling
VET,2019,40,United_States_Grand_Prix,40,1.0786443007631208,1.1256571702869613,rolling
VET,2020,41,70th_Anniversary_Grand_Prix,41,1.082343275857157,1.1343905288710363,rolling
VET,2020,42,Abu_Dhabi_Grand_Prix,42,1.0751645748419063,1.129200396890785,rolling
VET,2020,43,Austrian_Grand_Prix,43,1.0643684109054583,1.127955171189627,rolling
VET,2020,44,Bahrain_Grand_Prix,44,1.0592253560423657,1.15,rolling
VET,2020,45,Belgian_Grand_Prix,45,1.0469007162988335,1.15,rolling
VET,2020,46,British_Grand_Prix,46,1.053215769931877,1.15,rolling
VET,2020,47,Eifel_Grand_Prix,47,1.051360237326668,1.147987176434866,rolling
VET,2020,48,Emilia_Romagna_Grand_Prix,48,1.0455249737850902,1.145681172749185,rolling
VET,2020,49,Hungarian_Grand_Prix,49,1.0358976670579674,1.140099715385042,rolling
VET,2020,50,Italian_Grand_Prix,50,1.031819271485264,1.1368876866738993,rolling
VET,2020,51,Portuguese_Grand_Prix,51,1.0185421150411436,1.133754643231313,rolling
VET,2020,52,Russian_Grand_Prix,52,1.012536202273059,1.1270072270838982,rolling
VET,2020,54,Spanish_Grand_Prix,53,1.0097482117653949,1.1225631987701106,rolling
VET,2020,56,Turkish_Grand_Prix,54,1.0123033008521802,1.1260197117394928,rolling
VET,2020,57,Tuscan_Grand_Prix,55,1.0150816801644154,1.1351092866294947,rolling
VET,2021,58,Abu_Dhabi_Grand_Prix,56,1.0125622920389172,1.1290330670993578,rolling
VET,2021,59,Austrian_Grand_Prix,57,1.010501316156126,1.1272103721793005,rolling
VET,2021,60,Azerbaijan_Grand_Prix,58,1.0097708782311205,1.126411799162146,rolling
VET,2021,61,Bahrain_Grand_Prix,59,1.0106031399563262,1.1227338131276507,rolling
VET,2021,63,British_Grand_Prix,60,1.0102360443379907,1.1131674219636407,rolling
VET,2021,64,Dutch_Grand_Prix,61,1.0310120610584055,1.15,rolling
VET,2021,65,Emilia_Romagna_Grand_Prix,62,1.028410622217353,1.148022494617795,rolling
VET,2021,66,French_Grand_Prix,63,1.007705066324335,1.1459292267272945,rolling
VET,2021,68,Italian_Grand_Prix,64,1.0078595566059287,1.1429282272004129,rolling
VET,2021,69,Mexico_City_Grand_Prix,65,1.0052498856011893,1.1407722517666286,rolling
VET,2021,70,Monaco_Grand_Prix,66,1.0049868140770502,1.1435194237623594,rolling
VET,2021,71,Portuguese_Grand_Prix,67,1.012571729737385,1.145009969782577,rolling
VET,2021,72,Qatar_Grand_Prix,68,1.0137154425839816,1.144501855452853,rolling
VET,2021,73,Russian_Grand_Prix,69,1.0101139740080538,1.139280749743911,rolling
VET,2021,74,Saudi_Arabian_Grand_Prix,70,1.0080210494346495,1.142587675522403,rolling
VET,2021,75,Spanish_Grand_Prix,71,0.9917704589805032,1.1225600068090502,rolling
VET,2021,76,Styrian_Grand_Prix,72,0.9906269785091597,1.1212596472405747,rolling
VET,2021,77,São_Paulo_Grand_Prix,73,0.9880655429499108,1.1194250186743753,rolling
VET,2021,78,Turkish_Grand_Prix,74,0.9891566581116613,1.1167224397183964,rolling
VET,2021,79,United_States_Grand_Prix,75,0.9929836707836064,1.1138724692964166,rolling
VET,2022,80,Abu_Dhabi_Grand_Prix,76,0.994824164612226,1.1113730114310236,rolling
VET,2022,81,Australian_Grand_Prix,77,0.9945374055200074,1.1101736919456646,rolling
VET,2022,82,Austrian_Grand_Prix,78,0.989951864302333,1.104168522527192,rolling
VET,2022,83,Azerbaijan_Grand_Prix,79,0.9862199462818674,1.0907220057577298,rolling
VET,2022,85,Belgian_Grand_Prix,80,0.985254902838702,1.0882136375307863,rolling
VET,2022,86,British_Grand_Prix,81,0.9862069738177058,1.0878230987281043,rolling
VET,2022,87,Canadian_Grand_Prix,82,0.97775872076784,1.0826015258409014,rolling
VET,2022,88,Dutch_Grand_Prix,83,0.9791017714516508,1.0839247150337175,rolling
VET,2022,89,Emilia_Romagna_Grand_Prix,84,0.9767985955705203,1.081420060815577,rolling
VET,2022,90,French_Grand_Prix,85,0.9742375035749612,1.081907696502576,rolling
VET,2022,91,Hungarian_Grand_Prix,86,0.9729694136573691,1.0806894461918672,rolling
VET,2022,92,Italian_Grand_Prix,87,0.9743152821235967,1.0810129184621105,rolling
VET,2022,93,Japanese_Grand_Prix,88,0.9698717921806537,1.0787916770043413,rolling
VET,2022,94,Mexico_City_Grand_Prix,89,0.9704271621373147,1.0897917541492925,rolling
VET,2022,95,Miami_Grand_Prix,90,0.9709110060495916,1.089686383313893,rolling
VET,2022,96,Monaco_Grand_Prix,91,0.9697224303455099,1.0891323789547065,rolling
VET,2022,98,Singapore_Grand_Prix,92,0.9722814135997663,1.0816510853668444,rolling
VET,2022,99,Spanish_Grand_Prix,93,0.9767316131578079,1.0823763950103995,rolling
VET,2022,100,São_Paulo_Grand_Prix,94,0.9793446287144927,1.082826690400828,rolling
VET,2022,101,United_States_Grand_Prix,95,0.9795012159762702,1.0857254539091996,rolling
ZHO,2022,80,Abu_Dhabi_Grand_Prix,0,0.9,0.85,fallback
ZHO,2022,81,Australian_Grand_Prix,1,0.9,0.85,fallback
ZHO,2022,82,Austrian_Grand_Prix,2,0.9,0.85,fallback
ZHO,2022,83,Azerbaijan_Grand_Prix,3,0.9,0.85,fallback
ZHO,2022,84,Bahrain_Grand_Prix,4,0.9,0.85,fallback
ZHO,2022,87,Canadian_Grand_Prix,5,0.9,0.85,fallback
ZHO,2022,88,Dutch_Grand_Prix,6,0.9,0.85,fallback
ZHO,2022,89,Emilia_Romagna_Grand_Prix,7,0.9,0.85,fallback
ZHO,2022,90,French_Grand_Prix,8,0.9,0.85,fallback
ZHO,2022,91,Hungarian_Grand_Prix,9,0.9,0.85,fallback
ZHO,2022,92,Italian_Grand_Prix,10,1.05,0.95,fallback
ZHO,2022,93,Japanese_Grand_Prix,11,1.05,0.95,fallback
ZHO,2022,94,Mexico_City_Grand_Prix,12,1.05,0.95,fallback
ZHO,2022,95,Miami_Grand_Prix,13,1.05,0.95,fallback
ZHO,2022,96,Monaco_Grand_Prix,14,1.05,0.95,fallback
ZHO,2022,97,Saudi_Arabian_Grand_Prix,15,1.05,0.95,fallback
ZHO,2022,98,Singapore_Grand_Prix,16,1.05,0.95,fallback
ZHO,2022,99,Spanish_Grand_Prix,17,1.05,0.95,fallback
ZHO,2022,100,São_Paulo_Grand_Prix,18,1.05,0.95,fallback
ZHO,2022,101,United_States_Grand_Prix,19,1.05,0.95,fallback
ZHO,2023,102,Abu_Dhabi_Grand_Prix,20,0.85,1.0537516961622133,rolling
ZHO,2023,103,Australian_Grand_Prix,21,0.85,1.0516895095375565,rolling
ZHO,2023,104,Austrian_Grand_Prix,22,0.85,1.0581863242017429,rolling
ZHO,2023,105,Azerbaijan_Grand_Prix,23,0.85,1.0639937430758386,rolling
ZHO,2023,106,Bahrain_Grand_Prix,24,0.8536602951439763,1.063927511369294,rolling
ZHO,2023,107,Belgian_Grand_Prix,25,0.8603610255386778,1.060916562885453,rolling
ZHO,2023,108,British_Grand_Prix,26,0.8509642017603876,1.0567814900920056,rolling
ZHO,2023,109,Canadian_Grand_Prix,27,0.8564208518115193,1.0575199316248698,rolling
ZHO,2023,110,Dutch_Grand_Prix,28,0.8592077961606068,1.0571991826941631,rolling
ZHO,2023,111,Hungarian_Grand_Prix,29,0.9922052461434037,1.15,rolling
ZHO,2023,112,Italian_Grand_Prix,30,0.9887335748290458,1.15,rolling
ZHO,2023,113,Japanese_Grand_Prix,31,0.9819150034228237,1.15,rolling
ZHO,2023,114,Las_Vegas_Grand_Prix,32,0.9685541871125367,1.15,rolling
ZHO,2023,115,Mexico_City_Grand_Prix,33,0.9782388535924574,1.15,rolling
ZHO,2023,116,Miami_Grand_Prix,34,0.9948890864669331,1.15,rolling
ZHO,2023,117,Monaco_Grand_Prix,35,0.9987885973332424,1.15,rolling
ZHO,2023,118,Qatar_Grand_Prix,36,0.9902602688327384,1.15,rolling
ZHO,2023,119,Saudi_Arabian_Grand_Prix,37,0.9920989039953771,1.15,rolling
ZHO,2023,120,Singapore_Grand_Prix,38,0.9929447182481351,1.15,rolling
ZHO,2023,121,Spanish_Grand_Prix,39,0.9866549613598352,1.15,rolling
ZHO,2023,122,São_Paulo_Grand_Prix,40,0.9944041932713708,1.15,rolling
ZHO,2023,123,United_States_Grand_Prix,41,0.9847124803014486,1.15,rolling
ZHO,2024,124,Abu_Dhabi_Grand_Prix,42,0.982650268662458,1.15,rolling
ZHO,2024,125,Australian_Grand_Prix,43,0.981846093741227,1.15,rolling
ZHO,2024,126,Austrian_Grand_Prix,44,0.979425451999083,1.15,rolling
ZHO,2024,127,Azerbaijan_Grand_Prix,45,0.9790107325948101,1.15,rolling
ZHO,2024,128,Bahrain_Grand_Prix,46,0.9765074578117763,1.15,rolling
ZHO,2024,129,Belgian_Grand_Prix,47,0.9761180413443663,1.15,rolling
ZHO,2024,130,British_Grand_Prix,48,0.9874202367010226,1.15,rolling
ZHO,2024,131,Canadian_Grand_Prix,49,0.9781352241252366,1.1390129220341922,rolling
ZHO,2024,132,Chinese_Grand_Prix,50,0.97712666226101,1.1377563178665036,rolling
ZHO,2024,133,Dutch_Grand_Prix,51,0.9778429939218543,1.1257092527353534,rolling
ZHO,2024,134,Emilia_Romagna_Grand_Prix,52,0.9791865242303204,1.1189515502003649,rolling
ZHO,2024,135,Hungarian_Grand_Prix,53,0.9775826428989416,1.1187863593288236,rolling
ZHO,2024,136,Italian_Grand_Prix,54,0.9840818760872475,1.1159123874145405,rolling
ZHO,2024,137,Japanese_Grand_Prix,55,0.9869342720538745,1.1167310025021875,rolling
ZHO,2024,138,Las_Vegas_Grand_Prix,56,0.85,1.073750406827964,rolling
ZHO,2024,139,Mexico_City_Grand_Prix,57,0.85,1.076577450778925,rolling
ZHO,2024,140,Miami_Grand_Prix,58,0.85,1.0753108843230166,rolling
ZHO,2024,141,Monaco_Grand_Prix,59,0.85,1.0738147916313068,rolling
ZHO,2024,142,Qatar_Grand_Prix,60,0.85,1.0738287393746713,rolling
ZHO,2024,143,Saudi_Arabian_Grand_Prix,61,0.85,1.0705672542495168,rolling
ZHO,2024,144,Singapore_Grand_Prix,62,0.85,1.0725736512571555,rolling
ZHO,2024,145,Spanish_Grand_Prix,63,0.85,1.0719411857631294,rolling
ZHO,2024,146,São_Paulo_Grand_Prix,64,0.85,1.0696783582188087,rolling
ZHO,2024,147,United_States_Grand_Prix,65,0.85,1.0837463321407688,rolling
