race,year,duration_s,under_caution
Abu Dhabi Grand Prix,2018,21.635,False
Abu Dhabi Grand Prix,2018,21.605,False
Abu Dhabi Grand Prix,2018,21.287,False
Abu Dhabi Grand Prix,2018,22.519,False
Abu Dhabi Grand Prix,2018,22.286,True
Abu Dhabi Grand Prix,2018,21.279,True
Abu Dhabi Grand Prix,2018,41.005,True
Abu Dhabi Grand Prix,2018,21.94,True
Abu Dhabi Grand Prix,2018,21.674,False
Abu Dhabi Grand Prix,2018,21.928,False
Abu Dhabi Grand Prix,2018,22.109,False
Abu Dhabi Grand Prix,2018,21.125,False
Abu Dhabi Grand Prix,2018,21.987,False
Abu Dhabi Grand Prix,2018,22.861,False
Abu Dhabi Grand Prix,2018,22.324,False
Abu Dhabi Grand Prix,2018,22.179,False
Abu Dhabi Grand Prix,2018,21.065,False
Abu Dhabi Grand Prix,2018,22.682,False
Australian Grand Prix,2018,22.225,True
Australian Grand Prix,2018,21.772,True
Australian Grand Prix,2018,22.086,False
Australian Grand Prix,2018,21.867,False
Australian Grand Prix,2018,22.294,False
Australian Grand Prix,2018,22.743,True
Australian Grand Prix,2018,22.267,False
Australian Grand Prix,2018,23.588,True
Australian Grand Prix,2018,21.331,False
Australian Grand Prix,2018,22.889,True
Australian Grand Prix,2018,21.358,False
Australian Grand Prix,2018,21.454,True
Australian Grand Prix,2018,23.774,False
Australian Grand Prix,2018,25.416,True
Australian Grand Prix,2018,21.44,True
Australian Grand Prix,2018,21.253,True
Australian Grand Prix,2018,21.136,False
Australian Grand Prix,2018,21.814,True
Austrian Grand Prix,2018,21.533,True
Austrian Grand Prix,2018,21.517,False
Austrian Grand Prix,2018,22.008,True
Austrian Grand Prix,2018,22.103,True
Austrian Grand Prix,2018,21.143,False
Austrian Grand Prix,2018,20.862,False
Austrian Grand Prix,2018,21.392,True
Austrian Grand Prix,2018,22.049,False
Austrian Grand Prix,2018,22.535,True
Austrian Grand Prix,2018,22.846,False
Austrian Grand Prix,2018,21.432,True
Austrian Grand Prix,2018,21.799,True
Austrian Grand Prix,2018,21.268,False
Austrian Grand Prix,2018,23.205,True
Austrian Grand Prix,2018,26.333,False
Austrian Grand Prix,2018,22.923000000000002,False
Austrian Grand Prix,2018,24.283,False
Austrian Grand Prix,2018,22.19,True
Austrian Grand Prix,2018,22.268,False
Austrian Grand Prix,2018,46.507,False
Austrian Grand Prix,2018,22.518,False
Austrian Grand Prix,2018,21.189,True
Austrian Grand Prix,2018,23.777,True
Azerbaijan Grand Prix,2018,56.615,True
Azerbaijan Grand Prix,2018,21.334,True
Azerbaijan Grand Prix,2018,20.215,True
Azerbaijan Grand Prix,2018,44.064,True
Azerbaijan Grand Prix,2018,27.779,False
Azerbaijan Grand Prix,2018,32.828,False
Azerbaijan Grand Prix,2018,15.006,True
Azerbaijan Grand Prix,2018,20.737,False
Azerbaijan Grand Prix,2018,21.267,True
Azerbaijan Grand Prix,2018,21.694,True
Azerbaijan Grand Prix,2018,22.786,True
Azerbaijan Grand Prix,2018,20.346,False
Azerbaijan Grand Prix,2018,21.269,True
Azerbaijan Grand Prix,2018,21.342,True
Azerbaijan Grand Prix,2018,20.617,False
Azerbaijan Grand Prix,2018,21.062,True
Azerbaijan Grand Prix,2018,19.612,False
Azerbaijan Grand Prix,2018,21.83,True
Azerbaijan Grand Prix,2018,35.613,True
Azerbaijan Grand Prix,2018,21.768,True
Azerbaijan Grand Prix,2018,27.876,True
Azerbaijan Grand Prix,2018,26.19,True
Azerbaijan Grand Prix,2018,29.956,True
Azerbaijan Grand Prix,2018,20.698,True
Azerbaijan Grand Prix,2018,19.892,False
Azerbaijan Grand Prix,2018,21.503,False
Azerbaijan Grand Prix,2018,21.014,True
Azerbaijan Grand Prix,2018,19.705,False
Azerbaijan Grand Prix,2018,21.247,True
Azerbaijan Grand Prix,2018,22.76,False
Azerbaijan Grand Prix,2018,19.595,False
Azerbaijan Grand Prix,2018,20.736,True
Azerbaijan Grand Prix,2018,20.953,True
Azerbaijan Grand Prix,2018,19.705,False
Azerbaijan Grand Prix,2018,20.049,False
Azerbaijan Grand Prix,2018,20.815,True
Bahrain Grand Prix,2018,24.989,False
Bahrain Grand Prix,2018,24.74,False
Bahrain Grand Prix,2018,26.632,False
Bahrain Grand Prix,2018,25.811,False
Bahrain Grand Prix,2018,25.048,False
Bahrain Grand Prix,2018,24.741,False
Bahrain Grand Prix,2018,24.826999999999998,False
Bahrain Grand Prix,2018,25.487,False
Bahrain Grand Prix,2018,26.253,False
Bahrain Grand Prix,2018,25.021,False
Bahrain Grand Prix,2018,36.239,False
Bahrain Grand Prix,2018,24.457,False
Bahrain Grand Prix,2018,23.103,False
Bahrain Grand Prix,2018,24.364,False
Bahrain Grand Prix,2018,25.44,True
Bahrain Grand Prix,2018,24.941,False
Bahrain Grand Prix,2018,25.078,False
Bahrain Grand Prix,2018,24.58,False
Bahrain Grand Prix,2018,24.82,False
Bahrain Grand Prix,2018,24.922,False
Bahrain Grand Prix,2018,24.963,False
Bahrain Grand Prix,2018,24.645,False
Bahrain Grand Prix,2018,25.018,False
Bahrain Grand Prix,2018,25.776,False
Bahrain Grand Prix,2018,24.117,False
Bahrain Grand Prix,2018,24.675,False
Bahrain Grand Prix,2018,25.631,False
Bahrain Grand Prix,2018,33.611,False
Bahrain Grand Prix,2018,24.315,False
Bahrain Grand Prix,2018,25.098,False
Bahrain Grand Prix,2018,25.227,False
Bahrain Grand Prix,2018,30.864,True
Bahrain Grand Prix,2018,24.425,False
Belgian Grand Prix,2018,20.212,True
Belgian Grand Prix,2018,30.408,True
Belgian Grand Prix,2018,22.282,False
Belgian Grand Prix,2018,19.704,True
Belgian Grand Prix,2018,22.563,False
Belgian Grand Prix,2018,20.003,True
Belgian Grand Prix,2018,22.816,False
Belgian Grand Prix,2018,20.142,True
Belgian Grand Prix,2018,22.518,False
Belgian Grand Prix,2018,19.391,True
Belgian Grand Prix,2018,22.268,False
Belgian Grand Prix,2018,17.956,True
Belgian Grand Prix,2018,28.829,False
Belgian Grand Prix,2018,19.923000000000002,True
Belgian Grand Prix,2018,24.172,False
Belgian Grand Prix,2018,19.549,True
Belgian Grand Prix,2018,23.112,False
Belgian Grand Prix,2018,19.878,True
Belgian Grand Prix,2018,23.05,False
Belgian Grand Prix,2018,26.225,True
Belgian Grand Prix,2018,34.47,False
Belgian Grand Prix,2018,18.423,True
Belgian Grand Prix,2018,23.752,False
Belgian Grand Prix,2018,19.581,True
Belgian Grand Prix,2018,22.188,False
Belgian Grand Prix,2018,19.627,True
Belgian Grand Prix,2018,22.847,False
Belgian Grand Prix,2018,19.737,True
Belgian Grand Prix,2018,22.841,True
Belgian Grand Prix,2018,23.406,False
Belgian Grand Prix,2018,19.865,True
Belgian Grand Prix,2018,22.25,False
Belgian Grand Prix,2018,19.561,True
Belgian Grand Prix,2018,22.126,False
Brazilian Grand Prix,2018,33.484,False
Brazilian Grand Prix,2018,23.139,False
Brazilian Grand Prix,2018,23.091,False
Brazilian Grand Prix,2018,22.829,False
Brazilian Grand Prix,2018,22.196,False
Brazilian Grand Prix,2018,24.149,False
Brazilian Grand Prix,2018,22.869,False
Brazilian Grand Prix,2018,22.611,False
Brazilian Grand Prix,2018,23.255,False
Brazilian Grand Prix,2018,23.643,False
Brazilian Grand Prix,2018,23.359,False
Brazilian Grand Prix,2018,27.33,False
Brazilian Grand Prix,2018,31.268,False
Brazilian Grand Prix,2018,23.485,False
Brazilian Grand Prix,2018,22.992,False
Brazilian Grand Prix,2018,22.951,False
Brazilian Grand Prix,2018,23.881,False
Brazilian Grand Prix,2018,24.074,False
Brazilian Grand Prix,2018,23.33,False
Brazilian Grand Prix,2018,24.432,False
Brazilian Grand Prix,2018,24.477,False
Brazilian Grand Prix,2018,22.336,False
Brazilian Grand Prix,2018,23.15,False
Brazilian Grand Prix,2018,22.517,False
Brazilian Grand Prix,2018,22.799,False
British Grand Prix,2018,28.638,False
British Grand Prix,2018,28.067,True
British Grand Prix,2018,27.907,False
British Grand Prix,2018,28.205,False
British Grand Prix,2018,28.657,False
British Grand Prix,2018,29.721,True
British Grand Prix,2018,29.267,False
British Grand Prix,2018,28.929,False
British Grand Prix,2018,28.253,False
British Grand Prix,2018,28.425,False
British Grand Prix,2018,29.393,False
British Grand Prix,2018,28.674,False
British Grand Prix,2018,28.813,True
British Grand Prix,2018,38.519,False
British Grand Prix,2018,28.972,True
British Grand Prix,2018,28.16,False
British Grand Prix,2018,27.966,False
British Grand Prix,2018,29.035,False
British Grand Prix,2018,28.086,True
British Grand Prix,2018,28.22,False
British Grand Prix,2018,27.689,False
British Grand Prix,2018,28.268,False
British Grand Prix,2018,28.645,True
British Grand Prix,2018,28.439,False
British Grand Prix,2018,28.001,True
British Grand Prix,2018,28.563,False
British Grand Prix,2018,28.125,True
Canadian Grand Prix,2018,23.042,False
Canadian Grand Prix,2018,23.798000000000002,False
Canadian Grand Prix,2018,23.715,True
Canadian Grand Prix,2018,24.112,False
Canadian Grand Prix,2018,24.49,False
Canadian Grand Prix,2018,23.954,False
Canadian Grand Prix,2018,24.484,False
Canadian Grand Prix,2018,23.641,False
Canadian Grand Prix,2018,24.401,False
Canadian Grand Prix,2018,25.339,False
Canadian Grand Prix,2018,24.11,False
Canadian Grand Prix,2018,23.697,False
Canadian Grand Prix,2018,23.661,False
Canadian Grand Prix,2018,22.169,False
Canadian Grand Prix,2018,24.401,False
Canadian Grand Prix,2018,23.392,False
Canadian Grand Prix,2018,41.02,True
Canadian Grand Prix,2018,23.487,False
Canadian Grand Prix,2018,23.115,False
Canadian Grand Prix,2018,23.44,False
Chinese Grand Prix,2018,23.68,False
Chinese Grand Prix,2018,22.08,False
Chinese Grand Prix,2018,22.639,True
Chinese Grand Prix,2018,23.422,False
Chinese Grand Prix,2018,34.45,True
Chinese Grand Prix,2018,22.962,False
Chinese Grand Prix,2018,23.721,False
Chinese Grand Prix,2018,22.518,False
Chinese Grand Prix,2018,23.143,False
Chinese Grand Prix,2018,23.873,True
Chinese Grand Prix,2018,24.031,False
Chinese Grand Prix,2018,23.267,True
Chinese Grand Prix,2018,23.695,False
Chinese Grand Prix,2018,23.472,False
Chinese Grand Prix,2018,23.023,False
Chinese Grand Prix,2018,22.607,True
Chinese Grand Prix,2018,22.931,False
Chinese Grand Prix,2018,22.49,True
Chinese Grand Prix,2018,22.724,False
Chinese Grand Prix,2018,22.777,False
Chinese Grand Prix,2018,22.674,True
Chinese Grand Prix,2018,23.76,False
Chinese Grand Prix,2018,23.156,True
Chinese Grand Prix,2018,23.743,False
Chinese Grand Prix,2018,22.781,True
Chinese Grand Prix,2018,22.853,False
Chinese Grand Prix,2018,23.767,False
Chinese Grand Prix,2018,22.689,False
Chinese Grand Prix,2018,22.668,True
Chinese Grand Prix,2018,23.17,False
French Grand Prix,2018,25.799,True
French Grand Prix,2018,24.69,False
French Grand Prix,2018,26.559,True
French Grand Prix,2018,30.718,False
French Grand Prix,2018,23.579,False
French Grand Prix,2018,29.971,False
French Grand Prix,2018,24.32,False
French Grand Prix,2018,24.393,False
French Grand Prix,2018,25.003,False
French Grand Prix,2018,25.014,False
French Grand Prix,2018,25.424,False
French Grand Prix,2018,24.191,False
French Grand Prix,2018,24.298,False
French Grand Prix,2018,25.439,False
French Grand Prix,2018,26.267,True
French Grand Prix,2018,26.601,True
French Grand Prix,2018,24.392,False
French Grand Prix,2018,24.53,False
French Grand Prix,2018,32.612,True
French Grand Prix,2018,30.955,False
German Grand Prix,2018,18.926,False
German Grand Prix,2018,21.089,False
German Grand Prix,2018,20.892,False
German Grand Prix,2018,19.173,False
German Grand Prix,2018,33.275,True
German Grand Prix,2018,18.722,False
German Grand Prix,2018,19.829,False
German Grand Prix,2018,19.502,False
German Grand Prix,2018,20.207,False
German Grand Prix,2018,22.721,True
German Grand Prix,2018,19.72,True
German Grand Prix,2018,18.729,False
German Grand Prix,2018,19.283,False
German Grand Prix,2018,20.018,True
German Grand Prix,2018,19.579,False
German Grand Prix,2018,20.718,True
German Grand Prix,2018,20.816,True
German Grand Prix,2018,19.158,False
German Grand Prix,2018,21.078,False
German Grand Prix,2018,20.643,False
German Grand Prix,2018,19.314,False
German Grand Prix,2018,34.769,True
German Grand Prix,2018,27.675,True
German Grand Prix,2018,19.563,False
German Grand Prix,2018,26.128,False
German Grand Prix,2018,19.518,False
German Grand Prix,2018,19.845,True
German Grand Prix,2018,20.158,False
German Grand Prix,2018,19.626,True
German Grand Prix,2018,20.518,True
German Grand Prix,2018,24.159,False
German Grand Prix,2018,19.234,False
German Grand Prix,2018,19.424,True
German Grand Prix,2018,19.765,False
German Grand Prix,2018,19.595,True
German Grand Prix,2018,19.704,False
German Grand Prix,2018,19.286,False
German Grand Prix,2018,19.033,False
German Grand Prix,2018,18.767,False
Hungarian Grand Prix,2018,21.814,False
Hungarian Grand Prix,2018,19.593,False
Hungarian Grand Prix,2018,22.549,True
Hungarian Grand Prix,2018,21.65,False
Hungarian Grand Prix,2018,21.752,False
Hungarian Grand Prix,2018,21.502,False
Hungarian Grand Prix,2018,21.835,False
Hungarian Grand Prix,2018,24.182,False
Hungarian Grand Prix,2018,22.658,True
Hungarian Grand Prix,2018,25.124,False
Hungarian Grand Prix,2018,22.281,False
Hungarian Grand Prix,2018,22.549,False
Hungarian Grand Prix,2018,24.485,False
Hungarian Grand Prix,2018,21.876,False
Hungarian Grand Prix,2018,21.376,False
Hungarian Grand Prix,2018,21.89,False
Hungarian Grand Prix,2018,21.484,False
Hungarian Grand Prix,2018,21.221,False
Hungarian Grand Prix,2018,21.706,False
Hungarian Grand Prix,2018,22.609,False
Japanese Grand Prix,2018,27.241,False
Japanese Grand Prix,2018,22.701,False
Japanese Grand Prix,2018,23.032,True
Japanese Grand Prix,2018,23.392,False
Japanese Grand Prix,2018,24.111,False
Japanese Grand Prix,2018,22.539,False
Japanese Grand Prix,2018,22.957,False
Japanese Grand Prix,2018,23.211,False
Japanese Grand Prix,2018,38.789,True
Japanese Grand Prix,2018,26.092,False
Japanese Grand Prix,2018,29.234,True
Japanese Grand Prix,2018,23.237,False
Japanese Grand Prix,2018,23.314,False
Japanese Grand Prix,2018,22.783,False
Japanese Grand Prix,2018,23.566,False
Japanese Grand Prix,2018,23.604,False
Japanese Grand Prix,2018,23.564,True
Japanese Grand Prix,2018,23.594,False
Japanese Grand Prix,2018,23.668,False
Japanese Grand Prix,2018,29.389,True
Japanese Grand Prix,2018,23.175,False
Japanese Grand Prix,2018,29.22,False
Japanese Grand Prix,2018,22.652,False
Mexican Grand Prix,2018,22.065,False
Mexican Grand Prix,2018,23.864,False
Mexican Grand Prix,2018,22.485,True
Mexican Grand Prix,2018,31.347,False
Mexican Grand Prix,2018,22.605,True
Mexican Grand Prix,2018,23.034,False
Mexican Grand Prix,2018,22.671,False
Mexican Grand Prix,2018,23.407,True
Mexican Grand Prix,2018,22.252,False
Mexican Grand Prix,2018,22.338,False
Mexican Grand Prix,2018,22.183,False
Mexican Grand Prix,2018,23.518,False
Mexican Grand Prix,2018,21.15,False
Mexican Grand Prix,2018,21.933,False
Mexican Grand Prix,2018,22.362,False
Mexican Grand Prix,2018,27.611,False
Mexican Grand Prix,2018,22.738,True
Mexican Grand Prix,2018,23.737,True
Mexican Grand Prix,2018,22.019,False
Mexican Grand Prix,2018,20.882,False
Mexican Grand Prix,2018,22.658,False
Mexican Grand Prix,2018,22.469,False
Mexican Grand Prix,2018,24.456,False
Mexican Grand Prix,2018,23.309,False
Mexican Grand Prix,2018,22.171,False
Mexican Grand Prix,2018,22.165,False
Mexican Grand Prix,2018,22.049,False
Mexican Grand Prix,2018,22.628,False
Mexican Grand Prix,2018,21.718,False
Monaco Grand Prix,2018,24.268,False
Monaco Grand Prix,2018,23.907,False
Monaco Grand Prix,2018,24.254,False
Monaco Grand Prix,2018,24.188,False
Monaco Grand Prix,2018,24.642,False
Monaco Grand Prix,2018,24.374,False
Monaco Grand Prix,2018,23.72,False
Monaco Grand Prix,2018,24.267,False
Monaco Grand Prix,2018,25.171,False
Monaco Grand Prix,2018,23.845,False
Monaco Grand Prix,2018,24.267,False
Monaco Grand Prix,2018,24.549,False
Monaco Grand Prix,2018,29.269,False
Monaco Grand Prix,2018,24.282,False
Monaco Grand Prix,2018,24.532,False
Monaco Grand Prix,2018,24.736,False
Monaco Grand Prix,2018,31.798000000000002,False
Monaco Grand Prix,2018,25.315,False
Monaco Grand Prix,2018,25.596,False
Monaco Grand Prix,2018,33.77,False
Monaco Grand Prix,2018,30.972,False
Monaco Grand Prix,2018,24.831,False
Monaco Grand Prix,2018,26.777,False
Monaco Grand Prix,2018,25.303,True
Monaco Grand Prix,2018,24.096,False
Monaco Grand Prix,2018,24.035,False
Russian Grand Prix,2018,30.221,False
Russian Grand Prix,2018,29.785,False
Russian Grand Prix,2018,29.971,False
Russian Grand Prix,2018,30.002,False
Russian Grand Prix,2018,30.408,False
Russian Grand Prix,2018,29.586,False
Russian Grand Prix,2018,29.254,False
Russian Grand Prix,2018,30.558,False
Russian Grand Prix,2018,30.354,False
Russian Grand Prix,2018,29.784,False
Russian Grand Prix,2018,30.598,False
Russian Grand Prix,2018,29.798000000000002,False
Russian Grand Prix,2018,29.498,False
Russian Grand Prix,2018,37.492,False
Russian Grand Prix,2018,29.986,False
Russian Grand Prix,2018,29.814,False
Russian Grand Prix,2018,29.098,False
Russian Grand Prix,2018,29.581,False
Russian Grand Prix,2018,29.299,False
Russian Grand Prix,2018,29.778,False
Singapore Grand Prix,2018,29.878,False
Singapore Grand Prix,2018,28.559,False
Singapore Grand Prix,2018,28.813,False
Singapore Grand Prix,2018,28.958,False
Singapore Grand Prix,2018,29.386,False
Singapore Grand Prix,2018,29.955,False
Singapore Grand Prix,2018,32.347,False
Singapore Grand Prix,2018,29.41,False
Singapore Grand Prix,2018,31.159,False
Singapore Grand Prix,2018,29.319,False
Singapore Grand Prix,2018,31.347,False
Singapore Grand Prix,2018,30.676,False
Singapore Grand Prix,2018,29.174,False
Singapore Grand Prix,2018,32.562,False
Singapore Grand Prix,2018,30.424,False
Singapore Grand Prix,2018,24.198,False
Singapore Grand Prix,2018,29.518,False
Singapore Grand Prix,2018,28.735,False
Singapore Grand Prix,2018,30.205,False
Singapore Grand Prix,2018,30.751,True
Singapore Grand Prix,2018,34.048,False
Singapore Grand Prix,2018,28.69,False
Singapore Grand Prix,2018,30.237,False
Singapore Grand Prix,2018,29.826,False
Singapore Grand Prix,2018,28.677,False
Spanish Grand Prix,2018,21.721,False
Spanish Grand Prix,2018,23.222,False
Spanish Grand Prix,2018,22.045,False
Spanish Grand Prix,2018,22.063,False
Spanish Grand Prix,2018,22.612,True
Spanish Grand Prix,2018,22.44,False
Spanish Grand Prix,2018,21.962,False
Spanish Grand Prix,2018,22.907,False
Spanish Grand Prix,2018,47.871,False
Spanish Grand Prix,2018,22.44,False
Spanish Grand Prix,2018,22.994,True
Spanish Grand Prix,2018,21.579,False
Spanish Grand Prix,2018,22.374,False
Spanish Grand Prix,2018,22.035,True
Spanish Grand Prix,2018,22.24,False
Spanish Grand Prix,2018,23.846,True
Spanish Grand Prix,2018,21.469,False
Spanish Grand Prix,2018,27.377,False
Spanish Grand Prix,2018,21.707,False
Spanish Grand Prix,2018,21.962,False
Spanish Grand Prix,2018,24.141,True
United States Grand Prix,2018,23.423,False
United States Grand Prix,2018,23.985,False
United States Grand Prix,2018,23.954,True
United States Grand Prix,2018,23.206,False
United States Grand Prix,2018,35.161,False
United States Grand Prix,2018,23.6,True
United States Grand Prix,2018,23.845,False
United States Grand Prix,2018,23.917,False
United States Grand Prix,2018,24.767,False
United States Grand Prix,2018,34.033,False
United States Grand Prix,2018,23.856,False
United States Grand Prix,2018,24.602,False
United States Grand Prix,2018,25.782,False
United States Grand Prix,2018,23.768,False
United States Grand Prix,2018,29.378,False
United States Grand Prix,2018,23.759,True
United States Grand Prix,2018,23.738,False
United States Grand Prix,2018,41.023,False
United States Grand Prix,2018,18.657,False
United States Grand Prix,2018,24.298,False
United States Grand Prix,2018,24.095,True
United States Grand Prix,2018,24.22,False
United States Grand Prix,2018,23.44,False
United States Grand Prix,2018,24.524,False
Abu Dhabi Grand Prix,2019,22.056,False
Abu Dhabi Grand Prix,2019,21.142,False
Abu Dhabi Grand Prix,2019,77.487,False
Abu Dhabi Grand Prix,2019,21.96,False
Abu Dhabi Grand Prix,2019,22.189,False
Abu Dhabi Grand Prix,2019,21.937,False
Abu Dhabi Grand Prix,2019,22.167,False
Abu Dhabi Grand Prix,2019,21.326,False
Abu Dhabi Grand Prix,2019,21.016,False
Abu Dhabi Grand Prix,2019,21.513,False
Abu Dhabi Grand Prix,2019,21.709,False
Abu Dhabi Grand Prix,2019,21.288,False
Abu Dhabi Grand Prix,2019,21.575,False
Abu Dhabi Grand Prix,2019,22.969,False
Abu Dhabi Grand Prix,2019,22.208,False
Abu Dhabi Grand Prix,2019,22.442,False
Abu Dhabi Grand Prix,2019,21.934,False
Abu Dhabi Grand Prix,2019,21.632,False
Abu Dhabi Grand Prix,2019,22.287,False
Abu Dhabi Grand Prix,2019,21.936,False
Abu Dhabi Grand Prix,2019,21.442,False
Abu Dhabi Grand Prix,2019,28.784,False
Abu Dhabi Grand Prix,2019,21.744,False
Abu Dhabi Grand Prix,2019,21.014,False
Abu Dhabi Grand Prix,2019,27.817,False
Abu Dhabi Grand Prix,2019,21.824,False
Australian Grand Prix,2019,21.43,False
Australian Grand Prix,2019,22.07,False
Australian Grand Prix,2019,20.333,False
Australian Grand Prix,2019,27.142,False
Australian Grand Prix,2019,30.141,False
Australian Grand Prix,2019,21.01,False
Australian Grand Prix,2019,21.715,False
Australian Grand Prix,2019,32.648,False
Australian Grand Prix,2019,22.615,False
Australian Grand Prix,2019,21.897,False
Australian Grand Prix,2019,21.965,False
Australian Grand Prix,2019,21.765,False
Australian Grand Prix,2019,22.482,False
Australian Grand Prix,2019,21.442,False
Australian Grand Prix,2019,20.726,False
Australian Grand Prix,2019,23.029,False
Australian Grand Prix,2019,33.284,False
Australian Grand Prix,2019,21.734,False
Australian Grand Prix,2019,21.155,False
Australian Grand Prix,2019,22.339,False
Australian Grand Prix,2019,20.85,False
Australian Grand Prix,2019,24.215,False
Austrian Grand Prix,2019,21.247,False
Austrian Grand Prix,2019,22.558,False
Austrian Grand Prix,2019,22.292,False
Austrian Grand Prix,2019,21.668,False
Austrian Grand Prix,2019,22.386,False
Austrian Grand Prix,2019,30.092,False
Austrian Grand Prix,2019,20.795,False
Austrian Grand Prix,2019,21.544,False
Austrian Grand Prix,2019,24.851,False
Austrian Grand Prix,2019,21.887,False
Austrian Grand Prix,2019,23.275,False
Austrian Grand Prix,2019,16.333,False
Austrian Grand Prix,2019,22.479,False
Austrian Grand Prix,2019,21.559,False
Austrian Grand Prix,2019,22.386,False
Austrian Grand Prix,2019,21.715,False
Austrian Grand Prix,2019,22.293,False
Austrian Grand Prix,2019,22.76,False
Austrian Grand Prix,2019,21.263,False
Austrian Grand Prix,2019,21.996,False
Austrian Grand Prix,2019,21.122,False
Austrian Grand Prix,2019,25.257,False
Austrian Grand Prix,2019,22.261,False
Azerbaijan Grand Prix,2019,20.5,False
Azerbaijan Grand Prix,2019,20.143,False
Azerbaijan Grand Prix,2019,21.204,False
Azerbaijan Grand Prix,2019,20.539,False
Azerbaijan Grand Prix,2019,20.615,False
Azerbaijan Grand Prix,2019,21.202,False
Azerbaijan Grand Prix,2019,20.723,False
Azerbaijan Grand Prix,2019,14.802,False
Azerbaijan Grand Prix,2019,21.03,False
Azerbaijan Grand Prix,2019,20.714,False
Azerbaijan Grand Prix,2019,20.948,False
Azerbaijan Grand Prix,2019,20.278,False
Azerbaijan Grand Prix,2019,19.998,False
Azerbaijan Grand Prix,2019,20.099,False
Azerbaijan Grand Prix,2019,20.75,True
Azerbaijan Grand Prix,2019,19.813,False
Azerbaijan Grand Prix,2019,22.06,True
Azerbaijan Grand Prix,2019,21.145,False
Azerbaijan Grand Prix,2019,21.367,False
Azerbaijan Grand Prix,2019,21.331,False
Azerbaijan Grand Prix,2019,20.38,False
Azerbaijan Grand Prix,2019,20.701999999999998,True
Azerbaijan Grand Prix,2019,19.736,False
Azerbaijan Grand Prix,2019,22.931,False
Azerbaijan Grand Prix,2019,20.979,False
Azerbaijan Grand Prix,2019,19.926,False
Bahrain Grand Prix,2019,25.543,False
Bahrain Grand Prix,2019,24.8,False
Bahrain Grand Prix,2019,24.863,False
Bahrain Grand Prix,2019,24.407,False
Bahrain Grand Prix,2019,27.195,False
Bahrain Grand Prix,2019,24.578,False
Bahrain Grand Prix,2019,27.747,False
Bahrain Grand Prix,2019,24.785,False
Bahrain Grand Prix,2019,31.971,False
Bahrain Grand Prix,2019,24.235,False
Bahrain Grand Prix,2019,24.33,False
Bahrain Grand Prix,2019,25.497,False
Bahrain Grand Prix,2019,25.274,False
Bahrain Grand Prix,2019,24.49,False
Bahrain Grand Prix,2019,24.593,False
Bahrain Grand Prix,2019,26.437,False
Bahrain Grand Prix,2019,30.9,False
Bahrain Grand Prix,2019,24.508,False
Bahrain Grand Prix,2019,24.362,False
Bahrain Grand Prix,2019,24.957,False
Bahrain Grand Prix,2019,26.002,False
Bahrain Grand Prix,2019,24.127,False
Bahrain Grand Prix,2019,24.749,False
Bahrain Grand Prix,2019,27.144,False
Bahrain Grand Prix,2019,26.816,False
Bahrain Grand Prix,2019,25.524,False
Bahrain Grand Prix,2019,25.506,False
Bahrain Grand Prix,2019,25.651,False
Bahrain Grand Prix,2019,25.379,False
Bahrain Grand Prix,2019,25.004,False
Bahrain Grand Prix,2019,45.467,False
Bahrain Grand Prix,2019,25.023,False
Bahrain Grand Prix,2019,24.997,False
Bahrain Grand Prix,2019,34.313,False
Bahrain Grand Prix,2019,26.6,False
Bahrain Grand Prix,2019,24.535,False
Bahrain Grand Prix,2019,26.82,False
Bahrain Grand Prix,2019,24.42,False
Bahrain Grand Prix,2019,24.202,False
Bahrain Grand Prix,2019,33.384,False
Belgian Grand Prix,2019,22.532,False
Belgian Grand Prix,2019,22.536,False
Belgian Grand Prix,2019,23.076,False
Belgian Grand Prix,2019,23.047,False
Belgian Grand Prix,2019,22.907,False
Belgian Grand Prix,2019,23.56,False
Belgian Grand Prix,2019,23.464,False
Belgian Grand Prix,2019,22.895,False
Belgian Grand Prix,2019,24.267,False
Belgian Grand Prix,2019,23.142,False
Belgian Grand Prix,2019,22.347,False
Belgian Grand Prix,2019,22.427,False
Belgian Grand Prix,2019,23.254,False
Belgian Grand Prix,2019,23.149,False
Belgian Grand Prix,2019,38.966,True
Belgian Grand Prix,2019,25.279,True
Belgian Grand Prix,2019,26.826999999999998,False
Belgian Grand Prix,2019,27.527,True
Belgian Grand Prix,2019,22.454,False
Belgian Grand Prix,2019,22.723,False
Belgian Grand Prix,2019,25.33,False
Belgian Grand Prix,2019,22.899,False
Belgian Grand Prix,2019,22.987,False
Brazilian Grand Prix,2019,23.054,False
Brazilian Grand Prix,2019,23.034,False
Brazilian Grand Prix,2019,23.099,False
Brazilian Grand Prix,2019,23.17,False
Brazilian Grand Prix,2019,22.911,False
Brazilian Grand Prix,2019,23.559,False
Brazilian Grand Prix,2019,23.135,False
Brazilian Grand Prix,2019,23.479,False
Brazilian Grand Prix,2019,23.745,False
Brazilian Grand Prix,2019,22.84,True
Brazilian Grand Prix,2019,22.887,False
Brazilian Grand Prix,2019,22.523,False
Brazilian Grand Prix,2019,23.111,True
Brazilian Grand Prix,2019,23.35,False
Brazilian Grand Prix,2019,23.674,False
Brazilian Grand Prix,2019,22.839,True
Brazilian Grand Prix,2019,23.946,False
Brazilian Grand Prix,2019,29.352,False
Brazilian Grand Prix,2019,24.926,True
Brazilian Grand Prix,2019,23.386,True
Brazilian Grand Prix,2019,22.701999999999998,False
Brazilian Grand Prix,2019,23.371,False
Brazilian Grand Prix,2019,22.932,False
Brazilian Grand Prix,2019,23.064,True
Brazilian Grand Prix,2019,23.919,False
Brazilian Grand Prix,2019,23.468,True
Brazilian Grand Prix,2019,23.491,False
Brazilian Grand Prix,2019,23.356,True
Brazilian Grand Prix,2019,23.073,False
Brazilian Grand Prix,2019,23.147,False
Brazilian Grand Prix,2019,23.55,False
Brazilian Grand Prix,2019,26.197,False
Brazilian Grand Prix,2019,30.817,False
Brazilian Grand Prix,2019,29.435,False
Brazilian Grand Prix,2019,22.493,False
Brazilian Grand Prix,2019,23.158,True
Brazilian Grand Prix,2019,22.484,True
Brazilian Grand Prix,2019,21.787,False
Brazilian Grand Prix,2019,23.376,False
Brazilian Grand Prix,2019,24.875,True
Brazilian Grand Prix,2019,21.491,False
Brazilian Grand Prix,2019,22.43,False
Brazilian Grand Prix,2019,22.379,True
Brazilian Grand Prix,2019,23.311,False
Brazilian Grand Prix,2019,23.248,False
British Grand Prix,2019,28.985,False
British Grand Prix,2019,28.392,False
British Grand Prix,2019,28.158,False
British Grand Prix,2019,27.893,False
British Grand Prix,2019,33.556,False
British Grand Prix,2019,28.906,True
British Grand Prix,2019,28.642,False
British Grand Prix,2019,28.75,True
British Grand Prix,2019,29.437,False
British Grand Prix,2019,28.798000000000002,True
British Grand Prix,2019,29.406,False
British Grand Prix,2019,28.283,True
British Grand Prix,2019,32.791,False
British Grand Prix,2019,28.283,False
British Grand Prix,2019,27.799,False
British Grand Prix,2019,30.264,False
British Grand Prix,2019,38.267,False
British Grand Prix,2019,28.672,False
British Grand Prix,2019,28.392,False
British Grand Prix,2019,28.392,False
British Grand Prix,2019,28.392,True
British Grand Prix,2019,29.0,True
British Grand Prix,2019,27.378,True
British Grand Prix,2019,30.42,False
British Grand Prix,2019,29.078,False
British Grand Prix,2019,27.846,False
British Grand Prix,2019,28.002,True
British Grand Prix,2019,28.002,True
British Grand Prix,2019,38.485,False
Canadian Grand Prix,2019,38.093,False
Canadian Grand Prix,2019,21.091,False
Canadian Grand Prix,2019,19.901,False
Canadian Grand Prix,2019,22.64,False
Canadian Grand Prix,2019,24.184,False
Canadian Grand Prix,2019,23.953,False
Canadian Grand Prix,2019,23.659,False
Canadian Grand Prix,2019,23.865,False
Canadian Grand Prix,2019,25.076,False
Canadian Grand Prix,2019,22.34,False
Canadian Grand Prix,2019,23.512,False
Canadian Grand Prix,2019,23.956,False
Canadian Grand Prix,2019,24.402,False
Canadian Grand Prix,2019,24.17,False
Canadian Grand Prix,2019,25.188,False
Canadian Grand Prix,2019,24.768,False
Canadian Grand Prix,2019,24.079,False
Canadian Grand Prix,2019,26.458,False
Canadian Grand Prix,2019,24.242,False
Canadian Grand Prix,2019,21.802,False
Canadian Grand Prix,2019,23.84,False
Canadian Grand Prix,2019,23.64,False
Chinese Grand Prix,2019,23.026,False
Chinese Grand Prix,2019,22.196,False
Chinese Grand Prix,2019,24.279,False
Chinese Grand Prix,2019,22.311,False
Chinese Grand Prix,2019,22.461,False
Chinese Grand Prix,2019,22.408,False
Chinese Grand Prix,2019,25.085,False
Chinese Grand Prix,2019,24.971,False
Chinese Grand Prix,2019,22.938,False
Chinese Grand Prix,2019,23.719,False
Chinese Grand Prix,2019,22.807,False
Chinese Grand Prix,2019,23.817,False
Chinese Grand Prix,2019,24.172,False
Chinese Grand Prix,2019,32.13,False
Chinese Grand Prix,2019,17.029,False
Chinese Grand Prix,2019,26.272,False
Chinese Grand Prix,2019,42.873,False
Chinese Grand Prix,2019,23.171,False
Chinese Grand Prix,2019,24.217,False
Chinese Grand Prix,2019,23.932,False
Chinese Grand Prix,2019,23.321,False
Chinese Grand Prix,2019,50.735,True
Chinese Grand Prix,2019,33.63,False
Chinese Grand Prix,2019,22.999,False
Chinese Grand Prix,2019,23.707,False
Chinese Grand Prix,2019,23.673000000000002,False
Chinese Grand Prix,2019,23.492,False
Chinese Grand Prix,2019,24.193,False
Chinese Grand Prix,2019,24.056,False
Chinese Grand Prix,2019,45.937,True
Chinese Grand Prix,2019,22.132,False
Chinese Grand Prix,2019,23.474,False
Chinese Grand Prix,2019,23.758,False
Chinese Grand Prix,2019,23.451,False
Chinese Grand Prix,2019,22.631,False
Chinese Grand Prix,2019,22.093,False
Chinese Grand Prix,2019,22.508,False
French Grand Prix,2019,30.236,False
French Grand Prix,2019,30.239,False
French Grand Prix,2019,30.116,False
French Grand Prix,2019,26.325,False
French Grand Prix,2019,31.723,False
French Grand Prix,2019,30.832,False
French Grand Prix,2019,30.176,False
French Grand Prix,2019,35.307,False
French Grand Prix,2019,29.661,False
French Grand Prix,2019,30.224,False
French Grand Prix,2019,31.565,False
French Grand Prix,2019,30.811,False
French Grand Prix,2019,30.481,False
French Grand Prix,2019,37.376,False
French Grand Prix,2019,29.833,False
French Grand Prix,2019,31.046,False
French Grand Prix,2019,32.001,False
French Grand Prix,2019,43.477,False
French Grand Prix,2019,29.922,False
French Grand Prix,2019,31.473,False
French Grand Prix,2019,29.391,False
French Grand Prix,2019,30.069,False
French Grand Prix,2019,30.583,False
German Grand Prix,2019,20.317,True
German Grand Prix,2019,21.502,True
German Grand Prix,2019,21.719,True
German Grand Prix,2019,19.886,False
German Grand Prix,2019,22.206,True
German Grand Prix,2019,20.537,True
German Grand Prix,2019,21.139,True
German Grand Prix,2019,21.17,False
German Grand Prix,2019,29.64,True
German Grand Prix,2019,19.869,True
German Grand Prix,2019,20.549,True
German Grand Prix,2019,20.035,False
German Grand Prix,2019,22.5,True
German Grand Prix,2019,20.863,True
German Grand Prix,2019,20.095,True
German Grand Prix,2019,27.897,False
German Grand Prix,2019,27.238,True
German Grand Prix,2019,21.625,True
German Grand Prix,2019,24.004,True
German Grand Prix,2019,20.674,True
German Grand Prix,2019,20.733,False
German Grand Prix,2019,20.246,True
German Grand Prix,2019,23.001,True
German Grand Prix,2019,69.021,True
German Grand Prix,2019,27.063,False
German Grand Prix,2019,20.007,False
German Grand Prix,2019,19.593,True
German Grand Prix,2019,22.172,True
German Grand Prix,2019,20.094,True
German Grand Prix,2019,20.596,True
German Grand Prix,2019,23.787,False
German Grand Prix,2019,20.439,False
German Grand Prix,2019,19.64,True
German Grand Prix,2019,20.361,False
German Grand Prix,2019,19.919,True
German Grand Prix,2019,21.662,True
German Grand Prix,2019,20.675,False
German Grand Prix,2019,24.233,True
German Grand Prix,2019,20.651,True
German Grand Prix,2019,20.32,True
German Grand Prix,2019,21.979,True
German Grand Prix,2019,20.563,False
German Grand Prix,2019,21.159,False
German Grand Prix,2019,21.378,True
German Grand Prix,2019,20.378,True
German Grand Prix,2019,20.235,True
German Grand Prix,2019,20.648,True
German Grand Prix,2019,21.392,False
German Grand Prix,2019,27.253,True
German Grand Prix,2019,22.237,True
German Grand Prix,2019,21.178,True
German Grand Prix,2019,20.954,False
German Grand Prix,2019,21.256,True
German Grand Prix,2019,20.721,False
German Grand Prix,2019,19.251,False
German Grand Prix,2019,19.347,True
German Grand Prix,2019,21.651,False
German Grand Prix,2019,23.418,True
German Grand Prix,2019,23.343,True
German Grand Prix,2019,19.983,True
German Grand Prix,2019,20.689,False
German Grand Prix,2019,22.721,False
German Grand Prix,2019,21.266,True
German Grand Prix,2019,21.986,True
German Grand Prix,2019,20.47,True
German Grand Prix,2019,20.14,True
German Grand Prix,2019,22.359,True
German Grand Prix,2019,19.653,False
German Grand Prix,2019,21.521,True
German Grand Prix,2019,19.299,True
German Grand Prix,2019,19.033,False
German Grand Prix,2019,20.083,True
German Grand Prix,2019,20.748,False
German Grand Prix,2019,22.015,True
German Grand Prix,2019,21.236,True
German Grand Prix,2019,19.58,False
Hungarian Grand Prix,2019,23.644,False
Hungarian Grand Prix,2019,33.475,False
Hungarian Grand Prix,2019,21.719,False
Hungarian Grand Prix,2019,22.048,False
Hungarian Grand Prix,2019,23.188,False
Hungarian Grand Prix,2019,21.84,False
Hungarian Grand Prix,2019,23.068,False
Hungarian Grand Prix,2019,19.767,False
Hungarian Grand Prix,2019,21.765,False
Hungarian Grand Prix,2019,21.754,False
Hungarian Grand Prix,2019,24.41,False
Hungarian Grand Prix,2019,21.564,False
Hungarian Grand Prix,2019,21.614,False
Hungarian Grand Prix,2019,26.064,False
Hungarian Grand Prix,2019,21.735,False
Hungarian Grand Prix,2019,22.162,False
Hungarian Grand Prix,2019,22.553,False
Hungarian Grand Prix,2019,21.344,False
Hungarian Grand Prix,2019,21.878,False
Hungarian Grand Prix,2019,22.061,False
Hungarian Grand Prix,2019,21.565,False
Hungarian Grand Prix,2019,21.736,False
Hungarian Grand Prix,2019,20.932,False
Hungarian Grand Prix,2019,24.802,False
Italian Grand Prix,2019,29.812,False
Italian Grand Prix,2019,23.789,True
Italian Grand Prix,2019,22.775,True
Italian Grand Prix,2019,25.693,False
Italian Grand Prix,2019,26.458,False
Italian Grand Prix,2019,25.116,True
Italian Grand Prix,2019,23.961,False
Italian Grand Prix,2019,23.743,False
Italian Grand Prix,2019,24.289,True
Italian Grand Prix,2019,31.606,True
Italian Grand Prix,2019,23.821,False
Italian Grand Prix,2019,24.835,True
Italian Grand Prix,2019,23.868,False
Italian Grand Prix,2019,24.383,False
Italian Grand Prix,2019,24.679,False
Italian Grand Prix,2019,24.117,False
Italian Grand Prix,2019,25.35,True
Italian Grand Prix,2019,32.245,False
Italian Grand Prix,2019,24.617,True
Italian Grand Prix,2019,24.305,True
Italian Grand Prix,2019,23.852,False
Italian Grand Prix,2019,18.767,False
Italian Grand Prix,2019,24.414,False
Italian Grand Prix,2019,30.778,False
Italian Grand Prix,2019,24.445,True
Italian Grand Prix,2019,32.058,False
Italian Grand Prix,2019,32.074,False
Italian Grand Prix,2019,24.383,False
Japanese Grand Prix,2019,23.431,False
Japanese Grand Prix,2019,23.33,False
Japanese Grand Prix,2019,23.102,False
Japanese Grand Prix,2019,23.153,False
Japanese Grand Prix,2019,23.338,False
Japanese Grand Prix,2019,23.377,False
Japanese Grand Prix,2019,23.769,False
Japanese Grand Prix,2019,23.563,False
Japanese Grand Prix,2019,23.963,False
Japanese Grand Prix,2019,23.596,False
Japanese Grand Prix,2019,23.803,False
Japanese Grand Prix,2019,26.065,False
Japanese Grand Prix,2019,22.901,False
Japanese Grand Prix,2019,23.334,False
Japanese Grand Prix,2019,30.488,False
Japanese Grand Prix,2019,23.553,False
Japanese Grand Prix,2019,23.405,False
Japanese Grand Prix,2019,23.829,False
Japanese Grand Prix,2019,23.951,False
Japanese Grand Prix,2019,25.442,False
Japanese Grand Prix,2019,23.168,False
Japanese Grand Prix,2019,22.927,False
Japanese Grand Prix,2019,23.142,False
Japanese Grand Prix,2019,24.353,False
Japanese Grand Prix,2019,23.305,False
Japanese Grand Prix,2019,22.376,False
Japanese Grand Prix,2019,23.714,False
Japanese Grand Prix,2019,26.484,False
Japanese Grand Prix,2019,23.122,False
Japanese Grand Prix,2019,23.289,False
Japanese Grand Prix,2019,22.873,False
Mexican Grand Prix,2019,22.399,False
Mexican Grand Prix,2019,22.154,False
Mexican Grand Prix,2019,21.357,False
Mexican Grand Prix,2019,22.589,False
Mexican Grand Prix,2019,22.833,False
Mexican Grand Prix,2019,43.034,False
Mexican Grand Prix,2019,23.905,False
Mexican Grand Prix,2019,22.481,False
Mexican Grand Prix,2019,22.495,False
Mexican Grand Prix,2019,24.849,False
Mexican Grand Prix,2019,22.27,False
Mexican Grand Prix,2019,22.719,False
Mexican Grand Prix,2019,21.367,False
Mexican Grand Prix,2019,21.411,False
Mexican Grand Prix,2019,25.461,False
Mexican Grand Prix,2019,23.059,False
Mexican Grand Prix,2019,22.611,False
Mexican Grand Prix,2019,22.747,False
Mexican Grand Prix,2019,22.953,False
Mexican Grand Prix,2019,22.084,False
Mexican Grand Prix,2019,21.996,False
Mexican Grand Prix,2019,22.076,False
Mexican Grand Prix,2019,22.01,False
Mexican Grand Prix,2019,22.793,False
Mexican Grand Prix,2019,24.528,False
Mexican Grand Prix,2019,21.788,False
Monaco Grand Prix,2019,25.085,False
Monaco Grand Prix,2019,25.058,True
Monaco Grand Prix,2019,24.861,True
Monaco Grand Prix,2019,24.158,False
Monaco Grand Prix,2019,23.865,False
Monaco Grand Prix,2019,35.495,False
Monaco Grand Prix,2019,24.234,False
Monaco Grand Prix,2019,24.267,True
Monaco Grand Prix,2019,25.534,True
Monaco Grand Prix,2019,23.893,False
Monaco Grand Prix,2019,24.002,False
Monaco Grand Prix,2019,25.954,True
Monaco Grand Prix,2019,25.687,False
Monaco Grand Prix,2019,25.409,True
Monaco Grand Prix,2019,25.079,False
Monaco Grand Prix,2019,27.217,True
Monaco Grand Prix,2019,26.157,False
Monaco Grand Prix,2019,24.252,True
Monaco Grand Prix,2019,26.049,True
Monaco Grand Prix,2019,23.793,False
Monaco Grand Prix,2019,24.612,False
Monaco Grand Prix,2019,24.011,True
Monaco Grand Prix,2019,24.429,True
Russian Grand Prix,2019,29.918,True
Russian Grand Prix,2019,29.24,True
Russian Grand Prix,2019,29.748,True
Russian Grand Prix,2019,38.123,True
Russian Grand Prix,2019,30.061,True
Russian Grand Prix,2019,29.459,True
Russian Grand Prix,2019,34.368,False
Russian Grand Prix,2019,29.651,True
Russian Grand Prix,2019,30.488,True
Russian Grand Prix,2019,29.246,True
Russian Grand Prix,2019,29.347,True
Russian Grand Prix,2019,29.818,True
Russian Grand Prix,2019,29.431,False
Russian Grand Prix,2019,29.467,True
Russian Grand Prix,2019,30.481,True
Russian Grand Prix,2019,29.291,False
Russian Grand Prix,2019,29.95,False
Russian Grand Prix,2019,24.036,False
Russian Grand Prix,2019,36.127,True
Russian Grand Prix,2019,35.597,True
Russian Grand Prix,2019,29.898,False
Russian Grand Prix,2019,29.887,True
Russian Grand Prix,2019,29.999,True
Singapore Grand Prix,2019,28.516,False
Singapore Grand Prix,2019,29.671,False
Singapore Grand Prix,2019,32.26,False
Singapore Grand Prix,2019,28.984,False
Singapore Grand Prix,2019,28.891,True
Singapore Grand Prix,2019,29.406,False
Singapore Grand Prix,2019,43.351,True
Singapore Grand Prix,2019,29.391,False
Singapore Grand Prix,2019,29.92,False
Singapore Grand Prix,2019,29.391,True
Singapore Grand Prix,2019,28.828,False
Singapore Grand Prix,2019,29.921,True
Singapore Grand Prix,2019,28.797,False
Singapore Grand Prix,2019,34.617,True
Singapore Grand Prix,2019,28.797,False
Singapore Grand Prix,2019,29.015,False
Singapore Grand Prix,2019,30.981,False
Singapore Grand Prix,2019,30.341,False
Singapore Grand Prix,2019,28.906,False
Singapore Grand Prix,2019,30.014,False
Singapore Grand Prix,2019,30.794,True
Singapore Grand Prix,2019,38.735,False
Singapore Grand Prix,2019,69.42,False
Singapore Grand Prix,2019,30.498,True
Singapore Grand Prix,2019,29.374,False
Singapore Grand Prix,2019,39.281,False
Singapore Grand Prix,2019,29.39,True
Singapore Grand Prix,2019,28.314,False
Singapore Grand Prix,2019,29.156,False
Spanish Grand Prix,2019,23.566,False
Spanish Grand Prix,2019,37.39,True
Spanish Grand Prix,2019,22.05,False
Spanish Grand Prix,2019,22.004,True
Spanish Grand Prix,2019,22.727,False
Spanish Grand Prix,2019,22.08,True
Spanish Grand Prix,2019,20.782,False
Spanish Grand Prix,2019,23.485,False
Spanish Grand Prix,2019,22.381,False
Spanish Grand Prix,2019,22.72,True
Spanish Grand Prix,2019,22.285,False
Spanish Grand Prix,2019,22.46,True
Spanish Grand Prix,2019,22.362,False
Spanish Grand Prix,2019,22.028,False
Spanish Grand Prix,2019,21.962,True
Spanish Grand Prix,2019,21.978,False
Spanish Grand Prix,2019,33.811,True
Spanish Grand Prix,2019,23.623,False
Spanish Grand Prix,2019,21.424,True
Spanish Grand Prix,2019,22.066,False
Spanish Grand Prix,2019,22.991,True
Spanish Grand Prix,2019,21.533,False
Spanish Grand Prix,2019,22.746,False
Spanish Grand Prix,2019,22.808,True
Spanish Grand Prix,2019,22.58,False
Spanish Grand Prix,2019,22.534,True
Spanish Grand Prix,2019,22.362,False
Spanish Grand Prix,2019,22.643,True
Spanish Grand Prix,2019,22.44,False
Spanish Grand Prix,2019,21.808,True
Spanish Grand Prix,2019,21.438,False
Spanish Grand Prix,2019,21.514,True
Spanish Grand Prix,2019,23.267,False
Spanish Grand Prix,2019,22.29,False
Spanish Grand Prix,2019,22.528,False
Spanish Grand Prix,2019,23.738,False
Spanish Grand Prix,2019,21.657,False
United States Grand Prix,2019,34.111,False
United States Grand Prix,2019,23.201,False
United States Grand Prix,2019,23.672,False
United States Grand Prix,2019,24.19,False
United States Grand Prix,2019,23.93,False
United States Grand Prix,2019,24.189,False
United States Grand Prix,2019,24.35,False
United States Grand Prix,2019,25.237,False
United States Grand Prix,2019,24.202,False
United States Grand Prix,2019,24.658,False
United States Grand Prix,2019,24.055,False
United States Grand Prix,2019,24.352,False
United States Grand Prix,2019,23.691,False
United States Grand Prix,2019,24.077,False
United States Grand Prix,2019,27.206,False
United States Grand Prix,2019,24.158,False
United States Grand Prix,2019,28.956,False
United States Grand Prix,2019,23.849,False
United States Grand Prix,2019,24.921,False
United States Grand Prix,2019,24.74,False
United States Grand Prix,2019,24.688,False
United States Grand Prix,2019,25.925,False
United States Grand Prix,2019,24.329,False
United States Grand Prix,2019,24.548000000000002,False
United States Grand Prix,2019,24.706,False
United States Grand Prix,2019,23.65,False
United States Grand Prix,2019,23.735,False
United States Grand Prix,2019,28.727,False
United States Grand Prix,2019,24.609,False
United States Grand Prix,2019,24.479,False
United States Grand Prix,2019,25.174,False
United States Grand Prix,2019,23.753,False
United States Grand Prix,2019,23.564,False
70th Anniversary Grand Prix,2020,28.37,False
70th Anniversary Grand Prix,2020,28.094,False
70th Anniversary Grand Prix,2020,28.438,False
70th Anniversary Grand Prix,2020,28.13,False
70th Anniversary Grand Prix,2020,28.36,False
70th Anniversary Grand Prix,2020,30.472,False
70th Anniversary Grand Prix,2020,26.987,False
70th Anniversary Grand Prix,2020,27.644,False
70th Anniversary Grand Prix,2020,29.045,False
70th Anniversary Grand Prix,2020,29.795,False
70th Anniversary Grand Prix,2020,28.378,False
70th Anniversary Grand Prix,2020,29.587,False
70th Anniversary Grand Prix,2020,28.998,False
70th Anniversary Grand Prix,2020,28.372,False
70th Anniversary Grand Prix,2020,28.727,False
70th Anniversary Grand Prix,2020,25.148,False
70th Anniversary Grand Prix,2020,28.409,False
70th Anniversary Grand Prix,2020,28.67,False
70th Anniversary Grand Prix,2020,28.053,False
70th Anniversary Grand Prix,2020,29.058,False
70th Anniversary Grand Prix,2020,29.455,False
70th Anniversary Grand Prix,2020,28.705,False
70th Anniversary Grand Prix,2020,29.402,False
70th Anniversary Grand Prix,2020,27.934,False
70th Anniversary Grand Prix,2020,28.82,False
70th Anniversary Grand Prix,2020,28.127,False
70th Anniversary Grand Prix,2020,29.297,False
70th Anniversary Grand Prix,2020,28.579,False
70th Anniversary Grand Prix,2020,28.243,False
70th Anniversary Grand Prix,2020,28.042,False
70th Anniversary Grand Prix,2020,28.379,False
70th Anniversary Grand Prix,2020,28.322,False
70th Anniversary Grand Prix,2020,27.258,False
70th Anniversary Grand Prix,2020,35.832,False
70th Anniversary Grand Prix,2020,28.75,False
70th Anniversary Grand Prix,2020,28.139,False
70th Anniversary Grand Prix,2020,27.977,False
70th Anniversary Grand Prix,2020,29.138,False
70th Anniversary Grand Prix,2020,29.008,False
70th Anniversary Grand Prix,2020,28.14,False
70th Anniversary Grand Prix,2020,28.408,False
Abu Dhabi Grand Prix,2020,21.495,True
Abu Dhabi Grand Prix,2020,21.63,True
Abu Dhabi Grand Prix,2020,26.313,True
Abu Dhabi Grand Prix,2020,28.413,False
Abu Dhabi Grand Prix,2020,23.189,False
Abu Dhabi Grand Prix,2020,22.006,True
Abu Dhabi Grand Prix,2020,21.548000000000002,False
Abu Dhabi Grand Prix,2020,22.405,True
Abu Dhabi Grand Prix,2020,25.722,True
Abu Dhabi Grand Prix,2020,21.348,True
Abu Dhabi Grand Prix,2020,22.314,False
Abu Dhabi Grand Prix,2020,22.195,False
Abu Dhabi Grand Prix,2020,22.739,False
Abu Dhabi Grand Prix,2020,23.191,False
Abu Dhabi Grand Prix,2020,21.862,True
Abu Dhabi Grand Prix,2020,21.325,True
Abu Dhabi Grand Prix,2020,21.947,True
Abu Dhabi Grand Prix,2020,22.161,False
Abu Dhabi Grand Prix,2020,21.844,True
Abu Dhabi Grand Prix,2020,22.159,True
Abu Dhabi Grand Prix,2020,22.352,True
Abu Dhabi Grand Prix,2020,21.25,True
Abu Dhabi Grand Prix,2020,22.031,False
Austrian Grand Prix,2020,21.448,False
Austrian Grand Prix,2020,21.993,False
Austrian Grand Prix,2020,17.129,True
Austrian Grand Prix,2020,21.953,False
Austrian Grand Prix,2020,16.409,True
Austrian Grand Prix,2020,22.49,False
Austrian Grand Prix,2020,19.798000000000002,True
Austrian Grand Prix,2020,23.644,False
Austrian Grand Prix,2020,22.643,True
Austrian Grand Prix,2020,19.559,True
Austrian Grand Prix,2020,22.962,False
Austrian Grand Prix,2020,21.73,False
Austrian Grand Prix,2020,16.296,True
Austrian Grand Prix,2020,22.794,False
Austrian Grand Prix,2020,21.629,False
Austrian Grand Prix,2020,19.621,True
Austrian Grand Prix,2020,21.961,False
Austrian Grand Prix,2020,21.928,False
Austrian Grand Prix,2020,19.311,True
Austrian Grand Prix,2020,22.754,False
Austrian Grand Prix,2020,21.948,False
Austrian Grand Prix,2020,18.658,True
Austrian Grand Prix,2020,23.627,False
Austrian Grand Prix,2020,21.915,False
Austrian Grand Prix,2020,18.169,True
Austrian Grand Prix,2020,21.698,False
Austrian Grand Prix,2020,19.482,True
Austrian Grand Prix,2020,22.379,False
Austrian Grand Prix,2020,16.921,True
Austrian Grand Prix,2020,23.135,True
Austrian Grand Prix,2020,21.476,True
Austrian Grand Prix,2020,21.211,True
Austrian Grand Prix,2020,23.828,False
Austrian Grand Prix,2020,21.825,False
Austrian Grand Prix,2020,19.947,True
Austrian Grand Prix,2020,22.221,False
Austrian Grand Prix,2020,22.727,False
Austrian Grand Prix,2020,19.231,True
Bahrain Grand Prix,2020,24.168,False
Bahrain Grand Prix,2020,23.785,False
Bahrain Grand Prix,2020,24.926,True
Bahrain Grand Prix,2020,24.751,False
Bahrain Grand Prix,2020,24.682,False
Bahrain Grand Prix,2020,24.504,False
Bahrain Grand Prix,2020,24.092,False
Bahrain Grand Prix,2020,24.884,True
Bahrain Grand Prix,2020,24.059,False
Bahrain Grand Prix,2020,24.352,False
Bahrain Grand Prix,2020,36.481,False
Bahrain Grand Prix,2020,24.169,False
Bahrain Grand Prix,2020,24.192,False
Bahrain Grand Prix,2020,24.042,False
Bahrain Grand Prix,2020,25.187,False
Bahrain Grand Prix,2020,24.839,False
Bahrain Grand Prix,2020,38.144,True
Bahrain Grand Prix,2020,25.911,False
Bahrain Grand Prix,2020,25.751,True
Bahrain Grand Prix,2020,24.757,False
Bahrain Grand Prix,2020,24.68,False
Bahrain Grand Prix,2020,24.111,False
Bahrain Grand Prix,2020,25.245,False
Bahrain Grand Prix,2020,24.372,False
Bahrain Grand Prix,2020,24.579,False
Bahrain Grand Prix,2020,32.271,False
Bahrain Grand Prix,2020,25.257,False
Bahrain Grand Prix,2020,24.633,False
Bahrain Grand Prix,2020,24.801,False
Bahrain Grand Prix,2020,23.993,False
Bahrain Grand Prix,2020,27.14,False
Bahrain Grand Prix,2020,24.468,False
Bahrain Grand Prix,2020,25.469,False
Bahrain Grand Prix,2020,24.642,False
Bahrain Grand Prix,2020,26.922,False
Bahrain Grand Prix,2020,23.953,False
Bahrain Grand Prix,2020,25.89,False
Bahrain Grand Prix,2020,25.496,False
Belgian Grand Prix,2020,22.686,True
Belgian Grand Prix,2020,25.467,True
Belgian Grand Prix,2020,22.682,False
Belgian Grand Prix,2020,23.665,True
Belgian Grand Prix,2020,23.243,True
Belgian Grand Prix,2020,23.719,True
Belgian Grand Prix,2020,23.741,True
Belgian Grand Prix,2020,23.503,False
Belgian Grand Prix,2020,30.679,True
Belgian Grand Prix,2020,25.141,False
Belgian Grand Prix,2020,23.197,True
Belgian Grand Prix,2020,24.365,False
Belgian Grand Prix,2020,23.021,True
Belgian Grand Prix,2020,24.296,True
Belgian Grand Prix,2020,23.406,False
Belgian Grand Prix,2020,22.869,True
Belgian Grand Prix,2020,23.909,True
Belgian Grand Prix,2020,23.701999999999998,True
Belgian Grand Prix,2020,23.173,True
Belgian Grand Prix,2020,22.994,True
British Grand Prix,2020,28.835,False
British Grand Prix,2020,33.292,False
British Grand Prix,2020,30.575,True
British Grand Prix,2020,33.578,False
British Grand Prix,2020,29.416,True
British Grand Prix,2020,31.534,True
British Grand Prix,2020,33.801,False
British Grand Prix,2020,28.824,True
British Grand Prix,2020,27.207,True
British Grand Prix,2020,29.524,True
British Grand Prix,2020,30.361,True
British Grand Prix,2020,30.758,True
British Grand Prix,2020,36.623,True
British Grand Prix,2020,43.97,False
British Grand Prix,2020,29.615,True
British Grand Prix,2020,29.305,True
British Grand Prix,2020,28.515,True
British Grand Prix,2020,36.272,False
British Grand Prix,2020,28.74,True
British Grand Prix,2020,28.452,True
British Grand Prix,2020,28.256,False
British Grand Prix,2020,29.432,True
Eifel Grand Prix,2020,23.617,False
Eifel Grand Prix,2020,22.626,False
Eifel Grand Prix,2020,22.616,False
Eifel Grand Prix,2020,22.935,True
Eifel Grand Prix,2020,22.114,True
Eifel Grand Prix,2020,22.174,False
Eifel Grand Prix,2020,23.635,False
Eifel Grand Prix,2020,23.99,True
Eifel Grand Prix,2020,23.073,True
Eifel Grand Prix,2020,22.707,False
Eifel Grand Prix,2020,22.61,True
Eifel Grand Prix,2020,30.808,False
Eifel Grand Prix,2020,22.537,True
Eifel Grand Prix,2020,24.676,True
Eifel Grand Prix,2020,23.973,False
Eifel Grand Prix,2020,22.583,False
Eifel Grand Prix,2020,23.066,False
Eifel Grand Prix,2020,22.99,True
Eifel Grand Prix,2020,23.111,False
Eifel Grand Prix,2020,21.998,False
Eifel Grand Prix,2020,22.918,False
Eifel Grand Prix,2020,22.528,True
Eifel Grand Prix,2020,22.798000000000002,False
Eifel Grand Prix,2020,33.112,True
Eifel Grand Prix,2020,22.144,True
Eifel Grand Prix,2020,22.521,True
Eifel Grand Prix,2020,22.455,False
Eifel Grand Prix,2020,22.638,False
Eifel Grand Prix,2020,22.49,True
Eifel Grand Prix,2020,22.11,True
Eifel Grand Prix,2020,22.375,True
Eifel Grand Prix,2020,22.567,False
Eifel Grand Prix,2020,24.356,False
Emilia Romagna Grand Prix,2020,30.177,False
Emilia Romagna Grand Prix,2020,29.558,False
Emilia Romagna Grand Prix,2020,29.579,False
Emilia Romagna Grand Prix,2020,30.453,True
Emilia Romagna Grand Prix,2020,29.739,False
Emilia Romagna Grand Prix,2020,30.101,False
Emilia Romagna Grand Prix,2020,31.188,True
Emilia Romagna Grand Prix,2020,30.371,True
Emilia Romagna Grand Prix,2020,30.924,True
Emilia Romagna Grand Prix,2020,30.264,False
Emilia Romagna Grand Prix,2020,29.838,True
Emilia Romagna Grand Prix,2020,30.146,False
Emilia Romagna Grand Prix,2020,30.358,False
Emilia Romagna Grand Prix,2020,30.111,False
Emilia Romagna Grand Prix,2020,29.681,False
Emilia Romagna Grand Prix,2020,30.196,True
Emilia Romagna Grand Prix,2020,31.741,False
Emilia Romagna Grand Prix,2020,30.282,False
Emilia Romagna Grand Prix,2020,30.882,True
Emilia Romagna Grand Prix,2020,29.826999999999998,False
Emilia Romagna Grand Prix,2020,30.269,False
Emilia Romagna Grand Prix,2020,29.977,False
Emilia Romagna Grand Prix,2020,30.252,False
Emilia Romagna Grand Prix,2020,30.643,True
Emilia Romagna Grand Prix,2020,34.815,False
Emilia Romagna Grand Prix,2020,30.95,True
Emilia Romagna Grand Prix,2020,36.894,True
Emilia Romagna Grand Prix,2020,29.43,False
Emilia Romagna Grand Prix,2020,40.468,False
Emilia Romagna Grand Prix,2020,29.88,True
Hungarian Grand Prix,2020,23.038,False
Hungarian Grand Prix,2020,22.138,False
Hungarian Grand Prix,2020,21.675,False
Hungarian Grand Prix,2020,21.087,False
Hungarian Grand Prix,2020,21.644,False
Hungarian Grand Prix,2020,22.718,False
Hungarian Grand Prix,2020,22.26,False
Hungarian Grand Prix,2020,23.2,False
Hungarian Grand Prix,2020,21.864,False
Hungarian Grand Prix,2020,22.594,False
Hungarian Grand Prix,2020,25.196,False
Hungarian Grand Prix,2020,22.221,False
Hungarian Grand Prix,2020,22.406,False
Hungarian Grand Prix,2020,23.175,False
Hungarian Grand Prix,2020,22.644,False
Hungarian Grand Prix,2020,21.587,False
Hungarian Grand Prix,2020,36.338,False
Hungarian Grand Prix,2020,28.411,False
Hungarian Grand Prix,2020,21.862,False
Hungarian Grand Prix,2020,25.828,False
Hungarian Grand Prix,2020,21.311,False
Hungarian Grand Prix,2020,22.591,False
Hungarian Grand Prix,2020,23.65,False
Hungarian Grand Prix,2020,23.02,False
Hungarian Grand Prix,2020,22.795,False
Hungarian Grand Prix,2020,24.297,False
Hungarian Grand Prix,2020,21.833,False
Hungarian Grand Prix,2020,23.299,False
Hungarian Grand Prix,2020,22.067,False
Hungarian Grand Prix,2020,22.268,False
Hungarian Grand Prix,2020,27.234,False
Hungarian Grand Prix,2020,21.967,False
Hungarian Grand Prix,2020,22.096,False
Hungarian Grand Prix,2020,21.162,False
Hungarian Grand Prix,2020,21.369,False
Hungarian Grand Prix,2020,22.055,False
Hungarian Grand Prix,2020,27.19,False
Hungarian Grand Prix,2020,22.442,False
Hungarian Grand Prix,2020,23.138,False
Hungarian Grand Prix,2020,22.519,False
Hungarian Grand Prix,2020,22.047,False
Hungarian Grand Prix,2020,20.741,False
Hungarian Grand Prix,2020,21.301,False
Hungarian Grand Prix,2020,28.306,False
Hungarian Grand Prix,2020,21.881,False
Italian Grand Prix,2020,29.672,True
Italian Grand Prix,2020,24.389,True
Italian Grand Prix,2020,24.094,True
Italian Grand Prix,2020,23.996,True
Italian Grand Prix,2020,31.424,False
Italian Grand Prix,2020,25.942,True
Italian Grand Prix,2020,24.654,True
Italian Grand Prix,2020,31.641,False
Italian Grand Prix,2020,25.931,True
Italian Grand Prix,2020,26.35,False
Italian Grand Prix,2020,24.348,False
Italian Grand Prix,2020,40.061,False
Italian Grand Prix,2020,24.623,True
Italian Grand Prix,2020,25.268,True
Italian Grand Prix,2020,26.677,True
Italian Grand Prix,2020,24.459,False
Italian Grand Prix,2020,25.479,True
Italian Grand Prix,2020,25.311,True
Italian Grand Prix,2020,24.424,True
Italian Grand Prix,2020,26.163,True
Portuguese Grand Prix,2020,26.287,False
Portuguese Grand Prix,2020,25.998,False
Portuguese Grand Prix,2020,26.504,False
Portuguese Grand Prix,2020,27.236,False
Portuguese Grand Prix,2020,26.45,False
Portuguese Grand Prix,2020,26.954,False
Portuguese Grand Prix,2020,27.168,False
Portuguese Grand Prix,2020,27.239,False
Portuguese Grand Prix,2020,32.753,False
Portuguese Grand Prix,2020,28.71,False
Portuguese Grand Prix,2020,26.948,False
Portuguese Grand Prix,2020,27.352,False
Portuguese Grand Prix,2020,34.797,False
Portuguese Grand Prix,2020,27.75,False
Portuguese Grand Prix,2020,28.436,False
Portuguese Grand Prix,2020,26.125,False
Portuguese Grand Prix,2020,26.655,False
Portuguese Grand Prix,2020,29.097,False
Portuguese Grand Prix,2020,26.92,False
Portuguese Grand Prix,2020,32.972,False
Portuguese Grand Prix,2020,27.279,False
Portuguese Grand Prix,2020,36.34,False
Portuguese Grand Prix,2020,37.494,False
Portuguese Grand Prix,2020,26.386,False
Portuguese Grand Prix,2020,24.006,False
Russian Grand Prix,2020,30.225,True
Russian Grand Prix,2020,30.105,False
Russian Grand Prix,2020,29.724,False
Russian Grand Prix,2020,31.515,False
Russian Grand Prix,2020,29.388,True
Russian Grand Prix,2020,30.539,False
Russian Grand Prix,2020,27.163,False
Russian Grand Prix,2020,29.986,True
Russian Grand Prix,2020,41.324,False
Russian Grand Prix,2020,29.667,False
Russian Grand Prix,2020,29.82,False
Russian Grand Prix,2020,30.304,False
Russian Grand Prix,2020,30.195,False
Russian Grand Prix,2020,37.129,True
Russian Grand Prix,2020,31.318,False
Russian Grand Prix,2020,30.057,False
Russian Grand Prix,2020,29.875,False
Russian Grand Prix,2020,33.178,False
Russian Grand Prix,2020,30.117,False
Russian Grand Prix,2020,30.15,True
Russian Grand Prix,2020,28.434,False
Russian Grand Prix,2020,29.658,False
Russian Grand Prix,2020,28.751,False
Russian Grand Prix,2020,29.342,False
Sakhir Grand Prix,2020,23.131,False
Sakhir Grand Prix,2020,25.733,True
Sakhir Grand Prix,2020,40.03,True
Sakhir Grand Prix,2020,23.831,False
Sakhir Grand Prix,2020,23.659,True
Sakhir Grand Prix,2020,24.632,False
Sakhir Grand Prix,2020,52.831,True
Sakhir Grand Prix,2020,27.683,False
Sakhir Grand Prix,2020,26.388,True
Sakhir Grand Prix,2020,25.813,True
Sakhir Grand Prix,2020,25.105,False
Sakhir Grand Prix,2020,24.531,False
Sakhir Grand Prix,2020,24.811,False
Sakhir Grand Prix,2020,24.55,True
Sakhir Grand Prix,2020,24.161,False
Sakhir Grand Prix,2020,24.257,True
Sakhir Grand Prix,2020,24.256,False
Sakhir Grand Prix,2020,25.464,False
Sakhir Grand Prix,2020,25.501,True
Sakhir Grand Prix,2020,24.875,False
Sakhir Grand Prix,2020,24.24,True
Sakhir Grand Prix,2020,24.413,False
Sakhir Grand Prix,2020,23.636,True
Sakhir Grand Prix,2020,24.474,False
Sakhir Grand Prix,2020,28.474,False
Sakhir Grand Prix,2020,24.414,True
Sakhir Grand Prix,2020,24.736,True
Sakhir Grand Prix,2020,24.545,False
Sakhir Grand Prix,2020,23.11,True
Sakhir Grand Prix,2020,24.713,False
Sakhir Grand Prix,2020,28.807,True
Sakhir Grand Prix,2020,24.754,True
Sakhir Grand Prix,2020,24.302,False
Sakhir Grand Prix,2020,24.175,False
Sakhir Grand Prix,2020,24.724,True
Sakhir Grand Prix,2020,24.365,False
Sakhir Grand Prix,2020,26.246,False
Sakhir Grand Prix,2020,28.07,True
Sakhir Grand Prix,2020,24.902,True
Spanish Grand Prix,2020,21.688,False
Spanish Grand Prix,2020,21.808,False
Spanish Grand Prix,2020,22.308,False
Spanish Grand Prix,2020,22.121,False
Spanish Grand Prix,2020,22.603,False
Spanish Grand Prix,2020,22.245,False
Spanish Grand Prix,2020,22.39,False
Spanish Grand Prix,2020,22.093,False
Spanish Grand Prix,2020,21.791,False
Spanish Grand Prix,2020,23.242,False
Spanish Grand Prix,2020,23.983,False
Spanish Grand Prix,2020,23.395,False
Spanish Grand Prix,2020,21.822,False
Spanish Grand Prix,2020,23.044,False
Spanish Grand Prix,2020,22.058,False
Spanish Grand Prix,2020,22.403,False
Spanish Grand Prix,2020,22.545,False
Spanish Grand Prix,2020,22.274,False
Spanish Grand Prix,2020,24.124,False
Spanish Grand Prix,2020,21.368,False
Spanish Grand Prix,2020,21.744,False
Spanish Grand Prix,2020,22.356,False
Spanish Grand Prix,2020,22.941,False
Spanish Grand Prix,2020,22.378,False
Spanish Grand Prix,2020,22.205,False
Spanish Grand Prix,2020,21.9,False
Spanish Grand Prix,2020,22.707,False
Spanish Grand Prix,2020,21.904,False
Spanish Grand Prix,2020,22.069,False
Spanish Grand Prix,2020,22.193,False
Spanish Grand Prix,2020,22.672,False
Spanish Grand Prix,2020,22.707,False
Spanish Grand Prix,2020,21.646,False
Spanish Grand Prix,2020,21.596,False
Spanish Grand Prix,2020,21.842,False
Styrian Grand Prix,2020,20.201,False
Styrian Grand Prix,2020,21.377,False
Styrian Grand Prix,2020,21.947,False
Styrian Grand Prix,2020,22.3,False
Styrian Grand Prix,2020,21.688,False
Styrian Grand Prix,2020,22.443,False
Styrian Grand Prix,2020,21.626,False
Styrian Grand Prix,2020,22.218,False
Styrian Grand Prix,2020,22.768,False
Styrian Grand Prix,2020,39.713,True
Styrian Grand Prix,2020,21.997,False
Styrian Grand Prix,2020,22.472,False
Styrian Grand Prix,2020,22.755,False
Styrian Grand Prix,2020,21.467,False
Styrian Grand Prix,2020,21.628,False
Styrian Grand Prix,2020,22.287,False
Styrian Grand Prix,2020,25.956,False
Styrian Grand Prix,2020,21.851,False
Styrian Grand Prix,2020,21.852,False
Styrian Grand Prix,2020,20.948,False
Styrian Grand Prix,2020,21.073,False
Turkish Grand Prix,2020,22.663,True
Turkish Grand Prix,2020,22.527,False
Turkish Grand Prix,2020,23.173,False
Turkish Grand Prix,2020,22.79,False
Turkish Grand Prix,2020,23.724,False
Turkish Grand Prix,2020,23.297,False
Turkish Grand Prix,2020,25.421,False
Turkish Grand Prix,2020,26.651,False
Turkish Grand Prix,2020,31.437,False
Turkish Grand Prix,2020,23.871,False
Turkish Grand Prix,2020,23.38,False
Turkish Grand Prix,2020,24.711,False
Turkish Grand Prix,2020,36.613,False
Turkish Grand Prix,2020,24.185,False
Turkish Grand Prix,2020,23.695,False
Turkish Grand Prix,2020,24.091,False
Turkish Grand Prix,2020,22.68,False
Turkish Grand Prix,2020,23.751,False
Turkish Grand Prix,2020,25.736,False
Turkish Grand Prix,2020,23.52,False
Turkish Grand Prix,2020,25.13,False
Turkish Grand Prix,2020,30.78,False
Turkish Grand Prix,2020,31.261,False
Turkish Grand Prix,2020,23.184,False
Turkish Grand Prix,2020,23.467,False
Turkish Grand Prix,2020,23.201,False
Turkish Grand Prix,2020,22.686,False
Turkish Grand Prix,2020,22.948,False
Turkish Grand Prix,2020,23.345,False
Turkish Grand Prix,2020,23.58,False
Turkish Grand Prix,2020,24.957,False
Turkish Grand Prix,2020,23.687,False
Turkish Grand Prix,2020,24.242,False
Turkish Grand Prix,2020,21.874,False
Turkish Grand Prix,2020,22.934,False
Turkish Grand Prix,2020,24.032,False
Turkish Grand Prix,2020,25.343,False
Tuscan Grand Prix,2020,17.606,True
Tuscan Grand Prix,2020,22.478,False
Tuscan Grand Prix,2020,22.948,True
Tuscan Grand Prix,2020,17.474,True
Tuscan Grand Prix,2020,23.058,False
Tuscan Grand Prix,2020,23.241,True
Tuscan Grand Prix,2020,24.768,True
Tuscan Grand Prix,2020,23.739,False
Tuscan Grand Prix,2020,23.984,True
Tuscan Grand Prix,2020,17.539,True
Tuscan Grand Prix,2020,22.434,False
Tuscan Grand Prix,2020,22.917,True
Tuscan Grand Prix,2020,17.52,True
Tuscan Grand Prix,2020,23.143,False
Tuscan Grand Prix,2020,22.457,True
Tuscan Grand Prix,2020,17.534,True
Tuscan Grand Prix,2020,23.459,False
Tuscan Grand Prix,2020,23.369,False
Tuscan Grand Prix,2020,17.867,True
Tuscan Grand Prix,2020,27.603,False
Tuscan Grand Prix,2020,24.784,True
Tuscan Grand Prix,2020,17.449,True
Tuscan Grand Prix,2020,17.615,True
Tuscan Grand Prix,2020,23.164,False
Tuscan Grand Prix,2020,23.694,True
Tuscan Grand Prix,2020,30.627,True
Tuscan Grand Prix,2020,17.696,True
Tuscan Grand Prix,2020,33.296,False
Tuscan Grand Prix,2020,28.98,True
Tuscan Grand Prix,2020,17.139,True
Tuscan Grand Prix,2020,22.776,False
Tuscan Grand Prix,2020,22.942,True
Tuscan Grand Prix,2020,18.384,True
Tuscan Grand Prix,2020,23.662,False
Tuscan Grand Prix,2020,23.46,True
Tuscan Grand Prix,2020,17.614,True
Tuscan Grand Prix,2020,22.834,False
Tuscan Grand Prix,2020,33.511,True
Tuscan Grand Prix,2020,17.525,True
Tuscan Grand Prix,2020,23.016,False
Tuscan Grand Prix,2020,22.482,True
Abu Dhabi Grand Prix,2021,21.427,True
Abu Dhabi Grand Prix,2021,21.726,False
Abu Dhabi Grand Prix,2021,22.121,True
Abu Dhabi Grand Prix,2021,21.938,True
Abu Dhabi Grand Prix,2021,22.26,False
Abu Dhabi Grand Prix,2021,21.616,False
Abu Dhabi Grand Prix,2021,21.264,False
Abu Dhabi Grand Prix,2021,22.384,False
Abu Dhabi Grand Prix,2021,21.171,True
Abu Dhabi Grand Prix,2021,22.063,False
Abu Dhabi Grand Prix,2021,22.108,True
Abu Dhabi Grand Prix,2021,21.364,False
Abu Dhabi Grand Prix,2021,22.19,False
Abu Dhabi Grand Prix,2021,21.685,False
Abu Dhabi Grand Prix,2021,21.435,False
Abu Dhabi Grand Prix,2021,21.394,True
Abu Dhabi Grand Prix,2021,21.394,True
Abu Dhabi Grand Prix,2021,22.42,False
Abu Dhabi Grand Prix,2021,21.635,False
Abu Dhabi Grand Prix,2021,22.063,True
Abu Dhabi Grand Prix,2021,22.2,False
Abu Dhabi Grand Prix,2021,22.236,False
Abu Dhabi Grand Prix,2021,22.391,True
Abu Dhabi Grand Prix,2021,22.445,False
Abu Dhabi Grand Prix,2021,21.866,True
Abu Dhabi Grand Prix,2021,21.179,False
Abu Dhabi Grand Prix,2021,21.865,True
Abu Dhabi Grand Prix,2021,21.458,True
Abu Dhabi Grand Prix,2021,21.237,False
Austrian Grand Prix,2021,22.68,False
Austrian Grand Prix,2021,21.063,False
Austrian Grand Prix,2021,22.56,False
Austrian Grand Prix,2021,20.83,False
Austrian Grand Prix,2021,17.913,True
Austrian Grand Prix,2021,27.136,False
Austrian Grand Prix,2021,20.979,False
Austrian Grand Prix,2021,20.663,False
Austrian Grand Prix,2021,20.83,False
Austrian Grand Prix,2021,21.135,False
Austrian Grand Prix,2021,21.99,False
Austrian Grand Prix,2021,23.263,False
Austrian Grand Prix,2021,21.814,False
Austrian Grand Prix,2021,26.447,False
Austrian Grand Prix,2021,21.712,False
Austrian Grand Prix,2021,21.856,False
Austrian Grand Prix,2021,21.14,False
Austrian Grand Prix,2021,21.669,False
Austrian Grand Prix,2021,21.407,False
Austrian Grand Prix,2021,21.152,False
Austrian Grand Prix,2021,21.203,False
Austrian Grand Prix,2021,21.161,False
Austrian Grand Prix,2021,26.572,False
Austrian Grand Prix,2021,21.155,False
Austrian Grand Prix,2021,21.301,False
Austrian Grand Prix,2021,20.71,False
Austrian Grand Prix,2021,20.564,False
Azerbaijan Grand Prix,2021,19.24,False
Azerbaijan Grand Prix,2021,19.934,True
Azerbaijan Grand Prix,2021,15.402,True
Azerbaijan Grand Prix,2021,20.346,False
Azerbaijan Grand Prix,2021,21.302,True
Azerbaijan Grand Prix,2021,20.183,False
Azerbaijan Grand Prix,2021,15.077,True
Azerbaijan Grand Prix,2021,20.396,False
Azerbaijan Grand Prix,2021,20.2,True
Azerbaijan Grand Prix,2021,14.894,True
Azerbaijan Grand Prix,2021,22.558,False
Azerbaijan Grand Prix,2021,15.46,True
Azerbaijan Grand Prix,2021,22.142,False
Azerbaijan Grand Prix,2021,19.035,False
Azerbaijan Grand Prix,2021,15.077,True
Azerbaijan Grand Prix,2021,20.514,False
Azerbaijan Grand Prix,2021,21.901,True
Azerbaijan Grand Prix,2021,24.762,False
Azerbaijan Grand Prix,2021,15.016,True
Azerbaijan Grand Prix,2021,86.444,False
Azerbaijan Grand Prix,2021,22.455,False
Azerbaijan Grand Prix,2021,69.745,True
Azerbaijan Grand Prix,2021,21.562,False
Azerbaijan Grand Prix,2021,15.041,True
Azerbaijan Grand Prix,2021,20.541,False
Azerbaijan Grand Prix,2021,15.832,True
Azerbaijan Grand Prix,2021,21.845,False
Azerbaijan Grand Prix,2021,15.344,True
Azerbaijan Grand Prix,2021,19.991,False
Azerbaijan Grand Prix,2021,15.086,True
Azerbaijan Grand Prix,2021,20.054,False
Azerbaijan Grand Prix,2021,14.961,True
Azerbaijan Grand Prix,2021,18.997,False
Azerbaijan Grand Prix,2021,20.021,True
Azerbaijan Grand Prix,2021,21.426,True
Azerbaijan Grand Prix,2021,20.081,False
Azerbaijan Grand Prix,2021,15.091,True
Azerbaijan Grand Prix,2021,20.189,False
Azerbaijan Grand Prix,2021,14.938,True
Azerbaijan Grand Prix,2021,19.753,False
Azerbaijan Grand Prix,2021,19.863,False
Azerbaijan Grand Prix,2021,14.92,True
Bahrain Grand Prix,2021,24.377,False
Bahrain Grand Prix,2021,24.771,False
Bahrain Grand Prix,2021,24.244,False
Bahrain Grand Prix,2021,32.937,False
Bahrain Grand Prix,2021,24.586,False
Bahrain Grand Prix,2021,38.332,True
Bahrain Grand Prix,2021,24.337,False
Bahrain Grand Prix,2021,24.95,False
Bahrain Grand Prix,2021,32.028,False
Bahrain Grand Prix,2021,22.539,False
Bahrain Grand Prix,2021,24.936,False
Bahrain Grand Prix,2021,24.135,False
Bahrain Grand Prix,2021,25.965,False
Bahrain Grand Prix,2021,23.978,False
Bahrain Grand Prix,2021,24.94,False
Bahrain Grand Prix,2021,24.217,False
Bahrain Grand Prix,2021,25.797,False
Bahrain Grand Prix,2021,25.382,False
Bahrain Grand Prix,2021,24.848,False
Bahrain Grand Prix,2021,25.658,False
Bahrain Grand Prix,2021,25.245,False
Bahrain Grand Prix,2021,24.46,False
Bahrain Grand Prix,2021,23.191,True
Bahrain Grand Prix,2021,24.118,False
Bahrain Grand Prix,2021,24.167,False
Bahrain Grand Prix,2021,24.144,False
Bahrain Grand Prix,2021,24.124,False
Bahrain Grand Prix,2021,24.654,False
Bahrain Grand Prix,2021,24.691,False
Bahrain Grand Prix,2021,24.624,False
Bahrain Grand Prix,2021,24.248,False
Bahrain Grand Prix,2021,24.408,False
Bahrain Grand Prix,2021,24.374,False
Bahrain Grand Prix,2021,26.037,False
Bahrain Grand Prix,2021,25.745,False
Bahrain Grand Prix,2021,25.079,False
Bahrain Grand Prix,2021,24.319,False
Bahrain Grand Prix,2021,24.902,False
Bahrain Grand Prix,2021,23.818,False
Bahrain Grand Prix,2021,24.604,False
British Grand Prix,2021,29.661,False
British Grand Prix,2021,28.914,False
British Grand Prix,2021,28.71,False
British Grand Prix,2021,28.042,False
British Grand Prix,2021,28.154,False
British Grand Prix,2021,40.269,False
British Grand Prix,2021,27.521,False
British Grand Prix,2021,28.442,False
British Grand Prix,2021,29.264,False
British Grand Prix,2021,29.344,False
British Grand Prix,2021,31.788,False
British Grand Prix,2021,28.772,False
British Grand Prix,2021,27.894,False
British Grand Prix,2021,27.891,False
British Grand Prix,2021,29.151,False
British Grand Prix,2021,28.14,False
British Grand Prix,2021,28.846,False
British Grand Prix,2021,27.792,False
British Grand Prix,2021,37.524,False
British Grand Prix,2021,28.209,False
British Grand Prix,2021,29.144,False
British Grand Prix,2021,28.482,False
Dutch Grand Prix,2021,19.026,False
Dutch Grand Prix,2021,18.989,False
Dutch Grand Prix,2021,21.826,False
Dutch Grand Prix,2021,19.247,False
Dutch Grand Prix,2021,18.8,False
Dutch Grand Prix,2021,20.141,False
Dutch Grand Prix,2021,19.88,False
Dutch Grand Prix,2021,18.637,False
Dutch Grand Prix,2021,19.0,False
Dutch Grand Prix,2021,19.839,False
Dutch Grand Prix,2021,20.598,False
Dutch Grand Prix,2021,19.583,False
Dutch Grand Prix,2021,19.674,False
Dutch Grand Prix,2021,35.596,False
Dutch Grand Prix,2021,24.474,False
Dutch Grand Prix,2021,20.433,False
Dutch Grand Prix,2021,18.888,False
Dutch Grand Prix,2021,19.064,False
Dutch Grand Prix,2021,18.59,False
Dutch Grand Prix,2021,21.864,False
Dutch Grand Prix,2021,18.287,False
Dutch Grand Prix,2021,25.206,False
Dutch Grand Prix,2021,20.001,False
Dutch Grand Prix,2021,19.406,False
Dutch Grand Prix,2021,19.854,False
Dutch Grand Prix,2021,19.198,False
Dutch Grand Prix,2021,18.579,False
Dutch Grand Prix,2021,18.638,False
Dutch Grand Prix,2021,17.074,False
Emilia Romagna Grand Prix,2021,30.984,False
Emilia Romagna Grand Prix,2021,57.588,False
Emilia Romagna Grand Prix,2021,30.148,False
Emilia Romagna Grand Prix,2021,31.053,False
Emilia Romagna Grand Prix,2021,32.291,False
Emilia Romagna Grand Prix,2021,56.077,False
Emilia Romagna Grand Prix,2021,32.282,False
Emilia Romagna Grand Prix,2021,60.173,False
Emilia Romagna Grand Prix,2021,29.687,False
Emilia Romagna Grand Prix,2021,32.109,False
Emilia Romagna Grand Prix,2021,38.167,True
Emilia Romagna Grand Prix,2021,65.841,False
Emilia Romagna Grand Prix,2021,30.958,False
Emilia Romagna Grand Prix,2021,31.111,False
Emilia Romagna Grand Prix,2021,31.487,False
Emilia Romagna Grand Prix,2021,49.738,False
Emilia Romagna Grand Prix,2021,51.024,True
Emilia Romagna Grand Prix,2021,32.524,False
Emilia Romagna Grand Prix,2021,51.216,False
Emilia Romagna Grand Prix,2021,30.614,False
Emilia Romagna Grand Prix,2021,30.809,True
Emilia Romagna Grand Prix,2021,30.642,False
Emilia Romagna Grand Prix,2021,30.678,True
Emilia Romagna Grand Prix,2021,56.736,False
Emilia Romagna Grand Prix,2021,44.676,False
Emilia Romagna Grand Prix,2021,30.324,False
Emilia Romagna Grand Prix,2021,63.17,False
Emilia Romagna Grand Prix,2021,34.285,False
Emilia Romagna Grand Prix,2021,29.988,False
Emilia Romagna Grand Prix,2021,30.852,False
Emilia Romagna Grand Prix,2021,31.137,False
Emilia Romagna Grand Prix,2021,65.406,False
Emilia Romagna Grand Prix,2021,30.696,False
Emilia Romagna Grand Prix,2021,63.32,False
Emilia Romagna Grand Prix,2021,30.543,False
Emilia Romagna Grand Prix,2021,32.3,True
Emilia Romagna Grand Prix,2021,31.49,False
Emilia Romagna Grand Prix,2021,39.795,False
Emilia Romagna Grand Prix,2021,52.378,False
French Grand Prix,2021,31.196,False
French Grand Prix,2021,30.481,False
French Grand Prix,2021,30.657,False
French Grand Prix,2021,30.421,False
French Grand Prix,2021,30.141,False
French Grand Prix,2021,29.9,False
French Grand Prix,2021,30.769,False
French Grand Prix,2021,31.701999999999998,False
French Grand Prix,2021,30.978,False
French Grand Prix,2021,29.926,False
French Grand Prix,2021,30.619,False
French Grand Prix,2021,30.079,False
French Grand Prix,2021,29.731,False
French Grand Prix,2021,31.207,False
French Grand Prix,2021,29.949,False
French Grand Prix,2021,30.441,False
French Grand Prix,2021,30.459,False
French Grand Prix,2021,31.024,False
French Grand Prix,2021,30.06,False
French Grand Prix,2021,29.686,False
French Grand Prix,2021,30.161,False
French Grand Prix,2021,31.311,False
Hungarian Grand Prix,2021,37.093,False
Hungarian Grand Prix,2021,21.479,False
Hungarian Grand Prix,2021,39.798,False
Hungarian Grand Prix,2021,21.316,False
Hungarian Grand Prix,2021,21.482,False
Hungarian Grand Prix,2021,26.568,True
Hungarian Grand Prix,2021,36.946,False
Hungarian Grand Prix,2021,29.154,False
Hungarian Grand Prix,2021,21.897,False
Hungarian Grand Prix,2021,21.716,False
Hungarian Grand Prix,2021,21.483,False
Hungarian Grand Prix,2021,21.222,False
Hungarian Grand Prix,2021,39.168,False
Hungarian Grand Prix,2021,22.715,False
Hungarian Grand Prix,2021,23.712,True
Hungarian Grand Prix,2021,34.851,False
Hungarian Grand Prix,2021,22.096,False
Hungarian Grand Prix,2021,36.587,True
Hungarian Grand Prix,2021,39.586,False
Hungarian Grand Prix,2021,21.669,False
Hungarian Grand Prix,2021,35.486,False
Hungarian Grand Prix,2021,35.997,False
Hungarian Grand Prix,2021,21.17,False
Hungarian Grand Prix,2021,34.486,False
Hungarian Grand Prix,2021,21.63,False
Hungarian Grand Prix,2021,29.417,False
Hungarian Grand Prix,2021,22.157,False
Hungarian Grand Prix,2021,42.77,False
Hungarian Grand Prix,2021,21.927,False
Hungarian Grand Prix,2021,40.801,False
Hungarian Grand Prix,2021,21.044,False
Hungarian Grand Prix,2021,22.542,True
Hungarian Grand Prix,2021,35.245,False
Hungarian Grand Prix,2021,21.017,False
Hungarian Grand Prix,2021,20.833,False
Hungarian Grand Prix,2021,41.192,False
Hungarian Grand Prix,2021,22.692,False
Italian Grand Prix,2021,24.771,True
Italian Grand Prix,2021,24.968,True
Italian Grand Prix,2021,37.185,True
Italian Grand Prix,2021,30.578,True
Italian Grand Prix,2021,29.133,True
Italian Grand Prix,2021,24.183,False
Italian Grand Prix,2021,24.919,True
Italian Grand Prix,2021,24.933,True
Italian Grand Prix,2021,24.877,True
Italian Grand Prix,2021,30.906,False
Italian Grand Prix,2021,24.679,False
Italian Grand Prix,2021,24.123,False
Italian Grand Prix,2021,30.349,True
Italian Grand Prix,2021,23.884,True
Italian Grand Prix,2021,23.787,False
Italian Grand Prix,2021,24.159,True
Italian Grand Prix,2021,24.298,True
Italian Grand Prix,2021,24.502,True
Italian Grand Prix,2021,32.475,False
Italian Grand Prix,2021,24.853,False
Italian Grand Prix,2021,25.616,True
Mexico City Grand Prix,2021,23.979,False
Mexico City Grand Prix,2021,22.478,True
Mexico City Grand Prix,2021,31.677,False
Mexico City Grand Prix,2021,22.697,False
Mexico City Grand Prix,2021,26.45,False
Mexico City Grand Prix,2021,22.533,False
Mexico City Grand Prix,2021,22.197,False
Mexico City Grand Prix,2021,22.346,False
Mexico City Grand Prix,2021,23.505,False
Mexico City Grand Prix,2021,22.721,False
Mexico City Grand Prix,2021,22.062,False
Mexico City Grand Prix,2021,25.062,False
Mexico City Grand Prix,2021,23.634,False
Mexico City Grand Prix,2021,22.513,False
Mexico City Grand Prix,2021,23.392,False
Mexico City Grand Prix,2021,22.021,False
Mexico City Grand Prix,2021,22.416,False
Mexico City Grand Prix,2021,38.101,True
Mexico City Grand Prix,2021,22.876,False
Mexico City Grand Prix,2021,21.987,False
Mexico City Grand Prix,2021,22.129,False
Mexico City Grand Prix,2021,23.614,False
Mexico City Grand Prix,2021,26.375,False
Mexico City Grand Prix,2021,21.92,False
Mexico City Grand Prix,2021,22.59,False
Monaco Grand Prix,2021,23.574,False
Monaco Grand Prix,2021,24.165,False
Monaco Grand Prix,2021,24.288,False
Monaco Grand Prix,2021,23.663,False
Monaco Grand Prix,2021,24.006,False
Monaco Grand Prix,2021,23.453,False
Monaco Grand Prix,2021,24.95,False
Monaco Grand Prix,2021,24.551,False
Monaco Grand Prix,2021,22.864,False
Monaco Grand Prix,2021,23.699,False
Monaco Grand Prix,2021,24.298,False
Monaco Grand Prix,2021,23.84,False
Monaco Grand Prix,2021,24.613,False
Monaco Grand Prix,2021,23.671,False
Monaco Grand Prix,2021,23.893,False
Monaco Grand Prix,2021,23.776,False
Monaco Grand Prix,2021,24.226,False
Monaco Grand Prix,2021,23.459,False
Monaco Grand Prix,2021,24.348,False
Portuguese Grand Prix,2021,21.419,True
Portuguese Grand Prix,2021,21.681,True
Portuguese Grand Prix,2021,26.402,False
Portuguese Grand Prix,2021,21.348,True
Portuguese Grand Prix,2021,22.056,True
Portuguese Grand Prix,2021,26.938,False
Portuguese Grand Prix,2021,26.587,False
Portuguese Grand Prix,2021,21.548000000000002,True
Portuguese Grand Prix,2021,22.494,True
Portuguese Grand Prix,2021,26.13,False
Portuguese Grand Prix,2021,22.548000000000002,True
Portuguese Grand Prix,2021,22.739,True
Portuguese Grand Prix,2021,26.598,False
Portuguese Grand Prix,2021,22.415,True
Portuguese Grand Prix,2021,22.129,True
Portuguese Grand Prix,2021,26.862,False
Portuguese Grand Prix,2021,22.027,True
Portuguese Grand Prix,2021,21.45,True
Portuguese Grand Prix,2021,26.311,False
Portuguese Grand Prix,2021,21.528,True
Portuguese Grand Prix,2021,22.621,True
Portuguese Grand Prix,2021,28.176,False
Portuguese Grand Prix,2021,21.058,True
Portuguese Grand Prix,2021,21.483,True
Portuguese Grand Prix,2021,27.192,False
Portuguese Grand Prix,2021,26.97,False
Portuguese Grand Prix,2021,18.653,True
Portuguese Grand Prix,2021,21.413,True
Portuguese Grand Prix,2021,27.298,False
Portuguese Grand Prix,2021,22.251,True
Portuguese Grand Prix,2021,22.602,True
Portuguese Grand Prix,2021,26.942,False
Portuguese Grand Prix,2021,21.655,True
Portuguese Grand Prix,2021,22.275,True
Portuguese Grand Prix,2021,27.015,False
Portuguese Grand Prix,2021,21.979,True
Portuguese Grand Prix,2021,22.076,True
Portuguese Grand Prix,2021,26.575,False
Portuguese Grand Prix,2021,21.977,True
Portuguese Grand Prix,2021,22.423,True
Portuguese Grand Prix,2021,28.605,False
Portuguese Grand Prix,2021,23.824,True
Portuguese Grand Prix,2021,23.09,True
Portuguese Grand Prix,2021,26.849,False
Portuguese Grand Prix,2021,22.13,True
Portuguese Grand Prix,2021,22.285,True
Portuguese Grand Prix,2021,25.887,False
Portuguese Grand Prix,2021,20.423,True
Portuguese Grand Prix,2021,22.492,True
Portuguese Grand Prix,2021,25.895,False
Portuguese Grand Prix,2021,22.168,True
Portuguese Grand Prix,2021,22.494,True
Portuguese Grand Prix,2021,26.141,False
Portuguese Grand Prix,2021,22.791,True
Portuguese Grand Prix,2021,22.107,True
Portuguese Grand Prix,2021,26.778,False
Portuguese Grand Prix,2021,26.328,False
Portuguese Grand Prix,2021,21.104,True
Portuguese Grand Prix,2021,21.723,True
Portuguese Grand Prix,2021,26.643,False
Qatar Grand Prix,2021,26.014,False
Qatar Grand Prix,2021,36.355,False
Qatar Grand Prix,2021,25.642,False
Qatar Grand Prix,2021,26.061,False
Qatar Grand Prix,2021,25.871,False
Qatar Grand Prix,2021,25.348,False
Qatar Grand Prix,2021,25.229,False
Qatar Grand Prix,2021,25.344,False
Qatar Grand Prix,2021,25.853,False
Qatar Grand Prix,2021,25.778,False
Qatar Grand Prix,2021,26.545,False
Qatar Grand Prix,2021,25.924,False
Qatar Grand Prix,2021,25.279,False
Qatar Grand Prix,2021,26.529,False
Qatar Grand Prix,2021,25.465,False
Qatar Grand Prix,2021,25.388,False
Qatar Grand Prix,2021,25.337,False
Qatar Grand Prix,2021,26.039,False
Qatar Grand Prix,2021,25.648,False
Qatar Grand Prix,2021,25.584,False
Qatar Grand Prix,2021,26.169,False
Qatar Grand Prix,2021,34.946,False
Qatar Grand Prix,2021,25.605,False
Qatar Grand Prix,2021,25.999,False
Qatar Grand Prix,2021,25.681,False
Qatar Grand Prix,2021,26.556,False
Qatar Grand Prix,2021,25.287,False
Qatar Grand Prix,2021,25.126,False
Qatar Grand Prix,2021,25.476,True
Qatar Grand Prix,2021,25.73,False
Russian Grand Prix,2021,30.373,False
Russian Grand Prix,2021,30.58,False
Russian Grand Prix,2021,29.835,False
Russian Grand Prix,2021,29.473,False
Russian Grand Prix,2021,29.212,False
Russian Grand Prix,2021,31.819,False
Russian Grand Prix,2021,30.321,False
Russian Grand Prix,2021,34.17,False
Russian Grand Prix,2021,29.933,False
Russian Grand Prix,2021,30.035,False
Russian Grand Prix,2021,30.387,False
Russian Grand Prix,2021,31.927,False
Russian Grand Prix,2021,32.822,False
Russian Grand Prix,2021,30.096,False
Russian Grand Prix,2021,33.797,False
Russian Grand Prix,2021,30.083,False
Russian Grand Prix,2021,29.805,False
Russian Grand Prix,2021,32.591,False
Russian Grand Prix,2021,29.67,False
Russian Grand Prix,2021,33.188,False
Russian Grand Prix,2021,35.958,False
Russian Grand Prix,2021,32.313,False
Russian Grand Prix,2021,30.346,False
Russian Grand Prix,2021,30.388,False
Russian Grand Prix,2021,33.598,False
Russian Grand Prix,2021,30.95,False
Russian Grand Prix,2021,30.914,False
Russian Grand Prix,2021,31.967,False
Russian Grand Prix,2021,30.652,False
Russian Grand Prix,2021,30.664,False
Russian Grand Prix,2021,30.357,False
Russian Grand Prix,2021,42.773,False
Russian Grand Prix,2021,30.014,False
Russian Grand Prix,2021,30.863,False
Russian Grand Prix,2021,30.904,False
Russian Grand Prix,2021,29.472,False
Russian Grand Prix,2021,30.983,False
Russian Grand Prix,2021,29.238,False
Russian Grand Prix,2021,32.407,False
Saudi Arabian Grand Prix,2021,19.359,True
Saudi Arabian Grand Prix,2021,21.09,False
Saudi Arabian Grand Prix,2021,20.85,True
Saudi Arabian Grand Prix,2021,20.576,True
Saudi Arabian Grand Prix,2021,24.198,True
Saudi Arabian Grand Prix,2021,20.552,True
Saudi Arabian Grand Prix,2021,20.963,True
Saudi Arabian Grand Prix,2021,20.706,True
Saudi Arabian Grand Prix,2021,34.38,True
Saudi Arabian Grand Prix,2021,20.557,True
Saudi Arabian Grand Prix,2021,27.165,True
Saudi Arabian Grand Prix,2021,27.82,True
Spanish Grand Prix,2021,21.909,False
Spanish Grand Prix,2021,23.461,False
Spanish Grand Prix,2021,22.299,False
Spanish Grand Prix,2021,20.791,False
Spanish Grand Prix,2021,28.042,False
Spanish Grand Prix,2021,26.053,False
Spanish Grand Prix,2021,54.67,True
Spanish Grand Prix,2021,24.177,False
Spanish Grand Prix,2021,22.203,False
Spanish Grand Prix,2021,22.057,False
Spanish Grand Prix,2021,26.917,True
Spanish Grand Prix,2021,21.614,False
Spanish Grand Prix,2021,22.67,False
Spanish Grand Prix,2021,21.573,False
Spanish Grand Prix,2021,22.271,False
Spanish Grand Prix,2021,23.069,False
Spanish Grand Prix,2021,22.444,False
Spanish Grand Prix,2021,23.986,False
Spanish Grand Prix,2021,22.327,False
Spanish Grand Prix,2021,21.829,False
Spanish Grand Prix,2021,22.522,False
Spanish Grand Prix,2021,22.779,False
Spanish Grand Prix,2021,22.334,False
Spanish Grand Prix,2021,21.382,False
Spanish Grand Prix,2021,21.556,False
Spanish Grand Prix,2021,22.375,False
Spanish Grand Prix,2021,21.721,False
Spanish Grand Prix,2021,23.813,True
Spanish Grand Prix,2021,22.291,False
Spanish Grand Prix,2021,21.896,False
Spanish Grand Prix,2021,21.804,False
Spanish Grand Prix,2021,22.858,False
Spanish Grand Prix,2021,21.735,False
Spanish Grand Prix,2021,23.66,False
Spanish Grand Prix,2021,21.591,False
Spanish Grand Prix,2021,22.741,False
Spanish Grand Prix,2021,21.843,False
Styrian Grand Prix,2021,21.108,False
Styrian Grand Prix,2021,21.746,False
Styrian Grand Prix,2021,21.199,False
Styrian Grand Prix,2021,21.211,False
Styrian Grand Prix,2021,21.657,False
Styrian Grand Prix,2021,26.375,False
Styrian Grand Prix,2021,21.985,False
Styrian Grand Prix,2021,28.383,False
Styrian Grand Prix,2021,21.889,False
Styrian Grand Prix,2021,22.76,False
Styrian Grand Prix,2021,22.418,False
Styrian Grand Prix,2021,21.931,False
Styrian Grand Prix,2021,21.222,False
Styrian Grand Prix,2021,22.982,False
Styrian Grand Prix,2021,20.972,False
Styrian Grand Prix,2021,21.268,False
Styrian Grand Prix,2021,21.514,False
Styrian Grand Prix,2021,37.41,False
Styrian Grand Prix,2021,46.294,False
Styrian Grand Prix,2021,21.19,False
Styrian Grand Prix,2021,20.916,False
Styrian Grand Prix,2021,21.208,False
Styrian Grand Prix,2021,20.903,False
Styrian Grand Prix,2021,21.238,False
São Paulo Grand Prix,2021,17.395,True
São Paulo Grand Prix,2021,17.378,True
São Paulo Grand Prix,2021,24.33,False
São Paulo Grand Prix,2021,18.162,True
São Paulo Grand Prix,2021,18.21,True
São Paulo Grand Prix,2021,23.581,True
São Paulo Grand Prix,2021,23.15,False
São Paulo Grand Prix,2021,19.689,True
São Paulo Grand Prix,2021,18.902,True
São Paulo Grand Prix,2021,23.428,False
São Paulo Grand Prix,2021,23.354,False
São Paulo Grand Prix,2021,18.003,True
São Paulo Grand Prix,2021,18.287,True
São Paulo Grand Prix,2021,23.745,True
São Paulo Grand Prix,2021,23.089,False
São Paulo Grand Prix,2021,19.395,True
São Paulo Grand Prix,2021,18.988,True
São Paulo Grand Prix,2021,23.001,False
São Paulo Grand Prix,2021,22.956,False
São Paulo Grand Prix,2021,18.469,True
São Paulo Grand Prix,2021,18.788,True
São Paulo Grand Prix,2021,23.281,True
São Paulo Grand Prix,2021,23.547,False
São Paulo Grand Prix,2021,18.264,True
São Paulo Grand Prix,2021,18.067,True
São Paulo Grand Prix,2021,22.911,False
São Paulo Grand Prix,2021,23.367,False
São Paulo Grand Prix,2021,18.011,True
São Paulo Grand Prix,2021,18.491,True
São Paulo Grand Prix,2021,23.515,False
São Paulo Grand Prix,2021,17.868,True
São Paulo Grand Prix,2021,18.957,True
São Paulo Grand Prix,2021,41.162,True
São Paulo Grand Prix,2021,25.897,True
São Paulo Grand Prix,2021,24.447,False
São Paulo Grand Prix,2021,27.614,False
São Paulo Grand Prix,2021,18.013,True
São Paulo Grand Prix,2021,17.651,True
São Paulo Grand Prix,2021,19.546,True
São Paulo Grand Prix,2021,24.18,False
São Paulo Grand Prix,2021,19.371,True
São Paulo Grand Prix,2021,18.148,True
São Paulo Grand Prix,2021,23.947,True
São Paulo Grand Prix,2021,18.586,True
São Paulo Grand Prix,2021,19.37,True
São Paulo Grand Prix,2021,23.463,False
São Paulo Grand Prix,2021,22.921,False
São Paulo Grand Prix,2021,23.155,False
São Paulo Grand Prix,2021,18.647,True
São Paulo Grand Prix,2021,19.013,True
São Paulo Grand Prix,2021,23.556,True
São Paulo Grand Prix,2021,23.007,False
São Paulo Grand Prix,2021,20.043,True
São Paulo Grand Prix,2021,18.676,True
São Paulo Grand Prix,2021,23.15,True
São Paulo Grand Prix,2021,23.301,True
São Paulo Grand Prix,2021,21.155,True
São Paulo Grand Prix,2021,18.413,True
São Paulo Grand Prix,2021,23.399,False
São Paulo Grand Prix,2021,18.743,True
São Paulo Grand Prix,2021,19.721,True
São Paulo Grand Prix,2021,23.631,False
São Paulo Grand Prix,2021,23.011,False
São Paulo Grand Prix,2021,17.979,True
São Paulo Grand Prix,2021,17.68,True
São Paulo Grand Prix,2021,24.648,False
São Paulo Grand Prix,2021,32.257,True
São Paulo Grand Prix,2021,17.835,True
São Paulo Grand Prix,2021,17.679,True
São Paulo Grand Prix,2021,18.408,True
São Paulo Grand Prix,2021,35.672,False
São Paulo Grand Prix,2021,18.135,True
São Paulo Grand Prix,2021,18.096,True
São Paulo Grand Prix,2021,22.468,False
São Paulo Grand Prix,2021,23.184,False
São Paulo Grand Prix,2021,18.458,True
São Paulo Grand Prix,2021,18.133,True
São Paulo Grand Prix,2021,24.74,False
São Paulo Grand Prix,2021,23.252,False
Turkish Grand Prix,2021,29.113,False
Turkish Grand Prix,2021,22.932,False
Turkish Grand Prix,2021,29.335,False
Turkish Grand Prix,2021,23.139,False
Turkish Grand Prix,2021,22.659,False
Turkish Grand Prix,2021,24.12,False
Turkish Grand Prix,2021,23.622,False
Turkish Grand Prix,2021,23.816,False
Turkish Grand Prix,2021,23.944,False
Turkish Grand Prix,2021,23.207,False
Turkish Grand Prix,2021,22.452,False
Turkish Grand Prix,2021,23.174,False
Turkish Grand Prix,2021,23.091,False
Turkish Grand Prix,2021,23.581,False
Turkish Grand Prix,2021,28.351,False
Turkish Grand Prix,2021,35.492,False
Turkish Grand Prix,2021,23.064,False
Turkish Grand Prix,2021,22.392,False
Turkish Grand Prix,2021,23.796,False
Turkish Grand Prix,2021,23.493,False
United States Grand Prix,2021,23.633,False
United States Grand Prix,2021,23.528,False
United States Grand Prix,2021,23.301,False
United States Grand Prix,2021,24.541,False
United States Grand Prix,2021,23.632,False
United States Grand Prix,2021,28.247,False
United States Grand Prix,2021,23.995,False
United States Grand Prix,2021,23.49,True
United States Grand Prix,2021,24.488,False
United States Grand Prix,2021,23.605,False
United States Grand Prix,2021,32.566,False
United States Grand Prix,2021,23.649,True
United States Grand Prix,2021,24.111,False
United States Grand Prix,2021,23.811,False
United States Grand Prix,2021,30.7,False
United States Grand Prix,2021,24.611,False
United States Grand Prix,2021,24.173,False
United States Grand Prix,2021,24.289,False
United States Grand Prix,2021,24.225,False
United States Grand Prix,2021,24.402,False
United States Grand Prix,2021,25.526,False
United States Grand Prix,2021,40.75,False
United States Grand Prix,2021,23.974,True
United States Grand Prix,2021,25.001,False
United States Grand Prix,2021,23.607,False
United States Grand Prix,2021,24.181,False
United States Grand Prix,2021,24.062,False
United States Grand Prix,2021,24.211,False
United States Grand Prix,2021,24.103,False
United States Grand Prix,2021,23.537,False
United States Grand Prix,2021,26.318,False
United States Grand Prix,2021,23.383,False
United States Grand Prix,2021,26.88,False
United States Grand Prix,2021,23.818,False
United States Grand Prix,2021,23.473,False
United States Grand Prix,2021,23.888,False
United States Grand Prix,2021,23.454,False
United States Grand Prix,2021,23.716,False
United States Grand Prix,2021,23.973,False
United States Grand Prix,2021,25.014,False
United States Grand Prix,2021,23.876,False
Abu Dhabi Grand Prix,2022,21.729,False
Abu Dhabi Grand Prix,2022,21.755,False
Abu Dhabi Grand Prix,2022,21.73,False
Abu Dhabi Grand Prix,2022,22.593,False
Abu Dhabi Grand Prix,2022,21.865,False
Abu Dhabi Grand Prix,2022,21.227,False
Abu Dhabi Grand Prix,2022,22.266,False
Abu Dhabi Grand Prix,2022,25.2,False
Abu Dhabi Grand Prix,2022,22.225,False
Abu Dhabi Grand Prix,2022,22.354,False
Abu Dhabi Grand Prix,2022,22.244,False
Abu Dhabi Grand Prix,2022,23.512,False
Abu Dhabi Grand Prix,2022,22.161,False
Abu Dhabi Grand Prix,2022,21.563,False
Abu Dhabi Grand Prix,2022,21.877,False
Abu Dhabi Grand Prix,2022,21.659,False
Abu Dhabi Grand Prix,2022,21.349,False
Abu Dhabi Grand Prix,2022,21.448,False
Abu Dhabi Grand Prix,2022,21.886,False
Abu Dhabi Grand Prix,2022,24.236,False
Abu Dhabi Grand Prix,2022,27.813,False
Abu Dhabi Grand Prix,2022,21.951,False
Abu Dhabi Grand Prix,2022,21.526,False
Abu Dhabi Grand Prix,2022,21.774,False
Abu Dhabi Grand Prix,2022,21.784,False
Abu Dhabi Grand Prix,2022,21.587,False
Abu Dhabi Grand Prix,2022,22.3,False
Abu Dhabi Grand Prix,2022,22.713,False
Abu Dhabi Grand Prix,2022,23.201,False
Abu Dhabi Grand Prix,2022,22.405,False
Abu Dhabi Grand Prix,2022,23.165,False
Australian Grand Prix,2022,19.889,False
Australian Grand Prix,2022,18.816,True
Australian Grand Prix,2022,18.429,False
Australian Grand Prix,2022,18.413,True
Australian Grand Prix,2022,18.909,False
Australian Grand Prix,2022,17.93,True
Australian Grand Prix,2022,18.565,False
Australian Grand Prix,2022,17.928,True
Australian Grand Prix,2022,17.963,True
Australian Grand Prix,2022,19.082,True
Australian Grand Prix,2022,19.076,False
Australian Grand Prix,2022,17.566,False
Australian Grand Prix,2022,19.115,False
Australian Grand Prix,2022,17.415,False
Australian Grand Prix,2022,18.132,False
Australian Grand Prix,2022,18.537,True
Australian Grand Prix,2022,18.248,True
Australian Grand Prix,2022,18.576,True
Australian Grand Prix,2022,20.399,True
Australian Grand Prix,2022,18.415,False
Australian Grand Prix,2022,18.272,False
Australian Grand Prix,2022,18.358,False
Austrian Grand Prix,2022,22.297,False
Austrian Grand Prix,2022,22.097,False
Austrian Grand Prix,2022,21.549,False
Austrian Grand Prix,2022,21.832,True
Austrian Grand Prix,2022,24.442,True
Austrian Grand Prix,2022,24.506,False
Austrian Grand Prix,2022,22.278,False
Austrian Grand Prix,2022,22.658,False
Austrian Grand Prix,2022,27.6,False
Austrian Grand Prix,2022,23.03,False
Austrian Grand Prix,2022,22.263,False
Austrian Grand Prix,2022,21.734,False
Austrian Grand Prix,2022,21.229,False
Austrian Grand Prix,2022,21.477,False
Austrian Grand Prix,2022,21.323,False
Austrian Grand Prix,2022,21.662,True
Austrian Grand Prix,2022,22.105,False
Austrian Grand Prix,2022,21.994,False
Austrian Grand Prix,2022,22.15,False
Austrian Grand Prix,2022,22.923000000000002,False
Austrian Grand Prix,2022,22.708,False
Austrian Grand Prix,2022,27.324,False
Austrian Grand Prix,2022,21.712,False
Austrian Grand Prix,2022,22.142,False
Austrian Grand Prix,2022,23.674,False
Austrian Grand Prix,2022,21.362,False
Austrian Grand Prix,2022,21.859,False
Austrian Grand Prix,2022,38.212,False
Austrian Grand Prix,2022,21.717,False
Austrian Grand Prix,2022,21.232,False
Austrian Grand Prix,2022,21.523,False
Austrian Grand Prix,2022,21.429,False
Austrian Grand Prix,2022,21.951999999999998,False
Austrian Grand Prix,2022,21.655,False
Austrian Grand Prix,2022,21.454,False
Austrian Grand Prix,2022,22.008,False
Austrian Grand Prix,2022,21.448,False
Austrian Grand Prix,2022,21.337,True
Austrian Grand Prix,2022,21.359,False
Austrian Grand Prix,2022,21.592,False
Austrian Grand Prix,2022,22.599,False
Austrian Grand Prix,2022,28.867,False
Azerbaijan Grand Prix,2022,25.553,True
Azerbaijan Grand Prix,2022,21.529,False
Azerbaijan Grand Prix,2022,20.584,False
Azerbaijan Grand Prix,2022,20.959,True
Azerbaijan Grand Prix,2022,22.687,True
Azerbaijan Grand Prix,2022,21.525,True
Azerbaijan Grand Prix,2022,20.793,True
Azerbaijan Grand Prix,2022,29.374,False
Azerbaijan Grand Prix,2022,22.128,False
Azerbaijan Grand Prix,2022,23.229,True
Azerbaijan Grand Prix,2022,21.516,True
Azerbaijan Grand Prix,2022,27.042,True
Azerbaijan Grand Prix,2022,22.307,False
Azerbaijan Grand Prix,2022,21.428,False
Azerbaijan Grand Prix,2022,22.62,True
Azerbaijan Grand Prix,2022,23.395,False
Azerbaijan Grand Prix,2022,22.341,True
Azerbaijan Grand Prix,2022,21.775,True
Azerbaijan Grand Prix,2022,20.492,True
Azerbaijan Grand Prix,2022,20.427,True
Azerbaijan Grand Prix,2022,22.031,False
Azerbaijan Grand Prix,2022,23.077,True
Azerbaijan Grand Prix,2022,41.502,False
Azerbaijan Grand Prix,2022,21.483,False
Azerbaijan Grand Prix,2022,20.678,True
Azerbaijan Grand Prix,2022,20.217,True
Azerbaijan Grand Prix,2022,22.96,True
Bahrain Grand Prix,2022,24.906,False
Bahrain Grand Prix,2022,25.612,False
Bahrain Grand Prix,2022,25.083,True
Bahrain Grand Prix,2022,25.386,False
Bahrain Grand Prix,2022,24.956,False
Bahrain Grand Prix,2022,24.539,False
Bahrain Grand Prix,2022,25.937,False
Bahrain Grand Prix,2022,25.137,False
Bahrain Grand Prix,2022,25.211,True
Bahrain Grand Prix,2022,24.578,False
Bahrain Grand Prix,2022,26.163,False
Bahrain Grand Prix,2022,25.208,False
Bahrain Grand Prix,2022,25.778,False
Bahrain Grand Prix,2022,25.595,True
Bahrain Grand Prix,2022,27.358,False
Bahrain Grand Prix,2022,26.685,False
Bahrain Grand Prix,2022,25.799,True
Bahrain Grand Prix,2022,24.437,False
Bahrain Grand Prix,2022,24.63,False
Bahrain Grand Prix,2022,24.635,True
Bahrain Grand Prix,2022,25.033,False
Bahrain Grand Prix,2022,24.513,False
Bahrain Grand Prix,2022,24.602,True
Bahrain Grand Prix,2022,25.438,False
Bahrain Grand Prix,2022,25.878,False
Bahrain Grand Prix,2022,26.053,True
Bahrain Grand Prix,2022,25.188,False
Bahrain Grand Prix,2022,25.591,False
Bahrain Grand Prix,2022,24.574,False
Bahrain Grand Prix,2022,27.35,False
Bahrain Grand Prix,2022,25.018,True
Bahrain Grand Prix,2022,30.491,False
Bahrain Grand Prix,2022,25.419,False
Bahrain Grand Prix,2022,24.417,False
Bahrain Grand Prix,2022,25.003,False
Bahrain Grand Prix,2022,24.149,False
Bahrain Grand Prix,2022,24.917,False
Bahrain Grand Prix,2022,24.931,False
Bahrain Grand Prix,2022,24.928,False
Bahrain Grand Prix,2022,25.153,True
Bahrain Grand Prix,2022,25.894,False
Bahrain Grand Prix,2022,25.332,False
Bahrain Grand Prix,2022,25.166,True
Bahrain Grand Prix,2022,24.738,False
Bahrain Grand Prix,2022,24.394,False
Bahrain Grand Prix,2022,24.289,True
Bahrain Grand Prix,2022,25.761,False
Bahrain Grand Prix,2022,27.001,False
Bahrain Grand Prix,2022,25.033,True
Bahrain Grand Prix,2022,26.118,False
Bahrain Grand Prix,2022,24.361,False
Bahrain Grand Prix,2022,24.16,True
Bahrain Grand Prix,2022,24.914,False
Bahrain Grand Prix,2022,24.945,False
Bahrain Grand Prix,2022,24.352,False
Bahrain Grand Prix,2022,25.457,False
Bahrain Grand Prix,2022,25.34,False
Bahrain Grand Prix,2022,28.652,True
Belgian Grand Prix,2022,23.334,False
Belgian Grand Prix,2022,24.4,False
Belgian Grand Prix,2022,22.61,False
Belgian Grand Prix,2022,23.994,False
Belgian Grand Prix,2022,22.831,False
Belgian Grand Prix,2022,22.562,False
Belgian Grand Prix,2022,35.736,True
Belgian Grand Prix,2022,24.151,False
Belgian Grand Prix,2022,23.406,False
Belgian Grand Prix,2022,24.228,True
Belgian Grand Prix,2022,23.187,False
Belgian Grand Prix,2022,23.358,False
Belgian Grand Prix,2022,26.79,False
Belgian Grand Prix,2022,23.419,False
Belgian Grand Prix,2022,24.175,False
Belgian Grand Prix,2022,24.854,False
Belgian Grand Prix,2022,23.006,False
Belgian Grand Prix,2022,23.666,False
Belgian Grand Prix,2022,23.525,False
Belgian Grand Prix,2022,23.507,False
Belgian Grand Prix,2022,22.352,False
Belgian Grand Prix,2022,22.676,False
Belgian Grand Prix,2022,23.082,False
Belgian Grand Prix,2022,23.149,False
Belgian Grand Prix,2022,22.81,False
Belgian Grand Prix,2022,23.005,False
Belgian Grand Prix,2022,22.551,False
Belgian Grand Prix,2022,22.78,False
Belgian Grand Prix,2022,23.573,False
Belgian Grand Prix,2022,23.24,False
Belgian Grand Prix,2022,30.049,False
Belgian Grand Prix,2022,24.236,False
Belgian Grand Prix,2022,22.955,False
Belgian Grand Prix,2022,22.349,False
Belgian Grand Prix,2022,23.245,False
Belgian Grand Prix,2022,22.861,False
Belgian Grand Prix,2022,23.741,False
Belgian Grand Prix,2022,23.386,False
British Grand Prix,2022,28.691,False
British Grand Prix,2022,28.796,True
British Grand Prix,2022,29.643,False
British Grand Prix,2022,29.81,False
British Grand Prix,2022,28.991,True
British Grand Prix,2022,28.787,False
British Grand Prix,2022,28.45,True
British Grand Prix,2022,28.834,False
British Grand Prix,2022,29.449,False
British Grand Prix,2022,29.152,False
British Grand Prix,2022,30.85,True
British Grand Prix,2022,28.959,False
British Grand Prix,2022,28.657,True
British Grand Prix,2022,30.289,False
British Grand Prix,2022,37.284,False
British Grand Prix,2022,28.171,True
British Grand Prix,2022,30.269,False
British Grand Prix,2022,30.629,False
British Grand Prix,2022,29.352,True
British Grand Prix,2022,28.544,False
British Grand Prix,2022,28.415,True
British Grand Prix,2022,28.638,False
British Grand Prix,2022,29.761,True
British Grand Prix,2022,34.769,False
British Grand Prix,2022,29.462,True
British Grand Prix,2022,29.4,False
British Grand Prix,2022,29.305,False
British Grand Prix,2022,28.696,True
British Grand Prix,2022,29.792,False
British Grand Prix,2022,28.584,True
Canadian Grand Prix,2022,23.796,True
Canadian Grand Prix,2022,23.56,True
Canadian Grand Prix,2022,23.778,False
Canadian Grand Prix,2022,25.111,True
Canadian Grand Prix,2022,26.007,True
Canadian Grand Prix,2022,23.565,False
Canadian Grand Prix,2022,23.611,False
Canadian Grand Prix,2022,23.848,True
Canadian Grand Prix,2022,23.859,False
Canadian Grand Prix,2022,24.045,True
Canadian Grand Prix,2022,30.01,False
Canadian Grand Prix,2022,26.284,False
Canadian Grand Prix,2022,38.257,True
Canadian Grand Prix,2022,43.032,True
Canadian Grand Prix,2022,24.039,False
Canadian Grand Prix,2022,25.676,True
Canadian Grand Prix,2022,23.944,True
Canadian Grand Prix,2022,27.953,True
Canadian Grand Prix,2022,24.856,True
Canadian Grand Prix,2022,23.923000000000002,True
Canadian Grand Prix,2022,24.079,False
Canadian Grand Prix,2022,24.178,True
Canadian Grand Prix,2022,24.897,True
Canadian Grand Prix,2022,25.267,True
Canadian Grand Prix,2022,23.27,True
Canadian Grand Prix,2022,24.244,True
Canadian Grand Prix,2022,23.691,False
Canadian Grand Prix,2022,23.401,False
Canadian Grand Prix,2022,23.681,True
Canadian Grand Prix,2022,24.239,True
Canadian Grand Prix,2022,23.944,True
Dutch Grand Prix,2022,19.345,False
Dutch Grand Prix,2022,19.866,False
Dutch Grand Prix,2022,20.484,True
Dutch Grand Prix,2022,14.119,True
Dutch Grand Prix,2022,19.552,False
Dutch Grand Prix,2022,21.61,True
Dutch Grand Prix,2022,15.841,True
Dutch Grand Prix,2022,19.724,False
Dutch Grand Prix,2022,21.047,False
Dutch Grand Prix,2022,18.795,False
Dutch Grand Prix,2022,18.695,False
Dutch Grand Prix,2022,18.657,True
Dutch Grand Prix,2022,13.904,True
Dutch Grand Prix,2022,18.985,False
Dutch Grand Prix,2022,19.156,True
Dutch Grand Prix,2022,14.146,True
Dutch Grand Prix,2022,20.318,False
Dutch Grand Prix,2022,20.69,False
Dutch Grand Prix,2022,20.097,True
Dutch Grand Prix,2022,14.257,True
Dutch Grand Prix,2022,19.21,False
Dutch Grand Prix,2022,19.177,False
Dutch Grand Prix,2022,19.688,True
Dutch Grand Prix,2022,14.136,True
Dutch Grand Prix,2022,20.767,False
Dutch Grand Prix,2022,23.786,False
Dutch Grand Prix,2022,23.749,True
Dutch Grand Prix,2022,14.367,True
Dutch Grand Prix,2022,26.886,False
Dutch Grand Prix,2022,21.805,False
Dutch Grand Prix,2022,20.315,True
Dutch Grand Prix,2022,14.214,True
Dutch Grand Prix,2022,19.275,False
Dutch Grand Prix,2022,21.229,True
Dutch Grand Prix,2022,21.217,True
Dutch Grand Prix,2022,19.643,False
Dutch Grand Prix,2022,21.663,True
Dutch Grand Prix,2022,14.107,True
Dutch Grand Prix,2022,18.912,False
Dutch Grand Prix,2022,18.542,False
Dutch Grand Prix,2022,19.227,True
Dutch Grand Prix,2022,14.114,True
Dutch Grand Prix,2022,19.637,False
Dutch Grand Prix,2022,19.557,False
Dutch Grand Prix,2022,19.808,True
Dutch Grand Prix,2022,20.394,True
Dutch Grand Prix,2022,14.468,True
Dutch Grand Prix,2022,19.386,False
Dutch Grand Prix,2022,20.784,True
Dutch Grand Prix,2022,21.329,True
Dutch Grand Prix,2022,29.77,False
Dutch Grand Prix,2022,19.544,False
Dutch Grand Prix,2022,21.161,True
Dutch Grand Prix,2022,20.233,False
Dutch Grand Prix,2022,20.21,False
Dutch Grand Prix,2022,19.126,True
Dutch Grand Prix,2022,14.137,True
Dutch Grand Prix,2022,18.783,False
Dutch Grand Prix,2022,19.371,False
Dutch Grand Prix,2022,19.586,False
Dutch Grand Prix,2022,19.564,True
Dutch Grand Prix,2022,19.647,True
Dutch Grand Prix,2022,14.111,True
Dutch Grand Prix,2022,22.383,False
Dutch Grand Prix,2022,19.158,False
Dutch Grand Prix,2022,18.794,True
Dutch Grand Prix,2022,14.365,True
Dutch Grand Prix,2022,19.669,False
Dutch Grand Prix,2022,25.422,False
Dutch Grand Prix,2022,20.203,True
Dutch Grand Prix,2022,14.157,True
Emilia Romagna Grand Prix,2022,30.763,False
Emilia Romagna Grand Prix,2022,40.927,False
Emilia Romagna Grand Prix,2022,30.378,False
Emilia Romagna Grand Prix,2022,32.725,False
Emilia Romagna Grand Prix,2022,31.116,False
Emilia Romagna Grand Prix,2022,31.802,False
Emilia Romagna Grand Prix,2022,30.059,False
Emilia Romagna Grand Prix,2022,36.513,False
Emilia Romagna Grand Prix,2022,33.754,False
Emilia Romagna Grand Prix,2022,31.311,False
Emilia Romagna Grand Prix,2022,31.033,False
Emilia Romagna Grand Prix,2022,30.056,False
Emilia Romagna Grand Prix,2022,31.415,False
Emilia Romagna Grand Prix,2022,30.346,False
Emilia Romagna Grand Prix,2022,29.736,False
Emilia Romagna Grand Prix,2022,32.349,True
Emilia Romagna Grand Prix,2022,30.409,False
Emilia Romagna Grand Prix,2022,30.16,False
Emilia Romagna Grand Prix,2022,31.047,False
Emilia Romagna Grand Prix,2022,32.691,False
Emilia Romagna Grand Prix,2022,30.358,False
Emilia Romagna Grand Prix,2022,30.108,False
Emilia Romagna Grand Prix,2022,29.933,False
Emilia Romagna Grand Prix,2022,30.486,False
Emilia Romagna Grand Prix,2022,32.195,False
French Grand Prix,2022,37.345,True
French Grand Prix,2022,36.509,True
French Grand Prix,2022,37.819,True
French Grand Prix,2022,36.282,False
French Grand Prix,2022,35.958,True
French Grand Prix,2022,37.199,True
French Grand Prix,2022,37.592,True
French Grand Prix,2022,37.02,False
French Grand Prix,2022,36.783,False
French Grand Prix,2022,36.475,True
French Grand Prix,2022,36.792,False
French Grand Prix,2022,36.995,True
French Grand Prix,2022,37.501,True
French Grand Prix,2022,44.725,True
French Grand Prix,2022,38.128,True
French Grand Prix,2022,36.263,True
French Grand Prix,2022,38.266,True
French Grand Prix,2022,41.534,True
French Grand Prix,2022,42.395,False
French Grand Prix,2022,39.962,True
French Grand Prix,2022,37.602,False
French Grand Prix,2022,35.266,False
French Grand Prix,2022,36.639,True
French Grand Prix,2022,36.406,False
French Grand Prix,2022,50.802,False
Hungarian Grand Prix,2022,31.245,True
Hungarian Grand Prix,2022,21.787,False
Hungarian Grand Prix,2022,24.272,False
Hungarian Grand Prix,2022,22.069,False
Hungarian Grand Prix,2022,22.281,False
Hungarian Grand Prix,2022,21.691,False
Hungarian Grand Prix,2022,21.437,False
Hungarian Grand Prix,2022,21.679,False
Hungarian Grand Prix,2022,22.043,False
Hungarian Grand Prix,2022,21.835,False
Hungarian Grand Prix,2022,22.481,False
Hungarian Grand Prix,2022,28.777,False
Hungarian Grand Prix,2022,21.762,False
Hungarian Grand Prix,2022,21.978,False
Hungarian Grand Prix,2022,21.563,False
Hungarian Grand Prix,2022,29.635,False
Hungarian Grand Prix,2022,23.229,False
Hungarian Grand Prix,2022,23.1,True
Hungarian Grand Prix,2022,22.958,False
Hungarian Grand Prix,2022,22.579,False
Hungarian Grand Prix,2022,23.639,False
Hungarian Grand Prix,2022,21.868,False
Hungarian Grand Prix,2022,23.606,False
Hungarian Grand Prix,2022,21.12,False
Hungarian Grand Prix,2022,21.157,False
Hungarian Grand Prix,2022,21.552,False
Hungarian Grand Prix,2022,21.535,False
Hungarian Grand Prix,2022,22.781,False
Hungarian Grand Prix,2022,21.711,False
Hungarian Grand Prix,2022,22.823,False
Hungarian Grand Prix,2022,23.443,False
Hungarian Grand Prix,2022,21.758,False
Hungarian Grand Prix,2022,21.654,False
Hungarian Grand Prix,2022,21.59,False
Hungarian Grand Prix,2022,22.037,False
Hungarian Grand Prix,2022,22.105,False
Hungarian Grand Prix,2022,21.348,False
Hungarian Grand Prix,2022,21.185,False
Hungarian Grand Prix,2022,21.356,False
Hungarian Grand Prix,2022,25.027,False
Hungarian Grand Prix,2022,22.25,False
Hungarian Grand Prix,2022,28.258,False
Italian Grand Prix,2022,24.729,False
Italian Grand Prix,2022,24.637,False
Italian Grand Prix,2022,25.363,False
Italian Grand Prix,2022,24.284,False
Italian Grand Prix,2022,26.762,False
Italian Grand Prix,2022,24.23,True
Italian Grand Prix,2022,23.514,True
Italian Grand Prix,2022,23.938,False
Italian Grand Prix,2022,23.64,True
Italian Grand Prix,2022,30.151,False
Italian Grand Prix,2022,24.895,True
Italian Grand Prix,2022,24.796,False
Italian Grand Prix,2022,26.776,False
Italian Grand Prix,2022,24.809,True
Italian Grand Prix,2022,24.384,False
Italian Grand Prix,2022,23.881,False
Italian Grand Prix,2022,23.302,False
Italian Grand Prix,2022,25.153,False
Italian Grand Prix,2022,25.076,False
Italian Grand Prix,2022,24.139,True
Italian Grand Prix,2022,23.692,False
Italian Grand Prix,2022,24.528,True
Italian Grand Prix,2022,24.269,False
Italian Grand Prix,2022,23.994,False
Italian Grand Prix,2022,23.916,True
Italian Grand Prix,2022,23.793,False
Italian Grand Prix,2022,24.078,True
Italian Grand Prix,2022,25.364,False
Japanese Grand Prix,2022,24.132,False
Japanese Grand Prix,2022,24.142,False
Japanese Grand Prix,2022,25.178,False
Japanese Grand Prix,2022,41.218,True
Japanese Grand Prix,2022,24.978,False
Japanese Grand Prix,2022,24.035,False
Japanese Grand Prix,2022,25.138,False
Japanese Grand Prix,2022,24.808,False
Japanese Grand Prix,2022,26.188,False
Japanese Grand Prix,2022,25.599,False
Japanese Grand Prix,2022,24.94,False
Japanese Grand Prix,2022,24.902,False
Japanese Grand Prix,2022,25.483,False
Japanese Grand Prix,2022,25.608,False
Japanese Grand Prix,2022,25.409,False
Japanese Grand Prix,2022,28.761,False
Japanese Grand Prix,2022,24.001,False
Japanese Grand Prix,2022,23.877,False
Japanese Grand Prix,2022,24.455,False
Japanese Grand Prix,2022,23.757,False
Japanese Grand Prix,2022,24.655,False
Japanese Grand Prix,2022,24.295,False
Japanese Grand Prix,2022,24.858,False
Japanese Grand Prix,2022,24.32,False
Mexico City Grand Prix,2022,23.187,False
Mexico City Grand Prix,2022,23.133,False
Mexico City Grand Prix,2022,23.869,False
Mexico City Grand Prix,2022,29.155,False
Mexico City Grand Prix,2022,23.31,False
Mexico City Grand Prix,2022,23.824,False
Mexico City Grand Prix,2022,24.019,False
Mexico City Grand Prix,2022,22.202,False
Mexico City Grand Prix,2022,23.716,False
Mexico City Grand Prix,2022,23.697,False
Mexico City Grand Prix,2022,22.634,False
Mexico City Grand Prix,2022,22.313,False
Mexico City Grand Prix,2022,24.832,False
Mexico City Grand Prix,2022,22.284,False
Mexico City Grand Prix,2022,22.775,False
Mexico City Grand Prix,2022,23.185,False
Mexico City Grand Prix,2022,23.478,False
Mexico City Grand Prix,2022,23.513,False
Mexico City Grand Prix,2022,23.066,False
Mexico City Grand Prix,2022,22.493,False
Mexico City Grand Prix,2022,22.484,False
Mexico City Grand Prix,2022,22.541,False
Mexico City Grand Prix,2022,24.162,False
Miami Grand Prix,2022,20.052,False
Miami Grand Prix,2022,21.596,False
Miami Grand Prix,2022,19.607,False
Miami Grand Prix,2022,19.5,False
Miami Grand Prix,2022,18.995,True
Miami Grand Prix,2022,18.783,False
Miami Grand Prix,2022,19.175,False
Miami Grand Prix,2022,19.718,False
Miami Grand Prix,2022,19.736,False
Miami Grand Prix,2022,20.649,True
Miami Grand Prix,2022,20.41,False
Miami Grand Prix,2022,32.385,False
Miami Grand Prix,2022,19.928,False
Miami Grand Prix,2022,19.028,True
Miami Grand Prix,2022,18.561,False
Miami Grand Prix,2022,18.466,True
Miami Grand Prix,2022,19.506,False
Miami Grand Prix,2022,19.326,True
Miami Grand Prix,2022,19.016,True
Miami Grand Prix,2022,22.044,False
Miami Grand Prix,2022,19.088,True
Miami Grand Prix,2022,18.848,False
Miami Grand Prix,2022,19.489,True
Miami Grand Prix,2022,18.819,False
Miami Grand Prix,2022,19.861,True
Monaco Grand Prix,2022,26.948,False
Monaco Grand Prix,2022,31.316,False
Monaco Grand Prix,2022,24.501,False
Monaco Grand Prix,2022,25.84,False
Monaco Grand Prix,2022,35.158,True
Monaco Grand Prix,2022,28.701999999999998,False
Monaco Grand Prix,2022,24.691,False
Monaco Grand Prix,2022,24.397,False
Monaco Grand Prix,2022,36.522,True
Monaco Grand Prix,2022,36.127,True
Monaco Grand Prix,2022,26.63,False
Monaco Grand Prix,2022,25.676,False
Monaco Grand Prix,2022,28.045,False
Monaco Grand Prix,2022,27.421,False
Monaco Grand Prix,2022,36.84,False
Monaco Grand Prix,2022,24.547,False
Monaco Grand Prix,2022,24.707,False
Monaco Grand Prix,2022,24.58,False
Monaco Grand Prix,2022,24.836,False
Monaco Grand Prix,2022,24.271,False
Monaco Grand Prix,2022,24.552,False
Monaco Grand Prix,2022,26.05,False
Monaco Grand Prix,2022,25.303,False
Monaco Grand Prix,2022,24.604,False
Monaco Grand Prix,2022,26.717,True
Monaco Grand Prix,2022,32.73,True
Monaco Grand Prix,2022,25.639,True
Monaco Grand Prix,2022,24.776,False
Monaco Grand Prix,2022,25.951999999999998,False
Monaco Grand Prix,2022,25.089,False
Monaco Grand Prix,2022,26.772,False
Monaco Grand Prix,2022,26.895,False
Monaco Grand Prix,2022,24.945,False
Monaco Grand Prix,2022,25.114,False
Monaco Grand Prix,2022,25.6,False
Saudi Arabian Grand Prix,2022,20.668,False
Saudi Arabian Grand Prix,2022,21.525,True
Saudi Arabian Grand Prix,2022,22.567,True
Saudi Arabian Grand Prix,2022,22.789,False
Saudi Arabian Grand Prix,2022,22.812,True
Saudi Arabian Grand Prix,2022,21.798000000000002,True
Saudi Arabian Grand Prix,2022,21.441,True
Saudi Arabian Grand Prix,2022,21.024,True
Saudi Arabian Grand Prix,2022,22.382,True
Saudi Arabian Grand Prix,2022,20.383,True
Saudi Arabian Grand Prix,2022,21.129,True
Saudi Arabian Grand Prix,2022,20.478,True
Saudi Arabian Grand Prix,2022,20.637,False
Saudi Arabian Grand Prix,2022,21.42,True
Saudi Arabian Grand Prix,2022,21.548000000000002,True
Saudi Arabian Grand Prix,2022,22.343,False
Saudi Arabian Grand Prix,2022,20.731,True
Saudi Arabian Grand Prix,2022,33.653,True
Saudi Arabian Grand Prix,2022,15.105,False
Singapore Grand Prix,2022,32.164,False
Singapore Grand Prix,2022,29.826999999999998,False
Singapore Grand Prix,2022,41.014,False
Singapore Grand Prix,2022,32.016,False
Singapore Grand Prix,2022,39.234,True
Singapore Grand Prix,2022,32.597,False
Singapore Grand Prix,2022,31.217,True
Singapore Grand Prix,2022,34.815,False
Singapore Grand Prix,2022,30.515,True
Singapore Grand Prix,2022,29.541,True
Singapore Grand Prix,2022,30.943,True
Singapore Grand Prix,2022,30.374,True
Singapore Grand Prix,2022,29.728,True
Singapore Grand Prix,2022,33.244,False
Singapore Grand Prix,2022,29.908,False
Singapore Grand Prix,2022,30.594,True
Singapore Grand Prix,2022,29.885,True
Singapore Grand Prix,2022,31.306,False
Singapore Grand Prix,2022,29.413,True
Singapore Grand Prix,2022,29.802,False
Singapore Grand Prix,2022,29.691,False
Spanish Grand Prix,2022,23.406,False
Spanish Grand Prix,2022,22.655,False
Spanish Grand Prix,2022,23.251,False
Spanish Grand Prix,2022,23.442,False
Spanish Grand Prix,2022,22.389,False
Spanish Grand Prix,2022,21.936,False
Spanish Grand Prix,2022,25.402,False
Spanish Grand Prix,2022,22.972,False
Spanish Grand Prix,2022,22.526,False
Spanish Grand Prix,2022,21.886,False
Spanish Grand Prix,2022,27.924,False
Spanish Grand Prix,2022,21.916,False
Spanish Grand Prix,2022,31.078,False
Spanish Grand Prix,2022,22.052,False
Spanish Grand Prix,2022,22.224,False
Spanish Grand Prix,2022,23.27,False
Spanish Grand Prix,2022,22.302,False
Spanish Grand Prix,2022,22.757,False
Spanish Grand Prix,2022,21.739,False
Spanish Grand Prix,2022,29.619,False
Spanish Grand Prix,2022,23.839,False
Spanish Grand Prix,2022,23.572,False
Spanish Grand Prix,2022,23.099,False
Spanish Grand Prix,2022,21.929,False
Spanish Grand Prix,2022,23.285,False
Spanish Grand Prix,2022,22.133,False
Spanish Grand Prix,2022,22.106,False
Spanish Grand Prix,2022,22.903,False
Spanish Grand Prix,2022,22.04,False
Spanish Grand Prix,2022,22.016,False
Spanish Grand Prix,2022,21.592,False
Spanish Grand Prix,2022,21.678,False
Spanish Grand Prix,2022,22.118,False
Spanish Grand Prix,2022,22.39,False
Spanish Grand Prix,2022,22.134,False
Spanish Grand Prix,2022,22.029,False
Spanish Grand Prix,2022,22.021,False
Spanish Grand Prix,2022,22.821,False
Spanish Grand Prix,2022,22.26,False
Spanish Grand Prix,2022,21.842,False
Spanish Grand Prix,2022,22.209,False
Spanish Grand Prix,2022,22.858,False
Spanish Grand Prix,2022,23.398,False
Spanish Grand Prix,2022,23.799,False
Spanish Grand Prix,2022,23.071,False
Spanish Grand Prix,2022,22.781,False
Spanish Grand Prix,2022,22.337,False
Spanish Grand Prix,2022,22.19,False
Spanish Grand Prix,2022,21.969,False
Spanish Grand Prix,2022,22.021,False
Spanish Grand Prix,2022,22.469,False
Spanish Grand Prix,2022,22.475,False
Spanish Grand Prix,2022,23.142,False
São Paulo Grand Prix,2022,24.402,True
São Paulo Grand Prix,2022,23.404,False
São Paulo Grand Prix,2022,23.272,False
São Paulo Grand Prix,2022,23.461,False
São Paulo Grand Prix,2022,28.881,False
São Paulo Grand Prix,2022,23.844,True
São Paulo Grand Prix,2022,24.025,False
São Paulo Grand Prix,2022,24.718,False
São Paulo Grand Prix,2022,23.51,False
São Paulo Grand Prix,2022,23.34,False
São Paulo Grand Prix,2022,23.085,True
São Paulo Grand Prix,2022,24.123,False
São Paulo Grand Prix,2022,23.602,False
São Paulo Grand Prix,2022,28.855,False
São Paulo Grand Prix,2022,24.39,False
São Paulo Grand Prix,2022,23.725,True
São Paulo Grand Prix,2022,30.142,False
São Paulo Grand Prix,2022,23.174,False
São Paulo Grand Prix,2022,23.184,False
São Paulo Grand Prix,2022,24.563,False
São Paulo Grand Prix,2022,25.247,False
São Paulo Grand Prix,2022,29.41,False
São Paulo Grand Prix,2022,24.663,False
São Paulo Grand Prix,2022,23.963,False
São Paulo Grand Prix,2022,24.401,False
São Paulo Grand Prix,2022,22.954,False
São Paulo Grand Prix,2022,23.272,False
São Paulo Grand Prix,2022,23.616,False
São Paulo Grand Prix,2022,23.456,False
São Paulo Grand Prix,2022,25.209,False
São Paulo Grand Prix,2022,23.491,False
São Paulo Grand Prix,2022,23.831,True
São Paulo Grand Prix,2022,23.589,False
São Paulo Grand Prix,2022,23.834,False
São Paulo Grand Prix,2022,23.354,False
São Paulo Grand Prix,2022,23.753,False
São Paulo Grand Prix,2022,23.717,True
São Paulo Grand Prix,2022,31.019,False
São Paulo Grand Prix,2022,31.754,False
São Paulo Grand Prix,2022,24.277,False
São Paulo Grand Prix,2022,24.355,False
São Paulo Grand Prix,2022,24.111,False
São Paulo Grand Prix,2022,24.404,False
São Paulo Grand Prix,2022,25.246,False
United States Grand Prix,2022,24.581,False
United States Grand Prix,2022,24.331,True
United States Grand Prix,2022,23.851,True
United States Grand Prix,2022,39.716,True
United States Grand Prix,2022,24.995,False
United States Grand Prix,2022,23.671,False
United States Grand Prix,2022,28.921,False
United States Grand Prix,2022,24.359,False
United States Grand Prix,2022,24.167,False
United States Grand Prix,2022,25.305,False
United States Grand Prix,2022,24.199,True
United States Grand Prix,2022,24.31,True
United States Grand Prix,2022,23.745,False
United States Grand Prix,2022,29.034,True
United States Grand Prix,2022,25.195,True
United States Grand Prix,2022,24.661,False
United States Grand Prix,2022,24.02,False
United States Grand Prix,2022,23.722,False
United States Grand Prix,2022,24.828,True
United States Grand Prix,2022,24.731,False
United States Grand Prix,2022,23.397,False
United States Grand Prix,2022,24.791,False
United States Grand Prix,2022,26.216,False
United States Grand Prix,2022,24.43,False
United States Grand Prix,2022,30.076,False
United States Grand Prix,2022,24.517,False
United States Grand Prix,2022,23.987,False
United States Grand Prix,2022,25.419,False
United States Grand Prix,2022,23.718,False
United States Grand Prix,2022,23.255,False
United States Grand Prix,2022,23.856,False
United States Grand Prix,2022,32.224,False
United States Grand Prix,2022,24.344,True
United States Grand Prix,2022,38.218,False
United States Grand Prix,2022,27.3,False
United States Grand Prix,2022,25.024,True
Abu Dhabi Grand Prix,2023,22.25,False
Abu Dhabi Grand Prix,2023,21.937,False
Abu Dhabi Grand Prix,2023,22.343,False
Abu Dhabi Grand Prix,2023,21.812,False
Abu Dhabi Grand Prix,2023,22.625,False
Abu Dhabi Grand Prix,2023,23.031,False
Abu Dhabi Grand Prix,2023,23.453,False
Abu Dhabi Grand Prix,2023,22.187,False
Abu Dhabi Grand Prix,2023,22.031,False
Abu Dhabi Grand Prix,2023,21.906,False
Abu Dhabi Grand Prix,2023,22.125,False
Abu Dhabi Grand Prix,2023,21.89,False
Abu Dhabi Grand Prix,2023,21.328,False
Abu Dhabi Grand Prix,2023,22.703,False
Abu Dhabi Grand Prix,2023,22.109,False
Abu Dhabi Grand Prix,2023,24.109,False
Abu Dhabi Grand Prix,2023,21.562,False
Abu Dhabi Grand Prix,2023,22.047,False
Abu Dhabi Grand Prix,2023,21.484,False
Abu Dhabi Grand Prix,2023,21.25,False
Abu Dhabi Grand Prix,2023,21.609,False
Abu Dhabi Grand Prix,2023,21.156,False
Abu Dhabi Grand Prix,2023,21.703,False
Abu Dhabi Grand Prix,2023,21.782,False
Abu Dhabi Grand Prix,2023,21.781,False
Abu Dhabi Grand Prix,2023,22.14,False
Abu Dhabi Grand Prix,2023,21.219,False
Abu Dhabi Grand Prix,2023,21.609,False
Abu Dhabi Grand Prix,2023,22.155,False
Abu Dhabi Grand Prix,2023,21.921,False
Abu Dhabi Grand Prix,2023,21.891,False
Abu Dhabi Grand Prix,2023,21.578,False
Abu Dhabi Grand Prix,2023,21.437,False
Abu Dhabi Grand Prix,2023,21.609,False
Abu Dhabi Grand Prix,2023,21.171,False
Abu Dhabi Grand Prix,2023,22.874,False
Abu Dhabi Grand Prix,2023,22.313,False
Australian Grand Prix,2023,21.671,True
Australian Grand Prix,2023,19.828,True
Australian Grand Prix,2023,76.671,False
Australian Grand Prix,2023,18.109,False
Australian Grand Prix,2023,73.233,False
Australian Grand Prix,2023,20.781,True
Australian Grand Prix,2023,18.141,True
Australian Grand Prix,2023,17.719,True
Australian Grand Prix,2023,17.796,True
Australian Grand Prix,2023,19.437,True
Australian Grand Prix,2023,19.14,True
Australian Grand Prix,2023,18.359,True
Australian Grand Prix,2023,18.421,True
Australian Grand Prix,2023,19.141,True
Australian Grand Prix,2023,19.031,False
Australian Grand Prix,2023,74.265,False
Australian Grand Prix,2023,18.234,True
Australian Grand Prix,2023,18.921,True
Australian Grand Prix,2023,21.844,True
Austrian Grand Prix,2023,16.656,True
Austrian Grand Prix,2023,21.499,True
Austrian Grand Prix,2023,28.187,False
Austrian Grand Prix,2023,16.531,True
Austrian Grand Prix,2023,22.25,True
Austrian Grand Prix,2023,22.0,False
Austrian Grand Prix,2023,17.093,True
Austrian Grand Prix,2023,31.797,False
Austrian Grand Prix,2023,21.968,False
Austrian Grand Prix,2023,16.953,True
Austrian Grand Prix,2023,21.031,False
Austrian Grand Prix,2023,20.953,False
Austrian Grand Prix,2023,15.891,True
Austrian Grand Prix,2023,21.765,True
Austrian Grand Prix,2023,27.843,False
Austrian Grand Prix,2023,16.313,True
Austrian Grand Prix,2023,22.0,True
Austrian Grand Prix,2023,27.734,False
Austrian Grand Prix,2023,16.687,True
Austrian Grand Prix,2023,21.89,False
Austrian Grand Prix,2023,16.312,True
Austrian Grand Prix,2023,23.39,True
Austrian Grand Prix,2023,21.078,False
Austrian Grand Prix,2023,26.593,True
Austrian Grand Prix,2023,25.656,True
Austrian Grand Prix,2023,22.233,False
Austrian Grand Prix,2023,18.062,True
Austrian Grand Prix,2023,21.312,True
Austrian Grand Prix,2023,22.047,False
Austrian Grand Prix,2023,18.281,True
Austrian Grand Prix,2023,22.359,True
Austrian Grand Prix,2023,30.437,False
Austrian Grand Prix,2023,17.422,True
Austrian Grand Prix,2023,21.797,False
Austrian Grand Prix,2023,21.156,False
Austrian Grand Prix,2023,17.313,True
Austrian Grand Prix,2023,22.484,True
Austrian Grand Prix,2023,29.906,False
Austrian Grand Prix,2023,22.328,False
Austrian Grand Prix,2023,17.843,True
Austrian Grand Prix,2023,22.281,True
Austrian Grand Prix,2023,21.688,False
Austrian Grand Prix,2023,16.406,True
Austrian Grand Prix,2023,26.281,True
Austrian Grand Prix,2023,28.593,False
Austrian Grand Prix,2023,17.327,True
Austrian Grand Prix,2023,23.202,True
Austrian Grand Prix,2023,21.515,False
Austrian Grand Prix,2023,16.562,True
Austrian Grand Prix,2023,24.249,True
Austrian Grand Prix,2023,21.687,False
Austrian Grand Prix,2023,21.874,False
Austrian Grand Prix,2023,29.312,True
Austrian Grand Prix,2023,16.094,True
Austrian Grand Prix,2023,27.312,False
Austrian Grand Prix,2023,21.406,False
Austrian Grand Prix,2023,16.36,True
Austrian Grand Prix,2023,21.281,False
Austrian Grand Prix,2023,21.641,False
Austrian Grand Prix,2023,21.359,False
Austrian Grand Prix,2023,17.484,True
Austrian Grand Prix,2023,24.218,False
Austrian Grand Prix,2023,21.984,False
Azerbaijan Grand Prix,2023,21.078,False
Azerbaijan Grand Prix,2023,23.156,True
Azerbaijan Grand Prix,2023,21.156,False
Azerbaijan Grand Prix,2023,22.359,True
Azerbaijan Grand Prix,2023,20.953,False
Azerbaijan Grand Prix,2023,20.281,False
Azerbaijan Grand Prix,2023,21.156,False
Azerbaijan Grand Prix,2023,20.313,True
Azerbaijan Grand Prix,2023,24.687,False
Azerbaijan Grand Prix,2023,20.968,True
Azerbaijan Grand Prix,2023,30.937,True
Azerbaijan Grand Prix,2023,20.359,True
Azerbaijan Grand Prix,2023,20.359,False
Azerbaijan Grand Prix,2023,20.484,True
Azerbaijan Grand Prix,2023,20.969,False
Azerbaijan Grand Prix,2023,20.437,True
Azerbaijan Grand Prix,2023,21.359,False
Azerbaijan Grand Prix,2023,21.951999999999998,True
Azerbaijan Grand Prix,2023,21.062,False
Azerbaijan Grand Prix,2023,23.14,True
Azerbaijan Grand Prix,2023,20.484,False
Azerbaijan Grand Prix,2023,20.749,True
Azerbaijan Grand Prix,2023,22.218,True
Bahrain Grand Prix,2023,25.015,False
Bahrain Grand Prix,2023,24.89,False
Bahrain Grand Prix,2023,24.5,True
Bahrain Grand Prix,2023,25.781,False
Bahrain Grand Prix,2023,24.844,False
Bahrain Grand Prix,2023,25.343,False
Bahrain Grand Prix,2023,25.609,False
Bahrain Grand Prix,2023,24.984,False
Bahrain Grand Prix,2023,25.234,False
Bahrain Grand Prix,2023,25.906,False
Bahrain Grand Prix,2023,24.922,False
Bahrain Grand Prix,2023,24.749,True
Bahrain Grand Prix,2023,24.655,False
Bahrain Grand Prix,2023,24.671,False
Bahrain Grand Prix,2023,26.077,False
Bahrain Grand Prix,2023,37.765,False
Bahrain Grand Prix,2023,27.093,True
Bahrain Grand Prix,2023,24.421,False
Bahrain Grand Prix,2023,24.5,False
Bahrain Grand Prix,2023,25.452,False
Bahrain Grand Prix,2023,25.358,False
Bahrain Grand Prix,2023,25.125,True
Bahrain Grand Prix,2023,32.749,False
Bahrain Grand Prix,2023,33.922,False
Bahrain Grand Prix,2023,33.483,False
Bahrain Grand Prix,2023,33.234,False
Bahrain Grand Prix,2023,30.734,False
Bahrain Grand Prix,2023,31.515,False
Bahrain Grand Prix,2023,24.984,False
Bahrain Grand Prix,2023,41.484,False
Bahrain Grand Prix,2023,44.499,False
Bahrain Grand Prix,2023,24.281,False
Bahrain Grand Prix,2023,25.062,False
Bahrain Grand Prix,2023,26.984,False
Bahrain Grand Prix,2023,24.39,False
Bahrain Grand Prix,2023,24.531,False
Bahrain Grand Prix,2023,24.25,False
Bahrain Grand Prix,2023,25.594,False
Bahrain Grand Prix,2023,25.687,False
Bahrain Grand Prix,2023,25.029,True
Bahrain Grand Prix,2023,25.437,False
Bahrain Grand Prix,2023,24.624,False
Bahrain Grand Prix,2023,25.249,False
Bahrain Grand Prix,2023,24.39,False
Bahrain Grand Prix,2023,25.734,True
Bahrain Grand Prix,2023,24.297,False
Bahrain Grand Prix,2023,24.937,False
Bahrain Grand Prix,2023,25.797,False
Bahrain Grand Prix,2023,25.359,False
Bahrain Grand Prix,2023,30.124,False
Belgian Grand Prix,2023,25.015,False
Belgian Grand Prix,2023,23.61,False
Belgian Grand Prix,2023,23.547,False
Belgian Grand Prix,2023,23.125,False
Belgian Grand Prix,2023,23.812,False
Belgian Grand Prix,2023,23.39,False
Belgian Grand Prix,2023,23.813,False
Belgian Grand Prix,2023,25.656,False
Belgian Grand Prix,2023,23.093,False
Belgian Grand Prix,2023,23.047,False
Belgian Grand Prix,2023,23.156,False
Belgian Grand Prix,2023,24.563,False
Belgian Grand Prix,2023,25.109,False
Belgian Grand Prix,2023,23.218,False
Belgian Grand Prix,2023,23.172,False
Belgian Grand Prix,2023,23.64,False
Belgian Grand Prix,2023,23.499,False
Belgian Grand Prix,2023,24.984,False
Belgian Grand Prix,2023,23.75,False
Belgian Grand Prix,2023,23.078,False
Belgian Grand Prix,2023,23.343,False
Belgian Grand Prix,2023,23.687,False
Belgian Grand Prix,2023,22.687,False
Belgian Grand Prix,2023,22.859,False
Belgian Grand Prix,2023,23.313,False
Belgian Grand Prix,2023,23.828,False
Belgian Grand Prix,2023,23.235,False
Belgian Grand Prix,2023,23.609,False
Belgian Grand Prix,2023,23.968,False
Belgian Grand Prix,2023,23.14,False
Belgian Grand Prix,2023,25.328,False
Belgian Grand Prix,2023,22.624,False
Belgian Grand Prix,2023,22.749,False
Belgian Grand Prix,2023,22.906,False
Belgian Grand Prix,2023,23.0,False
Belgian Grand Prix,2023,24.422,False
Belgian Grand Prix,2023,24.031,False
British Grand Prix,2023,29.64,True
British Grand Prix,2023,28.624,True
British Grand Prix,2023,29.656,True
British Grand Prix,2023,28.374,False
British Grand Prix,2023,28.406,True
British Grand Prix,2023,28.5,True
British Grand Prix,2023,29.155,True
British Grand Prix,2023,41.984,False
British Grand Prix,2023,30.03,True
British Grand Prix,2023,28.202,False
British Grand Prix,2023,28.812,True
British Grand Prix,2023,28.468,True
British Grand Prix,2023,28.062,False
British Grand Prix,2023,28.609,False
British Grand Prix,2023,29.499,False
British Grand Prix,2023,28.859,False
British Grand Prix,2023,28.843,False
British Grand Prix,2023,28.609,True
British Grand Prix,2023,28.312,False
British Grand Prix,2023,28.609,True
British Grand Prix,2023,29.047,True
British Grand Prix,2023,29.171,False
British Grand Prix,2023,28.701999999999998,True
British Grand Prix,2023,34.359,True
Canadian Grand Prix,2023,25.062,True
Canadian Grand Prix,2023,24.015,True
Canadian Grand Prix,2023,24.234,False
Canadian Grand Prix,2023,24.046,False
Canadian Grand Prix,2023,24.984,True
Canadian Grand Prix,2023,23.938,False
Canadian Grand Prix,2023,27.5,False
Canadian Grand Prix,2023,24.109,False
Canadian Grand Prix,2023,24.296,True
Canadian Grand Prix,2023,23.781,False
Canadian Grand Prix,2023,24.89,True
Canadian Grand Prix,2023,24.187,False
Canadian Grand Prix,2023,24.437,False
Canadian Grand Prix,2023,24.922,False
Canadian Grand Prix,2023,24.546,False
Canadian Grand Prix,2023,25.843,True
Canadian Grand Prix,2023,23.562,False
Canadian Grand Prix,2023,24.406,True
Canadian Grand Prix,2023,23.719,False
Canadian Grand Prix,2023,23.312,False
Canadian Grand Prix,2023,23.218,False
Canadian Grand Prix,2023,24.828,True
Canadian Grand Prix,2023,23.453,False
Canadian Grand Prix,2023,88.998,True
Canadian Grand Prix,2023,24.156,False
Canadian Grand Prix,2023,23.703,True
Canadian Grand Prix,2023,23.859,False
Canadian Grand Prix,2023,23.624,False
Canadian Grand Prix,2023,27.531,False
Canadian Grand Prix,2023,23.625,True
Canadian Grand Prix,2023,23.951999999999998,False
Canadian Grand Prix,2023,24.202,True
Canadian Grand Prix,2023,27.531,False
Dutch Grand Prix,2023,19.703,False
Dutch Grand Prix,2023,21.312,False
Dutch Grand Prix,2023,39.187,True
Dutch Grand Prix,2023,20.687,False
Dutch Grand Prix,2023,20.124,False
Dutch Grand Prix,2023,25.155,False
Dutch Grand Prix,2023,20.64,False
Dutch Grand Prix,2023,20.234,True
Dutch Grand Prix,2023,20.218,False
Dutch Grand Prix,2023,19.687,False
Dutch Grand Prix,2023,32.405,True
Dutch Grand Prix,2023,28.687,False
Dutch Grand Prix,2023,19.609,False
Dutch Grand Prix,2023,25.483,False
Dutch Grand Prix,2023,20.515,False
Dutch Grand Prix,2023,20.187,False
Dutch Grand Prix,2023,20.077,False
Dutch Grand Prix,2023,19.343,False
Dutch Grand Prix,2023,20.718,False
Dutch Grand Prix,2023,20.484,True
Dutch Grand Prix,2023,19.718,False
Dutch Grand Prix,2023,23.625,False
Dutch Grand Prix,2023,32.859,True
Dutch Grand Prix,2023,42.671,False
Dutch Grand Prix,2023,30.843,False
Dutch Grand Prix,2023,19.578,True
Dutch Grand Prix,2023,19.202,False
Dutch Grand Prix,2023,19.328,False
Dutch Grand Prix,2023,31.343,True
Dutch Grand Prix,2023,32.671,False
Dutch Grand Prix,2023,27.234,False
Dutch Grand Prix,2023,31.39,False
Dutch Grand Prix,2023,20.265,False
Dutch Grand Prix,2023,20.609,False
Dutch Grand Prix,2023,23.593,False
Dutch Grand Prix,2023,30.656,True
Dutch Grand Prix,2023,20.155,False
Dutch Grand Prix,2023,20.39,False
Dutch Grand Prix,2023,18.859,False
Dutch Grand Prix,2023,19.89,False
Dutch Grand Prix,2023,44.234,True
Dutch Grand Prix,2023,22.625,False
Dutch Grand Prix,2023,19.937,False
Dutch Grand Prix,2023,19.141,False
Dutch Grand Prix,2023,22.187,False
Dutch Grand Prix,2023,37.093,True
Dutch Grand Prix,2023,22.64,False
Dutch Grand Prix,2023,19.484,False
Dutch Grand Prix,2023,18.781,False
Dutch Grand Prix,2023,27.578,False
Dutch Grand Prix,2023,35.609,True
Dutch Grand Prix,2023,19.109,True
Dutch Grand Prix,2023,19.156,False
Dutch Grand Prix,2023,22.374,False
Dutch Grand Prix,2023,38.437,True
Dutch Grand Prix,2023,20.875,False
Dutch Grand Prix,2023,20.172,False
Dutch Grand Prix,2023,19.625,True
Dutch Grand Prix,2023,24.031,False
Dutch Grand Prix,2023,39.843,True
Dutch Grand Prix,2023,22.39,False
Dutch Grand Prix,2023,20.984,False
Dutch Grand Prix,2023,19.515,False
Dutch Grand Prix,2023,19.422,False
Dutch Grand Prix,2023,19.828,False
Dutch Grand Prix,2023,20.015,False
Dutch Grand Prix,2023,20.172,False
Dutch Grand Prix,2023,19.609,True
Dutch Grand Prix,2023,19.922,False
Dutch Grand Prix,2023,21.469,False
Dutch Grand Prix,2023,33.547,True
Dutch Grand Prix,2023,32.312,False
Dutch Grand Prix,2023,18.875,False
Dutch Grand Prix,2023,20.562,False
Dutch Grand Prix,2023,34.827,True
Dutch Grand Prix,2023,20.062,False
Dutch Grand Prix,2023,19.296,False
Dutch Grand Prix,2023,18.687,False
Dutch Grand Prix,2023,19.405,False
Dutch Grand Prix,2023,20.422,True
Dutch Grand Prix,2023,23.062,False
Dutch Grand Prix,2023,20.234,False
Dutch Grand Prix,2023,20.406,False
Dutch Grand Prix,2023,21.421,False
Hungarian Grand Prix,2023,22.093,False
Hungarian Grand Prix,2023,21.734,False
Hungarian Grand Prix,2023,22.89,False
Hungarian Grand Prix,2023,24.093,False
Hungarian Grand Prix,2023,22.094,False
Hungarian Grand Prix,2023,23.406,False
Hungarian Grand Prix,2023,21.953,False
Hungarian Grand Prix,2023,21.734,False
Hungarian Grand Prix,2023,22.828,False
Hungarian Grand Prix,2023,21.984,False
Hungarian Grand Prix,2023,28.452,False
Hungarian Grand Prix,2023,21.421,False
Hungarian Grand Prix,2023,22.718,False
Hungarian Grand Prix,2023,22.172,False
Hungarian Grand Prix,2023,21.547,False
Hungarian Grand Prix,2023,21.515,False
Hungarian Grand Prix,2023,21.875,False
Hungarian Grand Prix,2023,20.905,False
Hungarian Grand Prix,2023,21.156,False
Hungarian Grand Prix,2023,21.984,False
Hungarian Grand Prix,2023,21.984,False
Hungarian Grand Prix,2023,22.187,False
Hungarian Grand Prix,2023,21.859,False
Hungarian Grand Prix,2023,21.64,False
Hungarian Grand Prix,2023,21.406,False
Hungarian Grand Prix,2023,22.03,False
Hungarian Grand Prix,2023,23.999,False
Hungarian Grand Prix,2023,22.203,False
Hungarian Grand Prix,2023,21.937,False
Hungarian Grand Prix,2023,22.421,False
Hungarian Grand Prix,2023,26.156,False
Hungarian Grand Prix,2023,21.156,False
Hungarian Grand Prix,2023,21.406,False
Hungarian Grand Prix,2023,21.624,False
Hungarian Grand Prix,2023,29.171,False
Hungarian Grand Prix,2023,22.843,False
Italian Grand Prix,2023,24.343,False
Italian Grand Prix,2023,24.828,False
Italian Grand Prix,2023,24.656,False
Italian Grand Prix,2023,27.375,False
Italian Grand Prix,2023,24.672,False
Italian Grand Prix,2023,24.234,False
Italian Grand Prix,2023,26.078,False
Italian Grand Prix,2023,24.328,False
Italian Grand Prix,2023,24.406,False
Italian Grand Prix,2023,24.281,False
Italian Grand Prix,2023,23.89,False
Italian Grand Prix,2023,24.688,False
Italian Grand Prix,2023,24.781,False
Italian Grand Prix,2023,23.703,False
Italian Grand Prix,2023,24.235,False
Italian Grand Prix,2023,23.843,False
Italian Grand Prix,2023,24.14,False
Italian Grand Prix,2023,31.797,False
Italian Grand Prix,2023,24.141,False
Italian Grand Prix,2023,25.172,False
Italian Grand Prix,2023,24.703,False
Italian Grand Prix,2023,25.687,False
Italian Grand Prix,2023,24.281,False
Italian Grand Prix,2023,24.39,False
Italian Grand Prix,2023,25.922,False
Japanese Grand Prix,2023,49.968,True
Japanese Grand Prix,2023,52.109,True
Japanese Grand Prix,2023,24.016,False
Japanese Grand Prix,2023,24.14,False
Japanese Grand Prix,2023,55.734,True
Japanese Grand Prix,2023,53.421,False
Japanese Grand Prix,2023,24.373,False
Japanese Grand Prix,2023,24.578,False
Japanese Grand Prix,2023,24.828,False
Japanese Grand Prix,2023,23.547,False
Japanese Grand Prix,2023,23.484,False
Japanese Grand Prix,2023,23.562,False
Japanese Grand Prix,2023,23.343,False
Japanese Grand Prix,2023,23.031,False
Japanese Grand Prix,2023,23.578,False
Japanese Grand Prix,2023,23.062,False
Japanese Grand Prix,2023,22.826999999999998,False
Japanese Grand Prix,2023,23.734,True
Japanese Grand Prix,2023,23.765,False
Japanese Grand Prix,2023,23.531,False
Japanese Grand Prix,2023,23.202,False
Japanese Grand Prix,2023,26.968,True
Japanese Grand Prix,2023,23.719,False
Japanese Grand Prix,2023,32.374,True
Japanese Grand Prix,2023,41.405,True
Japanese Grand Prix,2023,30.593,False
Japanese Grand Prix,2023,24.374,True
Japanese Grand Prix,2023,23.093,False
Japanese Grand Prix,2023,23.922,False
Japanese Grand Prix,2023,22.951999999999998,False
Japanese Grand Prix,2023,23.281,False
Japanese Grand Prix,2023,32.656,True
Japanese Grand Prix,2023,43.796,False
Japanese Grand Prix,2023,35.093,False
Japanese Grand Prix,2023,23.391,True
Japanese Grand Prix,2023,22.797,False
Japanese Grand Prix,2023,23.265,False
Japanese Grand Prix,2023,24.297,False
Japanese Grand Prix,2023,23.672,False
Japanese Grand Prix,2023,40.952,True
Japanese Grand Prix,2023,24.077,False
Japanese Grand Prix,2023,24.046,False
Las Vegas Grand Prix,2023,21.39,False
Las Vegas Grand Prix,2023,29.39,True
Las Vegas Grand Prix,2023,23.187,True
Las Vegas Grand Prix,2023,43.812,True
Las Vegas Grand Prix,2023,21.484,False
Las Vegas Grand Prix,2023,22.344,False
Las Vegas Grand Prix,2023,25.094,False
Las Vegas Grand Prix,2023,22.406,True
Las Vegas Grand Prix,2023,22.437,False
Las Vegas Grand Prix,2023,25.421,True
Las Vegas Grand Prix,2023,22.656,False
Las Vegas Grand Prix,2023,21.593,False
Las Vegas Grand Prix,2023,21.812,True
Las Vegas Grand Prix,2023,21.828,False
Las Vegas Grand Prix,2023,33.671,True
Las Vegas Grand Prix,2023,21.562,True
Las Vegas Grand Prix,2023,23.359,False
Las Vegas Grand Prix,2023,20.546,False
Las Vegas Grand Prix,2023,22.234,False
Las Vegas Grand Prix,2023,21.203,False
Las Vegas Grand Prix,2023,22.031,True
Las Vegas Grand Prix,2023,21.156,True
Las Vegas Grand Prix,2023,22.609,True
Las Vegas Grand Prix,2023,21.406,False
Las Vegas Grand Prix,2023,22.187,True
Las Vegas Grand Prix,2023,22.671,True
Las Vegas Grand Prix,2023,20.578,False
Las Vegas Grand Prix,2023,20.951999999999998,False
Las Vegas Grand Prix,2023,26.703,False
Las Vegas Grand Prix,2023,21.312,True
Las Vegas Grand Prix,2023,22.172,True
Mexico City Grand Prix,2023,23.671,True
Mexico City Grand Prix,2023,22.922,False
Mexico City Grand Prix,2023,23.671,True
Mexico City Grand Prix,2023,22.593,False
Mexico City Grand Prix,2023,22.218,False
Mexico City Grand Prix,2023,23.109,False
Mexico City Grand Prix,2023,22.265,False
Mexico City Grand Prix,2023,23.656,False
Mexico City Grand Prix,2023,23.437,False
Mexico City Grand Prix,2023,22.578,True
Mexico City Grand Prix,2023,23.906,False
Mexico City Grand Prix,2023,22.375,False
Mexico City Grand Prix,2023,22.296,False
Mexico City Grand Prix,2023,22.062,False
Mexico City Grand Prix,2023,23.953,False
Mexico City Grand Prix,2023,22.562,False
Mexico City Grand Prix,2023,30.109,False
Mexico City Grand Prix,2023,22.453,False
Mexico City Grand Prix,2023,22.374,True
Mexico City Grand Prix,2023,22.812,False
Miami Grand Prix,2023,22.437,False
Miami Grand Prix,2023,22.688,False
Miami Grand Prix,2023,23.234,False
Miami Grand Prix,2023,23.594,False
Miami Grand Prix,2023,22.453,False
Miami Grand Prix,2023,22.187,False
Miami Grand Prix,2023,23.219,False
Miami Grand Prix,2023,22.047,False
Miami Grand Prix,2023,22.578,False
Miami Grand Prix,2023,24.077,False
Miami Grand Prix,2023,21.937,False
Miami Grand Prix,2023,21.906,False
Miami Grand Prix,2023,22.265,False
Miami Grand Prix,2023,22.329,False
Miami Grand Prix,2023,22.281,False
Miami Grand Prix,2023,48.906,False
Miami Grand Prix,2023,22.594,False
Miami Grand Prix,2023,22.25,False
Miami Grand Prix,2023,22.687,False
Miami Grand Prix,2023,22.75,False
Monaco Grand Prix,2023,24.03,False
Monaco Grand Prix,2023,27.015,False
Monaco Grand Prix,2023,24.219,False
Monaco Grand Prix,2023,25.843,False
Monaco Grand Prix,2023,30.374,False
Monaco Grand Prix,2023,24.219,False
Monaco Grand Prix,2023,23.875,False
Monaco Grand Prix,2023,29.969,False
Monaco Grand Prix,2023,24.468,False
Monaco Grand Prix,2023,26.64,False
Monaco Grand Prix,2023,32.546,False
Monaco Grand Prix,2023,34.703,False
Monaco Grand Prix,2023,25.624,False
Monaco Grand Prix,2023,24.187,False
Monaco Grand Prix,2023,25.701999999999998,False
Monaco Grand Prix,2023,51.078,False
Monaco Grand Prix,2023,24.609,False
Monaco Grand Prix,2023,33.436,False
Monaco Grand Prix,2023,25.951999999999998,False
Monaco Grand Prix,2023,24.671,False
Monaco Grand Prix,2023,24.813,False
Monaco Grand Prix,2023,32.656,False
Monaco Grand Prix,2023,24.172,False
Monaco Grand Prix,2023,29.046,False
Monaco Grand Prix,2023,25.187,False
Monaco Grand Prix,2023,25.859,False
Monaco Grand Prix,2023,30.875,False
Monaco Grand Prix,2023,24.234,False
Monaco Grand Prix,2023,29.031,False
Monaco Grand Prix,2023,24.109,False
Monaco Grand Prix,2023,27.531,False
Monaco Grand Prix,2023,25.718,False
Monaco Grand Prix,2023,24.64,False
Monaco Grand Prix,2023,33.609,False
Monaco Grand Prix,2023,24.484,False
Monaco Grand Prix,2023,26.125,False
Monaco Grand Prix,2023,25.438,False
Qatar Grand Prix,2023,29.312,False
Qatar Grand Prix,2023,28.734,False
Qatar Grand Prix,2023,28.937,False
Qatar Grand Prix,2023,28.422,False
Qatar Grand Prix,2023,28.437,False
Qatar Grand Prix,2023,28.375,False
Qatar Grand Prix,2023,29.984,True
Qatar Grand Prix,2023,29.422,False
Qatar Grand Prix,2023,28.937,False
Qatar Grand Prix,2023,28.343,False
Qatar Grand Prix,2023,30.187,False
Qatar Grand Prix,2023,34.859,False
Qatar Grand Prix,2023,39.874,False
Qatar Grand Prix,2023,28.218,False
Qatar Grand Prix,2023,28.625,False
Qatar Grand Prix,2023,29.312,True
Qatar Grand Prix,2023,28.688,False
Qatar Grand Prix,2023,28.187,False
Qatar Grand Prix,2023,28.218,False
Qatar Grand Prix,2023,27.906,False
Qatar Grand Prix,2023,27.468,False
Qatar Grand Prix,2023,28.703,True
Qatar Grand Prix,2023,28.937,False
Qatar Grand Prix,2023,30.359,False
Qatar Grand Prix,2023,28.187,False
Qatar Grand Prix,2023,27.656,False
Qatar Grand Prix,2023,27.672,False
Qatar Grand Prix,2023,28.953,False
Qatar Grand Prix,2023,28.922,False
Qatar Grand Prix,2023,29.172,False
Qatar Grand Prix,2023,27.781,False
Qatar Grand Prix,2023,33.234,False
Qatar Grand Prix,2023,33.156,False
Qatar Grand Prix,2023,28.843,False
Qatar Grand Prix,2023,27.828,False
Qatar Grand Prix,2023,27.547,False
Qatar Grand Prix,2023,39.702,True
Qatar Grand Prix,2023,28.546,False
Qatar Grand Prix,2023,28.328,False
Qatar Grand Prix,2023,28.187,False
Qatar Grand Prix,2023,29.344,False
Qatar Grand Prix,2023,29.358,False
Qatar Grand Prix,2023,28.859,True
Qatar Grand Prix,2023,28.172,False
Qatar Grand Prix,2023,29.391,False
Qatar Grand Prix,2023,27.765,False
Qatar Grand Prix,2023,27.609,False
Qatar Grand Prix,2023,27.765,False
Qatar Grand Prix,2023,28.234,False
Qatar Grand Prix,2023,28.125,False
Qatar Grand Prix,2023,29.701999999999998,False
Qatar Grand Prix,2023,28.953,False
Qatar Grand Prix,2023,28.843,False
Qatar Grand Prix,2023,28.812,False
Saudi Arabian Grand Prix,2023,21.375,True
Saudi Arabian Grand Prix,2023,26.859,True
Saudi Arabian Grand Prix,2023,21.531,False
Saudi Arabian Grand Prix,2023,22.077,True
Saudi Arabian Grand Prix,2023,21.796,False
Saudi Arabian Grand Prix,2023,21.109,True
Saudi Arabian Grand Prix,2023,20.703,False
Saudi Arabian Grand Prix,2023,21.062,True
Saudi Arabian Grand Prix,2023,21.515,False
Saudi Arabian Grand Prix,2023,20.062,True
Saudi Arabian Grand Prix,2023,20.922,False
Saudi Arabian Grand Prix,2023,29.421,False
Saudi Arabian Grand Prix,2023,21.343,True
Saudi Arabian Grand Prix,2023,20.797,True
Saudi Arabian Grand Prix,2023,20.671,True
Saudi Arabian Grand Prix,2023,31.39,False
Saudi Arabian Grand Prix,2023,20.828,True
Saudi Arabian Grand Prix,2023,20.75,False
Saudi Arabian Grand Prix,2023,21.063,True
Saudi Arabian Grand Prix,2023,21.156,False
Saudi Arabian Grand Prix,2023,21.406,True
Saudi Arabian Grand Prix,2023,20.859,True
Saudi Arabian Grand Prix,2023,21.687,False
Saudi Arabian Grand Prix,2023,21.266,True
Singapore Grand Prix,2023,30.125,True
Singapore Grand Prix,2023,29.781,True
Singapore Grand Prix,2023,30.64,True
Singapore Grand Prix,2023,52.593,True
Singapore Grand Prix,2023,30.5,False
Singapore Grand Prix,2023,31.797,True
Singapore Grand Prix,2023,32.609,True
Singapore Grand Prix,2023,33.562,True
Singapore Grand Prix,2023,35.484,True
Singapore Grand Prix,2023,32.328,True
Singapore Grand Prix,2023,32.891,True
Singapore Grand Prix,2023,31.437,True
Singapore Grand Prix,2023,32.953,True
Singapore Grand Prix,2023,29.469,True
Singapore Grand Prix,2023,29.734,True
Singapore Grand Prix,2023,28.984,False
Singapore Grand Prix,2023,29.265,True
Singapore Grand Prix,2023,29.969,True
Singapore Grand Prix,2023,30.047,True
Singapore Grand Prix,2023,29.531,True
Singapore Grand Prix,2023,63.515,True
Singapore Grand Prix,2023,31.015,True
Singapore Grand Prix,2023,29.671,False
Singapore Grand Prix,2023,30.0,False
Singapore Grand Prix,2023,30.687,True
Spanish Grand Prix,2023,23.327,False
Spanish Grand Prix,2023,23.531,False
Spanish Grand Prix,2023,22.234,False
Spanish Grand Prix,2023,22.906,False
Spanish Grand Prix,2023,23.734,False
Spanish Grand Prix,2023,24.062,False
Spanish Grand Prix,2023,22.499,False
Spanish Grand Prix,2023,22.016,False
Spanish Grand Prix,2023,23.344,False
Spanish Grand Prix,2023,23.64,False
Spanish Grand Prix,2023,22.576999999999998,False
Spanish Grand Prix,2023,22.718,False
Spanish Grand Prix,2023,22.531,False
Spanish Grand Prix,2023,23.203,False
Spanish Grand Prix,2023,24.484,False
Spanish Grand Prix,2023,21.828,False
Spanish Grand Prix,2023,23.031,False
Spanish Grand Prix,2023,22.078,False
Spanish Grand Prix,2023,24.672,False
Spanish Grand Prix,2023,22.266,False
Spanish Grand Prix,2023,37.734,False
Spanish Grand Prix,2023,22.796,False
Spanish Grand Prix,2023,22.031,False
Spanish Grand Prix,2023,22.156,False
Spanish Grand Prix,2023,24.093,False
Spanish Grand Prix,2023,21.718,False
Spanish Grand Prix,2023,21.39,False
Spanish Grand Prix,2023,22.375,False
Spanish Grand Prix,2023,22.812,False
Spanish Grand Prix,2023,22.25,False
Spanish Grand Prix,2023,22.046,False
Spanish Grand Prix,2023,22.281,False
Spanish Grand Prix,2023,22.405,False
Spanish Grand Prix,2023,22.843,False
Spanish Grand Prix,2023,23.921,False
Spanish Grand Prix,2023,22.297,False
Spanish Grand Prix,2023,23.39,False
Spanish Grand Prix,2023,22.125,False
Spanish Grand Prix,2023,22.047,False
Spanish Grand Prix,2023,22.266,False
Spanish Grand Prix,2023,22.359,False
Spanish Grand Prix,2023,23.406,False
Spanish Grand Prix,2023,22.796,False
São Paulo Grand Prix,2023,18.499,True
São Paulo Grand Prix,2023,24.312,False
São Paulo Grand Prix,2023,23.905,False
São Paulo Grand Prix,2023,20.828,True
São Paulo Grand Prix,2023,24.14,False
São Paulo Grand Prix,2023,20.593,True
São Paulo Grand Prix,2023,25.374,False
São Paulo Grand Prix,2023,23.64,False
São Paulo Grand Prix,2023,18.593,True
São Paulo Grand Prix,2023,23.546,False
São Paulo Grand Prix,2023,24.031,False
São Paulo Grand Prix,2023,34.343,True
São Paulo Grand Prix,2023,24.406,False
São Paulo Grand Prix,2023,23.937,False
São Paulo Grand Prix,2023,19.484,True
São Paulo Grand Prix,2023,23.875,False
São Paulo Grand Prix,2023,23.641,False
São Paulo Grand Prix,2023,22.203,True
São Paulo Grand Prix,2023,24.0,False
São Paulo Grand Prix,2023,24.422,False
São Paulo Grand Prix,2023,23.484,False
São Paulo Grand Prix,2023,20.86,True
São Paulo Grand Prix,2023,23.249,False
São Paulo Grand Prix,2023,23.578,False
São Paulo Grand Prix,2023,38.594,False
São Paulo Grand Prix,2023,23.546,False
São Paulo Grand Prix,2023,23.343,False
São Paulo Grand Prix,2023,32.813,False
São Paulo Grand Prix,2023,23.968,False
São Paulo Grand Prix,2023,23.624,False
São Paulo Grand Prix,2023,20.562,True
São Paulo Grand Prix,2023,23.75,False
São Paulo Grand Prix,2023,23.922,False
São Paulo Grand Prix,2023,23.125,True
São Paulo Grand Prix,2023,23.562,False
São Paulo Grand Prix,2023,23.781,False
São Paulo Grand Prix,2023,27.452,True
São Paulo Grand Prix,2023,24.437,False
São Paulo Grand Prix,2023,24.187,False
São Paulo Grand Prix,2023,18.609,True
São Paulo Grand Prix,2023,23.687,False
São Paulo Grand Prix,2023,25.421,False
São Paulo Grand Prix,2023,21.047,True
São Paulo Grand Prix,2023,27.172,False
São Paulo Grand Prix,2023,23.624,False
São Paulo Grand Prix,2023,18.64,True
São Paulo Grand Prix,2023,23.078,False
São Paulo Grand Prix,2023,23.469,False
São Paulo Grand Prix,2023,21.328,True
São Paulo Grand Prix,2023,24.016,False
United States Grand Prix,2023,24.515,False
United States Grand Prix,2023,24.265,False
United States Grand Prix,2023,25.187,False
United States Grand Prix,2023,24.828,False
United States Grand Prix,2023,24.796,False
United States Grand Prix,2023,25.046,False
United States Grand Prix,2023,23.858,False
United States Grand Prix,2023,24.968,False
United States Grand Prix,2023,24.951999999999998,False
United States Grand Prix,2023,24.624,False
United States Grand Prix,2023,26.687,False
United States Grand Prix,2023,24.359,False
United States Grand Prix,2023,23.984,False
United States Grand Prix,2023,25.0,False
United States Grand Prix,2023,24.75,False
United States Grand Prix,2023,24.141,False
United States Grand Prix,2023,23.374,False
United States Grand Prix,2023,24.281,False
United States Grand Prix,2023,23.75,False
United States Grand Prix,2023,24.358,False
United States Grand Prix,2023,26.484,False
United States Grand Prix,2023,24.328,False
United States Grand Prix,2023,24.156,False
United States Grand Prix,2023,23.812,False
United States Grand Prix,2023,23.64,False
United States Grand Prix,2023,25.016,False
United States Grand Prix,2023,25.593,False
United States Grand Prix,2023,24.437,False
United States Grand Prix,2023,23.922,False
United States Grand Prix,2023,24.359,False
United States Grand Prix,2023,24.14,False
United States Grand Prix,2023,23.5,False
United States Grand Prix,2023,23.75,False
United States Grand Prix,2023,25.0,False
United States Grand Prix,2023,25.672,False
United States Grand Prix,2023,24.734,False
Abu Dhabi Grand Prix,2024,22.054,False
Abu Dhabi Grand Prix,2024,23.747,False
Abu Dhabi Grand Prix,2024,22.35,False
Abu Dhabi Grand Prix,2024,41.098,False
Abu Dhabi Grand Prix,2024,24.951999999999998,True
Abu Dhabi Grand Prix,2024,22.066,False
Abu Dhabi Grand Prix,2024,21.987,False
Abu Dhabi Grand Prix,2024,21.693,False
Abu Dhabi Grand Prix,2024,21.575,False
Abu Dhabi Grand Prix,2024,23.456,False
Abu Dhabi Grand Prix,2024,22.486,False
Abu Dhabi Grand Prix,2024,32.26,False
Abu Dhabi Grand Prix,2024,21.933,False
Abu Dhabi Grand Prix,2024,26.412,False
Abu Dhabi Grand Prix,2024,21.64,False
Abu Dhabi Grand Prix,2024,22.732,False
Abu Dhabi Grand Prix,2024,22.032,False
Abu Dhabi Grand Prix,2024,21.406,False
Abu Dhabi Grand Prix,2024,23.581,False
Abu Dhabi Grand Prix,2024,32.798,False
Abu Dhabi Grand Prix,2024,21.389,False
Abu Dhabi Grand Prix,2024,21.393,False
Abu Dhabi Grand Prix,2024,23.265,False
Abu Dhabi Grand Prix,2024,22.01,False
Abu Dhabi Grand Prix,2024,21.809,False
Abu Dhabi Grand Prix,2024,32.739,False
Abu Dhabi Grand Prix,2024,22.978,False
Abu Dhabi Grand Prix,2024,28.854,False
Australian Grand Prix,2024,17.573,False
Australian Grand Prix,2024,17.614,False
Australian Grand Prix,2024,18.141,True
Australian Grand Prix,2024,17.816,False
Australian Grand Prix,2024,46.918,False
Australian Grand Prix,2024,18.87,False
Australian Grand Prix,2024,20.245,True
Australian Grand Prix,2024,17.575,False
Australian Grand Prix,2024,17.543,False
Australian Grand Prix,2024,18.218,True
Australian Grand Prix,2024,18.102,False
Australian Grand Prix,2024,17.174,False
Australian Grand Prix,2024,17.213,False
Australian Grand Prix,2024,18.213,False
Australian Grand Prix,2024,18.078,False
Australian Grand Prix,2024,17.822,False
Australian Grand Prix,2024,17.621,False
Australian Grand Prix,2024,18.313,False
Australian Grand Prix,2024,30.508,True
Australian Grand Prix,2024,17.794,False
Australian Grand Prix,2024,17.96,False
Australian Grand Prix,2024,17.19,False
Australian Grand Prix,2024,17.274,False
Australian Grand Prix,2024,18.426,False
Australian Grand Prix,2024,18.142,False
Australian Grand Prix,2024,17.6,False
Australian Grand Prix,2024,17.943,False
Australian Grand Prix,2024,17.795,False
Australian Grand Prix,2024,17.519,True
Australian Grand Prix,2024,17.705,False
Australian Grand Prix,2024,17.75,False
Australian Grand Prix,2024,17.83,False
Australian Grand Prix,2024,18.525,False
Australian Grand Prix,2024,17.478,False
Australian Grand Prix,2024,18.945,False
Australian Grand Prix,2024,36.696,False
Austrian Grand Prix,2024,21.729,False
Austrian Grand Prix,2024,21.668,False
Austrian Grand Prix,2024,21.438,False
Austrian Grand Prix,2024,34.022,False
Austrian Grand Prix,2024,22.507,False
Austrian Grand Prix,2024,21.927,False
Austrian Grand Prix,2024,21.937,False
Austrian Grand Prix,2024,21.413,False
Austrian Grand Prix,2024,22.138,False
Austrian Grand Prix,2024,21.653,False
Austrian Grand Prix,2024,27.276,False
Austrian Grand Prix,2024,22.367,False
Austrian Grand Prix,2024,21.75,False
Austrian Grand Prix,2024,31.935,False
Austrian Grand Prix,2024,21.635,False
Austrian Grand Prix,2024,22.234,False
Austrian Grand Prix,2024,20.785,False
Austrian Grand Prix,2024,21.57,False
Austrian Grand Prix,2024,21.736,False
Austrian Grand Prix,2024,21.518,False
Austrian Grand Prix,2024,21.4,False
Austrian Grand Prix,2024,22.306,False
Austrian Grand Prix,2024,21.148,False
Austrian Grand Prix,2024,21.086,False
Austrian Grand Prix,2024,27.56,False
Austrian Grand Prix,2024,20.996,False
Austrian Grand Prix,2024,20.693,False
Austrian Grand Prix,2024,21.439,False
Austrian Grand Prix,2024,20.914,False
Austrian Grand Prix,2024,21.596,False
Austrian Grand Prix,2024,21.298,False
Austrian Grand Prix,2024,21.205,False
Austrian Grand Prix,2024,21.148,False
Austrian Grand Prix,2024,31.705,False
Austrian Grand Prix,2024,22.482,False
Austrian Grand Prix,2024,22.162,False
Austrian Grand Prix,2024,21.476,False
Austrian Grand Prix,2024,21.526,False
Austrian Grand Prix,2024,21.431,False
Austrian Grand Prix,2024,23.496,False
Austrian Grand Prix,2024,22.101,False
Austrian Grand Prix,2024,25.918,False
Austrian Grand Prix,2024,22.743,True
Austrian Grand Prix,2024,23.164,False
Austrian Grand Prix,2024,21.538,False
Azerbaijan Grand Prix,2024,20.333,False
Azerbaijan Grand Prix,2024,20.117,False
Azerbaijan Grand Prix,2024,21.099,False
Azerbaijan Grand Prix,2024,20.082,False
Azerbaijan Grand Prix,2024,20.495,False
Azerbaijan Grand Prix,2024,20.213,True
Azerbaijan Grand Prix,2024,21.302,False
Azerbaijan Grand Prix,2024,21.649,False
Azerbaijan Grand Prix,2024,20.867,False
Azerbaijan Grand Prix,2024,19.535,False
Azerbaijan Grand Prix,2024,20.62,True
Azerbaijan Grand Prix,2024,20.496,False
Azerbaijan Grand Prix,2024,20.176,False
Azerbaijan Grand Prix,2024,22.06,True
Azerbaijan Grand Prix,2024,20.085,False
Azerbaijan Grand Prix,2024,21.578,False
Azerbaijan Grand Prix,2024,21.19,False
Azerbaijan Grand Prix,2024,20.157,False
Azerbaijan Grand Prix,2024,20.969,False
Azerbaijan Grand Prix,2024,21.047,False
Azerbaijan Grand Prix,2024,20.665,True
Azerbaijan Grand Prix,2024,20.46,False
Bahrain Grand Prix,2024,24.779,False
Bahrain Grand Prix,2024,24.682,False
Bahrain Grand Prix,2024,24.862,False
Bahrain Grand Prix,2024,25.061,False
Bahrain Grand Prix,2024,26.566,False
Bahrain Grand Prix,2024,74.951,False
Bahrain Grand Prix,2024,29.802,False
Bahrain Grand Prix,2024,26.536,False
Bahrain Grand Prix,2024,25.107,False
Bahrain Grand Prix,2024,25.064,False
Bahrain Grand Prix,2024,24.119,False
Bahrain Grand Prix,2024,36.563,False
Bahrain Grand Prix,2024,24.613,False
Bahrain Grand Prix,2024,24.333,False
Bahrain Grand Prix,2024,24.048,False
Bahrain Grand Prix,2024,24.081,False
Bahrain Grand Prix,2024,25.897,False
Bahrain Grand Prix,2024,24.557,False
Bahrain Grand Prix,2024,24.11,False
Bahrain Grand Prix,2024,24.8,False
Bahrain Grand Prix,2024,24.691,False
Bahrain Grand Prix,2024,25.13,False
Bahrain Grand Prix,2024,24.493,False
Bahrain Grand Prix,2024,24.423,False
Bahrain Grand Prix,2024,25.416,False
Bahrain Grand Prix,2024,24.794,False
Bahrain Grand Prix,2024,24.591,False
Bahrain Grand Prix,2024,24.769,False
Bahrain Grand Prix,2024,24.766,False
Bahrain Grand Prix,2024,24.95,False
Bahrain Grand Prix,2024,24.58,False
Bahrain Grand Prix,2024,23.886,False
Bahrain Grand Prix,2024,35.725,False
Bahrain Grand Prix,2024,25.143,False
Bahrain Grand Prix,2024,25.429,False
Bahrain Grand Prix,2024,24.354,False
Bahrain Grand Prix,2024,24.42,False
Bahrain Grand Prix,2024,24.673000000000002,False
Bahrain Grand Prix,2024,24.598,False
Bahrain Grand Prix,2024,25.088,False
Bahrain Grand Prix,2024,24.218,False
Bahrain Grand Prix,2024,25.141,False
Bahrain Grand Prix,2024,24.983,False
Belgian Grand Prix,2024,23.493,False
Belgian Grand Prix,2024,22.88,False
Belgian Grand Prix,2024,23.116,False
Belgian Grand Prix,2024,23.196,False
Belgian Grand Prix,2024,23.076,False
Belgian Grand Prix,2024,23.017,False
Belgian Grand Prix,2024,22.862,False
Belgian Grand Prix,2024,23.198,False
Belgian Grand Prix,2024,22.665,False
Belgian Grand Prix,2024,23.557,False
Belgian Grand Prix,2024,23.339,False
Belgian Grand Prix,2024,23.377,False
Belgian Grand Prix,2024,23.394,False
Belgian Grand Prix,2024,23.58,False
Belgian Grand Prix,2024,22.747,False
Belgian Grand Prix,2024,22.613,False
Belgian Grand Prix,2024,23.447,False
Belgian Grand Prix,2024,23.504,False
Belgian Grand Prix,2024,22.637,False
Belgian Grand Prix,2024,22.552,False
Belgian Grand Prix,2024,22.716,False
Belgian Grand Prix,2024,22.684,False
Belgian Grand Prix,2024,24.244,False
Belgian Grand Prix,2024,22.657,False
Belgian Grand Prix,2024,22.231,False
Belgian Grand Prix,2024,22.684,False
Belgian Grand Prix,2024,22.916,False
Belgian Grand Prix,2024,23.028,False
Belgian Grand Prix,2024,23.267,False
Belgian Grand Prix,2024,23.574,False
Belgian Grand Prix,2024,22.884,False
Belgian Grand Prix,2024,23.423,False
Belgian Grand Prix,2024,23.137,False
Belgian Grand Prix,2024,22.928,False
British Grand Prix,2024,34.753,False
British Grand Prix,2024,29.515,False
British Grand Prix,2024,29.378,False
British Grand Prix,2024,29.719,False
British Grand Prix,2024,30.597,False
British Grand Prix,2024,31.512,False
British Grand Prix,2024,28.989,False
British Grand Prix,2024,30.037,False
British Grand Prix,2024,29.459,False
British Grand Prix,2024,30.464,False
British Grand Prix,2024,28.545,False
British Grand Prix,2024,29.206,False
British Grand Prix,2024,29.079,False
British Grand Prix,2024,30.165,False
British Grand Prix,2024,29.884,False
British Grand Prix,2024,28.743,False
British Grand Prix,2024,30.361,False
British Grand Prix,2024,28.539,False
British Grand Prix,2024,28.399,False
British Grand Prix,2024,29.182,False
British Grand Prix,2024,29.054,False
British Grand Prix,2024,28.303,False
British Grand Prix,2024,32.366,False
British Grand Prix,2024,29.196,False
British Grand Prix,2024,28.895,False
British Grand Prix,2024,29.595,False
British Grand Prix,2024,29.341,False
British Grand Prix,2024,28.811,False
British Grand Prix,2024,29.966,False
British Grand Prix,2024,32.139,False
British Grand Prix,2024,29.266,False
British Grand Prix,2024,28.927,False
British Grand Prix,2024,28.671,False
British Grand Prix,2024,32.857,False
British Grand Prix,2024,29.435,False
British Grand Prix,2024,29.055,False
British Grand Prix,2024,29.434,False
British Grand Prix,2024,29.94,False
British Grand Prix,2024,29.681,False
British Grand Prix,2024,28.466,False
British Grand Prix,2024,29.156,False
British Grand Prix,2024,29.143,False
British Grand Prix,2024,29.896,False
British Grand Prix,2024,29.073,False
British Grand Prix,2024,32.983,False
Canadian Grand Prix,2024,24.72,True
Canadian Grand Prix,2024,24.841,False
Canadian Grand Prix,2024,25.907,True
Canadian Grand Prix,2024,22.324,False
Canadian Grand Prix,2024,24.83,False
Canadian Grand Prix,2024,24.92,True
Canadian Grand Prix,2024,24.551,False
Canadian Grand Prix,2024,23.772,True
Canadian Grand Prix,2024,24.103,False
Canadian Grand Prix,2024,28.852,True
Canadian Grand Prix,2024,24.229,False
Canadian Grand Prix,2024,24.521,True
Canadian Grand Prix,2024,24.699,False
Canadian Grand Prix,2024,23.942,True
Canadian Grand Prix,2024,47.226,True
Canadian Grand Prix,2024,24.672,False
Canadian Grand Prix,2024,30.582,False
Canadian Grand Prix,2024,26.771,True
Canadian Grand Prix,2024,24.907,False
Canadian Grand Prix,2024,26.914,True
Canadian Grand Prix,2024,23.456,True
Canadian Grand Prix,2024,23.975,False
Canadian Grand Prix,2024,24.458,False
Canadian Grand Prix,2024,33.802,True
Canadian Grand Prix,2024,24.375,False
Canadian Grand Prix,2024,23.882,True
Canadian Grand Prix,2024,23.449,False
Canadian Grand Prix,2024,30.355,True
Canadian Grand Prix,2024,23.774,False
Canadian Grand Prix,2024,24.136,True
Canadian Grand Prix,2024,25.459,False
Canadian Grand Prix,2024,28.225,True
Canadian Grand Prix,2024,27.637,True
Canadian Grand Prix,2024,24.265,False
Canadian Grand Prix,2024,24.281,True
Canadian Grand Prix,2024,25.08,False
Canadian Grand Prix,2024,25.613,False
Canadian Grand Prix,2024,24.247,True
Canadian Grand Prix,2024,24.168,False
Canadian Grand Prix,2024,25.709,True
Canadian Grand Prix,2024,65.577,False
Canadian Grand Prix,2024,28.424,True
Chinese Grand Prix,2024,23.177,False
Chinese Grand Prix,2024,23.516,True
Chinese Grand Prix,2024,22.927,False
Chinese Grand Prix,2024,22.623,True
Chinese Grand Prix,2024,23.157,False
Chinese Grand Prix,2024,22.97,False
Chinese Grand Prix,2024,39.612,False
Chinese Grand Prix,2024,24.031,True
Chinese Grand Prix,2024,22.729,False
Chinese Grand Prix,2024,22.348,False
Chinese Grand Prix,2024,22.549,True
Chinese Grand Prix,2024,22.995,False
Chinese Grand Prix,2024,23.379,True
Chinese Grand Prix,2024,22.21,True
Chinese Grand Prix,2024,22.913,False
Chinese Grand Prix,2024,25.849,True
Chinese Grand Prix,2024,22.226,True
Chinese Grand Prix,2024,22.984,False
Chinese Grand Prix,2024,23.169,True
Chinese Grand Prix,2024,21.957,False
Chinese Grand Prix,2024,22.379,True
Chinese Grand Prix,2024,22.614,False
Chinese Grand Prix,2024,22.177,True
Chinese Grand Prix,2024,22.652,False
Chinese Grand Prix,2024,22.462,False
Chinese Grand Prix,2024,22.65,True
Chinese Grand Prix,2024,22.55,False
Chinese Grand Prix,2024,23.225,False
Chinese Grand Prix,2024,22.661,True
Chinese Grand Prix,2024,23.783,False
Chinese Grand Prix,2024,22.922,True
Chinese Grand Prix,2024,93.203,True
Chinese Grand Prix,2024,34.703,False
Chinese Grand Prix,2024,23.059,False
Chinese Grand Prix,2024,22.427,True
Chinese Grand Prix,2024,22.572,False
Chinese Grand Prix,2024,22.223,True
Chinese Grand Prix,2024,23.244,False
Chinese Grand Prix,2024,25.578,True
Chinese Grand Prix,2024,23.285,False
Dutch Grand Prix,2024,21.282,False
Dutch Grand Prix,2024,20.949,False
Dutch Grand Prix,2024,21.279,False
Dutch Grand Prix,2024,20.739,False
Dutch Grand Prix,2024,21.156,False
Dutch Grand Prix,2024,22.581,False
Dutch Grand Prix,2024,21.146,False
Dutch Grand Prix,2024,21.091,False
Dutch Grand Prix,2024,21.731,False
Dutch Grand Prix,2024,20.821,False
Dutch Grand Prix,2024,21.391,False
Dutch Grand Prix,2024,21.52,False
Dutch Grand Prix,2024,21.033,False
Dutch Grand Prix,2024,22.992,False
Dutch Grand Prix,2024,21.079,False
Dutch Grand Prix,2024,20.706,False
Dutch Grand Prix,2024,21.656,False
Dutch Grand Prix,2024,21.055,False
Dutch Grand Prix,2024,20.686,False
Dutch Grand Prix,2024,22.098,False
Dutch Grand Prix,2024,21.642,False
Dutch Grand Prix,2024,21.192,False
Dutch Grand Prix,2024,20.916,False
Dutch Grand Prix,2024,20.749,False
Dutch Grand Prix,2024,21.17,False
Dutch Grand Prix,2024,22.026,False
Emilia Romagna Grand Prix,2024,30.173,False
Emilia Romagna Grand Prix,2024,33.153,False
Emilia Romagna Grand Prix,2024,38.395,False
Emilia Romagna Grand Prix,2024,31.082,False
Emilia Romagna Grand Prix,2024,31.355,False
Emilia Romagna Grand Prix,2024,30.475,False
Emilia Romagna Grand Prix,2024,29.94,False
Emilia Romagna Grand Prix,2024,30.274,False
Emilia Romagna Grand Prix,2024,30.119,False
Emilia Romagna Grand Prix,2024,30.576,False
Emilia Romagna Grand Prix,2024,29.603,False
Emilia Romagna Grand Prix,2024,29.807,False
Emilia Romagna Grand Prix,2024,30.232,False
Emilia Romagna Grand Prix,2024,31.311,False
Emilia Romagna Grand Prix,2024,29.843,False
Emilia Romagna Grand Prix,2024,30.67,False
Emilia Romagna Grand Prix,2024,29.571,False
Emilia Romagna Grand Prix,2024,29.721,False
Emilia Romagna Grand Prix,2024,30.128,False
Emilia Romagna Grand Prix,2024,29.767,False
Emilia Romagna Grand Prix,2024,29.707,False
Emilia Romagna Grand Prix,2024,30.464,False
Emilia Romagna Grand Prix,2024,31.082,False
Emilia Romagna Grand Prix,2024,30.128,False
Emilia Romagna Grand Prix,2024,29.763,False
Emilia Romagna Grand Prix,2024,30.289,False
Emilia Romagna Grand Prix,2024,30.2,False
Hungarian Grand Prix,2024,22.081,False
Hungarian Grand Prix,2024,23.581,False
Hungarian Grand Prix,2024,22.538,False
Hungarian Grand Prix,2024,21.879,False
Hungarian Grand Prix,2024,22.136,False
Hungarian Grand Prix,2024,21.897,False
Hungarian Grand Prix,2024,21.397,False
Hungarian Grand Prix,2024,21.313,False
Hungarian Grand Prix,2024,21.93,False
Hungarian Grand Prix,2024,22.364,False
Hungarian Grand Prix,2024,22.566,False
Hungarian Grand Prix,2024,21.872,False
Hungarian Grand Prix,2024,21.653,False
Hungarian Grand Prix,2024,21.891,False
Hungarian Grand Prix,2024,22.485,False
Hungarian Grand Prix,2024,21.726,False
Hungarian Grand Prix,2024,21.279,False
Hungarian Grand Prix,2024,21.942,False
Hungarian Grand Prix,2024,21.375,False
Hungarian Grand Prix,2024,21.169,False
Hungarian Grand Prix,2024,21.323,False
Hungarian Grand Prix,2024,21.06,False
Hungarian Grand Prix,2024,21.672,False
Hungarian Grand Prix,2024,21.856,False
Hungarian Grand Prix,2024,21.08,False
Hungarian Grand Prix,2024,21.394,False
Hungarian Grand Prix,2024,21.376,False
Hungarian Grand Prix,2024,21.315,False
Hungarian Grand Prix,2024,21.545,False
Hungarian Grand Prix,2024,21.487,False
Hungarian Grand Prix,2024,21.682,False
Hungarian Grand Prix,2024,21.421,False
Hungarian Grand Prix,2024,21.875,False
Hungarian Grand Prix,2024,23.375,False
Hungarian Grand Prix,2024,22.378,False
Hungarian Grand Prix,2024,21.478,False
Hungarian Grand Prix,2024,22.243,False
Hungarian Grand Prix,2024,21.329,False
Hungarian Grand Prix,2024,21.931,False
Hungarian Grand Prix,2024,22.177,False
Italian Grand Prix,2024,24.8,False
Italian Grand Prix,2024,24.875,False
Italian Grand Prix,2024,24.561,False
Italian Grand Prix,2024,24.475,False
Italian Grand Prix,2024,25.187,False
Italian Grand Prix,2024,24.419,False
Italian Grand Prix,2024,24.182,False
Italian Grand Prix,2024,24.789,False
Italian Grand Prix,2024,24.154,False
Italian Grand Prix,2024,38.845,False
Italian Grand Prix,2024,36.564,False
Italian Grand Prix,2024,24.419,False
Italian Grand Prix,2024,25.669,False
Italian Grand Prix,2024,24.172,False
Italian Grand Prix,2024,24.864,False
Italian Grand Prix,2024,24.194,False
Italian Grand Prix,2024,24.602,False
Italian Grand Prix,2024,24.009,False
Italian Grand Prix,2024,23.763,False
Italian Grand Prix,2024,24.777,False
Italian Grand Prix,2024,30.393,False
Italian Grand Prix,2024,32.727,False
Italian Grand Prix,2024,26.309,False
Italian Grand Prix,2024,24.316,False
Italian Grand Prix,2024,25.055,False
Italian Grand Prix,2024,24.3,False
Italian Grand Prix,2024,25.232,False
Italian Grand Prix,2024,28.085,False
Italian Grand Prix,2024,23.951999999999998,False
Italian Grand Prix,2024,27.245,False
Japanese Grand Prix,2024,23.001,False
Japanese Grand Prix,2024,23.096,False
Japanese Grand Prix,2024,24.683,False
Japanese Grand Prix,2024,25.861,False
Japanese Grand Prix,2024,23.816,False
Japanese Grand Prix,2024,23.025,False
Japanese Grand Prix,2024,23.345,False
Japanese Grand Prix,2024,23.814,False
Japanese Grand Prix,2024,23.683,False
Japanese Grand Prix,2024,24.127,False
Japanese Grand Prix,2024,23.266,False
Japanese Grand Prix,2024,26.196,False
Japanese Grand Prix,2024,22.922,False
Japanese Grand Prix,2024,23.338,False
Japanese Grand Prix,2024,23.205,False
Japanese Grand Prix,2024,24.065,False
Japanese Grand Prix,2024,22.928,False
Japanese Grand Prix,2024,22.904,False
Japanese Grand Prix,2024,23.445,False
Japanese Grand Prix,2024,22.646,False
Japanese Grand Prix,2024,23.396,False
Japanese Grand Prix,2024,22.968,False
Japanese Grand Prix,2024,23.113,False
Japanese Grand Prix,2024,23.407,False
Japanese Grand Prix,2024,25.394,False
Japanese Grand Prix,2024,24.063,False
Japanese Grand Prix,2024,23.179,False
Japanese Grand Prix,2024,23.302,False
Japanese Grand Prix,2024,23.258,False
Japanese Grand Prix,2024,22.848,False
Japanese Grand Prix,2024,23.134,False
Japanese Grand Prix,2024,23.418,False
Japanese Grand Prix,2024,23.125,False
Japanese Grand Prix,2024,23.152,False
Japanese Grand Prix,2024,23.779,False
Japanese Grand Prix,2024,26.788,False
Las Vegas Grand Prix,2024,22.092,False
Las Vegas Grand Prix,2024,21.321,False
Las Vegas Grand Prix,2024,21.504,False
Las Vegas Grand Prix,2024,21.328,False
Las Vegas Grand Prix,2024,22.789,False
Las Vegas Grand Prix,2024,21.141,False
Las Vegas Grand Prix,2024,21.247,False
Las Vegas Grand Prix,2024,22.457,False
Las Vegas Grand Prix,2024,21.031,False
Las Vegas Grand Prix,2024,21.411,False
Las Vegas Grand Prix,2024,21.555,False
Las Vegas Grand Prix,2024,21.623,False
Las Vegas Grand Prix,2024,21.241,False
Las Vegas Grand Prix,2024,20.625,False
Las Vegas Grand Prix,2024,21.274,False
Las Vegas Grand Prix,2024,21.612,False
Las Vegas Grand Prix,2024,21.967,False
Las Vegas Grand Prix,2024,21.088,False
Las Vegas Grand Prix,2024,20.662,False
Las Vegas Grand Prix,2024,21.213,False
Las Vegas Grand Prix,2024,15.747,False
Las Vegas Grand Prix,2024,21.074,False
Las Vegas Grand Prix,2024,21.922,False
Las Vegas Grand Prix,2024,21.42,False
Las Vegas Grand Prix,2024,21.209,False
Las Vegas Grand Prix,2024,27.791,False
Las Vegas Grand Prix,2024,21.184,False
Las Vegas Grand Prix,2024,20.979,False
Las Vegas Grand Prix,2024,21.007,False
Las Vegas Grand Prix,2024,21.116,False
Las Vegas Grand Prix,2024,20.841,False
Las Vegas Grand Prix,2024,34.785,False
Las Vegas Grand Prix,2024,21.609,False
Las Vegas Grand Prix,2024,21.289,False
Las Vegas Grand Prix,2024,21.208,False
Las Vegas Grand Prix,2024,20.77,False
Las Vegas Grand Prix,2024,22.289,False
Las Vegas Grand Prix,2024,22.978,False
Las Vegas Grand Prix,2024,21.7,False
Mexico City Grand Prix,2024,22.596,False
Mexico City Grand Prix,2024,23.949,False
Mexico City Grand Prix,2024,23.278,False
Mexico City Grand Prix,2024,22.492,False
Mexico City Grand Prix,2024,23.15,False
Mexico City Grand Prix,2024,22.443,False
Mexico City Grand Prix,2024,30.2,False
Mexico City Grand Prix,2024,22.818,False
Mexico City Grand Prix,2024,22.826999999999998,False
Mexico City Grand Prix,2024,23.478,False
Mexico City Grand Prix,2024,22.088,False
Mexico City Grand Prix,2024,23.223,False
Mexico City Grand Prix,2024,27.648,False
Mexico City Grand Prix,2024,22.107,False
Mexico City Grand Prix,2024,21.908,False
Mexico City Grand Prix,2024,21.789,False
Mexico City Grand Prix,2024,22.606,False
Mexico City Grand Prix,2024,22.249,False
Mexico City Grand Prix,2024,22.556,False
Mexico City Grand Prix,2024,43.744,False
Mexico City Grand Prix,2024,22.933,False
Miami Grand Prix,2024,22.68,False
Miami Grand Prix,2024,22.446,False
Miami Grand Prix,2024,22.358,True
Miami Grand Prix,2024,23.696,False
Miami Grand Prix,2024,22.785,True
Miami Grand Prix,2024,22.522,False
Miami Grand Prix,2024,22.135,False
Miami Grand Prix,2024,23.08,False
Miami Grand Prix,2024,22.521,True
Miami Grand Prix,2024,21.795,False
Miami Grand Prix,2024,23.29,True
Miami Grand Prix,2024,29.655,True
Miami Grand Prix,2024,30.673000000000002,True
Miami Grand Prix,2024,22.052,True
Miami Grand Prix,2024,22.743,True
Miami Grand Prix,2024,21.742,False
Miami Grand Prix,2024,22.518,True
Miami Grand Prix,2024,22.158,True
Miami Grand Prix,2024,30.25,False
Miami Grand Prix,2024,22.635,True
Miami Grand Prix,2024,22.848,False
Miami Grand Prix,2024,23.091,True
Miami Grand Prix,2024,22.529,False
Miami Grand Prix,2024,23.015,False
Miami Grand Prix,2024,22.661,True
Miami Grand Prix,2024,22.233,True
Miami Grand Prix,2024,22.249,True
Miami Grand Prix,2024,23.025,True
Monaco Grand Prix,2024,24.267,False
Monaco Grand Prix,2024,24.091,False
Monaco Grand Prix,2024,24.381,False
Monaco Grand Prix,2024,24.077,False
Monaco Grand Prix,2024,28.125,False
Monaco Grand Prix,2024,23.666,False
Monaco Grand Prix,2024,24.448,False
Qatar Grand Prix,2024,29.272,True
Qatar Grand Prix,2024,22.633,True
Qatar Grand Prix,2024,36.522,True
Qatar Grand Prix,2024,39.621,False
Qatar Grand Prix,2024,28.754,True
Qatar Grand Prix,2024,28.539,True
Qatar Grand Prix,2024,32.661,True
Qatar Grand Prix,2024,28.96,False
Qatar Grand Prix,2024,28.913,True
Qatar Grand Prix,2024,28.179,True
Qatar Grand Prix,2024,28.838,True
Qatar Grand Prix,2024,22.668,True
Qatar Grand Prix,2024,30.538,True
Qatar Grand Prix,2024,37.996,True
Qatar Grand Prix,2024,23.629,True
Qatar Grand Prix,2024,26.863,True
Qatar Grand Prix,2024,22.735,False
Qatar Grand Prix,2024,32.992,True
Qatar Grand Prix,2024,28.342,False
Qatar Grand Prix,2024,23.755,True
Qatar Grand Prix,2024,37.717,True
Qatar Grand Prix,2024,45.045,True
Qatar Grand Prix,2024,22.765,True
Qatar Grand Prix,2024,26.797,True
Qatar Grand Prix,2024,34.713,True
Qatar Grand Prix,2024,28.431,True
Qatar Grand Prix,2024,25.662,True
Qatar Grand Prix,2024,29.286,True
Qatar Grand Prix,2024,28.596,False
Qatar Grand Prix,2024,22.808,True
Qatar Grand Prix,2024,33.348,True
Qatar Grand Prix,2024,28.067,True
Qatar Grand Prix,2024,25.581,True
Qatar Grand Prix,2024,28.854,True
Qatar Grand Prix,2024,36.023,False
Qatar Grand Prix,2024,28.035,True
Qatar Grand Prix,2024,22.806,True
Qatar Grand Prix,2024,29.447,True
Qatar Grand Prix,2024,27.673000000000002,True
Qatar Grand Prix,2024,22.887,True
Qatar Grand Prix,2024,29.222,True
Qatar Grand Prix,2024,32.301,False
Qatar Grand Prix,2024,27.797,True
Qatar Grand Prix,2024,22.725,True
Qatar Grand Prix,2024,34.082,True
Qatar Grand Prix,2024,36.129,True
Qatar Grand Prix,2024,22.658,True
Qatar Grand Prix,2024,34.312,True
Qatar Grand Prix,2024,29.876,True
Qatar Grand Prix,2024,42.02,False
Qatar Grand Prix,2024,28.906,True
Qatar Grand Prix,2024,22.821,True
Qatar Grand Prix,2024,35.897,True
Qatar Grand Prix,2024,29.188,True
Qatar Grand Prix,2024,28.317,True
Qatar Grand Prix,2024,23.946,True
Qatar Grand Prix,2024,22.853,True
Qatar Grand Prix,2024,29.774,True
Qatar Grand Prix,2024,23.277,True
Qatar Grand Prix,2024,34.82,True
Saudi Arabian Grand Prix,2024,21.633,True
Saudi Arabian Grand Prix,2024,22.24,True
Saudi Arabian Grand Prix,2024,22.453,True
Saudi Arabian Grand Prix,2024,22.682,True
Saudi Arabian Grand Prix,2024,23.262,False
Saudi Arabian Grand Prix,2024,20.236,False
Saudi Arabian Grand Prix,2024,21.107,False
Saudi Arabian Grand Prix,2024,23.374,True
Saudi Arabian Grand Prix,2024,21.46,True
Saudi Arabian Grand Prix,2024,22.266,False
Saudi Arabian Grand Prix,2024,22.525,True
Saudi Arabian Grand Prix,2024,22.243,True
Saudi Arabian Grand Prix,2024,21.379,True
Saudi Arabian Grand Prix,2024,63.418,True
Saudi Arabian Grand Prix,2024,21.004,True
Saudi Arabian Grand Prix,2024,23.717,True
Saudi Arabian Grand Prix,2024,21.74,True
Saudi Arabian Grand Prix,2024,20.668,True
Saudi Arabian Grand Prix,2024,46.349,False
Singapore Grand Prix,2024,29.116,False
Singapore Grand Prix,2024,29.682,False
Singapore Grand Prix,2024,30.611,False
Singapore Grand Prix,2024,29.954,False
Singapore Grand Prix,2024,31.669,False
Singapore Grand Prix,2024,29.278,False
Singapore Grand Prix,2024,29.661,False
Singapore Grand Prix,2024,29.115,False
Singapore Grand Prix,2024,29.532,False
Singapore Grand Prix,2024,31.156,False
Singapore Grand Prix,2024,28.984,False
Singapore Grand Prix,2024,29.677,False
Singapore Grand Prix,2024,29.077,False
Singapore Grand Prix,2024,29.1,False
Singapore Grand Prix,2024,30.365,False
Singapore Grand Prix,2024,29.168,False
Singapore Grand Prix,2024,29.675,False
Singapore Grand Prix,2024,28.713,False
Singapore Grand Prix,2024,29.389,False
Singapore Grand Prix,2024,29.729,False
Singapore Grand Prix,2024,29.8,False
Singapore Grand Prix,2024,29.681,False
Singapore Grand Prix,2024,29.552,False
Spanish Grand Prix,2024,23.183,False
Spanish Grand Prix,2024,21.783,False
Spanish Grand Prix,2024,21.891,False
Spanish Grand Prix,2024,22.466,False
Spanish Grand Prix,2024,22.747,False
Spanish Grand Prix,2024,23.082,False
Spanish Grand Prix,2024,26.1,False
Spanish Grand Prix,2024,21.615,False
Spanish Grand Prix,2024,21.97,False
Spanish Grand Prix,2024,21.276,False
Spanish Grand Prix,2024,22.646,False
Spanish Grand Prix,2024,22.544,False
Spanish Grand Prix,2024,22.276,False
Spanish Grand Prix,2024,21.589,False
Spanish Grand Prix,2024,23.386,False
Spanish Grand Prix,2024,28.754,False
Spanish Grand Prix,2024,21.442,False
Spanish Grand Prix,2024,22.628,False
Spanish Grand Prix,2024,21.859,False
Spanish Grand Prix,2024,22.002,False
Spanish Grand Prix,2024,22.185,False
Spanish Grand Prix,2024,21.355,False
Spanish Grand Prix,2024,21.437,False
Spanish Grand Prix,2024,22.144,False
Spanish Grand Prix,2024,22.511,False
Spanish Grand Prix,2024,22.253,False
Spanish Grand Prix,2024,22.14,False
Spanish Grand Prix,2024,24.925,False
Spanish Grand Prix,2024,22.773,False
Spanish Grand Prix,2024,22.31,False
Spanish Grand Prix,2024,22.133,False
Spanish Grand Prix,2024,22.414,False
Spanish Grand Prix,2024,22.435,False
Spanish Grand Prix,2024,21.792,False
Spanish Grand Prix,2024,23.394,False
Spanish Grand Prix,2024,22.003,False
Spanish Grand Prix,2024,22.068,False
Spanish Grand Prix,2024,22.548000000000002,False
Spanish Grand Prix,2024,21.593,False
Spanish Grand Prix,2024,22.381,False
Spanish Grand Prix,2024,22.465,False
Spanish Grand Prix,2024,24.245,False
São Paulo Grand Prix,2024,25.13,True
São Paulo Grand Prix,2024,35.907,True
São Paulo Grand Prix,2024,25.294,True
São Paulo Grand Prix,2024,25.254,True
São Paulo Grand Prix,2024,25.515,False
São Paulo Grand Prix,2024,59.099,True
São Paulo Grand Prix,2024,28.73,True
São Paulo Grand Prix,2024,28.24,True
São Paulo Grand Prix,2024,24.6,False
São Paulo Grand Prix,2024,24.816,True
São Paulo Grand Prix,2024,26.596,True
São Paulo Grand Prix,2024,25.976,True
São Paulo Grand Prix,2024,25.57,True
São Paulo Grand Prix,2024,26.088,True
São Paulo Grand Prix,2024,25.653,True
São Paulo Grand Prix,2024,25.414,True
São Paulo Grand Prix,2024,27.163,True
São Paulo Grand Prix,2024,68.616,False
United States Grand Prix,2024,34.92,True
United States Grand Prix,2024,24.373,False
United States Grand Prix,2024,24.327,False
United States Grand Prix,2024,24.462,False
United States Grand Prix,2024,24.024,False
United States Grand Prix,2024,28.191,False
United States Grand Prix,2024,24.218,False
United States Grand Prix,2024,23.977,False
United States Grand Prix,2024,23.87,False
United States Grand Prix,2024,24.034,False
United States Grand Prix,2024,24.01,False
United States Grand Prix,2024,23.805,False
United States Grand Prix,2024,24.078,False
United States Grand Prix,2024,26.188,False
United States Grand Prix,2024,23.617,False
United States Grand Prix,2024,24.194,False
United States Grand Prix,2024,29.4,False
United States Grand Prix,2024,24.023,False
United States Grand Prix,2024,26.493,False
United States Grand Prix,2024,24.39,False
United States Grand Prix,2024,24.392,False
United States Grand Prix,2024,24.398,False
United States Grand Prix,2024,24.911,False
Abu Dhabi Grand Prix,2025,21.608,False
Abu Dhabi Grand Prix,2025,21.612,False
Abu Dhabi Grand Prix,2025,23.358,False
Abu Dhabi Grand Prix,2025,22.839,False
Abu Dhabi Grand Prix,2025,22.194,False
Abu Dhabi Grand Prix,2025,22.035,False
Abu Dhabi Grand Prix,2025,21.925,False
Abu Dhabi Grand Prix,2025,22.897,False
Abu Dhabi Grand Prix,2025,22.557,False
Abu Dhabi Grand Prix,2025,22.243,False
Abu Dhabi Grand Prix,2025,21.923000000000002,False
Abu Dhabi Grand Prix,2025,21.625,False
Abu Dhabi Grand Prix,2025,21.456,False
Abu Dhabi Grand Prix,2025,21.548000000000002,False
Abu Dhabi Grand Prix,2025,21.498,False
Abu Dhabi Grand Prix,2025,28.363,False
Abu Dhabi Grand Prix,2025,21.759,False
Abu Dhabi Grand Prix,2025,21.01,False
Abu Dhabi Grand Prix,2025,21.202,False
Abu Dhabi Grand Prix,2025,21.439,False
Abu Dhabi Grand Prix,2025,22.288,False
Abu Dhabi Grand Prix,2025,21.606,False
Abu Dhabi Grand Prix,2025,22.021,False
Abu Dhabi Grand Prix,2025,21.665,False
Abu Dhabi Grand Prix,2025,21.562,False
Abu Dhabi Grand Prix,2025,26.934,False
Abu Dhabi Grand Prix,2025,21.684,False
Australian Grand Prix,2025,14.91,True
Australian Grand Prix,2025,17.066,True
Australian Grand Prix,2025,14.293,True
Australian Grand Prix,2025,18.675,True
Australian Grand Prix,2025,18.832,False
Australian Grand Prix,2025,15.57,True
Australian Grand Prix,2025,16.338,True
Australian Grand Prix,2025,15.062,True
Australian Grand Prix,2025,14.836,True
Australian Grand Prix,2025,16.435,True
Australian Grand Prix,2025,14.135,True
Australian Grand Prix,2025,19.06,True
Australian Grand Prix,2025,21.968,False
Australian Grand Prix,2025,14.702,True
Australian Grand Prix,2025,16.365,True
Australian Grand Prix,2025,22.298,True
Australian Grand Prix,2025,22.659,True
Australian Grand Prix,2025,19.488,False
Australian Grand Prix,2025,14.642,True
Australian Grand Prix,2025,16.363,True
Australian Grand Prix,2025,14.407,True
Australian Grand Prix,2025,24.016,True
Australian Grand Prix,2025,26.069,False
Australian Grand Prix,2025,14.98,True
Australian Grand Prix,2025,15.838,True
Australian Grand Prix,2025,14.732,True
Australian Grand Prix,2025,19.609,True
Australian Grand Prix,2025,19.735,True
Australian Grand Prix,2025,14.732,True
Australian Grand Prix,2025,16.342,True
Australian Grand Prix,2025,14.85,True
Australian Grand Prix,2025,18.609,True
Australian Grand Prix,2025,20.919,True
Australian Grand Prix,2025,15.309,True
Australian Grand Prix,2025,16.012,True
Australian Grand Prix,2025,14.202,True
Australian Grand Prix,2025,21.123,True
Australian Grand Prix,2025,20.163,False
Australian Grand Prix,2025,14.769,True
Australian Grand Prix,2025,16.161,True
Australian Grand Prix,2025,18.769,True
Australian Grand Prix,2025,20.029,True
Australian Grand Prix,2025,14.178,True
Australian Grand Prix,2025,14.621,True
Australian Grand Prix,2025,14.225,True
Australian Grand Prix,2025,18.143,True
Australian Grand Prix,2025,24.467,True
Australian Grand Prix,2025,13.499,True
Australian Grand Prix,2025,12.853,True
Australian Grand Prix,2025,12.783,True
Australian Grand Prix,2025,18.517,True
Australian Grand Prix,2025,17.905,False
Australian Grand Prix,2025,14.459,True
Australian Grand Prix,2025,16.56,True
Australian Grand Prix,2025,19.664,True
Australian Grand Prix,2025,18.947,True
Australian Grand Prix,2025,19.961,True
Australian Grand Prix,2025,13.046,True
Australian Grand Prix,2025,13.957,True
Australian Grand Prix,2025,12.801,True
Australian Grand Prix,2025,19.617,True
Australian Grand Prix,2025,19.751,False
Australian Grand Prix,2025,13.826,True
Australian Grand Prix,2025,14.201,True
Australian Grand Prix,2025,13.763,True
Australian Grand Prix,2025,19.247,True
Australian Grand Prix,2025,19.44,False
Australian Grand Prix,2025,15.721,True
Australian Grand Prix,2025,16.135,True
Australian Grand Prix,2025,14.469,True
Australian Grand Prix,2025,18.751,True
Australian Grand Prix,2025,18.924,False
Australian Grand Prix,2025,14.912,True
Australian Grand Prix,2025,15.145,True
Australian Grand Prix,2025,13.554,True
Australian Grand Prix,2025,18.948,True
Australian Grand Prix,2025,19.268,True
Australian Grand Prix,2025,13.453,True
Australian Grand Prix,2025,13.806000000000001,True
Australian Grand Prix,2025,12.991,True
Australian Grand Prix,2025,18.659,True
Australian Grand Prix,2025,18.82,True
Austrian Grand Prix,2025,21.28,False
Austrian Grand Prix,2025,21.879,False
Austrian Grand Prix,2025,21.984,False
Austrian Grand Prix,2025,21.781,False
Austrian Grand Prix,2025,21.539,False
Austrian Grand Prix,2025,21.237,False
Austrian Grand Prix,2025,22.969,False
Austrian Grand Prix,2025,21.202,False
Austrian Grand Prix,2025,21.965,False
Austrian Grand Prix,2025,22.172,False
Austrian Grand Prix,2025,21.224,True
Austrian Grand Prix,2025,21.596,False
Austrian Grand Prix,2025,21.32,False
Austrian Grand Prix,2025,21.272,False
Austrian Grand Prix,2025,21.188,False
Austrian Grand Prix,2025,21.064,False
Austrian Grand Prix,2025,21.377,False
Austrian Grand Prix,2025,21.363,False
Austrian Grand Prix,2025,21.288,False
Austrian Grand Prix,2025,21.961,False
Austrian Grand Prix,2025,21.358,False
Austrian Grand Prix,2025,23.074,False
Austrian Grand Prix,2025,22.324,False
Austrian Grand Prix,2025,22.677,False
Austrian Grand Prix,2025,21.077,False
Austrian Grand Prix,2025,21.373,False
Austrian Grand Prix,2025,21.841,False
Austrian Grand Prix,2025,22.906,False
Austrian Grand Prix,2025,21.652,False
Austrian Grand Prix,2025,21.564,False
Austrian Grand Prix,2025,30.067,False
Austrian Grand Prix,2025,32.9,False
Azerbaijan Grand Prix,2025,20.75,True
Azerbaijan Grand Prix,2025,20.61,False
Azerbaijan Grand Prix,2025,25.681,False
Azerbaijan Grand Prix,2025,20.658,False
Azerbaijan Grand Prix,2025,21.235,False
Azerbaijan Grand Prix,2025,20.793,False
Azerbaijan Grand Prix,2025,21.145,False
Azerbaijan Grand Prix,2025,21.667,False
Azerbaijan Grand Prix,2025,20.357,False
Azerbaijan Grand Prix,2025,20.056,False
Azerbaijan Grand Prix,2025,20.015,False
Azerbaijan Grand Prix,2025,20.138,False
Azerbaijan Grand Prix,2025,20.587,False
Azerbaijan Grand Prix,2025,21.934,False
Azerbaijan Grand Prix,2025,20.738,True
Azerbaijan Grand Prix,2025,20.837,True
Azerbaijan Grand Prix,2025,19.911,False
Azerbaijan Grand Prix,2025,20.498,False
Azerbaijan Grand Prix,2025,21.786,False
Azerbaijan Grand Prix,2025,20.264,False
Azerbaijan Grand Prix,2025,20.28,False
Bahrain Grand Prix,2025,25.424,False
Bahrain Grand Prix,2025,26.091,True
Bahrain Grand Prix,2025,24.958,False
Bahrain Grand Prix,2025,24.783,True
Bahrain Grand Prix,2025,24.859,False
Bahrain Grand Prix,2025,24.417,False
Bahrain Grand Prix,2025,24.642,True
Bahrain Grand Prix,2025,24.643,False
Bahrain Grand Prix,2025,25.032,True
Bahrain Grand Prix,2025,24.069,False
Bahrain Grand Prix,2025,25.306,True
Bahrain Grand Prix,2025,24.805,False
Bahrain Grand Prix,2025,25.139,False
Bahrain Grand Prix,2025,25.022,False
Bahrain Grand Prix,2025,24.905,False
Bahrain Grand Prix,2025,25.285,False
Bahrain Grand Prix,2025,24.422,False
Bahrain Grand Prix,2025,24.36,False
Bahrain Grand Prix,2025,24.423,True
Bahrain Grand Prix,2025,24.103,False
Bahrain Grand Prix,2025,24.187,False
Bahrain Grand Prix,2025,25.192,False
Bahrain Grand Prix,2025,23.942,True
Bahrain Grand Prix,2025,24.701,False
Bahrain Grand Prix,2025,24.237,True
Bahrain Grand Prix,2025,29.615,False
Bahrain Grand Prix,2025,24.059,True
Bahrain Grand Prix,2025,24.947,False
Bahrain Grand Prix,2025,25.165,False
Bahrain Grand Prix,2025,24.553,False
Bahrain Grand Prix,2025,24.968,True
Bahrain Grand Prix,2025,23.939,False
Bahrain Grand Prix,2025,24.047,True
Bahrain Grand Prix,2025,24.576999999999998,False
Bahrain Grand Prix,2025,24.455,True
Bahrain Grand Prix,2025,36.961,False
Bahrain Grand Prix,2025,24.603,False
Bahrain Grand Prix,2025,24.491,True
Bahrain Grand Prix,2025,26.466,False
Bahrain Grand Prix,2025,24.795,True
Bahrain Grand Prix,2025,26.526,False
Bahrain Grand Prix,2025,28.242,False
Belgian Grand Prix,2025,23.938,False
Belgian Grand Prix,2025,23.308,False
Belgian Grand Prix,2025,23.625,False
Belgian Grand Prix,2025,23.519,False
Belgian Grand Prix,2025,23.106,False
Belgian Grand Prix,2025,24.375,False
Belgian Grand Prix,2025,23.209,False
Belgian Grand Prix,2025,22.956,False
Belgian Grand Prix,2025,23.41,False
Belgian Grand Prix,2025,26.714,False
Belgian Grand Prix,2025,23.593,False
Belgian Grand Prix,2025,23.478,False
Belgian Grand Prix,2025,23.234,False
Belgian Grand Prix,2025,23.597,False
Belgian Grand Prix,2025,23.882,False
Belgian Grand Prix,2025,23.235,False
Belgian Grand Prix,2025,23.781,False
Belgian Grand Prix,2025,24.357,False
Belgian Grand Prix,2025,23.956,False
Belgian Grand Prix,2025,23.825,False
Belgian Grand Prix,2025,23.733,False
Belgian Grand Prix,2025,27.534,False
Belgian Grand Prix,2025,23.631,False
Belgian Grand Prix,2025,23.769,False
Belgian Grand Prix,2025,23.203,False
Belgian Grand Prix,2025,26.051,False
British Grand Prix,2025,29.254,True
British Grand Prix,2025,29.283,False
British Grand Prix,2025,28.697,False
British Grand Prix,2025,28.582,False
British Grand Prix,2025,28.789,True
British Grand Prix,2025,28.722,False
British Grand Prix,2025,29.788,True
British Grand Prix,2025,29.092,False
British Grand Prix,2025,29.079,False
British Grand Prix,2025,28.803,False
British Grand Prix,2025,28.463,False
British Grand Prix,2025,28.633,False
British Grand Prix,2025,28.885,False
British Grand Prix,2025,29.198,False
British Grand Prix,2025,29.735,False
British Grand Prix,2025,30.133,False
British Grand Prix,2025,29.089,False
British Grand Prix,2025,28.798000000000002,False
British Grand Prix,2025,30.633,False
British Grand Prix,2025,28.211,False
British Grand Prix,2025,29.567,True
British Grand Prix,2025,28.658,False
British Grand Prix,2025,29.388,False
British Grand Prix,2025,40.332,False
British Grand Prix,2025,28.665,False
British Grand Prix,2025,28.225,False
British Grand Prix,2025,29.511,False
British Grand Prix,2025,28.588,False
British Grand Prix,2025,29.122,True
British Grand Prix,2025,28.865,False
British Grand Prix,2025,28.53,False
British Grand Prix,2025,28.611,False
British Grand Prix,2025,40.111,False
British Grand Prix,2025,28.14,False
British Grand Prix,2025,29.647,False
Canadian Grand Prix,2025,23.797,False
Canadian Grand Prix,2025,24.005,False
Canadian Grand Prix,2025,23.519,False
Canadian Grand Prix,2025,18.313,True
Canadian Grand Prix,2025,18.228,True
Canadian Grand Prix,2025,18.313,True
Canadian Grand Prix,2025,18.234,True
Canadian Grand Prix,2025,23.235,False
Canadian Grand Prix,2025,23.547,False
Canadian Grand Prix,2025,18.25,True
Canadian Grand Prix,2025,18.927,True
Canadian Grand Prix,2025,18.265,True
Canadian Grand Prix,2025,23.626,False
Canadian Grand Prix,2025,27.937,True
Canadian Grand Prix,2025,18.204,True
Canadian Grand Prix,2025,18.172,True
Canadian Grand Prix,2025,23.828,False
Canadian Grand Prix,2025,18.266,True
Canadian Grand Prix,2025,18.338,True
Canadian Grand Prix,2025,18.312,True
Canadian Grand Prix,2025,24.547,False
Canadian Grand Prix,2025,18.187,True
Canadian Grand Prix,2025,18.169,True
Canadian Grand Prix,2025,18.187,True
Canadian Grand Prix,2025,23.985,False
Canadian Grand Prix,2025,18.204,True
Canadian Grand Prix,2025,18.215,True
Canadian Grand Prix,2025,18.125,True
Canadian Grand Prix,2025,24.063,False
Canadian Grand Prix,2025,23.681,True
Canadian Grand Prix,2025,18.325,True
Canadian Grand Prix,2025,18.297,True
Canadian Grand Prix,2025,23.613,False
Canadian Grand Prix,2025,23.36,False
Canadian Grand Prix,2025,18.332,True
Canadian Grand Prix,2025,18.255,True
Canadian Grand Prix,2025,18.172,True
Canadian Grand Prix,2025,23.422,False
Canadian Grand Prix,2025,18.36,True
Canadian Grand Prix,2025,18.259,True
Canadian Grand Prix,2025,18.406,True
Canadian Grand Prix,2025,18.359,True
Canadian Grand Prix,2025,23.283,False
Canadian Grand Prix,2025,23.488,False
Canadian Grand Prix,2025,23.875,False
Canadian Grand Prix,2025,18.297,True
Canadian Grand Prix,2025,18.25,True
Canadian Grand Prix,2025,18.203,True
Canadian Grand Prix,2025,23.263,False
Canadian Grand Prix,2025,23.328,False
Canadian Grand Prix,2025,24.453,False
Canadian Grand Prix,2025,18.187,True
Canadian Grand Prix,2025,18.229,True
Canadian Grand Prix,2025,18.157,True
Canadian Grand Prix,2025,23.219,False
Canadian Grand Prix,2025,23.047,False
Canadian Grand Prix,2025,26.454,True
Canadian Grand Prix,2025,18.343,True
Canadian Grand Prix,2025,18.188,True
Canadian Grand Prix,2025,23.344,False
Canadian Grand Prix,2025,24.312,False
Canadian Grand Prix,2025,18.234,True
Canadian Grand Prix,2025,19.342,True
Canadian Grand Prix,2025,18.188,True
Canadian Grand Prix,2025,23.266,False
Canadian Grand Prix,2025,18.266,True
Canadian Grand Prix,2025,18.252,True
Canadian Grand Prix,2025,18.141,True
Canadian Grand Prix,2025,23.656,False
Canadian Grand Prix,2025,34.782,False
Canadian Grand Prix,2025,23.821,True
Canadian Grand Prix,2025,18.31,True
Canadian Grand Prix,2025,18.359,True
Canadian Grand Prix,2025,25.063,False
Canadian Grand Prix,2025,18.25,True
Canadian Grand Prix,2025,18.247,True
Canadian Grand Prix,2025,18.25,True
Canadian Grand Prix,2025,23.678,False
Canadian Grand Prix,2025,23.079,False
Canadian Grand Prix,2025,18.188,True
Canadian Grand Prix,2025,19.159,True
Canadian Grand Prix,2025,18.188,True
Chinese Grand Prix,2025,23.503,False
Chinese Grand Prix,2025,22.787,False
Chinese Grand Prix,2025,22.885,False
Chinese Grand Prix,2025,23.363,False
Chinese Grand Prix,2025,22.854,False
Chinese Grand Prix,2025,22.749,False
Chinese Grand Prix,2025,23.066,False
Chinese Grand Prix,2025,22.875,False
Chinese Grand Prix,2025,22.259,False
Chinese Grand Prix,2025,22.355,False
Chinese Grand Prix,2025,22.394,False
Chinese Grand Prix,2025,22.981,False
Chinese Grand Prix,2025,22.522,False
Chinese Grand Prix,2025,22.316,False
Chinese Grand Prix,2025,22.282,False
Chinese Grand Prix,2025,22.202,False
Chinese Grand Prix,2025,23.04,False
Chinese Grand Prix,2025,23.855,False
Chinese Grand Prix,2025,22.285,False
Chinese Grand Prix,2025,22.836,False
Chinese Grand Prix,2025,22.895,False
Chinese Grand Prix,2025,22.471,False
Chinese Grand Prix,2025,22.492,False
Chinese Grand Prix,2025,37.94,False
Chinese Grand Prix,2025,22.474,False
Dutch Grand Prix,2025,19.763,True
Dutch Grand Prix,2025,17.926,True
Dutch Grand Prix,2025,17.381,False
Dutch Grand Prix,2025,17.902,False
Dutch Grand Prix,2025,17.59,True
Dutch Grand Prix,2025,17.635,False
Dutch Grand Prix,2025,21.362,True
Dutch Grand Prix,2025,18.715,True
Dutch Grand Prix,2025,17.785,True
Dutch Grand Prix,2025,17.554,False
Dutch Grand Prix,2025,18.004,False
Dutch Grand Prix,2025,17.695,True
Dutch Grand Prix,2025,18.064,True
Dutch Grand Prix,2025,19.177,True
Dutch Grand Prix,2025,17.392,True
Dutch Grand Prix,2025,18.549,True
Dutch Grand Prix,2025,17.719,False
Dutch Grand Prix,2025,18.017,True
Dutch Grand Prix,2025,17.557,True
Dutch Grand Prix,2025,22.002,False
Dutch Grand Prix,2025,18.533,True
Dutch Grand Prix,2025,17.149,True
Dutch Grand Prix,2025,20.069,True
Dutch Grand Prix,2025,22.601,True
Dutch Grand Prix,2025,18.121,True
Dutch Grand Prix,2025,17.507,True
Dutch Grand Prix,2025,18.76,True
Dutch Grand Prix,2025,18.74,True
Dutch Grand Prix,2025,17.343,True
Dutch Grand Prix,2025,17.729,True
Dutch Grand Prix,2025,29.625,False
Dutch Grand Prix,2025,30.299,True
Dutch Grand Prix,2025,18.071,True
Dutch Grand Prix,2025,17.677,False
Dutch Grand Prix,2025,17.692,True
Dutch Grand Prix,2025,18.323,False
Dutch Grand Prix,2025,18.403,True
Dutch Grand Prix,2025,18.747,True
Dutch Grand Prix,2025,18.268,True
Emilia Romagna Grand Prix,2025,30.566,True
Emilia Romagna Grand Prix,2025,29.825,True
Emilia Romagna Grand Prix,2025,30.237,False
Emilia Romagna Grand Prix,2025,30.995,True
Emilia Romagna Grand Prix,2025,29.94,True
Emilia Romagna Grand Prix,2025,31.376,True
Emilia Romagna Grand Prix,2025,56.723,False
Emilia Romagna Grand Prix,2025,30.775,False
Emilia Romagna Grand Prix,2025,30.752,True
Emilia Romagna Grand Prix,2025,29.886,True
Emilia Romagna Grand Prix,2025,30.258,False
Emilia Romagna Grand Prix,2025,31.169,True
Emilia Romagna Grand Prix,2025,31.522,False
Emilia Romagna Grand Prix,2025,31.877,True
Emilia Romagna Grand Prix,2025,30.144,True
Emilia Romagna Grand Prix,2025,30.279,True
Emilia Romagna Grand Prix,2025,30.038,True
Emilia Romagna Grand Prix,2025,29.968,True
Emilia Romagna Grand Prix,2025,30.266,True
Emilia Romagna Grand Prix,2025,29.652,False
Emilia Romagna Grand Prix,2025,30.237,True
Emilia Romagna Grand Prix,2025,29.587,False
Emilia Romagna Grand Prix,2025,31.974,True
Emilia Romagna Grand Prix,2025,29.507,True
Emilia Romagna Grand Prix,2025,31.796,True
Emilia Romagna Grand Prix,2025,30.472,False
Emilia Romagna Grand Prix,2025,30.935,False
Emilia Romagna Grand Prix,2025,30.461,True
Emilia Romagna Grand Prix,2025,29.716,False
Emilia Romagna Grand Prix,2025,30.72,True
Emilia Romagna Grand Prix,2025,30.148,False
Emilia Romagna Grand Prix,2025,30.517,True
Emilia Romagna Grand Prix,2025,31.266,False
Emilia Romagna Grand Prix,2025,34.519,True
Emilia Romagna Grand Prix,2025,29.97,True
Emilia Romagna Grand Prix,2025,30.051,True
Emilia Romagna Grand Prix,2025,29.784,True
Hungarian Grand Prix,2025,21.292,False
Hungarian Grand Prix,2025,22.707,False
Hungarian Grand Prix,2025,22.307,False
Hungarian Grand Prix,2025,22.188,False
Hungarian Grand Prix,2025,21.714,False
Hungarian Grand Prix,2025,21.867,False
Hungarian Grand Prix,2025,30.205,False
Hungarian Grand Prix,2025,26.234,False
Hungarian Grand Prix,2025,21.588,False
Hungarian Grand Prix,2025,21.124,False
Hungarian Grand Prix,2025,21.13,False
Hungarian Grand Prix,2025,21.6,False
Hungarian Grand Prix,2025,28.943,False
Hungarian Grand Prix,2025,22.187,False
Hungarian Grand Prix,2025,21.28,False
Hungarian Grand Prix,2025,21.148,False
Hungarian Grand Prix,2025,20.884,False
Hungarian Grand Prix,2025,22.416,False
Hungarian Grand Prix,2025,21.141,False
Hungarian Grand Prix,2025,21.005,False
Hungarian Grand Prix,2025,21.601,False
Hungarian Grand Prix,2025,21.58,False
Hungarian Grand Prix,2025,21.734,False
Hungarian Grand Prix,2025,21.623,False
Hungarian Grand Prix,2025,21.512,False
Hungarian Grand Prix,2025,21.328,False
Hungarian Grand Prix,2025,21.545,False
Hungarian Grand Prix,2025,21.219,False
Hungarian Grand Prix,2025,21.274,False
Italian Grand Prix,2025,24.836,False
Italian Grand Prix,2025,25.205,False
Italian Grand Prix,2025,24.992,False
Italian Grand Prix,2025,25.171,False
Italian Grand Prix,2025,26.08,False
Italian Grand Prix,2025,25.075,False
Italian Grand Prix,2025,24.962,False
Italian Grand Prix,2025,24.227,False
Italian Grand Prix,2025,24.0,False
Italian Grand Prix,2025,24.11,False
Italian Grand Prix,2025,24.251,False
Italian Grand Prix,2025,27.454,False
Italian Grand Prix,2025,30.667,False
Italian Grand Prix,2025,23.453,False
Italian Grand Prix,2025,25.063,False
Italian Grand Prix,2025,24.735,False
Italian Grand Prix,2025,38.527,False
Italian Grand Prix,2025,24.323,False
Italian Grand Prix,2025,24.37,False
Japanese Grand Prix,2025,23.0,False
Japanese Grand Prix,2025,25.682,False
Japanese Grand Prix,2025,24.344,False
Japanese Grand Prix,2025,24.812,False
Japanese Grand Prix,2025,23.359,False
Japanese Grand Prix,2025,23.157,False
Japanese Grand Prix,2025,26.02,False
Japanese Grand Prix,2025,23.25,False
Japanese Grand Prix,2025,23.016,False
Japanese Grand Prix,2025,23.625,False
Japanese Grand Prix,2025,23.469,False
Japanese Grand Prix,2025,23.234,False
Japanese Grand Prix,2025,23.219,False
Japanese Grand Prix,2025,24.442,False
Japanese Grand Prix,2025,22.917,False
Japanese Grand Prix,2025,23.219,False
Japanese Grand Prix,2025,23.219,False
Japanese Grand Prix,2025,23.639,False
Japanese Grand Prix,2025,23.708,False
Japanese Grand Prix,2025,24.079,False
Japanese Grand Prix,2025,24.578,False
Las Vegas Grand Prix,2025,23.368,False
Las Vegas Grand Prix,2025,30.136,True
Las Vegas Grand Prix,2025,29.424,False
Las Vegas Grand Prix,2025,21.036,True
Las Vegas Grand Prix,2025,22.109,True
Las Vegas Grand Prix,2025,21.564,False
Las Vegas Grand Prix,2025,33.223,True
Las Vegas Grand Prix,2025,22.848,False
Las Vegas Grand Prix,2025,23.847,True
Las Vegas Grand Prix,2025,21.514,False
Las Vegas Grand Prix,2025,21.622,False
Las Vegas Grand Prix,2025,22.367,False
Las Vegas Grand Prix,2025,32.818,True
Las Vegas Grand Prix,2025,21.275,False
Las Vegas Grand Prix,2025,21.353,False
Las Vegas Grand Prix,2025,21.112,False
Las Vegas Grand Prix,2025,22.501,False
Las Vegas Grand Prix,2025,21.396,False
Las Vegas Grand Prix,2025,20.872,False
Las Vegas Grand Prix,2025,21.163,False
Las Vegas Grand Prix,2025,21.312,True
Las Vegas Grand Prix,2025,20.82,False
Las Vegas Grand Prix,2025,21.719,False
Mexico City Grand Prix,2025,22.039,False
Mexico City Grand Prix,2025,26.868,False
Mexico City Grand Prix,2025,22.453,False
Mexico City Grand Prix,2025,24.554,False
Mexico City Grand Prix,2025,22.651,False
Mexico City Grand Prix,2025,22.189,False
Mexico City Grand Prix,2025,22.288,False
Mexico City Grand Prix,2025,22.811,False
Mexico City Grand Prix,2025,22.776,False
Mexico City Grand Prix,2025,22.293,False
Mexico City Grand Prix,2025,33.394,False
Mexico City Grand Prix,2025,23.398,False
Mexico City Grand Prix,2025,34.171,False
Mexico City Grand Prix,2025,22.394,False
Mexico City Grand Prix,2025,22.528,False
Mexico City Grand Prix,2025,23.095,False
Mexico City Grand Prix,2025,23.191,False
Mexico City Grand Prix,2025,22.205,False
Mexico City Grand Prix,2025,22.418,False
Mexico City Grand Prix,2025,22.453,False
Mexico City Grand Prix,2025,22.517,False
Mexico City Grand Prix,2025,30.423,False
Mexico City Grand Prix,2025,17.885,False
Mexico City Grand Prix,2025,21.925,False
Mexico City Grand Prix,2025,23.623,False
Mexico City Grand Prix,2025,31.722,False
Mexico City Grand Prix,2025,22.73,False
Miami Grand Prix,2025,21.972,False
Miami Grand Prix,2025,23.489,True
Miami Grand Prix,2025,24.43,False
Miami Grand Prix,2025,22.199,False
Miami Grand Prix,2025,22.089,True
Miami Grand Prix,2025,22.199,False
Miami Grand Prix,2025,23.15,True
Miami Grand Prix,2025,22.16,False
Miami Grand Prix,2025,22.376,True
Miami Grand Prix,2025,22.158,True
Miami Grand Prix,2025,22.004,True
Miami Grand Prix,2025,23.074,False
Miami Grand Prix,2025,22.095,True
Miami Grand Prix,2025,24.208,True
Miami Grand Prix,2025,22.525,False
Miami Grand Prix,2025,22.283,False
Miami Grand Prix,2025,22.581,True
Miami Grand Prix,2025,22.44,False
Monaco Grand Prix,2025,23.882,False
Monaco Grand Prix,2025,23.985,False
Monaco Grand Prix,2025,25.468,False
Monaco Grand Prix,2025,24.374,False
Monaco Grand Prix,2025,24.731,False
Monaco Grand Prix,2025,50.169,True
Monaco Grand Prix,2025,24.433,False
Monaco Grand Prix,2025,37.316,True
Monaco Grand Prix,2025,24.525,False
Monaco Grand Prix,2025,24.443,False
Monaco Grand Prix,2025,24.37,False
Monaco Grand Prix,2025,24.641,False
Monaco Grand Prix,2025,24.349,True
Monaco Grand Prix,2025,24.094,False
Monaco Grand Prix,2025,23.75,False
Monaco Grand Prix,2025,23.516,False
Monaco Grand Prix,2025,24.041,False
Monaco Grand Prix,2025,23.975,False
Monaco Grand Prix,2025,24.49,False
Monaco Grand Prix,2025,23.906,False
Monaco Grand Prix,2025,24.047,False
Monaco Grand Prix,2025,23.531,False
Monaco Grand Prix,2025,23.578,False
Monaco Grand Prix,2025,24.515,False
Monaco Grand Prix,2025,23.469,False
Monaco Grand Prix,2025,25.64,False
Monaco Grand Prix,2025,24.752,False
Monaco Grand Prix,2025,25.859,False
Monaco Grand Prix,2025,23.93,False
Monaco Grand Prix,2025,19.406,False
Monaco Grand Prix,2025,24.92,False
Monaco Grand Prix,2025,23.977,False
Monaco Grand Prix,2025,24.406,False
Monaco Grand Prix,2025,24.006,False
Monaco Grand Prix,2025,23.958,False
Monaco Grand Prix,2025,25.875,False
Monaco Grand Prix,2025,24.486,True
Monaco Grand Prix,2025,23.892,False
Monaco Grand Prix,2025,24.141,False
Monaco Grand Prix,2025,23.59,False
Qatar Grand Prix,2025,28.906,True
Qatar Grand Prix,2025,29.325,False
Qatar Grand Prix,2025,28.375,True
Qatar Grand Prix,2025,28.982,False
Qatar Grand Prix,2025,31.672,True
Qatar Grand Prix,2025,28.502,False
Qatar Grand Prix,2025,28.844,True
Qatar Grand Prix,2025,45.176,False
Qatar Grand Prix,2025,37.339,False
Qatar Grand Prix,2025,28.391,True
Qatar Grand Prix,2025,28.15,False
Qatar Grand Prix,2025,29.438,True
Qatar Grand Prix,2025,29.1,False
Qatar Grand Prix,2025,31.292,True
Qatar Grand Prix,2025,30.684,False
Qatar Grand Prix,2025,28.953,True
Qatar Grand Prix,2025,27.898,False
Qatar Grand Prix,2025,31.984,True
Qatar Grand Prix,2025,28.452,False
Qatar Grand Prix,2025,28.969,True
Qatar Grand Prix,2025,27.985,False
Qatar Grand Prix,2025,30.359,True
Qatar Grand Prix,2025,28.9,False
Qatar Grand Prix,2025,27.953,False
Qatar Grand Prix,2025,28.25,False
Qatar Grand Prix,2025,34.125,True
Qatar Grand Prix,2025,34.672,True
Qatar Grand Prix,2025,30.485,False
Qatar Grand Prix,2025,29.112,False
Qatar Grand Prix,2025,27.89,False
Qatar Grand Prix,2025,33.25,True
Qatar Grand Prix,2025,29.022,False
Qatar Grand Prix,2025,28.219,True
Qatar Grand Prix,2025,28.173,False
Qatar Grand Prix,2025,28.156,True
Qatar Grand Prix,2025,28.094,False
Qatar Grand Prix,2025,35.547,False
Qatar Grand Prix,2025,29.141,True
Qatar Grand Prix,2025,28.184,False
Qatar Grand Prix,2025,29.906,True
Qatar Grand Prix,2025,28.202,False
Saudi Arabian Grand Prix,2025,22.118,False
Saudi Arabian Grand Prix,2025,21.987,False
Saudi Arabian Grand Prix,2025,20.469,False
Saudi Arabian Grand Prix,2025,21.942,False
Saudi Arabian Grand Prix,2025,21.845,True
Saudi Arabian Grand Prix,2025,20.407,True
Saudi Arabian Grand Prix,2025,21.634,False
Saudi Arabian Grand Prix,2025,20.699,False
Saudi Arabian Grand Prix,2025,20.281,False
Saudi Arabian Grand Prix,2025,20.5,False
Saudi Arabian Grand Prix,2025,20.548000000000002,False
Saudi Arabian Grand Prix,2025,20.153,False
Saudi Arabian Grand Prix,2025,20.394,False
Saudi Arabian Grand Prix,2025,21.563,True
Saudi Arabian Grand Prix,2025,21.301,False
Saudi Arabian Grand Prix,2025,20.235,False
Saudi Arabian Grand Prix,2025,23.996,False
Saudi Arabian Grand Prix,2025,20.466,False
Saudi Arabian Grand Prix,2025,26.05,False
Singapore Grand Prix,2025,25.735,False
Singapore Grand Prix,2025,30.664,False
Singapore Grand Prix,2025,23.719,False
Singapore Grand Prix,2025,24.098,False
Singapore Grand Prix,2025,32.903,False
Singapore Grand Prix,2025,23.956,False
Singapore Grand Prix,2025,25.588,False
Singapore Grand Prix,2025,25.139,False
Singapore Grand Prix,2025,23.822,False
Singapore Grand Prix,2025,24.718,False
Singapore Grand Prix,2025,23.384,False
Singapore Grand Prix,2025,24.032,False
Singapore Grand Prix,2025,31.912,False
Singapore Grand Prix,2025,24.183,False
Singapore Grand Prix,2025,23.712,False
Singapore Grand Prix,2025,23.207,False
Singapore Grand Prix,2025,25.159,False
Singapore Grand Prix,2025,26.679,False
Singapore Grand Prix,2025,23.994,False
Singapore Grand Prix,2025,24.03,False
Singapore Grand Prix,2025,23.868,False
Singapore Grand Prix,2025,24.499,False
Singapore Grand Prix,2025,24.07,False
Spanish Grand Prix,2025,30.793,False
Spanish Grand Prix,2025,37.619,False
Spanish Grand Prix,2025,23.155,False
Spanish Grand Prix,2025,22.353,False
Spanish Grand Prix,2025,21.956,True
Spanish Grand Prix,2025,22.358,False
Spanish Grand Prix,2025,23.447,False
Spanish Grand Prix,2025,21.941,False
Spanish Grand Prix,2025,22.09,False
Spanish Grand Prix,2025,22.815,True
Spanish Grand Prix,2025,22.085,False
Spanish Grand Prix,2025,22.966,False
Spanish Grand Prix,2025,22.536,False
Spanish Grand Prix,2025,22.197,False
Spanish Grand Prix,2025,21.88,True
Spanish Grand Prix,2025,22.148,False
Spanish Grand Prix,2025,22.123,False
Spanish Grand Prix,2025,22.838,True
Spanish Grand Prix,2025,21.886,False
Spanish Grand Prix,2025,22.169,False
Spanish Grand Prix,2025,21.78,True
Spanish Grand Prix,2025,22.001,False
Spanish Grand Prix,2025,24.391,False
Spanish Grand Prix,2025,22.901,True
Spanish Grand Prix,2025,22.314,False
Spanish Grand Prix,2025,21.919,False
Spanish Grand Prix,2025,22.041,True
Spanish Grand Prix,2025,21.946,False
Spanish Grand Prix,2025,21.971,False
Spanish Grand Prix,2025,24.588,False
Spanish Grand Prix,2025,21.798000000000002,False
Spanish Grand Prix,2025,22.342,True
Spanish Grand Prix,2025,22.511,False
Spanish Grand Prix,2025,21.873,False
Spanish Grand Prix,2025,23.62,True
Spanish Grand Prix,2025,22.673000000000002,False
Spanish Grand Prix,2025,22.48,False
Spanish Grand Prix,2025,21.726,False
Spanish Grand Prix,2025,21.908,False
Spanish Grand Prix,2025,22.771,True
Spanish Grand Prix,2025,21.924,False
Spanish Grand Prix,2025,21.771,False
Spanish Grand Prix,2025,23.034,True
Spanish Grand Prix,2025,30.55,False
Spanish Grand Prix,2025,22.212,False
Spanish Grand Prix,2025,21.838,True
Spanish Grand Prix,2025,21.855,False
Spanish Grand Prix,2025,22.143,False
Spanish Grand Prix,2025,21.81,False
Spanish Grand Prix,2025,22.258,True
Spanish Grand Prix,2025,21.801,False
Spanish Grand Prix,2025,22.064,False
Spanish Grand Prix,2025,21.804,False
Spanish Grand Prix,2025,22.394,True
São Paulo Grand Prix,2025,23.047,False
São Paulo Grand Prix,2025,23.15,False
São Paulo Grand Prix,2025,24.02,False
São Paulo Grand Prix,2025,23.568,False
São Paulo Grand Prix,2025,23.41,False
São Paulo Grand Prix,2025,23.421,False
São Paulo Grand Prix,2025,23.645,False
São Paulo Grand Prix,2025,24.603,False
São Paulo Grand Prix,2025,23.732,False
São Paulo Grand Prix,2025,26.141,False
São Paulo Grand Prix,2025,23.498,False
São Paulo Grand Prix,2025,23.618,False
São Paulo Grand Prix,2025,23.781,False
São Paulo Grand Prix,2025,23.08,False
São Paulo Grand Prix,2025,40.175,True
São Paulo Grand Prix,2025,23.341,False
São Paulo Grand Prix,2025,30.917,False
São Paulo Grand Prix,2025,22.967,False
São Paulo Grand Prix,2025,22.822,False
São Paulo Grand Prix,2025,23.454,False
São Paulo Grand Prix,2025,23.248,False
São Paulo Grand Prix,2025,24.05,True
São Paulo Grand Prix,2025,24.129,False
São Paulo Grand Prix,2025,34.745,False
São Paulo Grand Prix,2025,23.142,False
São Paulo Grand Prix,2025,23.317,False
São Paulo Grand Prix,2025,22.97,False
São Paulo Grand Prix,2025,25.935,False
São Paulo Grand Prix,2025,23.323,False
São Paulo Grand Prix,2025,23.841,False
São Paulo Grand Prix,2025,23.135,False
São Paulo Grand Prix,2025,23.04,True
São Paulo Grand Prix,2025,34.314,False
São Paulo Grand Prix,2025,33.904,False
São Paulo Grand Prix,2025,23.286,True
São Paulo Grand Prix,2025,23.03,False
São Paulo Grand Prix,2025,23.49,False
United States Grand Prix,2025,23.767,True
United States Grand Prix,2025,24.233,False
United States Grand Prix,2025,23.934,False
United States Grand Prix,2025,23.914,False
United States Grand Prix,2025,23.712,False
United States Grand Prix,2025,25.614,False
United States Grand Prix,2025,23.973,False
United States Grand Prix,2025,23.785,False
United States Grand Prix,2025,26.515,False
United States Grand Prix,2025,23.468,False
United States Grand Prix,2025,23.951999999999998,False
United States Grand Prix,2025,23.754,False
United States Grand Prix,2025,23.424,False
United States Grand Prix,2025,23.643,False
United States Grand Prix,2025,24.515,False
United States Grand Prix,2025,25.088,False
United States Grand Prix,2025,23.46,False
United States Grand Prix,2025,23.465,False
United States Grand Prix,2025,24.216,False
United States Grand Prix,2025,24.162,False
United States Grand Prix,2025,23.721,False
Australian Grand Prix,2026,18.405,True
Australian Grand Prix,2026,18.645,True
Australian Grand Prix,2026,26.006,True
Australian Grand Prix,2026,21.27,True
Australian Grand Prix,2026,19.119,True
Australian Grand Prix,2026,19.142,True
Australian Grand Prix,2026,22.903,True
Australian Grand Prix,2026,30.687,True
Australian Grand Prix,2026,28.052,False
Australian Grand Prix,2026,18.784,False
Australian Grand Prix,2026,18.906,True
Australian Grand Prix,2026,17.973,False
Australian Grand Prix,2026,19.317,True
Australian Grand Prix,2026,18.106,True
Australian Grand Prix,2026,17.925,False
Australian Grand Prix,2026,18.551,True
Australian Grand Prix,2026,18.548000000000002,True
Australian Grand Prix,2026,17.739,True
Australian Grand Prix,2026,18.809,True
Australian Grand Prix,2026,21.655,True
Australian Grand Prix,2026,19.336,False
Australian Grand Prix,2026,18.145,True
Australian Grand Prix,2026,20.123,True
Australian Grand Prix,2026,26.166,True
Australian Grand Prix,2026,34.869,False
Australian Grand Prix,2026,36.844,True
Australian Grand Prix,2026,33.444,False
Australian Grand Prix,2026,22.841,False
Australian Grand Prix,2026,19.483,True
Australian Grand Prix,2026,18.305,False
Canadian Grand Prix,2026,24.669,False
Canadian Grand Prix,2026,25.061,True
Canadian Grand Prix,2026,44.947,True
Canadian Grand Prix,2026,28.116,False
Canadian Grand Prix,2026,24.593,False
Canadian Grand Prix,2026,28.29,False
Canadian Grand Prix,2026,24.854,False
Canadian Grand Prix,2026,24.393,True
Canadian Grand Prix,2026,31.048,True
Canadian Grand Prix,2026,25.566,True
Canadian Grand Prix,2026,25.687,True
Canadian Grand Prix,2026,24.735,True
Canadian Grand Prix,2026,34.705,True
Canadian Grand Prix,2026,34.847,False
Canadian Grand Prix,2026,25.937,True
Canadian Grand Prix,2026,24.976,False
Canadian Grand Prix,2026,30.95,False
Canadian Grand Prix,2026,24.153,True
Canadian Grand Prix,2026,30.234,True
Canadian Grand Prix,2026,23.493,False
Canadian Grand Prix,2026,28.853,False
Canadian Grand Prix,2026,24.828,False
Canadian Grand Prix,2026,35.38,True
Canadian Grand Prix,2026,25.74,False
Canadian Grand Prix,2026,25.09,False
Canadian Grand Prix,2026,25.035,True
Canadian Grand Prix,2026,24.113,False
Canadian Grand Prix,2026,36.635,False
Canadian Grand Prix,2026,35.843,True
Canadian Grand Prix,2026,24.616,False
Canadian Grand Prix,2026,25.608,True
Canadian Grand Prix,2026,24.25,False
Canadian Grand Prix,2026,24.125,True
Canadian Grand Prix,2026,25.285,True
Chinese Grand Prix,2026,23.312,False
Chinese Grand Prix,2026,23.057,True
Chinese Grand Prix,2026,22.985,True
Chinese Grand Prix,2026,27.847,True
Chinese Grand Prix,2026,23.187,False
Chinese Grand Prix,2026,23.44,True
Chinese Grand Prix,2026,22.996,False
Chinese Grand Prix,2026,25.725,True
Chinese Grand Prix,2026,22.315,True
Chinese Grand Prix,2026,37.225,False
Chinese Grand Prix,2026,22.953,True
Chinese Grand Prix,2026,25.518,True
Chinese Grand Prix,2026,23.274,False
Chinese Grand Prix,2026,25.945,False
Chinese Grand Prix,2026,47.11,False
Chinese Grand Prix,2026,26.241,True
Chinese Grand Prix,2026,23.377,True
Chinese Grand Prix,2026,23.094,True
Chinese Grand Prix,2026,23.716,True
Japanese Grand Prix,2026,24.595,True
Japanese Grand Prix,2026,23.013,False
Japanese Grand Prix,2026,24.003,False
Japanese Grand Prix,2026,25.953,False
Japanese Grand Prix,2026,32.718,False
Japanese Grand Prix,2026,24.173,False
Japanese Grand Prix,2026,26.472,True
Japanese Grand Prix,2026,24.058,True
Japanese Grand Prix,2026,23.272,True
Japanese Grand Prix,2026,25.048,False
Japanese Grand Prix,2026,24.583,True
Japanese Grand Prix,2026,25.125,False
Japanese Grand Prix,2026,23.508,False
Japanese Grand Prix,2026,24.309,True
Japanese Grand Prix,2026,23.551,False
Japanese Grand Prix,2026,22.91,True
Japanese Grand Prix,2026,24.034,True
Japanese Grand Prix,2026,24.267,True
Japanese Grand Prix,2026,22.982,False
Japanese Grand Prix,2026,26.134,False
Japanese Grand Prix,2026,23.49,False
Japanese Grand Prix,2026,24.564,False
Japanese Grand Prix,2026,27.382,True
Japanese Grand Prix,2026,23.442,False
Japanese Grand Prix,2026,22.986,True
Japanese Grand Prix,2026,24.429,True
Japanese Grand Prix,2026,25.058,True
Japanese Grand Prix,2026,23.542,True
Japanese Grand Prix,2026,24.409,True
Miami Grand Prix,2026,22.828,False
Miami Grand Prix,2026,23.302,False
Miami Grand Prix,2026,22.05,False
Miami Grand Prix,2026,23.41,False
Miami Grand Prix,2026,23.926,False
Miami Grand Prix,2026,23.519,True
Miami Grand Prix,2026,23.8,False
Miami Grand Prix,2026,17.01,False
Miami Grand Prix,2026,23.12,False
Miami Grand Prix,2026,23.767,False
Miami Grand Prix,2026,33.61,False
Miami Grand Prix,2026,23.362,False
Miami Grand Prix,2026,22.698,False
Miami Grand Prix,2026,22.552,False
Miami Grand Prix,2026,24.067,False
Miami Grand Prix,2026,23.184,False
Miami Grand Prix,2026,23.034,False
Miami Grand Prix,2026,21.951999999999998,False
Miami Grand Prix,2026,23.698,False
Miami Grand Prix,2026,22.662,False
Miami Grand Prix,2026,22.057,False
Miami Grand Prix,2026,22.651,True
Monaco Grand Prix,2026,25.547,False
Monaco Grand Prix,2026,19.697,True
Monaco Grand Prix,2026,22.74,True
Monaco Grand Prix,2026,62.147,True
Monaco Grand Prix,2026,25.079,False
Monaco Grand Prix,2026,26.772,True
Monaco Grand Prix,2026,20.253,True
Monaco Grand Prix,2026,24.149,True
Monaco Grand Prix,2026,64.956,True
Monaco Grand Prix,2026,24.078,False
Monaco Grand Prix,2026,26.967,True
Monaco Grand Prix,2026,20.766,True
Monaco Grand Prix,2026,32.031,False
Monaco Grand Prix,2026,25.86,False
Monaco Grand Prix,2026,24.703,False
Monaco Grand Prix,2026,20.094,True
Monaco Grand Prix,2026,24.645,True
Monaco Grand Prix,2026,22.696,True
Monaco Grand Prix,2026,64.05,True
Monaco Grand Prix,2026,26.765,False
Monaco Grand Prix,2026,25.687,False
Monaco Grand Prix,2026,22.079,True
Monaco Grand Prix,2026,23.384,True
Monaco Grand Prix,2026,64.491,True
Monaco Grand Prix,2026,25.628,False
Monaco Grand Prix,2026,19.704,True
Monaco Grand Prix,2026,23.296,True
Monaco Grand Prix,2026,24.923000000000002,False
Monaco Grand Prix,2026,19.358,True
Monaco Grand Prix,2026,22.293,True
Monaco Grand Prix,2026,24.097,False
Monaco Grand Prix,2026,31.153,True
Monaco Grand Prix,2026,24.129,True
Monaco Grand Prix,2026,22.578,True
Monaco Grand Prix,2026,24.845,False
Monaco Grand Prix,2026,20.543,True
Monaco Grand Prix,2026,19.934,True
Monaco Grand Prix,2026,22.342,True
Monaco Grand Prix,2026,61.929,True
Monaco Grand Prix,2026,25.781,False
Monaco Grand Prix,2026,19.89,True
Monaco Grand Prix,2026,20.33,True
Monaco Grand Prix,2026,25.447,False
Monaco Grand Prix,2026,34.894,True
Monaco Grand Prix,2026,19.875,True
Monaco Grand Prix,2026,20.018,True
Monaco Grand Prix,2026,22.684,True
Monaco Grand Prix,2026,62.678,True
Monaco Grand Prix,2026,25.406,False
Monaco Grand Prix,2026,20.013,True
Monaco Grand Prix,2026,21.434,True
Monaco Grand Prix,2026,62.553,True
Monaco Grand Prix,2026,27.141,False
Monaco Grand Prix,2026,19.781,False
Monaco Grand Prix,2026,25.903,True
Monaco Grand Prix,2026,23.777,True
Monaco Grand Prix,2026,66.001,True
Monaco Grand Prix,2026,24.125,False
Monaco Grand Prix,2026,31.481,True
Monaco Grand Prix,2026,20.158,True
Monaco Grand Prix,2026,23.504,True
Monaco Grand Prix,2026,24.031,False
Monaco Grand Prix,2026,35.283,True
Monaco Grand Prix,2026,22.584,True
Monaco Grand Prix,2026,20.221,False
Monaco Grand Prix,2026,25.734,False
Monaco Grand Prix,2026,19.903,True
Monaco Grand Prix,2026,22.147,True
Monaco Grand Prix,2026,61.819,True
Monaco Grand Prix,2026,24.859,False
