driver,season,round,target_race,prior_career_races,tyre_management_pti,consistency_factor_pti,profile_source
AIT,2020,56,Sakhir_Grand_Prix,0,1.05,0.95,fallback
ALB,2019,20,Australian_Grand_Prix,0,1.05,0.95,fallback
ALB,2019,21,Bahrain_Grand_Prix,1,1.05,0.95,fallback
ALB,2019,22,Chinese_Grand_Prix,2,1.05,0.95,fallback
ALB,2019,23,Azerbaijan_Grand_Prix,3,1.05,0.95,fallback
ALB,2019,24,Spanish_Grand_Prix,4,1.05,0.95,fallback
ALB,2019,25,Monaco_Grand_Prix,5,1.05,0.95,fallback
ALB,2019,26,Canadian_Grand_Prix,6,1.05,0.95,fallback
ALB,2019,27,French_Grand_Prix,7,1.05,0.95,fallback
ALB,2019,28,Austrian_Grand_Prix,8,1.05,0.95,fallback
ALB,2019,29,British_Grand_Prix,9,1.05,0.95,fallback
ALB,2019,30,German_Grand_Prix,10,1.0,0.9,fallback
ALB,2019,31,Hungarian_Grand_Prix,11,1.0,0.9,fallback
ALB,2019,33,Italian_Grand_Prix,12,1.0,0.9,fallback
ALB,2019,34,Singapore_Grand_Prix,13,1.0,0.9,fallback
ALB,2019,35,Russian_Grand_Prix,14,1.0,0.9,fallback
ALB,2019,36,Japanese_Grand_Prix,15,1.0,0.9,fallback
ALB,2019,37,Mexican_Grand_Prix,16,1.0,0.9,fallback
ALB,2019,38,United_States_Grand_Prix,17,1.0,0.9,fallback
ALB,2019,39,Brazilian_Grand_Prix,18,1.0,0.9,fallback
ALB,2019,40,Abu_Dhabi_Grand_Prix,19,1.0,0.9,fallback
ALB,2020,41,Austrian_Grand_Prix,20,0.9451524865772833,1.1158575611227364,rolling
ALB,2020,42,Styrian_Grand_Prix,21,0.9428885543763343,1.0939889926462751,rolling
ALB,2020,43,Hungarian_Grand_Prix,22,0.9297794240936164,1.078319204870513,rolling
ALB,2020,44,British_Grand_Prix,23,0.9160164456953668,1.0780097553960148,rolling
ALB,2020,45,70th_Anniversary_Grand_Prix,24,0.918473054596916,1.0524331149241093,rolling
ALB,2020,46,Spanish_Grand_Prix,25,0.9074388483943233,1.038940824874358,rolling
ALB,2020,47,Belgian_Grand_Prix,26,0.895029843428252,1.037656683792017,rolling
ALB,2020,48,Italian_Grand_Prix,27,0.8898615076269699,1.0339237303437694,rolling
ALB,2020,50,Russian_Grand_Prix,28,0.8701081031495476,1.1162582238286272,rolling
ALB,2020,51,Eifel_Grand_Prix,29,0.8614495801057735,1.0977620208023409,rolling
ALB,2020,52,Portuguese_Grand_Prix,30,0.8532089637986219,1.1000956790162877,rolling
ALB,2020,53,Emilia_Romagna_Grand_Prix,31,0.860914290907424,1.086208644642606,rolling
ALB,2020,54,Turkish_Grand_Prix,32,0.8595353205885357,1.052658017241614,rolling
ALB,2020,55,Bahrain_Grand_Prix,33,0.85,1.05447162676167,rolling
ALB,2020,57,Abu_Dhabi_Grand_Prix,34,0.85,1.057895596838336,rolling
ALB,2022,80,Bahrain_Grand_Prix,35,0.85,1.0524440322291275,rolling
ALB,2022,81,Saudi_Arabian_Grand_Prix,36,0.85,1.052121208445444,rolling
ALB,2022,82,Australian_Grand_Prix,37,0.8534918275252091,1.0390641689694964,rolling
ALB,2022,83,Emilia_Romagna_Grand_Prix,38,0.85,1.0304148671998359,rolling
ALB,2022,84,Miami_Grand_Prix,39,0.8549029408704838,1.0340886954243076,rolling
ALB,2022,85,Spanish_Grand_Prix,40,0.8658946600723192,1.0357874329183263,rolling
ALB,2022,86,Monaco_Grand_Prix,41,0.8645344734778552,1.0367706358815922,rolling
ALB,2022,87,Azerbaijan_Grand_Prix,42,0.9207294811050671,1.0087532624537732,rolling
ALB,2022,88,Canadian_Grand_Prix,43,0.927818878605942,1.0072890978984783,rolling
ALB,2022,90,Austrian_Grand_Prix,44,0.9323899542514715,1.0095249729868738,rolling
ALB,2022,91,French_Grand_Prix,45,0.9370727424326556,1.009448610836951,rolling
ALB,2022,92,Hungarian_Grand_Prix,46,0.94067095411701,1.0098677907667135,rolling
ALB,2022,93,Belgian_Grand_Prix,47,0.9427952583384462,1.0094213510460235,rolling
ALB,2022,94,Dutch_Grand_Prix,48,0.9383623824283519,1.0174700180069898,rolling
ALB,2022,96,Singapore_Grand_Prix,49,0.9442504514733316,1.0210138171125782,rolling
ALB,2022,98,United_States_Grand_Prix,50,0.9520404849212798,1.0156586414803717,rolling
ALB,2022,99,Mexico_City_Grand_Prix,51,0.9508560545854872,1.0140478896499858,rolling
ALB,2022,100,São_Paulo_Grand_Prix,52,0.9545920016351982,1.0135775915779202,rolling
ALB,2022,101,Abu_Dhabi_Grand_Prix,53,0.9517457811111177,1.015491780003525,rolling
ALB,2023,102,Bahrain_Grand_Prix,54,0.9526650669477074,1.0170306561685327,rolling
ALB,2023,103,Saudi_Arabian_Grand_Prix,55,0.9551964080415881,1.0194527368763162,rolling
ALB,2023,104,Australian_Grand_Prix,56,0.9506055348775424,1.02108005687587,rolling
ALB,2023,105,Azerbaijan_Grand_Prix,57,0.95954817375498,1.0357446397979897,rolling
ALB,2023,106,Miami_Grand_Prix,58,0.9595843038532524,1.036627479672219,rolling
ALB,2023,107,Monaco_Grand_Prix,59,0.9602437563978063,1.0331499120566585,rolling
ALB,2023,108,Spanish_Grand_Prix,60,0.961207685228284,1.0421237730975665,rolling
ALB,2023,109,Canadian_Grand_Prix,61,0.9626817006273177,1.0412173299889393,rolling
ALB,2023,110,Austrian_Grand_Prix,62,0.9848126220581013,1.042715553588546,rolling
ALB,2023,111,British_Grand_Prix,63,0.9848277403424412,1.0423707170872918,rolling
ALB,2023,112,Hungarian_Grand_Prix,64,0.9858459345055121,1.0432418503454208,rolling
ALB,2023,113,Belgian_Grand_Prix,65,0.9882213204822159,1.0443791183237,rolling
ALB,2023,114,Dutch_Grand_Prix,66,0.984415505672681,1.045500010194535,rolling
ALB,2023,115,Italian_Grand_Prix,67,1.15,1.0819772231482296,rolling
ALB,2023,116,Singapore_Grand_Prix,68,1.15,1.0824305369232678,rolling
ALB,2023,117,Japanese_Grand_Prix,69,1.15,1.0688722444507228,rolling
ALB,2023,118,Qatar_Grand_Prix,70,1.15,1.0674617200408374,rolling
ALB,2023,119,United_States_Grand_Prix,71,1.15,1.0638879178589071,rolling
ALB,2023,120,Mexico_City_Grand_Prix,72,1.15,1.064387934053315,rolling
ALB,2023,122,Las_Vegas_Grand_Prix,73,1.15,1.099254162046228,rolling
ALB,2023,123,Abu_Dhabi_Grand_Prix,74,1.15,1.0992288967069808,rolling
ALB,2024,124,Bahrain_Grand_Prix,75,1.15,1.098178586506502,rolling
ALB,2024,125,Saudi_Arabian_Grand_Prix,76,1.15,1.1015007002029062,rolling
ALB,2024,128,Chinese_Grand_Prix,77,1.15,1.0988312544277057,rolling
ALB,2024,129,Miami_Grand_Prix,78,1.15,1.0978229033949152,rolling
ALB,2024,130,Emilia_Romagna_Grand_Prix,79,1.15,1.0946626620449895,rolling
ALB,2024,131,Monaco_Grand_Prix,80,1.15,1.0947592672860669,rolling
ALB,2024,132,Canadian_Grand_Prix,81,1.15,1.10015221656851,rolling
ALB,2024,133,Spanish_Grand_Prix,82,1.15,1.1121440690256148,rolling
ALB,2024,134,Austrian_Grand_Prix,83,1.15,1.106495883316552,rolling
ALB,2024,135,British_Grand_Prix,84,1.15,1.108892124326638,rolling
ALB,2024,136,Hungarian_Grand_Prix,85,1.15,1.1083229539068151,rolling
ALB,2024,137,Belgian_Grand_Prix,86,1.15,1.108933566261016,rolling
ALB,2024,138,Dutch_Grand_Prix,87,1.15,1.1106760821750712,rolling
ALB,2024,139,Italian_Grand_Prix,88,1.15,1.1080691955613755,rolling
ALB,2024,140,Azerbaijan_Grand_Prix,89,1.15,1.10819536551185,rolling
ALB,2024,141,Singapore_Grand_Prix,90,1.15,1.1063937555482932,rolling
ALB,2024,142,United_States_Grand_Prix,91,1.15,1.1048572084737858,rolling
ALB,2024,145,Las_Vegas_Grand_Prix,92,1.15,1.1047170455797548,rolling
ALB,2024,147,Abu_Dhabi_Grand_Prix,93,1.15,1.1071803019192132,rolling
ALB,2025,149,Chinese_Grand_Prix,94,1.15,1.1081578901126785,rolling
ALB,2025,150,Japanese_Grand_Prix,95,1.15,1.1064341455117679,rolling
ALB,2025,151,Bahrain_Grand_Prix,96,1.15,1.1068559220614944,rolling
ALB,2025,152,Saudi_Arabian_Grand_Prix,97,1.15,1.1070790494840217,rolling
ALB,2025,153,Miami_Grand_Prix,98,1.15,1.105552367096906,rolling
ALB,2025,154,Emilia_Romagna_Grand_Prix,99,1.15,1.1046709827767556,rolling
ALB,2025,155,Monaco_Grand_Prix,100,1.15,1.1029665585072725,rolling
ALB,2025,156,Spanish_Grand_Prix,101,1.15,1.1031406548862335,rolling
ALB,2025,157,Canadian_Grand_Prix,102,1.15,1.1024034595144778,rolling
ALB,2025,159,British_Grand_Prix,103,1.15,1.1006256840771274,rolling
ALB,2025,160,Belgian_Grand_Prix,104,1.15,1.097203557274446,rolling
ALB,2025,161,Hungarian_Grand_Prix,105,1.15,1.0995712682414887,rolling
ALB,2025,162,Dutch_Grand_Prix,106,1.15,1.099604340060872,rolling
ALB,2025,163,Italian_Grand_Prix,107,1.15,1.0980222396538264,rolling
ALB,2025,164,Azerbaijan_Grand_Prix,108,1.15,1.098964396259262,rolling
ALB,2025,165,Singapore_Grand_Prix,109,1.15,1.0944610971528346,rolling
ALB,2025,166,United_States_Grand_Prix,110,1.15,1.0946054310809048,rolling
ALB,2025,167,Mexico_City_Grand_Prix,111,1.15,1.0910482462864144,rolling
ALB,2025,168,São_Paulo_Grand_Prix,112,1.15,1.0889627453110453,rolling
ALB,2025,169,Las_Vegas_Grand_Prix,113,1.15,1.0860240556411977,rolling
ALB,2025,170,Qatar_Grand_Prix,114,1.15,1.0851214549168322,rolling
ALB,2025,171,Abu_Dhabi_Grand_Prix,115,1.15,1.0841512861143872,rolling
ALB,2026,172,Australian_Grand_Prix,116,1.15,1.083095214604489,rolling
ALB,2026,174,Japanese_Grand_Prix,117,1.15,1.087880543091614,rolling
ALB,2026,175,Miami_Grand_Prix,118,1.15,1.087918351854238,rolling
ALB,2026,176,Canadian_Grand_Prix,119,1.15,1.0882382989330042,rolling
ALB,2026,177,Monaco_Grand_Prix,120,1.1283160429354837,1.0788243877237038,rolling
ALO,2018,0,Australian_Grand_Prix,0,0.9,0.85,fallback
ALO,2018,1,Bahrain_Grand_Prix,1,0.9,0.85,fallback
ALO,2018,2,Chinese_Grand_Prix,2,0.9,0.85,fallback
ALO,2018,3,Azerbaijan_Grand_Prix,3,0.9,0.85,fallback
ALO,2018,4,Spanish_Grand_Prix,4,0.9,0.85,fallback
ALO,2018,5,Monaco_Grand_Prix,5,0.9,0.85,fallback
ALO,2018,6,Canadian_Grand_Prix,6,0.9,0.85,fallback
ALO,2018,7,French_Grand_Prix,7,0.9,0.85,fallback
ALO,2018,8,Austrian_Grand_Prix,8,0.9,0.85,fallback
ALO,2018,9,British_Grand_Prix,9,0.9,0.85,fallback
ALO,2018,10,German_Grand_Prix,10,1.0,0.9,fallback
ALO,2018,11,Hungarian_Grand_Prix,11,1.0,0.9,fallback
ALO,2018,13,Singapore_Grand_Prix,12,1.0,0.9,fallback
ALO,2018,14,Russian_Grand_Prix,13,1.0,0.9,fallback
ALO,2018,15,Japanese_Grand_Prix,14,1.0,0.9,fallback
ALO,2018,17,Mexican_Grand_Prix,15,1.0,0.9,fallback
ALO,2018,18,Brazilian_Grand_Prix,16,1.0,0.9,fallback
ALO,2018,19,Abu_Dhabi_Grand_Prix,17,1.0,0.9,fallback
ALO,2021,58,Bahrain_Grand_Prix,18,1.0,0.9,fallback
ALO,2021,59,Emilia_Romagna_Grand_Prix,19,1.0,0.9,fallback
ALO,2021,60,Portuguese_Grand_Prix,20,0.9525655905127574,1.12768660675651,rolling
ALO,2021,61,Spanish_Grand_Prix,21,0.9432812563351476,1.1150945313785001,rolling
ALO,2021,62,Monaco_Grand_Prix,22,0.9477598169193888,1.1068280691969563,rolling
ALO,2021,63,Azerbaijan_Grand_Prix,23,0.9461935558190729,1.0964830682375524,rolling
ALO,2021,64,French_Grand_Prix,24,0.9093878421793299,1.0964830682375524,rolling
ALO,2021,65,Styrian_Grand_Prix,25,0.9049134463473076,1.0920622441114742,rolling
ALO,2021,67,British_Grand_Prix,26,0.914222849364756,1.0963410434268956,rolling
ALO,2021,68,Hungarian_Grand_Prix,27,0.9889853270913298,1.15,rolling
ALO,2021,70,Dutch_Grand_Prix,28,0.972453044919838,1.15,rolling
ALO,2021,71,Italian_Grand_Prix,29,0.9660646157011401,1.15,rolling
ALO,2021,72,Russian_Grand_Prix,30,0.9654003999356321,1.15,rolling
ALO,2021,73,Turkish_Grand_Prix,31,0.935136198864795,1.15,rolling
ALO,2021,74,United_States_Grand_Prix,32,0.917465675887085,1.15,rolling
ALO,2021,75,Mexico_City_Grand_Prix,33,0.9111880248975223,1.15,rolling
ALO,2021,76,São_Paulo_Grand_Prix,34,0.9178293369745312,1.15,rolling
ALO,2021,77,Qatar_Grand_Prix,35,0.9175326247313048,1.15,rolling
ALO,2021,78,Saudi_Arabian_Grand_Prix,36,0.9109116759756196,1.15,rolling
ALO,2021,79,Abu_Dhabi_Grand_Prix,37,0.8777531803279451,1.0633779662304212,rolling
ALO,2022,80,Bahrain_Grand_Prix,38,0.8686863821274613,1.0610865075055875,rolling
ALO,2022,81,Saudi_Arabian_Grand_Prix,39,0.8681011348441724,1.0597907824937627,rolling
ALO,2022,82,Australian_Grand_Prix,40,0.8725302448208969,1.063643268473631,rolling
ALO,2022,83,Emilia_Romagna_Grand_Prix,41,0.8686623060183515,1.0603129722787832,rolling
ALO,2022,84,Miami_Grand_Prix,42,0.8900425125791074,1.0603129722787832,rolling
ALO,2022,85,Spanish_Grand_Prix,43,0.8955438283663929,1.0624404438647284,rolling
ALO,2022,86,Monaco_Grand_Prix,44,0.8945614866926672,1.0620378706829754,rolling
ALO,2022,87,Azerbaijan_Grand_Prix,45,0.8887515152265767,1.0648359520298636,rolling
ALO,2022,88,Canadian_Grand_Prix,46,0.8835888651413811,1.065839462347415,rolling
ALO,2022,89,British_Grand_Prix,47,0.8830618925549778,1.0642416560414396,rolling
ALO,2022,90,Austrian_Grand_Prix,48,0.8819209346671986,1.045987843915815,rolling
ALO,2022,91,French_Grand_Prix,49,0.8804691153624691,1.0374644431627424,rolling
ALO,2022,92,Hungarian_Grand_Prix,50,0.8795347891020182,1.0366468022178918,rolling
ALO,2022,93,Belgian_Grand_Prix,51,0.8799845392834333,1.0338566261953064,rolling
ALO,2022,94,Dutch_Grand_Prix,52,0.8854357255786018,1.037065680374566,rolling
ALO,2022,95,Italian_Grand_Prix,53,0.8853320067121403,1.034474122232039,rolling
ALO,2022,96,Singapore_Grand_Prix,54,0.8890770749063674,1.037570056093956,rolling
ALO,2022,97,Japanese_Grand_Prix,55,0.9025008338165585,1.0423350377833227,rolling
ALO,2022,98,United_States_Grand_Prix,56,0.9004241256747556,1.0303933023075875,rolling
ALO,2022,99,Mexico_City_Grand_Prix,57,0.8982509216654677,1.0325254396094197,rolling
ALO,2022,100,São_Paulo_Grand_Prix,58,0.8973468063921827,1.0307292282882312,rolling
ALO,2022,101,Abu_Dhabi_Grand_Prix,59,0.8976011696066941,1.028097253319822,rolling
ALO,2023,102,Bahrain_Grand_Prix,60,0.894592131410525,1.0308167964412598,rolling
ALO,2023,103,Saudi_Arabian_Grand_Prix,61,0.8965428828293031,1.030129138866701,rolling
ALO,2023,104,Australian_Grand_Prix,62,0.8971210605395776,1.025772785540829,rolling
ALO,2023,105,Azerbaijan_Grand_Prix,63,0.8979638498352389,1.0273521604991003,rolling
ALO,2023,106,Miami_Grand_Prix,64,0.8916260809636377,1.0247450464326242,rolling
ALO,2023,107,Monaco_Grand_Prix,65,0.8928690682903648,1.027724243289362,rolling
ALO,2023,108,Spanish_Grand_Prix,66,0.8613973829707894,0.970308295803661,rolling
ALO,2023,109,Canadian_Grand_Prix,67,0.8626633469116056,0.9687587139498016,rolling
ALO,2023,110,Austrian_Grand_Prix,68,0.8650533796082289,0.9707393185618332,rolling
ALO,2023,111,British_Grand_Prix,69,0.8675664269161917,0.97548544256576,rolling
ALO,2023,112,Hungarian_Grand_Prix,70,0.8687213816146587,0.9772261768678454,rolling
ALO,2023,113,Belgian_Grand_Prix,71,0.8698251192484612,0.9761807635837011,rolling
ALO,2023,114,Dutch_Grand_Prix,72,0.8732066270091167,0.9778872653551485,rolling
ALO,2023,115,Italian_Grand_Prix,73,0.8740109906858768,1.0127427422240898,rolling
ALO,2023,117,Japanese_Grand_Prix,74,0.8768671614069868,1.017238287291233,rolling
ALO,2023,118,Qatar_Grand_Prix,75,0.8765563232369782,1.0132489515400591,rolling
ALO,2023,119,United_States_Grand_Prix,76,0.8821335238946472,1.0138632804372243,rolling
ALO,2023,120,Mexico_City_Grand_Prix,77,0.8789836514328063,1.0138481641512105,rolling
ALO,2023,121,São_Paulo_Grand_Prix,78,0.8784224905241885,1.0104745675260902,rolling
ALO,2023,122,Las_Vegas_Grand_Prix,79,0.8786764109110241,1.0132865625704677,rolling
ALO,2023,123,Abu_Dhabi_Grand_Prix,80,0.8781023810606784,1.0130945517469538,rolling
ALO,2024,124,Bahrain_Grand_Prix,81,0.881547503776398,1.0139697991335899,rolling
ALO,2024,125,Saudi_Arabian_Grand_Prix,82,0.8835118238580405,1.010975010560803,rolling
ALO,2024,126,Australian_Grand_Prix,83,0.8814622104683135,1.0054841860934527,rolling
ALO,2024,127,Japanese_Grand_Prix,84,0.8810245941292143,1.0051022925224442,rolling
ALO,2024,128,Chinese_Grand_Prix,85,0.9076250314494433,1.0359644179024023,rolling
ALO,2024,129,Miami_Grand_Prix,86,0.9031299145185273,1.0345559481452264,rolling
ALO,2024,130,Emilia_Romagna_Grand_Prix,87,0.9035294356635808,1.032836783826256,rolling
ALO,2024,131,Monaco_Grand_Prix,88,0.9010632803330629,1.032009411358974,rolling
ALO,2024,132,Canadian_Grand_Prix,89,0.9025261415405801,1.0335815798156576,rolling
ALO,2024,133,Spanish_Grand_Prix,90,0.8986507386673734,1.0349208624514104,rolling
ALO,2024,134,Austrian_Grand_Prix,91,0.8979352271593305,1.0323447153401886,rolling
ALO,2024,135,British_Grand_Prix,92,0.8992074963181572,1.0338621672408161,rolling
ALO,2024,136,Hungarian_Grand_Prix,93,0.9012421413876301,1.0343737739117143,rolling
ALO,2024,137,Belgian_Grand_Prix,94,0.9018759191618304,1.0354090657461175,rolling
ALO,2024,138,Dutch_Grand_Prix,95,0.9025515530418284,1.0349704999233766,rolling
ALO,2024,139,Italian_Grand_Prix,96,0.9022295256003093,1.0347291654746151,rolling
ALO,2024,140,Azerbaijan_Grand_Prix,97,0.9042358414234302,1.0354620183320336,rolling
ALO,2024,141,Singapore_Grand_Prix,98,0.9025441994160605,1.035087062908314,rolling
ALO,2024,142,United_States_Grand_Prix,99,0.9040416367139315,1.0376163213046514,rolling
ALO,2024,143,Mexico_City_Grand_Prix,100,0.9051283938771278,1.0391657166146988,rolling
ALO,2024,145,Las_Vegas_Grand_Prix,101,0.9058567007767192,1.0414220035013875,rolling
ALO,2024,146,Qatar_Grand_Prix,102,0.9061239075839798,1.0409040588433698,rolling
ALO,2024,147,Abu_Dhabi_Grand_Prix,103,0.9166283804699469,1.0408879476790114,rolling
ALO,2025,148,Australian_Grand_Prix,104,0.917705014347571,1.039463715453529,rolling
ALO,2025,149,Chinese_Grand_Prix,105,0.9187708180056384,1.0403133564690248,rolling
ALO,2025,150,Japanese_Grand_Prix,106,0.9231050702017186,1.0448526477465898,rolling
ALO,2025,151,Bahrain_Grand_Prix,107,0.9248999608235408,1.0458612844730393,rolling
ALO,2025,152,Saudi_Arabian_Grand_Prix,108,0.924396490718772,1.0448177990977106,rolling
ALO,2025,153,Miami_Grand_Prix,109,0.9225582117686169,1.0443763920782987,rolling
ALO,2025,154,Emilia_Romagna_Grand_Prix,110,0.92159726374956,1.0411488523004393,rolling
ALO,2025,155,Monaco_Grand_Prix,111,0.9213228780732452,1.039453405535055,rolling
ALO,2025,157,Canadian_Grand_Prix,112,0.9169664354782234,1.0394720695177897,rolling
ALO,2025,158,Austrian_Grand_Prix,113,0.9170866849192226,1.0414826697341715,rolling
ALO,2025,159,British_Grand_Prix,114,0.9182805103118034,1.0434156074794676,rolling
ALO,2025,160,Belgian_Grand_Prix,115,0.9096993020640847,1.037758740417904,rolling
ALO,2025,161,Hungarian_Grand_Prix,116,0.9041268723356397,1.0390946588638093,rolling
ALO,2025,162,Dutch_Grand_Prix,117,0.9022124967852204,1.0389615876492055,rolling
ALO,2025,163,Italian_Grand_Prix,118,0.9026091433218206,1.038008295106011,rolling
ALO,2025,164,Azerbaijan_Grand_Prix,119,0.9039635154232123,1.0391773341746913,rolling
ALO,2025,165,Singapore_Grand_Prix,120,0.9028643714100113,1.03965993360834,rolling
ALO,2025,166,United_States_Grand_Prix,121,0.9050924422929685,1.0391263570659193,rolling
ALO,2025,167,Mexico_City_Grand_Prix,122,0.90713602930937,1.0395552598818418,rolling
ALO,2025,168,São_Paulo_Grand_Prix,123,0.9061023480053452,1.039548674721216,rolling
ALO,2025,170,Qatar_Grand_Prix,124,0.9056931245910501,1.0389038212330868,rolling
ALO,2025,171,Abu_Dhabi_Grand_Prix,125,0.905060703142283,1.0395980258016633,rolling
ALO,2026,172,Australian_Grand_Prix,126,0.9042044920768406,1.0422049980793482,rolling
ALO,2026,173,Chinese_Grand_Prix,127,0.9022769946103035,1.0422803757151373,rolling
ALO,2026,174,Japanese_Grand_Prix,128,0.9018379653333513,1.039911047120542,rolling
ALO,2026,175,Miami_Grand_Prix,129,0.9022981796118921,1.0383636964515865,rolling
ALO,2026,176,Canadian_Grand_Prix,130,0.9007611613920512,1.03992738058235,rolling
ALO,2026,177,Monaco_Grand_Prix,131,0.9030196942185195,1.0425788088958465,rolling
ANT,2025,148,Australian_Grand_Prix,0,1.05,0.95,fallback
ANT,2025,149,Chinese_Grand_Prix,1,1.05,0.95,fallback
ANT,2025,150,Japanese_Grand_Prix,2,1.05,0.95,fallback
ANT,2025,151,Bahrain_Grand_Prix,3,1.05,0.95,fallback
ANT,2025,152,Saudi_Arabian_Grand_Prix,4,1.05,0.95,fallback
ANT,2025,153,Miami_Grand_Prix,5,1.05,0.95,fallback
ANT,2025,154,Emilia_Romagna_Grand_Prix,6,1.05,0.95,fallback
ANT,2025,155,Monaco_Grand_Prix,7,1.05,0.95,fallback
ANT,2025,156,Spanish_Grand_Prix,8,1.05,0.95,fallback
ANT,2025,157,Canadian_Grand_Prix,9,1.05,0.95,fallback
ANT,2025,159,British_Grand_Prix,10,1.0,0.9,fallback
ANT,2025,160,Belgian_Grand_Prix,11,1.0,0.9,fallback
ANT,2025,161,Hungarian_Grand_Prix,12,1.0,0.9,fallback
ANT,2025,162,Dutch_Grand_Prix,13,1.0,0.9,fallback
ANT,2025,163,Italian_Grand_Prix,14,1.0,0.9,fallback
ANT,2025,164,Azerbaijan_Grand_Prix,15,1.0,0.9,fallback
ANT,2025,165,Singapore_Grand_Prix,16,1.0,0.9,fallback
ANT,2025,166,United_States_Grand_Prix,17,1.0,0.9,fallback
ANT,2025,167,Mexico_City_Grand_Prix,18,1.0,0.9,fallback
ANT,2025,168,São_Paulo_Grand_Prix,19,1.0,0.9,fallback
ANT,2025,169,Las_Vegas_Grand_Prix,20,1.0178423412564113,0.9844184566544132,rolling
ANT,2025,170,Qatar_Grand_Prix,21,0.9819409208185521,0.9731887124256439,rolling
ANT,2025,171,Abu_Dhabi_Grand_Prix,22,0.9992252348059235,0.9751477551566959,rolling
ANT,2026,172,Australian_Grand_Prix,23,0.9973303396799383,0.9621808752098745,rolling
ANT,2026,173,Chinese_Grand_Prix,24,0.988227733582405,0.964606556708868,rolling
ANT,2026,174,Japanese_Grand_Prix,25,0.988673453276306,0.9711060291494151,rolling
ANT,2026,175,Miami_Grand_Prix,26,0.9821124852294961,0.9673627836607024,rolling
ANT,2026,176,Canadian_Grand_Prix,27,0.9873233057393074,0.9729925110046072,rolling
ANT,2026,177,Monaco_Grand_Prix,28,0.9825154562119265,0.9718223057436152,rolling
BEA,2024,125,Saudi_Arabian_Grand_Prix,0,1.05,0.95,fallback
BEA,2024,140,Azerbaijan_Grand_Prix,1,1.05,0.95,fallback
BEA,2024,144,São_Paulo_Grand_Prix,2,1.05,0.95,fallback
BEA,2025,148,Australian_Grand_Prix,3,1.05,0.95,fallback
BEA,2025,149,Chinese_Grand_Prix,4,1.05,0.95,fallback
BEA,2025,150,Japanese_Grand_Prix,5,1.05,0.95,fallback
BEA,2025,151,Bahrain_Grand_Prix,6,1.05,0.95,fallback
BEA,2025,152,Saudi_Arabian_Grand_Prix,7,1.05,0.95,fallback
BEA,2025,153,Miami_Grand_Prix,8,1.05,0.95,fallback
BEA,2025,154,Emilia_Romagna_Grand_Prix,9,1.05,0.95,fallback
BEA,2025,155,Monaco_Grand_Prix,10,1.05,0.95,fallback
BEA,2025,156,Spanish_Grand_Prix,11,1.05,0.95,fallback
BEA,2025,157,Canadian_Grand_Prix,12,1.05,0.95,fallback
BEA,2025,158,Austrian_Grand_Prix,13,1.05,0.95,fallback
BEA,2025,159,British_Grand_Prix,14,1.05,0.95,fallback
BEA,2025,160,Belgian_Grand_Prix,15,1.05,0.95,fallback
BEA,2025,161,Hungarian_Grand_Prix,16,1.05,0.95,fallback
BEA,2025,162,Dutch_Grand_Prix,17,1.05,0.95,fallback
BEA,2025,163,Italian_Grand_Prix,18,1.05,0.95,fallback
BEA,2025,164,Azerbaijan_Grand_Prix,19,1.05,0.95,fallback
BEA,2025,165,Singapore_Grand_Prix,20,0.85,0.8707527210094608,rolling
BEA,2025,166,United_States_Grand_Prix,21,0.85,0.8743197248415118,rolling
BEA,2025,167,Mexico_City_Grand_Prix,22,0.85,0.8887993208773138,rolling
BEA,2025,168,São_Paulo_Grand_Prix,23,0.8591106499549847,0.8949384715455263,rolling
BEA,2025,169,Las_Vegas_Grand_Prix,24,0.8683327280011027,0.9063132074597876,rolling
BEA,2025,170,Qatar_Grand_Prix,25,0.8697076948313436,0.9165921208058833,rolling
BEA,2025,171,Abu_Dhabi_Grand_Prix,26,0.8728427529232693,0.9246107151297631,rolling
BEA,2026,172,Australian_Grand_Prix,27,0.875548368593667,0.9311428631764366,rolling
BEA,2026,173,Chinese_Grand_Prix,28,0.8771593158110044,0.93380898997198,rolling
BEA,2026,174,Japanese_Grand_Prix,29,0.8951420728333134,0.9524286916857045,rolling
BEA,2026,175,Miami_Grand_Prix,30,0.8915226732866918,0.9617039261891313,rolling
BEA,2026,176,Canadian_Grand_Prix,31,0.8949718103992232,0.962734748382837,rolling
BEA,2026,177,Monaco_Grand_Prix,32,0.9147400178432724,0.9688998727992364,rolling
BOR,2025,148,Australian_Grand_Prix,0,1.05,0.95,fallback
BOR,2025,149,Chinese_Grand_Prix,1,1.05,0.95,fallback
BOR,2025,150,Japanese_Grand_Prix,2,1.05,0.95,fallback
BOR,2025,151,Bahrain_Grand_Prix,3,1.05,0.95,fallback
BOR,2025,152,Saudi_Arabian_Grand_Prix,4,1.05,0.95,fallback
BOR,2025,153,Miami_Grand_Prix,5,1.05,0.95,fallback
BOR,2025,154,Emilia_Romagna_Grand_Prix,6,1.05,0.95,fallback
BOR,2025,155,Monaco_Grand_Prix,7,1.05,0.95,fallback
BOR,2025,156,Spanish_Grand_Prix,8,1.05,0.95,fallback
BOR,2025,157,Canadian_Grand_Prix,9,1.05,0.95,fallback
BOR,2025,158,Austrian_Grand_Prix,10,1.05,0.95,fallback
BOR,2025,160,Belgian_Grand_Prix,11,1.05,0.95,fallback
BOR,2025,161,Hungarian_Grand_Prix,12,1.05,0.95,fallback
BOR,2025,162,Dutch_Grand_Prix,13,1.05,0.95,fallback
BOR,2025,164,Azerbaijan_Grand_Prix,14,1.05,0.95,fallback
BOR,2025,165,Singapore_Grand_Prix,15,1.05,0.95,fallback
BOR,2025,166,United_States_Grand_Prix,16,1.05,0.95,fallback
BOR,2025,167,Mexico_City_Grand_Prix,17,1.05,0.95,fallback
BOR,2025,170,Qatar_Grand_Prix,18,1.05,0.95,fallback
BOR,2025,171,Abu_Dhabi_Grand_Prix,19,1.05,0.95,fallback
BOR,2026,174,Japanese_Grand_Prix,20,0.8687481160096642,0.9130110694239507,rolling
BOR,2026,175,Miami_Grand_Prix,21,0.879822934532416,0.9225467967716278,rolling
BOR,2026,176,Canadian_Grand_Prix,22,0.8859043424177094,0.9112194464051777,rolling
BOR,2026,177,Monaco_Grand_Prix,23,0.8798938236566375,0.93004786300432,rolling
BOT,2018,0,Australian_Grand_Prix,0,1.05,0.95,fallback
BOT,2018,1,Bahrain_Grand_Prix,1,1.05,0.95,fallback
BOT,2018,2,Chinese_Grand_Prix,2,1.05,0.95,fallback
BOT,2018,3,Azerbaijan_Grand_Prix,3,1.05,0.95,fallback
BOT,2018,4,Spanish_Grand_Prix,4,1.05,0.95,fallback
BOT,2018,5,Monaco_Grand_Prix,5,1.05,0.95,fallback
BOT,2018,6,Canadian_Grand_Prix,6,1.05,0.95,fallback
BOT,2018,7,French_Grand_Prix,7,1.05,0.95,fallback
BOT,2018,8,Austrian_Grand_Prix,8,1.05,0.95,fallback
BOT,2018,9,British_Grand_Prix,9,1.05,0.95,fallback
BOT,2018,10,German_Grand_Prix,10,1.0,0.9,fallback
BOT,2018,11,Hungarian_Grand_Prix,11,1.0,0.9,fallback
BOT,2018,12,Belgian_Grand_Prix,12,1.0,0.9,fallback
BOT,2018,13,Singapore_Grand_Prix,13,1.0,0.9,fallback
BOT,2018,14,Russian_Grand_Prix,14,1.0,0.9,fallback
BOT,2018,15,Japanese_Grand_Prix,15,1.0,0.9,fallback
BOT,2018,16,United_States_Grand_Prix,16,1.0,0.9,fallback
BOT,2018,17,Mexican_Grand_Prix,17,1.0,0.9,fallback
BOT,2018,18,Brazilian_Grand_Prix,18,1.0,0.9,fallback
BOT,2018,19,Abu_Dhabi_Grand_Prix,19,1.0,0.9,fallback
BOT,2019,20,Australian_Grand_Prix,20,1.0094359429690005,0.9710954728879018,rolling
BOT,2019,21,Bahrain_Grand_Prix,21,1.0135435573702543,0.9739884887531095,rolling
BOT,2019,22,Chinese_Grand_Prix,22,1.0197176113903363,0.9778601923435749,rolling
BOT,2019,23,Azerbaijan_Grand_Prix,23,1.0025442996744334,0.9785252925637041,rolling
BOT,2019,24,Spanish_Grand_Prix,24,0.9927619835576256,0.9849970711026874,rolling
BOT,2019,25,Monaco_Grand_Prix,25,0.9950146855441047,0.9854787966117005,rolling
BOT,2019,26,Canadian_Grand_Prix,26,0.9753218510309181,0.9796794430862983,rolling
BOT,2019,27,French_Grand_Prix,27,0.9663499823925972,0.9732090791387273,rolling
BOT,2019,28,Austrian_Grand_Prix,28,0.9627753147045603,0.9740087277675624,rolling
BOT,2019,29,British_Grand_Prix,29,0.9693823176624594,0.9815758461230574,rolling
BOT,2019,30,German_Grand_Prix,30,0.9661978709193172,0.983184498928863,rolling
BOT,2019,31,Hungarian_Grand_Prix,31,0.9669900251109655,0.9836756602046437,rolling
BOT,2019,32,Belgian_Grand_Prix,32,0.9616741393446272,0.9790507526370231,rolling
BOT,2019,33,Italian_Grand_Prix,33,0.9616774468960241,0.9787929684650946,rolling
BOT,2019,34,Singapore_Grand_Prix,34,0.9675225490180995,0.9765805395426306,rolling
BOT,2019,35,Russian_Grand_Prix,35,0.9565273686610609,0.9767675887736778,rolling
BOT,2019,36,Japanese_Grand_Prix,36,0.9562372043937573,0.9747566305856362,rolling
BOT,2019,37,Mexican_Grand_Prix,37,0.9532049496896301,0.9809559596533791,rolling
BOT,2019,38,United_States_Grand_Prix,38,0.9556845178122209,0.9785993266350663,rolling
BOT,2019,39,Brazilian_Grand_Prix,39,0.9482911818411478,0.9789648224227319,rolling
BOT,2019,40,Abu_Dhabi_Grand_Prix,40,0.9426271378879222,0.9816334346303363,rolling
BOT,2020,41,Austrian_Grand_Prix,41,0.94099683482387,0.9708279308556367,rolling
BOT,2020,42,Styrian_Grand_Prix,42,0.9435795465296066,0.9817324806443778,rolling
BOT,2020,43,Hungarian_Grand_Prix,43,0.9480529846392871,0.9789644427255934,rolling
BOT,2020,44,British_Grand_Prix,44,0.934315769918471,0.96810210930997,rolling
BOT,2020,45,70th_Anniversary_Grand_Prix,45,0.9342951129520396,0.9699552258112136,rolling
BOT,2020,46,Spanish_Grand_Prix,46,0.9329470750591712,0.9745949292278527,rolling
BOT,2020,47,Belgian_Grand_Prix,47,0.9368780905988404,0.9776947003780003,rolling
BOT,2020,48,Italian_Grand_Prix,48,0.938387170416296,0.9796272536448456,rolling
BOT,2020,49,Tuscan_Grand_Prix,49,0.9405070054779603,0.9795621751958363,rolling
BOT,2020,50,Russian_Grand_Prix,50,0.9393375934060306,0.9784791393330894,rolling
BOT,2020,51,Eifel_Grand_Prix,51,0.9404860118314,0.9784489465008286,rolling
BOT,2020,52,Portuguese_Grand_Prix,52,0.9440453409167318,0.9898494252344727,rolling
BOT,2020,53,Emilia_Romagna_Grand_Prix,53,0.9442006523209561,0.9910770368399571,rolling
BOT,2020,54,Turkish_Grand_Prix,54,0.9508361006081275,0.9952835171643839,rolling
BOT,2020,55,Bahrain_Grand_Prix,55,0.9407065777433574,0.9858726323494356,rolling
BOT,2020,56,Sakhir_Grand_Prix,56,0.9378326913828944,0.9752451218135925,rolling
BOT,2020,57,Abu_Dhabi_Grand_Prix,57,0.9395776574068105,0.9779830615815773,rolling
BOT,2021,58,Bahrain_Grand_Prix,58,0.9397896258957874,0.9796546309128751,rolling
BOT,2021,59,Emilia_Romagna_Grand_Prix,59,0.942911414525366,0.9789337028085663,rolling
BOT,2021,60,Portuguese_Grand_Prix,60,0.9382164484818192,0.9926349583296569,rolling
BOT,2021,61,Spanish_Grand_Prix,61,0.9386261670384582,0.9919666731451204,rolling
BOT,2021,62,Monaco_Grand_Prix,62,0.9339669363421823,0.9903241619585628,rolling
BOT,2021,63,Azerbaijan_Grand_Prix,63,0.9405072896909954,0.9971481184538002,rolling
BOT,2021,64,French_Grand_Prix,64,0.9408572415947455,0.9727810979860343,rolling
BOT,2021,65,Styrian_Grand_Prix,65,0.9383034893651202,0.9723370268280644,rolling
BOT,2021,66,Austrian_Grand_Prix,66,0.9376778921155889,0.9714427454088498,rolling
BOT,2021,67,British_Grand_Prix,67,0.9383787205499556,0.9704360106238108,rolling
BOT,2021,70,Dutch_Grand_Prix,68,0.939674254942086,0.9728184717947852,rolling
BOT,2021,71,Italian_Grand_Prix,69,0.9401538413605196,0.9737476698055971,rolling
BOT,2021,72,Russian_Grand_Prix,70,0.9377279184070857,0.9709856083103274,rolling
BOT,2021,73,Turkish_Grand_Prix,71,0.9344169075542516,0.9765007772596367,rolling
BOT,2021,74,United_States_Grand_Prix,72,0.9328103886578883,0.9797756780552107,rolling
BOT,2021,75,Mexico_City_Grand_Prix,73,0.9306818420035146,0.9763497739226582,rolling
BOT,2021,76,São_Paulo_Grand_Prix,74,0.922123553684685,0.9687606389891573,rolling
BOT,2021,77,Qatar_Grand_Prix,75,0.9226603028310171,0.9682827690320781,rolling
BOT,2021,78,Saudi_Arabian_Grand_Prix,76,0.9205607015255937,0.9667655548421635,rolling
BOT,2021,79,Abu_Dhabi_Grand_Prix,77,0.9164179217467062,0.9699783349040318,rolling
BOT,2022,80,Bahrain_Grand_Prix,78,0.9165061896924627,0.9703619787082947,rolling
BOT,2022,81,Saudi_Arabian_Grand_Prix,79,0.9186729914856739,0.9714303229902701,rolling
BOT,2022,82,Australian_Grand_Prix,80,0.9175759603093553,0.9739148576820763,rolling
BOT,2022,83,Emilia_Romagna_Grand_Prix,81,0.916750525211768,0.9741293063489022,rolling
BOT,2022,84,Miami_Grand_Prix,82,0.91873494318406,0.9781134766862708,rolling
BOT,2022,85,Spanish_Grand_Prix,83,0.9302157154548193,0.978302401515517,rolling
BOT,2022,86,Monaco_Grand_Prix,84,0.9352083707823893,0.9781555358074218,rolling
BOT,2022,87,Azerbaijan_Grand_Prix,85,0.9428740247479054,0.9719193162674646,rolling
BOT,2022,88,Canadian_Grand_Prix,86,0.9441715929628431,0.9701721308955205,rolling
BOT,2022,90,Austrian_Grand_Prix,87,0.9443866760777091,0.9705444692424566,rolling
BOT,2022,91,French_Grand_Prix,88,0.9456492075146316,0.9724372633310244,rolling
BOT,2022,92,Hungarian_Grand_Prix,89,0.945973433795909,0.9723040416655376,rolling
BOT,2022,94,Dutch_Grand_Prix,90,0.9457614399523495,0.9778064623745558,rolling
BOT,2022,95,Italian_Grand_Prix,91,0.945019402625572,0.9791307607256508,rolling
BOT,2022,96,Singapore_Grand_Prix,92,0.9426471945166007,0.9764188282430146,rolling
BOT,2022,97,Japanese_Grand_Prix,93,0.953218409882401,0.9610180657737162,rolling
BOT,2022,98,United_States_Grand_Prix,94,0.9633613834755685,0.9733500962459543,rolling
BOT,2022,99,Mexico_City_Grand_Prix,95,0.9605720340403859,0.9760395470012204,rolling
BOT,2022,100,São_Paulo_Grand_Prix,96,0.9606540986501637,0.9773263472822182,rolling
BOT,2022,101,Abu_Dhabi_Grand_Prix,97,0.9610701058928391,0.9780053488099838,rolling
BOT,2023,102,Bahrain_Grand_Prix,98,0.9596872182284882,0.9774046045684559,rolling
BOT,2023,103,Saudi_Arabian_Grand_Prix,99,0.9593647119670358,0.9783446222640468,rolling
BOT,2023,104,Australian_Grand_Prix,100,0.9590183841456708,0.978261573093356,rolling
BOT,2023,105,Azerbaijan_Grand_Prix,101,0.9583697279263508,0.9771196397351974,rolling
BOT,2023,106,Miami_Grand_Prix,102,0.9573856039176973,0.9773062336504748,rolling
BOT,2023,107,Monaco_Grand_Prix,103,0.9560400537417741,0.979158570819326,rolling
BOT,2023,108,Spanish_Grand_Prix,104,0.9589002184227468,0.984500226412942,rolling
BOT,2023,109,Canadian_Grand_Prix,105,0.9560095841211761,0.9834001790482562,rolling
BOT,2023,110,Austrian_Grand_Prix,106,0.9565520947989372,0.9836522851574953,rolling
BOT,2023,111,British_Grand_Prix,107,0.9565266470020292,0.9825509615463782,rolling
BOT,2023,112,Hungarian_Grand_Prix,108,0.9564698152637177,0.9825433374843293,rolling
BOT,2023,113,Belgian_Grand_Prix,109,0.9574141170710626,0.983260973487906,rolling
BOT,2023,114,Dutch_Grand_Prix,110,0.960786518633162,0.9843766458464713,rolling
BOT,2023,115,Italian_Grand_Prix,111,0.9275721256849364,0.9555768042055562,rolling
BOT,2023,116,Singapore_Grand_Prix,112,0.9297265003897873,0.9558929201440405,rolling
BOT,2023,117,Japanese_Grand_Prix,113,0.9321027663754045,0.9534678016808241,rolling
BOT,2023,118,Qatar_Grand_Prix,114,0.9361138435957023,0.9534678016808241,rolling
BOT,2023,119,United_States_Grand_Prix,115,0.9357220844024847,0.9540836793411284,rolling
BOT,2023,120,Mexico_City_Grand_Prix,116,0.936702637005828,0.9548305369942653,rolling
BOT,2023,121,São_Paulo_Grand_Prix,117,0.9322045142436988,0.9360561481810334,rolling
BOT,2023,122,Las_Vegas_Grand_Prix,118,0.9357211383507777,0.9382485159610997,rolling
BOT,2023,123,Abu_Dhabi_Grand_Prix,119,0.9334357943051865,0.9390086150431021,rolling
BOT,2024,124,Bahrain_Grand_Prix,120,0.9337793011501901,0.9399287762514998,rolling
BOT,2024,125,Saudi_Arabian_Grand_Prix,121,0.9342441899493719,0.9402470602099218,rolling
BOT,2024,126,Australian_Grand_Prix,122,0.936431546013695,0.939621885898493,rolling
BOT,2024,127,Japanese_Grand_Prix,123,0.9375335189043481,0.9396520264294445,rolling
BOT,2024,128,Chinese_Grand_Prix,124,1.016277562530261,0.9590321968995364,rolling
BOT,2024,129,Miami_Grand_Prix,125,1.0156288961706557,0.963614048403518,rolling
BOT,2024,130,Emilia_Romagna_Grand_Prix,126,1.0157092037745958,0.9644698043078153,rolling
BOT,2024,131,Monaco_Grand_Prix,127,1.016005519369281,0.9643377279670358,rolling
BOT,2024,132,Canadian_Grand_Prix,128,1.0196192478914248,0.964491172459875,rolling
BOT,2024,133,Spanish_Grand_Prix,129,1.0196236619509147,0.9646201644990858,rolling
BOT,2024,134,Austrian_Grand_Prix,130,1.018441386473583,0.9659036529612279,rolling
BOT,2024,135,British_Grand_Prix,131,1.018205201579172,0.9691193595820471,rolling
BOT,2024,136,Hungarian_Grand_Prix,132,1.021181189199692,0.976042761859804,rolling
BOT,2024,137,Belgian_Grand_Prix,133,1.018193528950483,0.9769274675616954,rolling
BOT,2024,138,Dutch_Grand_Prix,134,1.0138477481851458,0.97379621300875,rolling
BOT,2024,139,Italian_Grand_Prix,135,1.0130157409593616,0.9760786334238936,rolling
BOT,2024,140,Azerbaijan_Grand_Prix,136,1.0115178984537394,0.9754979907243237,rolling
BOT,2024,141,Singapore_Grand_Prix,137,1.0120420308842017,0.9758310213472626,rolling
BOT,2024,142,United_States_Grand_Prix,138,1.0113054585615138,0.9761929673290726,rolling
BOT,2024,143,Mexico_City_Grand_Prix,139,1.013251036709035,0.9794861684604478,rolling
BOT,2024,144,São_Paulo_Grand_Prix,140,1.0135600009146974,0.9800266762863284,rolling
BOT,2024,145,Las_Vegas_Grand_Prix,141,1.0104862889987678,0.9736092696660236,rolling
BOT,2024,146,Qatar_Grand_Prix,142,1.0078164801846357,0.9725566835814484,rolling
BOT,2024,147,Abu_Dhabi_Grand_Prix,143,1.0067592496935207,0.9740304062602785,rolling
BOT,2026,172,Australian_Grand_Prix,144,1.006712671740643,0.97549854853427,rolling
BOT,2026,173,Chinese_Grand_Prix,145,1.0044239867379634,0.9747186702563337,rolling
BOT,2026,174,Japanese_Grand_Prix,146,1.0051515583317001,0.978118455561769,rolling
BOT,2026,175,Miami_Grand_Prix,147,1.0046275966947271,0.9754985266897856,rolling
BOT,2026,176,Canadian_Grand_Prix,148,1.004674661811146,0.973192687585465,rolling
BOT,2026,177,Monaco_Grand_Prix,149,1.003154117902314,0.9702356481267176,rolling
COL,2024,139,Italian_Grand_Prix,0,1.05,0.95,fallback
COL,2024,140,Azerbaijan_Grand_Prix,1,1.05,0.95,fallback
COL,2024,141,Singapore_Grand_Prix,2,1.05,0.95,fallback
COL,2024,142,United_States_Grand_Prix,3,1.05,0.95,fallback
COL,2024,145,Las_Vegas_Grand_Prix,4,1.05,0.95,fallback
COL,2024,147,Abu_Dhabi_Grand_Prix,5,1.05,0.95,fallback
COL,2025,154,Emilia_Romagna_Grand_Prix,6,1.05,0.95,fallback
COL,2025,155,Monaco_Grand_Prix,7,1.05,0.95,fallback
COL,2025,156,Spanish_Grand_Prix,8,1.05,0.95,fallback
COL,2025,157,Canadian_Grand_Prix,9,1.05,0.95,fallback
COL,2025,158,Austrian_Grand_Prix,10,1.05,0.95,fallback
COL,2025,160,Belgian_Grand_Prix,11,1.05,0.95,fallback
COL,2025,161,Hungarian_Grand_Prix,12,1.05,0.95,fallback
COL,2025,162,Dutch_Grand_Prix,13,1.05,0.95,fallback
COL,2025,163,Italian_Grand_Prix,14,1.05,0.95,fallback
COL,2025,164,Azerbaijan_Grand_Prix,15,1.05,0.95,fallback
COL,2025,165,Singapore_Grand_Prix,16,1.05,0.95,fallback
COL,2025,166,United_States_Grand_Prix,17,1.05,0.95,fallback
COL,2025,167,Mexico_City_Grand_Prix,18,1.05,0.95,fallback
COL,2025,168,São_Paulo_Grand_Prix,19,1.05,0.95,fallback
COL,2025,169,Las_Vegas_Grand_Prix,20,0.9836510210166152,0.9279554698102237,rolling
COL,2025,170,Qatar_Grand_Prix,21,0.9880576412556922,0.9178674750066241,rolling
COL,2025,171,Abu_Dhabi_Grand_Prix,22,0.988963587325611,0.9249904527571268,rolling
COL,2026,172,Australian_Grand_Prix,23,0.9861356287361532,0.9261744768645477,rolling
COL,2026,173,Chinese_Grand_Prix,24,0.9798331908416119,0.9206632476422342,rolling
COL,2026,174,Japanese_Grand_Prix,25,0.9817350223113679,0.926743822168133,rolling
COL,2026,175,Miami_Grand_Prix,26,0.9723953500610517,0.9318891443219038,rolling
COL,2026,176,Canadian_Grand_Prix,27,0.9902128565948878,0.9325555989753054,rolling
COL,2026,177,Monaco_Grand_Prix,28,0.997619034156799,0.9481529243268484,rolling
DEV,2022,95,Italian_Grand_Prix,0,1.05,0.95,fallback
DEV,2023,102,Bahrain_Grand_Prix,1,1.05,0.95,fallback
DEV,2023,103,Saudi_Arabian_Grand_Prix,2,1.05,0.95,fallback
DEV,2023,104,Australian_Grand_Prix,3,1.05,0.95,fallback
DEV,2023,105,Azerbaijan_Grand_Prix,4,1.05,0.95,fallback
DEV,2023,106,Miami_Grand_Prix,5,1.05,0.95,fallback
DEV,2023,107,Monaco_Grand_Prix,6,1.05,0.95,fallback
DEV,2023,108,Spanish_Grand_Prix,7,1.05,0.95,fallback
DEV,2023,109,Canadian_Grand_Prix,8,1.05,0.95,fallback
DEV,2023,110,Austrian_Grand_Prix,9,1.05,0.95,fallback
DEV,2023,111,British_Grand_Prix,10,1.05,0.95,fallback
DOO,2024,147,Abu_Dhabi_Grand_Prix,0,1.05,0.95,fallback
DOO,2025,149,Chinese_Grand_Prix,1,1.05,0.95,fallback
DOO,2025,150,Japanese_Grand_Prix,2,1.05,0.95,fallback
DOO,2025,151,Bahrain_Grand_Prix,3,1.05,0.95,fallback
ERI,2018,0,Australian_Grand_Prix,0,0.9,0.85,fallback
ERI,2018,1,Bahrain_Grand_Prix,1,0.9,0.85,fallback
ERI,2018,2,Chinese_Grand_Prix,2,0.9,0.85,fallback
ERI,2018,3,Azerbaijan_Grand_Prix,3,0.9,0.85,fallback
ERI,2018,4,Spanish_Grand_Prix,4,0.9,0.85,fallback
ERI,2018,5,Monaco_Grand_Prix,5,0.9,0.85,fallback
ERI,2018,6,Canadian_Grand_Prix,6,0.9,0.85,fallback
ERI,2018,7,French_Grand_Prix,7,0.9,0.85,fallback
ERI,2018,8,Austrian_Grand_Prix,8,0.9,0.85,fallback
ERI,2018,9,British_Grand_Prix,9,0.9,0.85,fallback
ERI,2018,10,German_Grand_Prix,10,1.05,0.95,fallback
ERI,2018,13,Singapore_Grand_Prix,11,1.05,0.95,fallback
ERI,2018,14,Russian_Grand_Prix,12,1.05,0.95,fallback
ERI,2018,15,Japanese_Grand_Prix,13,1.05,0.95,fallback
ERI,2018,16,United_States_Grand_Prix,14,1.05,0.95,fallback
ERI,2018,17,Mexican_Grand_Prix,15,1.05,0.95,fallback
ERI,2018,18,Brazilian_Grand_Prix,16,1.05,0.95,fallback
ERI,2018,19,Abu_Dhabi_Grand_Prix,17,1.05,0.95,fallback
FIT,2020,56,Sakhir_Grand_Prix,0,1.05,0.95,fallback
FIT,2020,57,Abu_Dhabi_Grand_Prix,1,1.05,0.95,fallback
GAS,2018,0,Australian_Grand_Prix,0,0.9,0.85,fallback
GAS,2018,1,Bahrain_Grand_Prix,1,0.9,0.85,fallback
GAS,2018,2,Chinese_Grand_Prix,2,0.9,0.85,fallback
GAS,2018,3,Azerbaijan_Grand_Prix,3,0.9,0.85,fallback
GAS,2018,5,Monaco_Grand_Prix,4,0.9,0.85,fallback
GAS,2018,8,Austrian_Grand_Prix,5,0.9,0.85,fallback
GAS,2018,10,German_Grand_Prix,6,0.9,0.85,fallback
GAS,2018,11,Hungarian_Grand_Prix,7,0.9,0.85,fallback
GAS,2018,12,Belgian_Grand_Prix,8,0.9,0.85,fallback
GAS,2018,13,Singapore_Grand_Prix,9,0.9,0.85,fallback
GAS,2018,15,Japanese_Grand_Prix,10,1.05,0.95,fallback
GAS,2018,16,United_States_Grand_Prix,11,1.05,0.95,fallback
GAS,2018,17,Mexican_Grand_Prix,12,1.05,0.95,fallback
GAS,2018,18,Brazilian_Grand_Prix,13,1.05,0.95,fallback
GAS,2018,19,Abu_Dhabi_Grand_Prix,14,1.05,0.95,fallback
GAS,2019,20,Australian_Grand_Prix,15,1.0,0.9,fallback
GAS,2019,21,Bahrain_Grand_Prix,16,1.0,0.9,fallback
GAS,2019,22,Chinese_Grand_Prix,17,1.0,0.9,fallback
GAS,2019,23,Azerbaijan_Grand_Prix,18,1.0,0.9,fallback
GAS,2019,24,Spanish_Grand_Prix,19,1.0,0.9,fallback
GAS,2019,25,Monaco_Grand_Prix,20,0.8847815877509607,1.089868065680342,rolling
GAS,2019,26,Canadian_Grand_Prix,21,0.8786157930260725,1.061144350211517,rolling
GAS,2019,27,French_Grand_Prix,22,0.883647710187147,1.062988840809283,rolling
GAS,2019,28,Austrian_Grand_Prix,23,0.876234242284302,1.0586775625426905,rolling
GAS,2019,29,British_Grand_Prix,24,0.8835804494460376,1.0623714454320234,rolling
GAS,2019,30,German_Grand_Prix,25,0.8813942468648377,1.0882516759292746,rolling
GAS,2019,31,Hungarian_Grand_Prix,26,0.85,1.082042812962426,rolling
GAS,2019,32,Belgian_Grand_Prix,27,0.85,1.0798021958636763,rolling
GAS,2019,33,Italian_Grand_Prix,28,0.8503888824637701,1.0849555706281697,rolling
GAS,2019,34,Singapore_Grand_Prix,29,0.85,1.0612208539431822,rolling
GAS,2019,35,Russian_Grand_Prix,30,0.8618597084561982,1.0704512997225426,rolling
GAS,2019,36,Japanese_Grand_Prix,31,0.8729133112871675,1.0693757325219428,rolling
GAS,2019,37,Mexican_Grand_Prix,32,0.8975197357370963,1.0823085013600726,rolling
GAS,2019,38,United_States_Grand_Prix,33,0.8899103291243663,1.0738181378553204,rolling
GAS,2019,39,Brazilian_Grand_Prix,34,0.8991029552667187,1.0795452707658229,rolling
GAS,2019,40,Abu_Dhabi_Grand_Prix,35,0.9068418636156391,1.0850113705916002,rolling
GAS,2020,41,Austrian_Grand_Prix,36,0.909573357333211,1.0858387557692608,rolling
GAS,2020,42,Styrian_Grand_Prix,37,0.9100302833986017,1.0286380347649655,rolling
GAS,2020,43,Hungarian_Grand_Prix,38,0.9094953846895556,1.0258659208176988,rolling
GAS,2020,44,British_Grand_Prix,39,0.8802404273013923,1.0135155281736266,rolling
GAS,2020,45,70th_Anniversary_Grand_Prix,40,0.8881025927623689,1.003513624795508,rolling
GAS,2020,46,Spanish_Grand_Prix,41,0.8879183473311205,1.005596370230113,rolling
GAS,2020,47,Belgian_Grand_Prix,42,0.8875141253080172,1.0087578072337269,rolling
GAS,2020,48,Italian_Grand_Prix,43,0.8899614357880731,1.0046292414803017,rolling
GAS,2020,50,Russian_Grand_Prix,44,0.9099871124688677,1.070794413448489,rolling
GAS,2020,51,Eifel_Grand_Prix,45,0.8956250775589021,1.0686151826604193,rolling
GAS,2020,52,Portuguese_Grand_Prix,46,0.8936177923727946,1.0599816246963665,rolling
GAS,2020,53,Emilia_Romagna_Grand_Prix,47,0.9130445349621352,1.0643038769581543,rolling
GAS,2020,54,Turkish_Grand_Prix,48,0.9168406981741127,1.0717221001339747,rolling
GAS,2020,55,Bahrain_Grand_Prix,49,0.9281351171724564,1.06845743433882,rolling
GAS,2020,56,Sakhir_Grand_Prix,50,0.9372262463404699,1.0686383275132951,rolling
GAS,2020,57,Abu_Dhabi_Grand_Prix,51,0.9390254808775513,1.0683632566825925,rolling
GAS,2021,58,Bahrain_Grand_Prix,52,0.9409429480667864,1.0695876033418938,rolling
GAS,2021,59,Emilia_Romagna_Grand_Prix,53,0.9422735007310722,1.0649157058982905,rolling
GAS,2021,60,Portuguese_Grand_Prix,54,0.982614326600279,1.0708100041844737,rolling
GAS,2021,61,Spanish_Grand_Prix,55,0.9877635337150823,1.0759919974425773,rolling
GAS,2021,62,Monaco_Grand_Prix,56,1.0181454673916603,1.0714654619752184,rolling
GAS,2021,63,Azerbaijan_Grand_Prix,57,1.0289721955602986,1.0801044663717405,rolling
GAS,2021,64,French_Grand_Prix,58,1.029860291653429,1.0810494428137956,rolling
GAS,2021,66,Austrian_Grand_Prix,59,1.0291643698603872,1.0788767851517609,rolling
GAS,2021,67,British_Grand_Prix,60,1.0291995545678208,1.0774066718878346,rolling
GAS,2021,68,Hungarian_Grand_Prix,61,1.03124984786036,1.0650456382411022,rolling
GAS,2021,70,Dutch_Grand_Prix,62,1.0231703522739675,1.0660578243574443,rolling
GAS,2021,72,Russian_Grand_Prix,63,1.0288526233414175,1.067360763438249,rolling
GAS,2021,73,Turkish_Grand_Prix,64,1.0225633485925198,1.0630694364615862,rolling
GAS,2021,74,United_States_Grand_Prix,65,1.0280274656908626,1.0721259740696125,rolling
GAS,2021,76,São_Paulo_Grand_Prix,66,1.0174485390752541,1.0688365446046142,rolling
GAS,2021,77,Qatar_Grand_Prix,67,1.0185243248737499,1.0715321964094553,rolling
GAS,2021,78,Saudi_Arabian_Grand_Prix,68,1.0229935131531283,1.070706535887667,rolling
GAS,2021,79,Abu_Dhabi_Grand_Prix,69,1.0426135924187818,1.1132360770184146,rolling
GAS,2022,80,Bahrain_Grand_Prix,70,1.0386271486064298,1.1103864397017267,rolling
GAS,2022,82,Australian_Grand_Prix,71,1.0378773374028858,1.1111232065967633,rolling
GAS,2022,83,Emilia_Romagna_Grand_Prix,72,1.0388839553601918,1.1092932971408327,rolling
GAS,2022,84,Miami_Grand_Prix,73,1.0367961651111943,1.1106307166001874,rolling
GAS,2022,85,Spanish_Grand_Prix,74,1.040244525584566,1.1134846323481233,rolling
GAS,2022,86,Monaco_Grand_Prix,75,1.0387215700397698,1.110508229097538,rolling
GAS,2022,87,Azerbaijan_Grand_Prix,76,1.0615757841116251,1.1096033404313448,rolling
GAS,2022,88,Canadian_Grand_Prix,77,1.0619691195062664,1.1107484132866152,rolling
GAS,2022,89,British_Grand_Prix,78,1.0620018914894813,1.10752222527909,rolling
GAS,2022,90,Austrian_Grand_Prix,79,1.035177917669638,1.0895968754519632,rolling
GAS,2022,91,French_Grand_Prix,80,1.0342371500069327,1.090784882637375,rolling
GAS,2022,92,Hungarian_Grand_Prix,81,1.0319812833479856,1.0893542360618502,rolling
GAS,2022,93,Belgian_Grand_Prix,82,1.0316967914418116,1.0922426502436973,rolling
GAS,2022,94,Dutch_Grand_Prix,83,1.0305449945788163,1.092688856460305,rolling
GAS,2022,95,Italian_Grand_Prix,84,1.029384429084833,1.0880099681143223,rolling
GAS,2022,96,Singapore_Grand_Prix,85,1.0300709039273006,1.0879302077654613,rolling
GAS,2022,97,Japanese_Grand_Prix,86,1.0205181714224247,1.0718979034488032,rolling
GAS,2022,98,United_States_Grand_Prix,87,1.0139984221666758,1.071666768183838,rolling
GAS,2022,99,Mexico_City_Grand_Prix,88,1.0109410845499163,1.0710917561872757,rolling
GAS,2022,100,São_Paulo_Grand_Prix,89,1.0098858600451746,1.0667340853896579,rolling
GAS,2022,101,Abu_Dhabi_Grand_Prix,90,1.0122778275797617,1.07034828023028,rolling
GAS,2023,102,Bahrain_Grand_Prix,91,1.012917593648223,1.0699701230098773,rolling
GAS,2023,103,Saudi_Arabian_Grand_Prix,92,1.0112206310411098,1.0677579613301311,rolling
GAS,2023,104,Australian_Grand_Prix,93,1.0108037403587948,1.0671333864534576,rolling
GAS,2023,105,Azerbaijan_Grand_Prix,94,1.0049086165901817,1.0699609544279507,rolling
GAS,2023,106,Miami_Grand_Prix,95,1.0081869190078936,1.0678728066391354,rolling
GAS,2023,107,Monaco_Grand_Prix,96,1.0106952193622134,1.0684418754449203,rolling
GAS,2023,108,Spanish_Grand_Prix,97,1.0093764721524523,1.0679894689941876,rolling
GAS,2023,109,Canadian_Grand_Prix,98,1.008123456798986,1.0658913528021168,rolling
GAS,2023,110,Austrian_Grand_Prix,99,1.0068286259016892,1.0639055218235576,rolling
GAS,2023,111,British_Grand_Prix,100,1.0065946534395114,1.0625922647090893,rolling
GAS,2023,113,Belgian_Grand_Prix,101,1.0074051213187643,1.0599287635052435,rolling
GAS,2023,114,Dutch_Grand_Prix,102,1.0079864304795905,1.06008284359607,rolling
GAS,2023,115,Italian_Grand_Prix,103,1.0106040547975825,1.0566744454476718,rolling
GAS,2023,116,Singapore_Grand_Prix,104,1.0099643204380948,1.0567444568243343,rolling
GAS,2023,117,Japanese_Grand_Prix,105,1.0084506501963042,1.0547470116145854,rolling
GAS,2023,118,Qatar_Grand_Prix,106,1.0052668097722626,1.0548630187969739,rolling
GAS,2023,119,United_States_Grand_Prix,107,1.0042795915929617,1.053880610240786,rolling
GAS,2023,120,Mexico_City_Grand_Prix,108,1.028751179782216,1.0592082242350946,rolling
GAS,2023,121,São_Paulo_Grand_Prix,109,1.043458388494941,1.0825757052566525,rolling
GAS,2023,122,Las_Vegas_Grand_Prix,110,1.0437066305513636,1.0821018352486949,rolling
GAS,2023,123,Abu_Dhabi_Grand_Prix,111,1.0410824742120866,1.0837187582484733,rolling
GAS,2024,124,Bahrain_Grand_Prix,112,1.0396427346854606,1.0814562996718944,rolling
GAS,2024,126,Australian_Grand_Prix,113,1.039410812114014,1.0789700667337219,rolling
GAS,2024,127,Japanese_Grand_Prix,114,1.0367420573895503,1.0765110408417622,rolling
GAS,2024,128,Chinese_Grand_Prix,115,1.036091694641875,1.077449925845278,rolling
GAS,2024,129,Miami_Grand_Prix,116,1.033384403235154,1.0747314830935004,rolling
GAS,2024,130,Emilia_Romagna_Grand_Prix,117,1.0328898796072485,1.0752073780297267,rolling
GAS,2024,132,Canadian_Grand_Prix,118,1.0327161055151146,1.075156442840889,rolling
GAS,2024,133,Spanish_Grand_Prix,119,1.0275991381701357,1.073700211008997,rolling
GAS,2024,134,Austrian_Grand_Prix,120,1.0289290532642015,1.0740514555911707,rolling
GAS,2024,136,Hungarian_Grand_Prix,121,1.0286583137115042,1.0737903005399354,rolling
GAS,2024,137,Belgian_Grand_Prix,122,1.0281766009049802,1.0749133704085443,rolling
GAS,2024,138,Dutch_Grand_Prix,123,1.029293476590434,1.0754503912602942,rolling
GAS,2024,139,Italian_Grand_Prix,124,1.029013707598713,1.0754506369805106,rolling
GAS,2024,140,Azerbaijan_Grand_Prix,125,1.0277575219021047,1.0746912889115408,rolling
GAS,2024,141,Singapore_Grand_Prix,126,1.0251847131137546,1.0757174271217338,rolling
GAS,2024,142,United_States_Grand_Prix,127,1.0237756802129,1.072490039234607,rolling
GAS,2024,143,Mexico_City_Grand_Prix,128,1.018968631931072,1.072883030213447,rolling
GAS,2024,144,São_Paulo_Grand_Prix,129,1.01677800820786,1.0745099998528893,rolling
GAS,2024,145,Las_Vegas_Grand_Prix,130,1.0099160425485976,1.072160663209791,rolling
GAS,2024,147,Abu_Dhabi_Grand_Prix,131,1.0067114893671376,1.0712710994196368,rolling
GAS,2025,149,Chinese_Grand_Prix,132,1.0074616198705098,1.072335421809715,rolling
GAS,2025,150,Japanese_Grand_Prix,133,1.0066632079894187,1.0716207751199254,rolling
GAS,2025,151,Bahrain_Grand_Prix,134,1.0066604168805169,1.0702159960968312,rolling
GAS,2025,154,Emilia_Romagna_Grand_Prix,135,1.0067297619302775,1.0697194241844439,rolling
GAS,2025,155,Monaco_Grand_Prix,136,1.0054224742855729,1.0693393084372376,rolling
GAS,2025,156,Spanish_Grand_Prix,137,1.0066180318173816,1.073986051168872,rolling
GAS,2025,157,Canadian_Grand_Prix,138,1.0092210790516454,1.0748494998794633,rolling
GAS,2025,158,Austrian_Grand_Prix,139,1.0077533160948566,1.0723984141468907,rolling
GAS,2025,160,Belgian_Grand_Prix,140,1.0077724121947542,1.074158402185449,rolling
GAS,2025,161,Hungarian_Grand_Prix,141,1.0074316886501546,1.0759610659004384,rolling
GAS,2025,162,Dutch_Grand_Prix,142,1.0088957421174793,1.0765563200280064,rolling
GAS,2025,163,Italian_Grand_Prix,143,1.0098025793744427,1.0769543937567467,rolling
GAS,2025,164,Azerbaijan_Grand_Prix,144,1.0088463155427918,1.0771033052104582,rolling
GAS,2025,165,Singapore_Grand_Prix,145,1.008074478972396,1.0758016453513533,rolling
GAS,2025,166,United_States_Grand_Prix,146,1.0055025780404732,1.0740560058326634,rolling
GAS,2025,167,Mexico_City_Grand_Prix,147,1.0063432835743717,1.0746990908068998,rolling
GAS,2025,168,São_Paulo_Grand_Prix,148,1.0055698759256082,1.074999069706595,rolling
GAS,2025,169,Las_Vegas_Grand_Prix,149,1.0058611814299037,1.07659108220706,rolling
GAS,2025,170,Qatar_Grand_Prix,150,1.0050047002495393,1.078378361413231,rolling
GAS,2025,171,Abu_Dhabi_Grand_Prix,151,1.0046112293579434,1.077768024957181,rolling
GAS,2026,172,Australian_Grand_Prix,152,1.0047760141032491,1.0779706533116704,rolling
GAS,2026,173,Chinese_Grand_Prix,153,1.0055206279401254,1.079205391306616,rolling
GAS,2026,174,Japanese_Grand_Prix,154,1.0050055594004297,1.0786138818259083,rolling
GAS,2026,175,Miami_Grand_Prix,155,1.0063582687372614,1.078108426742523,rolling
GAS,2026,176,Canadian_Grand_Prix,156,1.0031130940911113,1.0783186747897096,rolling
GAS,2026,177,Monaco_Grand_Prix,157,1.0015390821674997,1.0758549242066469,rolling
GIO,2019,20,Australian_Grand_Prix,0,0.9,0.85,fallback
GIO,2019,21,Bahrain_Grand_Prix,1,0.9,0.85,fallback
GIO,2019,22,Chinese_Grand_Prix,2,0.9,0.85,fallback
GIO,2019,23,Azerbaijan_Grand_Prix,3,0.9,0.85,fallback
GIO,2019,24,Spanish_Grand_Prix,4,0.9,0.85,fallback
GIO,2019,25,Monaco_Grand_Prix,5,0.9,0.85,fallback
GIO,2019,26,Canadian_Grand_Prix,6,0.9,0.85,fallback
GIO,2019,27,French_Grand_Prix,7,0.9,0.85,fallback
GIO,2019,28,Austrian_Grand_Prix,8,0.9,0.85,fallback
GIO,2019,29,British_Grand_Prix,9,0.9,0.85,fallback
GIO,2019,30,German_Grand_Prix,10,1.05,0.95,fallback
GIO,2019,31,Hungarian_Grand_Prix,11,1.05,0.95,fallback
GIO,2019,32,Belgian_Grand_Prix,12,1.05,0.95,fallback
GIO,2019,33,Italian_Grand_Prix,13,1.05,0.95,fallback
GIO,2019,34,Singapore_Grand_Prix,14,1.05,0.95,fallback
GIO,2019,35,Russian_Grand_Prix,15,1.05,0.95,fallback
GIO,2019,36,Japanese_Grand_Prix,16,1.05,0.95,fallback
GIO,2019,37,Mexican_Grand_Prix,17,1.05,0.95,fallback
GIO,2019,38,United_States_Grand_Prix,18,1.05,0.95,fallback
GIO,2019,39,Brazilian_Grand_Prix,19,1.05,0.95,fallback
GIO,2019,40,Abu_Dhabi_Grand_Prix,20,0.9076969160638229,0.8912506457109232,rolling
GIO,2020,41,Austrian_Grand_Prix,21,0.9145497734250194,0.8994703959695062,rolling
GIO,2020,42,Styrian_Grand_Prix,22,0.9076300923073097,0.85,rolling
GIO,2020,43,Hungarian_Grand_Prix,23,0.9132650298471858,0.85,rolling
GIO,2020,44,British_Grand_Prix,24,0.9413712660544185,0.85,rolling
GIO,2020,45,70th_Anniversary_Grand_Prix,25,0.9482615178743438,0.85,rolling
GIO,2020,46,Spanish_Grand_Prix,26,0.9570368271797203,0.85,rolling
GIO,2020,47,Belgian_Grand_Prix,27,0.9572220618944568,0.85,rolling
GIO,2020,48,Italian_Grand_Prix,28,0.9320641526694986,0.85,rolling
GIO,2020,50,Russian_Grand_Prix,29,0.85,0.85,rolling
GIO,2020,51,Eifel_Grand_Prix,30,0.85,0.85,rolling
GIO,2020,52,Portuguese_Grand_Prix,31,0.8530271755302486,0.85,rolling
GIO,2020,53,Emilia_Romagna_Grand_Prix,32,0.8542057829750671,0.85,rolling
GIO,2020,54,Turkish_Grand_Prix,33,0.865592287390953,0.85,rolling
GIO,2020,55,Bahrain_Grand_Prix,34,0.871726512925238,0.85,rolling
GIO,2020,56,Sakhir_Grand_Prix,35,0.8778411907916144,0.85,rolling
GIO,2020,57,Abu_Dhabi_Grand_Prix,36,0.8808040787973281,0.85,rolling
GIO,2021,58,Bahrain_Grand_Prix,37,0.8868274107240129,0.85,rolling
GIO,2021,59,Emilia_Romagna_Grand_Prix,38,0.8925569803763531,0.85,rolling
GIO,2021,61,Spanish_Grand_Prix,39,0.8952652337626936,0.85,rolling
GIO,2021,62,Monaco_Grand_Prix,40,0.9036504885808853,0.85,rolling
GIO,2021,63,Azerbaijan_Grand_Prix,41,0.9175506802376449,0.85,rolling
GIO,2021,64,French_Grand_Prix,42,0.9151582073107227,0.85,rolling
GIO,2021,65,Styrian_Grand_Prix,43,0.9198347810800777,0.85,rolling
GIO,2021,66,Austrian_Grand_Prix,44,0.9249830771800296,0.85,rolling
GIO,2021,67,British_Grand_Prix,45,0.9277852313997259,0.85,rolling
GIO,2021,68,Hungarian_Grand_Prix,46,0.9459542056572319,0.85,rolling
GIO,2021,70,Dutch_Grand_Prix,47,0.9496013660593288,0.85,rolling
GIO,2021,71,Italian_Grand_Prix,48,0.9517897507546538,0.85,rolling
GIO,2021,72,Russian_Grand_Prix,49,0.9537015561678224,0.85,rolling
GIO,2021,73,Turkish_Grand_Prix,50,0.935218617696317,0.85,rolling
GIO,2021,74,United_States_Grand_Prix,51,0.9368650729967264,0.85,rolling
GIO,2021,75,Mexico_City_Grand_Prix,52,0.9463693493364516,0.8571613132550299,rolling
GIO,2021,76,São_Paulo_Grand_Prix,53,0.9450464737458407,0.8617359825530312,rolling
GIO,2021,77,Qatar_Grand_Prix,54,0.9457636389522527,0.8689254535644515,rolling
GIO,2021,78,Saudi_Arabian_Grand_Prix,55,0.9543413001496166,0.8732420325741337,rolling
GIO,2021,79,Abu_Dhabi_Grand_Prix,56,0.9907461717741199,0.9366808199230823,rolling
GRO,2018,0,Australian_Grand_Prix,0,0.9,0.85,fallback
GRO,2018,1,Bahrain_Grand_Prix,1,0.9,0.85,fallback
GRO,2018,2,Chinese_Grand_Prix,2,0.9,0.85,fallback
GRO,2018,3,Azerbaijan_Grand_Prix,3,0.9,0.85,fallback
GRO,2018,5,Monaco_Grand_Prix,4,0.9,0.85,fallback
GRO,2018,6,Canadian_Grand_Prix,5,0.9,0.85,fallback
GRO,2018,7,French_Grand_Prix,6,0.9,0.85,fallback
GRO,2018,8,Austrian_Grand_Prix,7,0.9,0.85,fallback
GRO,2018,9,British_Grand_Prix,8,0.9,0.85,fallback
GRO,2018,10,German_Grand_Prix,9,0.9,0.85,fallback
GRO,2018,11,Hungarian_Grand_Prix,10,1.05,0.95,fallback
GRO,2018,12,Belgian_Grand_Prix,11,1.05,0.95,fallback
GRO,2018,13,Singapore_Grand_Prix,12,1.05,0.95,fallback
GRO,2018,14,Russian_Grand_Prix,13,1.05,0.95,fallback
GRO,2018,17,Mexican_Grand_Prix,14,1.05,0.95,fallback
GRO,2018,18,Brazilian_Grand_Prix,15,1.05,0.95,fallback
GRO,2018,19,Abu_Dhabi_Grand_Prix,16,1.05,0.95,fallback
GRO,2019,20,Australian_Grand_Prix,17,1.05,0.95,fallback
GRO,2019,21,Bahrain_Grand_Prix,18,1.05,0.95,fallback
GRO,2019,22,Chinese_Grand_Prix,19,1.05,0.95,fallback
GRO,2019,23,Azerbaijan_Grand_Prix,20,0.9730913911876611,1.0832753439033636,rolling
GRO,2019,24,Spanish_Grand_Prix,21,0.9511517221535255,1.0713577072931,rolling
GRO,2019,25,Monaco_Grand_Prix,22,0.953031873694627,1.0743632802478305,rolling
GRO,2019,26,Canadian_Grand_Prix,23,0.9438205525195444,1.085920894556315,rolling
GRO,2019,27,French_Grand_Prix,24,0.9462881516380955,1.0791391661110359,rolling
GRO,2019,28,Austrian_Grand_Prix,25,0.9404443733597461,1.0770162469739064,rolling
GRO,2019,29,British_Grand_Prix,26,0.9345225312388881,1.0697399179879716,rolling
GRO,2019,30,German_Grand_Prix,27,1.15,1.15,rolling
GRO,2019,31,Hungarian_Grand_Prix,28,1.15,1.15,rolling
GRO,2019,32,Belgian_Grand_Prix,29,1.15,1.15,rolling
GRO,2019,33,Italian_Grand_Prix,30,1.15,1.15,rolling
GRO,2019,34,Singapore_Grand_Prix,31,1.15,1.15,rolling
GRO,2019,36,Japanese_Grand_Prix,32,1.15,1.15,rolling
GRO,2019,37,Mexican_Grand_Prix,33,1.15,1.15,rolling
GRO,2019,38,United_States_Grand_Prix,34,1.15,1.15,rolling
GRO,2019,39,Brazilian_Grand_Prix,35,1.15,1.15,rolling
GRO,2019,40,Abu_Dhabi_Grand_Prix,36,1.15,1.15,rolling
GRO,2020,41,Austrian_Grand_Prix,37,1.15,1.15,rolling
GRO,2020,42,Styrian_Grand_Prix,38,1.1450380984136335,1.067540074877522,rolling
GRO,2020,43,Hungarian_Grand_Prix,39,1.1416740254447701,1.0675844867245972,rolling
GRO,2020,45,70th_Anniversary_Grand_Prix,40,1.1361483165405692,1.064132999058103,rolling
GRO,2020,46,Spanish_Grand_Prix,41,1.1398241049261357,1.068461509395441,rolling
GRO,2020,47,Belgian_Grand_Prix,42,1.1369180414026054,1.0620619000526312,rolling
GRO,2020,48,Italian_Grand_Prix,43,1.1359211912295062,1.066815757371999,rolling
GRO,2020,50,Russian_Grand_Prix,44,1.1192520329799744,1.0052189864069399,rolling
GRO,2020,51,Eifel_Grand_Prix,45,1.1129346346617246,1.002980002326544,rolling
GRO,2020,52,Portuguese_Grand_Prix,46,1.1055333764936919,1.0049187588600503,rolling
GRO,2020,53,Emilia_Romagna_Grand_Prix,47,1.1059997148293232,1.0082403373594062,rolling
GRO,2020,54,Turkish_Grand_Prix,48,1.102243829947124,1.006682060949595,rolling
HAD,2025,149,Chinese_Grand_Prix,0,1.05,0.95,fallback
HAD,2025,150,Japanese_Grand_Prix,1,1.05,0.95,fallback
HAD,2025,151,Bahrain_Grand_Prix,2,1.05,0.95,fallback
HAD,2025,152,Saudi_Arabian_Grand_Prix,3,1.05,0.95,fallback
HAD,2025,153,Miami_Grand_Prix,4,1.05,0.95,fallback
HAD,2025,154,Emilia_Romagna_Grand_Prix,5,1.05,0.95,fallback
HAD,2025,155,Monaco_Grand_Prix,6,1.05,0.95,fallback
HAD,2025,156,Spanish_Grand_Prix,7,1.05,0.95,fallback
HAD,2025,157,Canadian_Grand_Prix,8,1.05,0.95,fallback
HAD,2025,158,Austrian_Grand_Prix,9,1.05,0.95,fallback
HAD,2025,160,Belgian_Grand_Prix,10,1.0,0.9,fallback
HAD,2025,161,Hungarian_Grand_Prix,11,1.0,0.9,fallback
HAD,2025,162,Dutch_Grand_Prix,12,1.0,0.9,fallback
HAD,2025,163,Italian_Grand_Prix,13,1.0,0.9,fallback
HAD,2025,164,Azerbaijan_Grand_Prix,14,1.0,0.9,fallback
HAD,2025,165,Singapore_Grand_Prix,15,1.0,0.9,fallback
HAD,2025,166,United_States_Grand_Prix,16,1.0,0.9,fallback
HAD,2025,167,Mexico_City_Grand_Prix,17,1.0,0.9,fallback
HAD,2025,168,São_Paulo_Grand_Prix,18,1.0,0.9,fallback
HAD,2025,169,Las_Vegas_Grand_Prix,19,1.0,0.9,fallback
HAD,2025,170,Qatar_Grand_Prix,20,1.119466212939368,0.9951620849390105,rolling
HAD,2025,171,Abu_Dhabi_Grand_Prix,21,1.1182325482861195,1.0009161807874645,rolling
HAD,2026,172,Australian_Grand_Prix,22,1.1125328555329175,1.0116529238431426,rolling
HAD,2026,173,Chinese_Grand_Prix,23,1.1159893863288095,1.037221203607577,rolling
HAD,2026,174,Japanese_Grand_Prix,24,1.107869582876854,1.0451123365286983,rolling
HAD,2026,175,Miami_Grand_Prix,25,1.0953628403426539,1.0411710506303742,rolling
HAD,2026,176,Canadian_Grand_Prix,26,1.0527329670607304,1.0408491575268342,rolling
HAM,2018,0,Australian_Grand_Prix,0,1.05,0.95,fallback
HAM,2018,1,Bahrain_Grand_Prix,1,1.05,0.95,fallback
HAM,2018,2,Chinese_Grand_Prix,2,1.05,0.95,fallback
HAM,2018,3,Azerbaijan_Grand_Prix,3,1.05,0.95,fallback
HAM,2018,4,Spanish_Grand_Prix,4,1.05,0.95,fallback
HAM,2018,5,Monaco_Grand_Prix,5,1.05,0.95,fallback
HAM,2018,6,Canadian_Grand_Prix,6,1.05,0.95,fallback
HAM,2018,7,French_Grand_Prix,7,1.05,0.95,fallback
HAM,2018,8,Austrian_Grand_Prix,8,1.05,0.95,fallback
HAM,2018,9,British_Grand_Prix,9,1.05,0.95,fallback
HAM,2018,10,German_Grand_Prix,10,1.0,0.9,fallback
HAM,2018,11,Hungarian_Grand_Prix,11,1.0,0.9,fallback
HAM,2018,12,Belgian_Grand_Prix,12,1.0,0.9,fallback
HAM,2018,13,Singapore_Grand_Prix,13,1.0,0.9,fallback
HAM,2018,14,Russian_Grand_Prix,14,1.0,0.9,fallback
HAM,2018,15,Japanese_Grand_Prix,15,1.0,0.9,fallback
HAM,2018,16,United_States_Grand_Prix,16,1.0,0.9,fallback
HAM,2018,17,Mexican_Grand_Prix,17,1.0,0.9,fallback
HAM,2018,18,Brazilian_Grand_Prix,18,1.0,0.9,fallback
HAM,2018,19,Abu_Dhabi_Grand_Prix,19,1.0,0.9,fallback
HAM,2019,20,Australian_Grand_Prix,20,0.9441431074434872,1.0896950691794598,rolling
HAM,2019,21,Bahrain_Grand_Prix,21,0.9400354930422333,1.086802053314252,rolling
HAM,2019,22,Chinese_Grand_Prix,22,0.9338614390221511,1.0829303497237865,rolling
HAM,2019,23,Azerbaijan_Grand_Prix,23,0.9510347507380541,1.0822652495036573,rolling
HAM,2019,24,Spanish_Grand_Prix,24,0.9608170668548619,1.0757934709646741,rolling
HAM,2019,25,Monaco_Grand_Prix,25,0.9585643648683828,1.075311745455661,rolling
HAM,2019,26,Canadian_Grand_Prix,26,0.9782571993815695,1.0811110989810633,rolling
HAM,2019,27,French_Grand_Prix,27,0.9872290680198904,1.0875814629286342,rolling
HAM,2019,28,Austrian_Grand_Prix,28,0.9908037357079271,1.0867818142997991,rolling
HAM,2019,29,British_Grand_Prix,29,0.9841967327500282,1.079214695944304,rolling
HAM,2019,30,German_Grand_Prix,30,0.9873811794931703,1.0776060431384986,rolling
HAM,2019,31,Hungarian_Grand_Prix,31,0.986589025301522,1.0771148818627179,rolling
HAM,2019,32,Belgian_Grand_Prix,32,0.9919049110678604,1.0817397894303384,rolling
HAM,2019,33,Italian_Grand_Prix,33,0.9919016035164635,1.081997573602267,rolling
HAM,2019,34,Singapore_Grand_Prix,34,0.9860565013943879,1.084210002524731,rolling
HAM,2019,35,Russian_Grand_Prix,35,0.9970516817514266,1.0840229532936838,rolling
HAM,2019,36,Japanese_Grand_Prix,36,0.9973418460187302,1.0860339114817252,rolling
HAM,2019,37,Mexican_Grand_Prix,37,1.0003741007228575,1.0798345824139823,rolling
HAM,2019,38,United_States_Grand_Prix,38,0.9978945326002667,1.0821912154322952,rolling
HAM,2019,39,Brazilian_Grand_Prix,39,1.0052878685713398,1.0818257196446297,rolling
HAM,2019,40,Abu_Dhabi_Grand_Prix,40,1.0109519125245654,1.0791571074370252,rolling
HAM,2020,41,Austrian_Grand_Prix,41,1.0125822155886175,1.0899626112117249,rolling
HAM,2020,42,Styrian_Grand_Prix,42,1.0099995038828808,1.0790580614229837,rolling
HAM,2020,43,Hungarian_Grand_Prix,43,1.0055260657732004,1.081826099341768,rolling
HAM,2020,44,British_Grand_Prix,44,1.0192632804940165,1.0926884327573916,rolling
HAM,2020,45,70th_Anniversary_Grand_Prix,45,1.019283937460448,1.0908353162561477,rolling
HAM,2020,46,Spanish_Grand_Prix,46,1.0206319753533164,1.086195612839509,rolling
HAM,2020,47,Belgian_Grand_Prix,47,1.0167009598136472,1.0830958416893612,rolling
HAM,2020,48,Italian_Grand_Prix,48,1.0151918799961914,1.081163288422516,rolling
HAM,2020,49,Tuscan_Grand_Prix,49,1.0130720449345272,1.0812283668715252,rolling
HAM,2020,50,Russian_Grand_Prix,50,1.0142414570064568,1.0823114027342722,rolling
HAM,2020,51,Eifel_Grand_Prix,51,1.0130930385810875,1.082341595566533,rolling
HAM,2020,52,Portuguese_Grand_Prix,52,1.0095337094957557,1.0709411168328888,rolling
HAM,2020,53,Emilia_Romagna_Grand_Prix,53,1.0093783980915314,1.0697135052274045,rolling
HAM,2020,54,Turkish_Grand_Prix,54,1.00274294980436,1.0655070249029777,rolling
HAM,2020,55,Bahrain_Grand_Prix,55,1.01287247266913,1.074917909717926,rolling
HAM,2020,57,Abu_Dhabi_Grand_Prix,56,1.0157463590295932,1.085545420253769,rolling
HAM,2021,58,Bahrain_Grand_Prix,57,1.0155000583561795,1.083796491113712,rolling
HAM,2021,59,Emilia_Romagna_Grand_Prix,58,1.0122949520978242,1.0844839769446601,rolling
HAM,2021,60,Portuguese_Grand_Prix,59,1.0170419122063343,1.070505968996333,rolling
HAM,2021,61,Spanish_Grand_Prix,60,1.0165973765024903,1.0711462191796346,rolling
HAM,2021,62,Monaco_Grand_Prix,61,1.0213060291261074,1.0727775854633916,rolling
HAM,2021,63,Azerbaijan_Grand_Prix,62,1.0146328649965748,1.0658062876479957,rolling
HAM,2021,64,French_Grand_Prix,63,1.0142525788677639,1.090525739170259,rolling
HAM,2021,65,Styrian_Grand_Prix,64,1.0168223151939453,1.0909374318293075,rolling
HAM,2021,66,Austrian_Grand_Prix,65,1.0174337407989067,1.0918072573228177,rolling
HAM,2021,67,British_Grand_Prix,66,1.016699072804898,1.092791981109686,rolling
HAM,2021,70,Dutch_Grand_Prix,67,1.0153618327809093,1.0903375809709934,rolling
HAM,2021,71,Italian_Grand_Prix,68,1.014853766601756,1.0893599313615163,rolling
HAM,2021,72,Russian_Grand_Prix,69,1.0172941441262573,1.092128442166866,rolling
HAM,2021,73,Turkish_Grand_Prix,70,1.0206318406752626,1.0865012921124262,rolling
HAM,2021,74,United_States_Grand_Prix,71,1.0222402866290812,1.083149117681637,rolling
HAM,2021,75,Mexico_City_Grand_Prix,72,1.0243779571970646,1.0865929614039542,rolling
HAM,2021,76,São_Paulo_Grand_Prix,73,1.0330331981122058,1.094256574990527,rolling
HAM,2021,77,Qatar_Grand_Prix,74,1.032467875310053,1.0947108124887517,rolling
HAM,2021,78,Saudi_Arabian_Grand_Prix,75,1.0345748162631676,1.0962188823418189,rolling
HAM,2021,79,Abu_Dhabi_Grand_Prix,76,1.0387516264684051,1.0929349618170758,rolling
HAM,2022,80,Bahrain_Grand_Prix,77,1.0386415563700724,1.0925187673834882,rolling
HAM,2022,81,Saudi_Arabian_Grand_Prix,78,1.0362347018824878,1.0919836232564204,rolling
HAM,2022,82,Australian_Grand_Prix,79,1.0280817188677451,1.0885918470035967,rolling
HAM,2022,83,Emilia_Romagna_Grand_Prix,80,1.0281693467219666,1.0878527578809338,rolling
HAM,2022,84,Miami_Grand_Prix,81,1.0271761446721213,1.0851422792224235,rolling
HAM,2022,85,Spanish_Grand_Prix,82,1.031801877910169,1.086545920619422,rolling
HAM,2022,86,Monaco_Grand_Prix,83,1.029384849547656,1.0826360498985117,rolling
HAM,2022,87,Azerbaijan_Grand_Prix,84,1.0058961435531872,1.0790151167840496,rolling
HAM,2022,88,Canadian_Grand_Prix,85,1.0006875551185719,1.0765828880826922,rolling
HAM,2022,90,Austrian_Grand_Prix,86,1.0027023525290533,1.07580176351524,rolling
HAM,2022,91,French_Grand_Prix,87,1.0012449622105313,1.0746253417840952,rolling
HAM,2022,92,Hungarian_Grand_Prix,88,1.0023948710757806,1.074564482365115,rolling
HAM,2022,94,Dutch_Grand_Prix,89,1.002603739594654,1.0709491137322165,rolling
HAM,2022,95,Italian_Grand_Prix,90,1.0024375639605254,1.0718980363220802,rolling
HAM,2022,96,Singapore_Grand_Prix,91,0.998600220870431,1.0652911000275118,rolling
HAM,2022,97,Japanese_Grand_Prix,92,1.0334262078501888,1.0692941859029597,rolling
HAM,2022,98,United_States_Grand_Prix,93,1.0287917791397707,1.0701857475748389,rolling
HAM,2022,99,Mexico_City_Grand_Prix,94,1.0271011922976991,1.0694518307059813,rolling
HAM,2022,100,São_Paulo_Grand_Prix,95,1.0276151245072644,1.0693450306747696,rolling
HAM,2022,101,Abu_Dhabi_Grand_Prix,96,1.0254418291314267,1.06578828608532,rolling
HAM,2023,102,Bahrain_Grand_Prix,97,1.0244032112202475,1.066100788890875,rolling
HAM,2023,103,Saudi_Arabian_Grand_Prix,98,1.0240749232239454,1.0664578416267148,rolling
HAM,2023,104,Australian_Grand_Prix,99,1.021971247110262,1.0646620193919867,rolling
HAM,2023,105,Azerbaijan_Grand_Prix,100,1.033453742750961,1.080996908371115,rolling
HAM,2023,106,Miami_Grand_Prix,101,1.0349237741949682,1.0810074100431935,rolling
HAM,2023,107,Monaco_Grand_Prix,102,1.0349869260443096,1.0791695726932518,rolling
HAM,2023,108,Spanish_Grand_Prix,103,1.0306473525282984,1.0765759579144716,rolling
HAM,2023,109,Canadian_Grand_Prix,104,1.0300433709160137,1.0766130782589804,rolling
HAM,2023,110,Austrian_Grand_Prix,105,1.0306345448195264,1.0751103478124822,rolling
HAM,2023,111,British_Grand_Prix,106,1.0296690471488787,1.0758820106997002,rolling
HAM,2023,112,Hungarian_Grand_Prix,107,1.026603067726285,1.0746889386074963,rolling
HAM,2023,113,Belgian_Grand_Prix,108,1.0271469573494985,1.0754895631015893,rolling
HAM,2023,114,Dutch_Grand_Prix,109,1.0256911718615689,1.0765520296563862,rolling
HAM,2023,115,Italian_Grand_Prix,110,1.022972089671819,1.07680896576619,rolling
HAM,2023,116,Singapore_Grand_Prix,111,1.0218598717083958,1.0752142985068733,rolling
HAM,2023,117,Japanese_Grand_Prix,112,1.0189251802336234,1.0735652947284342,rolling
HAM,2023,119,United_States_Grand_Prix,113,1.0154610591421362,1.0720881322053568,rolling
HAM,2023,120,Mexico_City_Grand_Prix,114,1.0169549688719437,1.0730583911351714,rolling
HAM,2023,121,São_Paulo_Grand_Prix,115,1.0163443398665228,1.072372411018964,rolling
HAM,2023,122,Las_Vegas_Grand_Prix,116,1.0170820553261093,1.0714274131021098,rolling
HAM,2023,123,Abu_Dhabi_Grand_Prix,117,1.0155613632623874,1.0699302387054057,rolling
HAM,2024,124,Bahrain_Grand_Prix,118,1.0136883506059269,1.069284373584601,rolling
HAM,2024,125,Saudi_Arabian_Grand_Prix,119,1.0139794499691923,1.067804078683901,rolling
HAM,2024,126,Australian_Grand_Prix,120,1.015247349951588,1.067444598557138,rolling
HAM,2024,127,Japanese_Grand_Prix,121,1.0118304223455676,1.0690047602604391,rolling
HAM,2024,128,Chinese_Grand_Prix,122,1.0127174033861777,1.0676233650318296,rolling
HAM,2024,129,Miami_Grand_Prix,123,1.012463571699508,1.0672600102501466,rolling
HAM,2024,130,Emilia_Romagna_Grand_Prix,124,1.0106395590064097,1.0656767374731182,rolling
HAM,2024,131,Monaco_Grand_Prix,125,1.010575660208633,1.0645911098634735,rolling
HAM,2024,132,Canadian_Grand_Prix,126,1.0114534688044468,1.061967692441514,rolling
HAM,2024,133,Spanish_Grand_Prix,127,1.0031928564426527,1.0587156232002726,rolling
HAM,2024,134,Austrian_Grand_Prix,128,1.0035149491807624,1.0579688089501893,rolling
HAM,2024,135,British_Grand_Prix,129,1.0040234960648289,1.0579367109563276,rolling
HAM,2024,136,Hungarian_Grand_Prix,130,1.0031072129307483,1.05556736473058,rolling
HAM,2024,137,Belgian_Grand_Prix,131,1.0050557586894513,1.0593090804805063,rolling
HAM,2024,138,Dutch_Grand_Prix,132,1.005935505369084,1.0591006555321172,rolling
HAM,2024,139,Italian_Grand_Prix,133,1.005299400739507,1.0574877688118174,rolling
HAM,2024,140,Azerbaijan_Grand_Prix,134,1.0065062544772805,1.0574246507493255,rolling
HAM,2024,141,Singapore_Grand_Prix,135,1.0056667954576555,1.0565820718056913,rolling
HAM,2024,143,Mexico_City_Grand_Prix,136,1.0045802532364396,1.056211991451234,rolling
HAM,2024,144,São_Paulo_Grand_Prix,137,1.0036030473966076,1.0548739791910406,rolling
HAM,2024,145,Las_Vegas_Grand_Prix,138,0.994680492799645,1.0472717593524108,rolling
HAM,2024,146,Qatar_Grand_Prix,139,0.9934781780936244,1.045055660545329,rolling
HAM,2024,147,Abu_Dhabi_Grand_Prix,140,0.9916467324489397,1.044582591385469,rolling
HAM,2025,148,Australian_Grand_Prix,141,0.9910517009234334,1.0427101983975087,rolling
HAM,2025,149,Chinese_Grand_Prix,142,0.9906008676990034,1.042506965469322,rolling
HAM,2025,150,Japanese_Grand_Prix,143,0.9911054290731616,1.0404685746430102,rolling
HAM,2025,151,Bahrain_Grand_Prix,144,0.9910768661149985,1.0399125378332328,rolling
HAM,2025,152,Saudi_Arabian_Grand_Prix,145,0.989986007890499,1.0395716809651552,rolling
HAM,2025,153,Miami_Grand_Prix,146,0.9891672330814711,1.03939981945068,rolling
HAM,2025,154,Emilia_Romagna_Grand_Prix,147,0.9875067108260284,1.0391949530099749,rolling
HAM,2025,155,Monaco_Grand_Prix,148,0.9869367345104944,1.0374426351865391,rolling
HAM,2025,156,Spanish_Grand_Prix,149,0.9858762786243408,1.036774465754754,rolling
HAM,2025,157,Canadian_Grand_Prix,150,0.9859398660279226,1.0364111915605911,rolling
HAM,2025,158,Austrian_Grand_Prix,151,0.9856320469704108,1.0371332963558406,rolling
HAM,2025,159,British_Grand_Prix,152,0.9856198660170988,1.0368537712430799,rolling
HAM,2025,160,Belgian_Grand_Prix,153,0.993153258323533,1.037390509052143,rolling
HAM,2025,161,Hungarian_Grand_Prix,154,0.9919411555261475,1.0380718238098285,rolling
HAM,2025,162,Dutch_Grand_Prix,155,0.9899755019087009,1.034688081803497,rolling
HAM,2025,163,Italian_Grand_Prix,156,0.9897438477893735,1.0362088775835279,rolling
HAM,2025,164,Azerbaijan_Grand_Prix,157,0.9898970518975125,1.0359982274123933,rolling
HAM,2025,165,Singapore_Grand_Prix,158,0.9900458364082207,1.0351805985761526,rolling
HAM,2025,166,United_States_Grand_Prix,159,0.9882311391118076,1.0234225584028767,rolling
HAM,2025,167,Mexico_City_Grand_Prix,160,0.9884105695225702,1.0234889248249002,rolling
HAM,2025,169,Las_Vegas_Grand_Prix,161,0.9879554581566703,1.0223114380895293,rolling
HAM,2025,170,Qatar_Grand_Prix,162,0.9857783217259997,1.021819325532281,rolling
HAM,2025,171,Abu_Dhabi_Grand_Prix,163,0.9855525129788693,1.0225256559616294,rolling
HAM,2026,172,Australian_Grand_Prix,164,0.9850352669083344,1.0236850798088666,rolling
HAM,2026,173,Chinese_Grand_Prix,165,0.9852837180312242,1.0238311777541054,rolling
HAM,2026,174,Japanese_Grand_Prix,166,0.9848838152633371,1.0236720215984747,rolling
HAM,2026,175,Miami_Grand_Prix,167,0.9850540651910821,1.0241224641489715,rolling
HAM,2026,176,Canadian_Grand_Prix,168,0.9858426724859368,1.0242763501917336,rolling
HAM,2026,177,Monaco_Grand_Prix,169,0.9850348447272067,1.02346320947282,rolling
HAR,2018,0,Australian_Grand_Prix,0,0.9,0.85,fallback
HAR,2018,1,Bahrain_Grand_Prix,1,0.9,0.85,fallback
HAR,2018,2,Chinese_Grand_Prix,2,0.9,0.85,fallback
HAR,2018,3,Azerbaijan_Grand_Prix,3,0.9,0.85,fallback
HAR,2018,5,Monaco_Grand_Prix,4,0.9,0.85,fallback
HAR,2018,8,Austrian_Grand_Prix,5,0.9,0.85,fallback
HAR,2018,10,German_Grand_Prix,6,0.9,0.85,fallback
HAR,2018,11,Hungarian_Grand_Prix,7,0.9,0.85,fallback
HAR,2018,12,Belgian_Grand_Prix,8,0.9,0.85,fallback
HAR,2018,13,Singapore_Grand_Prix,9,0.9,0.85,fallback
HAR,2018,15,Japanese_Grand_Prix,10,1.05,0.95,fallback
HAR,2018,16,United_States_Grand_Prix,11,1.05,0.95,fallback
HAR,2018,17,Mexican_Grand_Prix,12,1.05,0.95,fallback
HAR,2018,18,Brazilian_Grand_Prix,13,1.05,0.95,fallback
HAR,2018,19,Abu_Dhabi_Grand_Prix,14,1.05,0.95,fallback
HUL,2018,0,Australian_Grand_Prix,0,0.9,0.85,fallback
HUL,2018,1,Bahrain_Grand_Prix,1,0.9,0.85,fallback
HUL,2018,2,Chinese_Grand_Prix,2,0.9,0.85,fallback
HUL,2018,3,Azerbaijan_Grand_Prix,3,0.9,0.85,fallback
HUL,2018,5,Monaco_Grand_Prix,4,0.9,0.85,fallback
HUL,2018,6,Canadian_Grand_Prix,5,0.9,0.85,fallback
HUL,2018,7,French_Grand_Prix,6,0.9,0.85,fallback
HUL,2018,8,Austrian_Grand_Prix,7,0.9,0.85,fallback
HUL,2018,9,British_Grand_Prix,8,0.9,0.85,fallback
HUL,2018,10,German_Grand_Prix,9,0.9,0.85,fallback
HUL,2018,11,Hungarian_Grand_Prix,10,1.0,0.9,fallback
HUL,2018,13,Singapore_Grand_Prix,11,1.0,0.9,fallback
HUL,2018,14,Russian_Grand_Prix,12,1.0,0.9,fallback
HUL,2018,15,Japanese_Grand_Prix,13,1.0,0.9,fallback
HUL,2018,16,United_States_Grand_Prix,14,1.0,0.9,fallback
HUL,2018,17,Mexican_Grand_Prix,15,1.0,0.9,fallback
HUL,2018,18,Brazilian_Grand_Prix,16,1.0,0.9,fallback
HUL,2019,20,Australian_Grand_Prix,17,1.0,0.9,fallback
HUL,2019,21,Bahrain_Grand_Prix,18,1.0,0.9,fallback
HUL,2019,22,Chinese_Grand_Prix,19,1.0,0.9,fallback
HUL,2019,23,Azerbaijan_Grand_Prix,20,0.85,0.907499096117031,rolling
HUL,2019,24,Spanish_Grand_Prix,21,0.8604777729927374,0.9191934501040179,rolling
HUL,2019,25,Monaco_Grand_Prix,22,0.85,0.9211076418438865,rolling
HUL,2019,26,Canadian_Grand_Prix,23,0.85,0.9030601312860368,rolling
HUL,2019,27,French_Grand_Prix,24,0.85,0.9049647973373379,rolling
HUL,2019,28,Austrian_Grand_Prix,25,0.85,0.9070019813989527,rolling
HUL,2019,29,British_Grand_Prix,26,0.856679297246697,0.9230058671698897,rolling
HUL,2019,30,German_Grand_Prix,27,0.8613277600116512,0.922618401237998,rolling
HUL,2019,31,Hungarian_Grand_Prix,28,0.944984538063822,0.9464962306259189,rolling
HUL,2019,32,Belgian_Grand_Prix,29,0.9522691766925756,0.9577426975528308,rolling
HUL,2019,33,Italian_Grand_Prix,30,0.9488556923664586,0.9606933854038243,rolling
HUL,2019,34,Singapore_Grand_Prix,31,0.9527704054913237,0.9587487408189219,rolling
HUL,2019,35,Russian_Grand_Prix,32,0.9603554202641762,0.9665475880849748,rolling
HUL,2019,36,Japanese_Grand_Prix,33,0.9742689758931089,0.9622935583898283,rolling
HUL,2019,37,Mexican_Grand_Prix,34,0.9805305459462188,0.9713632666330284,rolling
HUL,2019,38,United_States_Grand_Prix,35,0.9777406562674902,0.9734677858896464,rolling
HUL,2019,39,Brazilian_Grand_Prix,36,0.9610273079763958,0.9616204368187256,rolling
HUL,2019,40,Abu_Dhabi_Grand_Prix,37,0.9580574001145163,0.9635990047994291,rolling
HUL,2020,45,70th_Anniversary_Grand_Prix,38,0.9561226219768872,0.9750274994000262,rolling
HUL,2020,51,Eifel_Grand_Prix,39,0.957732591137442,0.975992665464711,rolling
HUL,2022,80,Bahrain_Grand_Prix,40,0.947808964439279,0.9784141704572473,rolling
HUL,2022,81,Saudi_Arabian_Grand_Prix,41,0.9459567377293311,0.9756081167630954,rolling
HUL,2023,102,Bahrain_Grand_Prix,42,0.9429959854414715,1.0177347462521822,rolling
HUL,2023,103,Saudi_Arabian_Grand_Prix,43,0.9477762999382281,1.019758421421887,rolling
HUL,2023,104,Australian_Grand_Prix,44,0.9508735203404295,1.020831793365651,rolling
HUL,2023,105,Azerbaijan_Grand_Prix,45,0.9480628274584724,1.0237902655511424,rolling
HUL,2023,106,Miami_Grand_Prix,46,0.9475945518956204,1.0246865499574471,rolling
HUL,2023,107,Monaco_Grand_Prix,47,0.9440767808002752,1.0224264922546795,rolling
HUL,2023,108,Spanish_Grand_Prix,48,0.9756155166583623,1.0648943412137535,rolling
HUL,2023,109,Canadian_Grand_Prix,49,0.9790415095353103,1.0642808033964668,rolling
HUL,2023,110,Austrian_Grand_Prix,50,0.982976165446487,1.067663850327788,rolling
HUL,2023,111,British_Grand_Prix,51,0.9854040110429658,1.0740750862081914,rolling
HUL,2023,112,Hungarian_Grand_Prix,52,0.9924740030873831,1.069577510987873,rolling
HUL,2023,113,Belgian_Grand_Prix,53,0.9949993647201815,1.0730476617585887,rolling
HUL,2023,114,Dutch_Grand_Prix,54,0.9903795953763578,1.0697167903783953,rolling
HUL,2023,115,Italian_Grand_Prix,55,0.9287564660612945,1.013480567138278,rolling
HUL,2023,116,Singapore_Grand_Prix,56,0.93275437125868,1.015193146794151,rolling
HUL,2023,117,Japanese_Grand_Prix,57,0.9355197243753262,1.021953524457138,rolling
HUL,2023,118,Qatar_Grand_Prix,58,0.9349432204680239,1.022096152177689,rolling
HUL,2023,119,United_States_Grand_Prix,59,0.9404914192666307,1.0270209547456872,rolling
HUL,2023,120,Mexico_City_Grand_Prix,60,0.9428965886406567,1.0270627774165961,rolling
HUL,2023,122,Las_Vegas_Grand_Prix,61,0.9481403729649885,1.0269886943916884,rolling
HUL,2023,123,Abu_Dhabi_Grand_Prix,62,0.9465200829172111,1.0257681493883186,rolling
HUL,2024,124,Bahrain_Grand_Prix,63,0.9475283072046106,1.024399972314306,rolling
HUL,2024,125,Saudi_Arabian_Grand_Prix,64,0.950371268370711,1.0245467032195585,rolling
HUL,2024,126,Australian_Grand_Prix,65,0.9569592327206864,1.0250401858509635,rolling
HUL,2024,127,Japanese_Grand_Prix,66,0.9580393198060773,1.0249240670598618,rolling
HUL,2024,128,Chinese_Grand_Prix,67,0.9806993119986738,1.0532073693895394,rolling
HUL,2024,129,Miami_Grand_Prix,68,0.9807852610806658,1.0557377604127947,rolling
HUL,2024,130,Emilia_Romagna_Grand_Prix,69,0.9809368993575467,1.0575804172915404,rolling
HUL,2024,132,Canadian_Grand_Prix,70,0.9822643817355415,1.0600969844257875,rolling
HUL,2024,133,Spanish_Grand_Prix,71,0.9875711405801753,1.0541229691483203,rolling
HUL,2024,134,Austrian_Grand_Prix,72,0.9860651129691771,1.0521734980322621,rolling
HUL,2024,135,British_Grand_Prix,73,0.9841241251684649,1.0512738740520158,rolling
HUL,2024,136,Hungarian_Grand_Prix,74,0.9821508423690284,1.0511753435320244,rolling
HUL,2024,137,Belgian_Grand_Prix,75,0.9800856050415115,1.0487569726737869,rolling
HUL,2024,138,Dutch_Grand_Prix,76,0.9825759311066665,1.0513684332880826,rolling
HUL,2024,139,Italian_Grand_Prix,77,0.9870408392429595,1.055941748136253,rolling
HUL,2024,140,Azerbaijan_Grand_Prix,78,0.9893887187446314,1.0538783029961227,rolling
HUL,2024,141,Singapore_Grand_Prix,79,0.9913684136666038,1.055383803354587,rolling
HUL,2024,142,United_States_Grand_Prix,80,0.995731633265472,1.0580190675796741,rolling
HUL,2024,143,Mexico_City_Grand_Prix,81,0.9952513503048844,1.0570204787084485,rolling
HUL,2024,144,São_Paulo_Grand_Prix,82,0.9939341769874818,1.0579577800242197,rolling
HUL,2024,145,Las_Vegas_Grand_Prix,83,1.0054357574460797,1.0838178818002302,rolling
HUL,2024,146,Qatar_Grand_Prix,84,1.01093716884359,1.0853519124328195,rolling
HUL,2024,147,Abu_Dhabi_Grand_Prix,85,1.0066071643791328,1.085915586997831,rolling
HUL,2025,148,Australian_Grand_Prix,86,1.0117289673603027,1.0881929044223013,rolling
HUL,2025,149,Chinese_Grand_Prix,87,1.0120728558359113,1.0909556662463111,rolling
HUL,2025,150,Japanese_Grand_Prix,88,1.0133126787349107,1.0900288880597189,rolling
HUL,2025,151,Bahrain_Grand_Prix,89,1.0140312276619596,1.090258366553663,rolling
HUL,2025,152,Saudi_Arabian_Grand_Prix,90,1.0128771031093131,1.0889990225829975,rolling
HUL,2025,153,Miami_Grand_Prix,91,1.0148515120297428,1.088122807574996,rolling
HUL,2025,154,Emilia_Romagna_Grand_Prix,92,1.0646210365837963,1.1124928992280858,rolling
HUL,2025,155,Monaco_Grand_Prix,93,1.0625342930352313,1.1105698974826057,rolling
HUL,2025,156,Spanish_Grand_Prix,94,1.0612307551318092,1.1091228398875437,rolling
HUL,2025,157,Canadian_Grand_Prix,95,1.0585443654743447,1.1089523686956932,rolling
HUL,2025,158,Austrian_Grand_Prix,96,1.0556760845810071,1.1094587386857546,rolling
HUL,2025,160,Belgian_Grand_Prix,97,1.0536123363208254,1.1092801199154445,rolling
HUL,2025,161,Hungarian_Grand_Prix,98,1.0468503828258036,1.10731363526068,rolling
HUL,2025,162,Dutch_Grand_Prix,99,1.0439907290983217,1.1063521136820251,rolling
HUL,2025,164,Azerbaijan_Grand_Prix,100,1.043245061834426,1.105482668956915,rolling
HUL,2025,165,Singapore_Grand_Prix,101,1.0412335339779644,1.1031116430167975,rolling
HUL,2025,166,United_States_Grand_Prix,102,1.0377871334244668,1.1003444770587034,rolling
HUL,2025,167,Mexico_City_Grand_Prix,103,1.037885882361769,1.1001149582939884,rolling
HUL,2025,170,Qatar_Grand_Prix,104,1.0297972060358282,1.0997830979079157,rolling
HUL,2025,171,Abu_Dhabi_Grand_Prix,105,1.0281858896279337,1.1043659119819174,rolling
HUL,2026,174,Japanese_Grand_Prix,106,1.0255217913305896,1.0994356531432654,rolling
HUL,2026,175,Miami_Grand_Prix,107,1.0239025198735283,1.0980159666497975,rolling
HUL,2026,176,Canadian_Grand_Prix,108,1.0231253219339922,1.1006958693044995,rolling
HUL,2026,177,Monaco_Grand_Prix,109,1.0248023064988128,1.0971712972364025,rolling
KUB,2019,20,Australian_Grand_Prix,0,1.05,0.95,fallback
KUB,2019,21,Bahrain_Grand_Prix,1,1.05,0.95,fallback
KUB,2019,22,Chinese_Grand_Prix,2,1.05,0.95,fallback
KUB,2019,23,Azerbaijan_Grand_Prix,3,1.05,0.95,fallback
KUB,2019,24,Spanish_Grand_Prix,4,1.05,0.95,fallback
KUB,2019,25,Monaco_Grand_Prix,5,1.05,0.95,fallback
KUB,2019,26,Canadian_Grand_Prix,6,1.05,0.95,fallback
KUB,2019,27,French_Grand_Prix,7,1.05,0.95,fallback
KUB,2019,28,Austrian_Grand_Prix,8,1.05,0.95,fallback
KUB,2019,29,British_Grand_Prix,9,1.05,0.95,fallback
KUB,2019,30,German_Grand_Prix,10,1.05,0.95,fallback
KUB,2019,31,Hungarian_Grand_Prix,11,1.05,0.95,fallback
KUB,2019,32,Belgian_Grand_Prix,12,1.05,0.95,fallback
KUB,2019,33,Italian_Grand_Prix,13,1.05,0.95,fallback
KUB,2019,34,Singapore_Grand_Prix,14,1.05,0.95,fallback
KUB,2019,35,Russian_Grand_Prix,15,1.05,0.95,fallback
KUB,2019,36,Japanese_Grand_Prix,16,1.05,0.95,fallback
KUB,2019,37,Mexican_Grand_Prix,17,1.05,0.95,fallback
KUB,2019,38,United_States_Grand_Prix,18,1.05,0.95,fallback
KUB,2019,39,Brazilian_Grand_Prix,19,1.05,0.95,fallback
KUB,2019,40,Abu_Dhabi_Grand_Prix,20,0.8833909223175053,0.9783915306890729,rolling
KUB,2021,70,Dutch_Grand_Prix,21,0.8960709809165964,0.9971826050097184,rolling
KUB,2021,71,Italian_Grand_Prix,22,0.8962011735557311,0.9883696993423163,rolling
KVY,2019,20,Australian_Grand_Prix,0,0.9,0.85,fallback
KVY,2019,21,Bahrain_Grand_Prix,1,0.9,0.85,fallback
KVY,2019,22,Chinese_Grand_Prix,2,0.9,0.85,fallback
KVY,2019,23,Azerbaijan_Grand_Prix,3,0.9,0.85,fallback
KVY,2019,24,Spanish_Grand_Prix,4,0.9,0.85,fallback
KVY,2019,25,Monaco_Grand_Prix,5,0.9,0.85,fallback
KVY,2019,26,Canadian_Grand_Prix,6,0.9,0.85,fallback
KVY,2019,27,French_Grand_Prix,7,0.9,0.85,fallback
KVY,2019,28,Austrian_Grand_Prix,8,0.9,0.85,fallback
KVY,2019,29,British_Grand_Prix,9,0.9,0.85,fallback
KVY,2019,30,German_Grand_Prix,10,1.05,0.95,fallback
KVY,2019,31,Hungarian_Grand_Prix,11,1.05,0.95,fallback
KVY,2019,32,Belgian_Grand_Prix,12,1.05,0.95,fallback
KVY,2019,33,Italian_Grand_Prix,13,1.05,0.95,fallback
KVY,2019,34,Singapore_Grand_Prix,14,1.05,0.95,fallback
KVY,2019,35,Russian_Grand_Prix,15,1.05,0.95,fallback
KVY,2019,36,Japanese_Grand_Prix,16,1.05,0.95,fallback
KVY,2019,37,Mexican_Grand_Prix,17,1.05,0.95,fallback
KVY,2019,38,United_States_Grand_Prix,18,1.05,0.95,fallback
KVY,2019,39,Brazilian_Grand_Prix,19,1.05,0.95,fallback
KVY,2019,40,Abu_Dhabi_Grand_Prix,20,0.8791757193393476,0.85,rolling
KVY,2020,41,Austrian_Grand_Prix,21,0.8824722761786291,0.8515493954393132,rolling
KVY,2020,42,Styrian_Grand_Prix,22,0.8890462376550469,0.9533598076219366,rolling
KVY,2020,43,Hungarian_Grand_Prix,23,0.8966474846247248,0.961365591520919,rolling
KVY,2020,44,British_Grand_Prix,24,0.9503299645929154,0.9844999391395673,rolling
KVY,2020,45,70th_Anniversary_Grand_Prix,25,0.94267084619608,1.0030139875347235,rolling
KVY,2020,46,Spanish_Grand_Prix,26,0.9476846798166655,1.0018166939546593,rolling
KVY,2020,47,Belgian_Grand_Prix,27,0.9526829519735188,0.9988758466854298,rolling
KVY,2020,48,Italian_Grand_Prix,28,0.9529739384909671,1.0071146043834829,rolling
KVY,2020,50,Russian_Grand_Prix,29,0.9264054523591907,0.9084173329904948,rolling
KVY,2020,51,Eifel_Grand_Prix,30,0.9518547209102867,0.9144054723602117,rolling
KVY,2020,52,Portuguese_Grand_Prix,31,0.95825582963623,0.9297252644051524,rolling
KVY,2020,53,Emilia_Romagna_Grand_Prix,32,0.9329010960957442,0.9255983205508341,rolling
KVY,2020,54,Turkish_Grand_Prix,33,0.9306410229193711,0.9169563094029247,rolling
KVY,2020,55,Bahrain_Grand_Prix,34,0.9174842816958464,0.9237822140056614,rolling
KVY,2020,56,Sakhir_Grand_Prix,35,0.907581515785661,0.9254823921484937,rolling
KVY,2020,57,Abu_Dhabi_Grand_Prix,36,0.9080540248660834,0.9277240153365882,rolling
LAT,2020,41,Austrian_Grand_Prix,0,0.9,0.85,fallback
LAT,2020,42,Styrian_Grand_Prix,1,0.9,0.85,fallback
LAT,2020,43,Hungarian_Grand_Prix,2,0.9,0.85,fallback
LAT,2020,44,British_Grand_Prix,3,0.9,0.85,fallback
LAT,2020,45,70th_Anniversary_Grand_Prix,4,0.9,0.85,fallback
LAT,2020,46,Spanish_Grand_Prix,5,0.9,0.85,fallback
LAT,2020,47,Belgian_Grand_Prix,6,0.9,0.85,fallback
LAT,2020,48,Italian_Grand_Prix,7,0.9,0.85,fallback
LAT,2020,50,Russian_Grand_Prix,8,0.9,0.85,fallback
LAT,2020,51,Eifel_Grand_Prix,9,0.9,0.85,fallback
LAT,2020,52,Portuguese_Grand_Prix,10,1.05,0.95,fallback
LAT,2020,53,Emilia_Romagna_Grand_Prix,11,1.05,0.95,fallback
LAT,2020,54,Turkish_Grand_Prix,12,1.05,0.95,fallback
LAT,2020,55,Bahrain_Grand_Prix,13,1.05,0.95,fallback
LAT,2020,56,Sakhir_Grand_Prix,14,1.05,0.95,fallback
LAT,2020,57,Abu_Dhabi_Grand_Prix,15,1.05,0.95,fallback
LAT,2021,58,Bahrain_Grand_Prix,16,1.05,0.95,fallback
LAT,2021,60,Portuguese_Grand_Prix,17,1.05,0.95,fallback
LAT,2021,61,Spanish_Grand_Prix,18,1.05,0.95,fallback
LAT,2021,62,Monaco_Grand_Prix,19,1.05,0.95,fallback
LAT,2021,63,Azerbaijan_Grand_Prix,20,1.0560230483694206,0.9736152634935018,rolling
LAT,2021,64,French_Grand_Prix,21,1.096143519155457,0.9679638997176637,rolling
LAT,2021,65,Styrian_Grand_Prix,22,1.0811414307099203,0.9668912564423716,rolling
LAT,2021,66,Austrian_Grand_Prix,23,1.0633652343400217,0.9440989892366466,rolling
LAT,2021,67,British_Grand_Prix,24,1.052287636674802,0.9474545378099122,rolling
LAT,2021,68,Hungarian_Grand_Prix,25,1.0717801124094206,0.9709450901708503,rolling
LAT,2021,70,Dutch_Grand_Prix,26,1.080983263004653,0.9833421015395737,rolling
LAT,2021,71,Italian_Grand_Prix,27,1.081852255979949,0.9828323253219622,rolling
LAT,2021,72,Russian_Grand_Prix,28,1.0829860391101005,0.9853622173472807,rolling
LAT,2021,73,Turkish_Grand_Prix,29,1.0701065787798916,1.0382740325719597,rolling
LAT,2021,74,United_States_Grand_Prix,30,1.0753819322772984,1.0332769886658233,rolling
LAT,2021,75,Mexico_City_Grand_Prix,31,1.0785471458503688,1.0339244434359873,rolling
LAT,2021,76,São_Paulo_Grand_Prix,32,1.0742207988693335,1.0284694301467705,rolling
LAT,2021,77,Qatar_Grand_Prix,33,1.0759929683096416,1.0291942859882874,rolling
LAT,2021,78,Saudi_Arabian_Grand_Prix,34,1.074901326597276,1.0325463728764541,rolling
LAT,2021,79,Abu_Dhabi_Grand_Prix,35,1.0688559044884265,0.9617121226163945,rolling
LAT,2022,80,Bahrain_Grand_Prix,36,1.0785821235203796,0.9601123859224168,rolling
LAT,2022,81,Saudi_Arabian_Grand_Prix,37,1.0736008893353333,0.9617301097096713,rolling
LAT,2022,82,Australian_Grand_Prix,38,1.0672055668481342,0.9756787856181531,rolling
LAT,2022,83,Emilia_Romagna_Grand_Prix,39,1.0734439939814506,0.9852870177906354,rolling
LAT,2022,84,Miami_Grand_Prix,40,1.0674738141384486,0.9828322516986978,rolling
LAT,2022,85,Spanish_Grand_Prix,41,1.0575112172440617,0.9822449369470785,rolling
LAT,2022,86,Monaco_Grand_Prix,42,1.0595574273266601,0.9823031952972703,rolling
LAT,2022,87,Azerbaijan_Grand_Prix,43,1.0053550280072432,1.0106391579683611,rolling
LAT,2022,88,Canadian_Grand_Prix,44,0.9990516291154831,1.013010912457518,rolling
LAT,2022,90,Austrian_Grand_Prix,45,0.9951756560996556,1.0117245130757837,rolling
LAT,2022,91,French_Grand_Prix,46,0.991160177228092,1.0126588033529844,rolling
LAT,2022,92,Hungarian_Grand_Prix,47,0.9881778026168462,1.0130715874191196,rolling
LAT,2022,93,Belgian_Grand_Prix,48,0.9866129691849946,1.014297292226494,rolling
LAT,2022,94,Dutch_Grand_Prix,49,0.9914486603395574,1.007169453138095,rolling
LAT,2022,95,Italian_Grand_Prix,50,0.9861537128283687,1.0044195514330638,rolling
LAT,2022,96,Singapore_Grand_Prix,51,0.9806142336322057,1.0010039389359395,rolling
LAT,2022,98,United_States_Grand_Prix,52,0.9736760161881584,1.006898776774962,rolling
LAT,2022,99,Mexico_City_Grand_Prix,53,0.9753414595169975,1.0091701252119756,rolling
LAT,2022,100,São_Paulo_Grand_Prix,54,0.9722509463637573,1.0103187923777681,rolling
LAT,2022,101,Abu_Dhabi_Grand_Prix,55,0.9754797789126628,1.0091450136787612,rolling
LAW,2023,114,Dutch_Grand_Prix,0,1.05,0.95,fallback
LAW,2023,117,Japanese_Grand_Prix,1,1.05,0.95,fallback
LAW,2023,118,Qatar_Grand_Prix,2,1.05,0.95,fallback
LAW,2024,142,United_States_Grand_Prix,3,1.05,0.95,fallback
LAW,2024,144,São_Paulo_Grand_Prix,4,1.05,0.95,fallback
LAW,2024,145,Las_Vegas_Grand_Prix,5,1.05,0.95,fallback
LAW,2024,146,Qatar_Grand_Prix,6,1.05,0.95,fallback
LAW,2024,147,Abu_Dhabi_Grand_Prix,7,1.05,0.95,fallback
LAW,2025,148,Australian_Grand_Prix,8,1.05,0.95,fallback
LAW,2025,149,Chinese_Grand_Prix,9,1.05,0.95,fallback
LAW,2025,150,Japanese_Grand_Prix,10,1.05,0.95,fallback
LAW,2025,151,Bahrain_Grand_Prix,11,1.05,0.95,fallback
LAW,2025,152,Saudi_Arabian_Grand_Prix,12,1.05,0.95,fallback
LAW,2025,153,Miami_Grand_Prix,13,1.05,0.95,fallback
LAW,2025,154,Emilia_Romagna_Grand_Prix,14,1.05,0.95,fallback
LAW,2025,155,Monaco_Grand_Prix,15,1.05,0.95,fallback
LAW,2025,156,Spanish_Grand_Prix,16,1.05,0.95,fallback
LAW,2025,157,Canadian_Grand_Prix,17,1.05,0.95,fallback
LAW,2025,158,Austrian_Grand_Prix,18,1.05,0.95,fallback
LAW,2025,160,Belgian_Grand_Prix,19,1.05,0.95,fallback
LAW,2025,161,Hungarian_Grand_Prix,20,0.85,0.9555088764071419,rolling
LAW,2025,162,Dutch_Grand_Prix,21,0.85,0.9601084050212918,rolling
LAW,2025,163,Italian_Grand_Prix,22,0.85,0.965305206327146,rolling
LAW,2025,164,Azerbaijan_Grand_Prix,23,0.85,0.973008038212281,rolling
LAW,2025,165,Singapore_Grand_Prix,24,0.85,0.9911608488595682,rolling
LAW,2025,166,United_States_Grand_Prix,25,0.85,0.9917885907054749,rolling
LAW,2025,167,Mexico_City_Grand_Prix,26,0.85,0.9993657382556136,rolling
LAW,2025,168,São_Paulo_Grand_Prix,27,0.85,0.9993657382556136,rolling
LAW,2025,169,Las_Vegas_Grand_Prix,28,0.85,1.0018394069342649,rolling
LAW,2025,170,Qatar_Grand_Prix,29,0.85,1.005155060088065,rolling
LAW,2025,171,Abu_Dhabi_Grand_Prix,30,0.85,1.0032720076767274,rolling
LAW,2026,172,Australian_Grand_Prix,31,0.85,0.9976430326578583,rolling
LAW,2026,173,Chinese_Grand_Prix,32,0.85,0.9904039562085978,rolling
LAW,2026,174,Japanese_Grand_Prix,33,0.8512027609693515,1.0127599331011687,rolling
LAW,2026,175,Miami_Grand_Prix,34,0.8561761031382413,1.0134242535223073,rolling
LAW,2026,177,Monaco_Grand_Prix,35,0.85,1.0094733174935187,rolling
LEC,2018,0,Australian_Grand_Prix,0,0.9,0.85,fallback
LEC,2018,1,Bahrain_Grand_Prix,1,0.9,0.85,fallback
LEC,2018,2,Chinese_Grand_Prix,2,0.9,0.85,fallback
LEC,2018,3,Azerbaijan_Grand_Prix,3,0.9,0.85,fallback
LEC,2018,4,Spanish_Grand_Prix,4,0.9,0.85,fallback
LEC,2018,5,Monaco_Grand_Prix,5,0.9,0.85,fallback
LEC,2018,6,Canadian_Grand_Prix,6,0.9,0.85,fallback
LEC,2018,7,French_Grand_Prix,7,0.9,0.85,fallback
LEC,2018,8,Austrian_Grand_Prix,8,0.9,0.85,fallback
LEC,2018,9,British_Grand_Prix,9,0.9,0.85,fallback
LEC,2018,10,German_Grand_Prix,10,1.05,0.95,fallback
LEC,2018,13,Singapore_Grand_Prix,11,1.05,0.95,fallback
LEC,2018,14,Russian_Grand_Prix,12,1.05,0.95,fallback
LEC,2018,15,Japanese_Grand_Prix,13,1.05,0.95,fallback
LEC,2018,16,United_States_Grand_Prix,14,1.05,0.95,fallback
LEC,2018,17,Mexican_Grand_Prix,15,1.05,0.95,fallback
LEC,2018,18,Brazilian_Grand_Prix,16,1.05,0.95,fallback
LEC,2018,19,Abu_Dhabi_Grand_Prix,17,1.05,0.95,fallback
LEC,2019,20,Australian_Grand_Prix,18,1.0,0.9,fallback
LEC,2019,21,Bahrain_Grand_Prix,19,1.0,0.9,fallback
LEC,2019,22,Chinese_Grand_Prix,20,0.9614436806747648,0.898496436320829,rolling
LEC,2019,23,Azerbaijan_Grand_Prix,21,0.9672943324539153,0.8971872373764038,rolling
LEC,2019,24,Spanish_Grand_Prix,22,0.935853530583198,0.903713267522024,rolling
LEC,2019,25,Monaco_Grand_Prix,23,0.9398815437888115,0.9143127795383478,rolling
LEC,2019,26,Canadian_Grand_Prix,24,0.9275663469005025,0.85,rolling
LEC,2019,27,French_Grand_Prix,25,0.9259693557819173,0.85,rolling
LEC,2019,28,Austrian_Grand_Prix,26,0.9333911481001358,0.85,rolling
LEC,2019,29,British_Grand_Prix,27,0.9366056882032984,0.85,rolling
LEC,2019,30,German_Grand_Prix,28,0.9460371588552845,0.85,rolling
LEC,2019,31,Hungarian_Grand_Prix,29,0.9083581996077443,0.9131168508481435,rolling
LEC,2019,32,Belgian_Grand_Prix,30,0.9066959121906328,0.9269491797154634,rolling
LEC,2019,33,Italian_Grand_Prix,31,0.9140293520321714,0.9326094586357692,rolling
LEC,2019,34,Singapore_Grand_Prix,32,0.9160998491249295,0.9410453497927826,rolling
LEC,2019,35,Russian_Grand_Prix,33,0.9117046419494268,0.9435531349907514,rolling
LEC,2019,36,Japanese_Grand_Prix,34,0.9087284197291137,0.9356546211765642,rolling
LEC,2019,37,Mexican_Grand_Prix,35,0.8949349826840165,0.9328154594003094,rolling
LEC,2019,38,United_States_Grand_Prix,36,0.8981707450960331,0.9361370521077869,rolling
LEC,2019,39,Brazilian_Grand_Prix,37,0.8933814365873541,0.9262849943781146,rolling
LEC,2019,40,Abu_Dhabi_Grand_Prix,38,0.8942386199908806,0.9265000449179457,rolling
LEC,2020,41,Austrian_Grand_Prix,39,0.9023141842908595,0.9317732341609858,rolling
LEC,2020,43,Hungarian_Grand_Prix,40,0.9074768976191034,0.8982591964681194,rolling
LEC,2020,44,British_Grand_Prix,41,0.9125347995515796,0.9026843834197051,rolling
LEC,2020,45,70th_Anniversary_Grand_Prix,42,0.9141962791549029,0.9103931765742032,rolling
LEC,2020,46,Spanish_Grand_Prix,43,0.920038712418096,0.9158088572670939,rolling
LEC,2020,47,Belgian_Grand_Prix,44,0.9173702219987119,0.9119826300337399,rolling
LEC,2020,48,Italian_Grand_Prix,45,0.9106524191589149,0.9090666130215277,rolling
LEC,2020,49,Tuscan_Grand_Prix,46,0.9253518103312464,0.9128283384772394,rolling
LEC,2020,50,Russian_Grand_Prix,47,0.9284996689658221,0.9203375373417975,rolling
LEC,2020,51,Eifel_Grand_Prix,48,0.9317063758810084,0.925505282030121,rolling
LEC,2020,52,Portuguese_Grand_Prix,49,0.9366691943832561,0.9274633233752437,rolling
LEC,2020,53,Emilia_Romagna_Grand_Prix,50,0.942719661332913,0.9344701376389093,rolling
LEC,2020,54,Turkish_Grand_Prix,51,0.9511009218254026,0.9394377948473674,rolling
LEC,2020,55,Bahrain_Grand_Prix,52,0.9479149010273319,0.9296082661803597,rolling
LEC,2020,57,Abu_Dhabi_Grand_Prix,53,0.9571724185362667,0.9342056976495694,rolling
LEC,2021,58,Bahrain_Grand_Prix,54,0.9641402509249021,0.935105581281093,rolling
LEC,2021,59,Emilia_Romagna_Grand_Prix,55,0.9643779524623605,0.9389197971814367,rolling
LEC,2021,60,Portuguese_Grand_Prix,56,0.9700190477075319,0.9542383125580449,rolling
LEC,2021,61,Spanish_Grand_Prix,57,0.9696876118426716,0.9534471223896864,rolling
LEC,2021,63,Azerbaijan_Grand_Prix,58,0.9739561174632646,0.9575672943927229,rolling
LEC,2021,64,French_Grand_Prix,59,0.9712159678371837,0.9590742703350548,rolling
LEC,2021,65,Styrian_Grand_Prix,60,0.9694949586371142,0.9566855166595235,rolling
LEC,2021,66,Austrian_Grand_Prix,61,0.977074932862106,0.9614560634707477,rolling
LEC,2021,67,British_Grand_Prix,62,0.978790363448033,0.9643041415591852,rolling
LEC,2021,70,Dutch_Grand_Prix,63,0.9817429016509018,0.966603056829479,rolling
LEC,2021,71,Italian_Grand_Prix,64,0.9820597151927797,0.9667393252933189,rolling
LEC,2021,72,Russian_Grand_Prix,65,0.9818197549624958,0.9698623815273534,rolling
LEC,2021,73,Turkish_Grand_Prix,66,0.9694922906397894,0.9521539412856772,rolling
LEC,2021,74,United_States_Grand_Prix,67,0.9781682267812035,0.9567856065100422,rolling
LEC,2021,75,Mexico_City_Grand_Prix,68,0.9772695440026543,0.9581704272915366,rolling
LEC,2021,76,São_Paulo_Grand_Prix,69,0.9793915983852961,0.9645617756859011,rolling
LEC,2021,77,Qatar_Grand_Prix,70,0.9806856211036269,0.9660739536034697,rolling
LEC,2021,78,Saudi_Arabian_Grand_Prix,71,0.9805995178941742,0.9653738426564518,rolling
LEC,2021,79,Abu_Dhabi_Grand_Prix,72,0.9843302394068623,0.9696042727716215,rolling
LEC,2022,80,Bahrain_Grand_Prix,73,0.9886597277337543,0.9718557027811328,rolling
LEC,2022,81,Saudi_Arabian_Grand_Prix,74,0.9888504925349821,0.972536488899335,rolling
LEC,2022,84,Miami_Grand_Prix,75,0.9896613059575118,0.9746157035342004,rolling
LEC,2022,85,Spanish_Grand_Prix,76,0.9887366428249551,0.974290543373792,rolling
LEC,2022,86,Monaco_Grand_Prix,77,0.9896012061943358,0.9886292704114503,rolling
LEC,2022,87,Azerbaijan_Grand_Prix,78,0.9858336846462622,0.9901600946309074,rolling
LEC,2022,88,Canadian_Grand_Prix,79,0.9816938424327519,0.9893490485309746,rolling
LEC,2022,89,British_Grand_Prix,80,0.9742553832763063,0.9866858754724023,rolling
LEC,2022,90,Austrian_Grand_Prix,81,0.9738556627321686,0.9885635913695083,rolling
LEC,2022,91,French_Grand_Prix,82,0.9715772741576778,0.9862136528715575,rolling
LEC,2022,92,Hungarian_Grand_Prix,83,0.9707035898017925,0.9940275837573744,rolling
LEC,2022,93,Belgian_Grand_Prix,84,0.9683236097601763,0.9925172285124126,rolling
LEC,2022,94,Dutch_Grand_Prix,85,0.9658640528155683,0.9904333859838954,rolling
LEC,2022,95,Italian_Grand_Prix,86,0.9670745402889743,0.9904548495457169,rolling
LEC,2022,96,Singapore_Grand_Prix,87,0.9691002357064342,0.995050997759817,rolling
LEC,2022,99,Mexico_City_Grand_Prix,88,0.9709969934093219,0.9971121066753055,rolling
LEC,2022,100,São_Paulo_Grand_Prix,89,0.9716886694931745,0.9972669741962277,rolling
LEC,2022,101,Abu_Dhabi_Grand_Prix,90,0.9706158916879793,0.9981414932391521,rolling
LEC,2023,102,Bahrain_Grand_Prix,91,0.9717450816952516,0.9996944298339709,rolling
LEC,2023,103,Saudi_Arabian_Grand_Prix,92,0.9707750769130343,1.001351378959911,rolling
LEC,2023,105,Azerbaijan_Grand_Prix,93,0.9689397454438147,1.0016799184521898,rolling
LEC,2023,106,Miami_Grand_Prix,94,0.9685312742673322,1.0009812347573077,rolling
LEC,2023,107,Monaco_Grand_Prix,95,0.967930583760777,1.0005494699468895,rolling
LEC,2023,108,Spanish_Grand_Prix,96,0.9663106243096264,1.000782855847214,rolling
LEC,2023,109,Canadian_Grand_Prix,97,0.9657635448816481,0.9997309304542004,rolling
LEC,2023,110,Austrian_Grand_Prix,98,0.9662014951229232,0.9995203392521237,rolling
LEC,2023,111,British_Grand_Prix,99,0.9666738635920394,0.9989438135669956,rolling
LEC,2023,112,Hungarian_Grand_Prix,100,0.9678228162038962,0.9999117162631543,rolling
LEC,2023,113,Belgian_Grand_Prix,101,0.968344496148861,1.000575686603879,rolling
LEC,2023,114,Dutch_Grand_Prix,102,0.9778033565121379,1.0019677458932594,rolling
LEC,2023,115,Italian_Grand_Prix,103,0.9744400737550023,1.001675329593014,rolling
LEC,2023,116,Singapore_Grand_Prix,104,0.9740096269488845,1.0020138433794878,rolling
LEC,2023,117,Japanese_Grand_Prix,105,0.9762616356848758,1.0018973032940321,rolling
LEC,2023,119,United_States_Grand_Prix,106,0.9765312115253441,1.0027479784261666,rolling
LEC,2023,120,Mexico_City_Grand_Prix,107,0.9776344805757775,1.00414224477952,rolling
LEC,2023,122,Las_Vegas_Grand_Prix,108,0.9776515916248913,1.0051320561747095,rolling
LEC,2023,123,Abu_Dhabi_Grand_Prix,109,0.9808782461550201,1.0072425903198878,rolling
LEC,2024,124,Bahrain_Grand_Prix,110,0.9804253734610044,1.0069229500366912,rolling
LEC,2024,125,Saudi_Arabian_Grand_Prix,111,0.9799248541107699,1.0068234960771314,rolling
LEC,2024,126,Australian_Grand_Prix,112,0.9821649249044908,1.009656198445654,rolling
LEC,2024,127,Japanese_Grand_Prix,113,0.9817763035191631,1.0090514378939366,rolling
LEC,2024,128,Chinese_Grand_Prix,114,0.9815117972125962,1.0101206179550217,rolling
LEC,2024,129,Miami_Grand_Prix,115,0.9820464920014791,1.010370197447002,rolling
LEC,2024,130,Emilia_Romagna_Grand_Prix,116,0.9815544925311501,1.0106969426280952,rolling
LEC,2024,131,Monaco_Grand_Prix,117,0.9813942618091847,1.0107412442254997,rolling
LEC,2024,132,Canadian_Grand_Prix,118,0.9824814354278895,1.011200578061193,rolling
LEC,2024,133,Spanish_Grand_Prix,119,0.9787163648513079,1.0140265183839168,rolling
LEC,2024,134,Austrian_Grand_Prix,120,0.9795033835100652,1.012469530787931,rolling
LEC,2024,135,British_Grand_Prix,121,0.9791464317982688,1.0133465601221383,rolling
LEC,2024,136,Hungarian_Grand_Prix,122,0.9778971683859445,1.0072667782882596,rolling
LEC,2024,137,Belgian_Grand_Prix,123,0.9784517391570627,1.008395475430233,rolling
LEC,2024,138,Dutch_Grand_Prix,124,0.9807058722838798,1.009317340020054,rolling
LEC,2024,139,Italian_Grand_Prix,125,0.9814168560953225,1.0106251546612643,rolling
LEC,2024,140,Azerbaijan_Grand_Prix,126,0.9815809229730532,1.0115176489188815,rolling
LEC,2024,141,Singapore_Grand_Prix,127,0.9815168881588288,1.0123596699825053,rolling
LEC,2024,142,United_States_Grand_Prix,128,0.9818709384461712,1.009578484478324,rolling
LEC,2024,143,Mexico_City_Grand_Prix,129,0.9818730272293372,1.0104753619248807,rolling
LEC,2024,144,São_Paulo_Grand_Prix,130,0.981718956692597,1.010055549718251,rolling
LEC,2024,145,Las_Vegas_Grand_Prix,131,0.9917067959818818,1.0140451084810183,rolling
LEC,2024,146,Qatar_Grand_Prix,132,0.9907828376326105,1.0142151685509595,rolling
LEC,2024,147,Abu_Dhabi_Grand_Prix,133,0.9910983263290678,1.0139342609954691,rolling
LEC,2025,148,Australian_Grand_Prix,134,0.9897013731208224,1.013250185816649,rolling
LEC,2025,149,Chinese_Grand_Prix,135,0.9899742938188765,1.01349973569558,rolling
LEC,2025,150,Japanese_Grand_Prix,136,0.9892452615570381,1.0156782189975289,rolling
LEC,2025,151,Bahrain_Grand_Prix,137,0.9890798705041752,1.0162965624211402,rolling
LEC,2025,152,Saudi_Arabian_Grand_Prix,138,0.99003347018784,1.0166879079840696,rolling
LEC,2025,153,Miami_Grand_Prix,139,0.9907032593565609,1.0169010211799798,rolling
LEC,2025,154,Emilia_Romagna_Grand_Prix,140,0.9922590117103076,1.0171482002386965,rolling
LEC,2025,155,Monaco_Grand_Prix,141,0.992671563643465,1.0190190543286766,rolling
LEC,2025,156,Spanish_Grand_Prix,142,0.9936009909624468,1.0197506465673254,rolling
LEC,2025,157,Canadian_Grand_Prix,143,0.9933531844609672,1.0201615315943864,rolling
LEC,2025,158,Austrian_Grand_Prix,144,0.9934973974999108,1.0194336148918146,rolling
LEC,2025,159,British_Grand_Prix,145,0.9933339568850528,1.0197557628087757,rolling
LEC,2025,160,Belgian_Grand_Prix,146,0.9852655747249564,1.0192219280363708,rolling
LEC,2025,161,Hungarian_Grand_Prix,147,0.9863664185899996,1.0185365922016447,rolling
LEC,2025,162,Dutch_Grand_Prix,148,0.9882579576913547,1.0221086336681127,rolling
LEC,2025,163,Italian_Grand_Prix,149,0.9883350290566401,1.0205431953118105,rolling
LEC,2025,164,Azerbaijan_Grand_Prix,150,0.9880113432472309,1.0207905989520778,rolling
LEC,2025,165,Singapore_Grand_Prix,151,0.9876945399530312,1.021672632540349,rolling
LEC,2025,166,United_States_Grand_Prix,152,0.9894338527436952,1.033998064767334,rolling
LEC,2025,167,Mexico_City_Grand_Prix,153,0.9890887886445774,1.033950687586768,rolling
LEC,2025,169,Las_Vegas_Grand_Prix,154,0.9894092602170139,1.0352034557299525,rolling
LEC,2025,170,Qatar_Grand_Prix,155,0.9915312630157715,1.0357389259397722,rolling
LEC,2025,171,Abu_Dhabi_Grand_Prix,156,0.9916150853968805,1.035021621007795,rolling
LEC,2026,172,Australian_Grand_Prix,157,0.9920051478656986,1.0338311608431519,rolling
LEC,2026,173,Chinese_Grand_Prix,158,0.9915971997667217,1.0336993136308161,rolling
LEC,2026,174,Japanese_Grand_Prix,159,0.991868155691777,1.0338859801246345,rolling
LEC,2026,175,Miami_Grand_Prix,160,0.9915456265763019,1.0334360340897053,rolling
LEC,2026,176,Canadian_Grand_Prix,161,0.9905797466577273,1.033295532155821,rolling
LEC,2026,177,Monaco_Grand_Prix,162,0.9912814721052223,1.0341636768546865,rolling
LIN,2026,172,Australian_Grand_Prix,0,1.05,0.95,fallback
LIN,2026,173,Chinese_Grand_Prix,1,1.05,0.95,fallback
LIN,2026,174,Japanese_Grand_Prix,2,1.05,0.95,fallback
LIN,2026,175,Miami_Grand_Prix,3,1.05,0.95,fallback
LIN,2026,177,Monaco_Grand_Prix,4,1.05,0.95,fallback
MAG,2018,0,Australian_Grand_Prix,0,1.05,0.95,fallback
MAG,2018,1,Bahrain_Grand_Prix,1,1.05,0.95,fallback
MAG,2018,2,Chinese_Grand_Prix,2,1.05,0.95,fallback
MAG,2018,3,Azerbaijan_Grand_Prix,3,1.05,0.95,fallback
MAG,2018,5,Monaco_Grand_Prix,4,1.05,0.95,fallback
MAG,2018,6,Canadian_Grand_Prix,5,1.05,0.95,fallback
MAG,2018,7,French_Grand_Prix,6,1.05,0.95,fallback
MAG,2018,8,Austrian_Grand_Prix,7,1.05,0.95,fallback
MAG,2018,9,British_Grand_Prix,8,1.05,0.95,fallback
MAG,2018,10,German_Grand_Prix,9,1.05,0.95,fallback
MAG,2018,11,Hungarian_Grand_Prix,10,1.0,0.9,fallback
MAG,2018,12,Belgian_Grand_Prix,11,1.0,0.9,fallback
MAG,2018,13,Singapore_Grand_Prix,12,1.0,0.9,fallback
MAG,2018,14,Russian_Grand_Prix,13,1.0,0.9,fallback
MAG,2018,17,Mexican_Grand_Prix,14,1.0,0.9,fallback
MAG,2018,18,Brazilian_Grand_Prix,15,1.0,0.9,fallback
MAG,2018,19,Abu_Dhabi_Grand_Prix,16,1.0,0.9,fallback
MAG,2019,20,Australian_Grand_Prix,17,1.05,0.95,fallback
MAG,2019,21,Bahrain_Grand_Prix,18,1.05,0.95,fallback
MAG,2019,22,Chinese_Grand_Prix,19,1.05,0.95,fallback
MAG,2019,23,Azerbaijan_Grand_Prix,20,0.9804876592248264,0.977515198163998,rolling
MAG,2019,24,Spanish_Grand_Prix,21,1.0024273282589622,0.9894328347742615,rolling
MAG,2019,25,Monaco_Grand_Prix,22,1.0005471767178604,0.986427261819531,rolling
MAG,2019,26,Canadian_Grand_Prix,23,1.009758497892943,0.9748696475110465,rolling
MAG,2019,27,French_Grand_Prix,24,1.007290898774392,0.9816513759563257,rolling
MAG,2019,28,Austrian_Grand_Prix,25,1.0131346770527414,0.9837742950934552,rolling
MAG,2019,29,British_Grand_Prix,26,1.0190565191735994,0.9910506240793899,rolling
MAG,2019,30,German_Grand_Prix,27,0.85,0.85,rolling
MAG,2019,31,Hungarian_Grand_Prix,28,0.85,0.85,rolling
MAG,2019,32,Belgian_Grand_Prix,29,0.85,0.85,rolling
MAG,2019,33,Italian_Grand_Prix,30,0.85,0.85,rolling
MAG,2019,34,Singapore_Grand_Prix,31,0.85,0.85,rolling
MAG,2019,36,Japanese_Grand_Prix,32,0.85,0.85,rolling
MAG,2019,37,Mexican_Grand_Prix,33,0.85,0.85,rolling
MAG,2019,38,United_States_Grand_Prix,34,0.85,0.8553983237684811,rolling
MAG,2019,39,Brazilian_Grand_Prix,35,0.85,0.8615813492889961,rolling
MAG,2019,40,Abu_Dhabi_Grand_Prix,36,0.85,0.85,rolling
MAG,2020,41,Austrian_Grand_Prix,37,0.85,0.8581131271748593,rolling
MAG,2020,42,Styrian_Grand_Prix,38,0.85,0.9932504671898396,rolling
MAG,2020,43,Hungarian_Grand_Prix,39,0.85,0.9932060553427643,rolling
MAG,2020,45,70th_Anniversary_Grand_Prix,40,0.85,0.9966575430092585,rolling
MAG,2020,46,Spanish_Grand_Prix,41,0.85,0.9923290326719205,rolling
MAG,2020,47,Belgian_Grand_Prix,42,0.85,0.9987286420147303,rolling
MAG,2020,48,Italian_Grand_Prix,43,0.85,0.9939747846953625,rolling
MAG,2020,50,Russian_Grand_Prix,44,0.85,1.0555715556604217,rolling
MAG,2020,51,Eifel_Grand_Prix,45,0.85,1.0578105397408175,rolling
MAG,2020,52,Portuguese_Grand_Prix,46,0.85,1.0558717832073112,rolling
MAG,2020,53,Emilia_Romagna_Grand_Prix,47,0.85,1.0525502047079554,rolling
MAG,2020,54,Turkish_Grand_Prix,48,0.8513352204653636,1.0541084811177663,rolling
MAG,2020,56,Sakhir_Grand_Prix,49,0.8819750934322601,1.064060822322783,rolling
MAG,2020,57,Abu_Dhabi_Grand_Prix,50,0.8853224037476883,1.067971414762279,rolling
MAG,2022,80,Bahrain_Grand_Prix,51,0.8878392065937312,1.0622989444625919,rolling
MAG,2022,82,Australian_Grand_Prix,52,0.8915699339542387,1.0634052821205662,rolling
MAG,2022,83,Emilia_Romagna_Grand_Prix,53,0.8958594602336382,1.0648160100734598,rolling
MAG,2022,84,Miami_Grand_Prix,54,0.9040695892753243,1.0747167294631972,rolling
MAG,2022,85,Spanish_Grand_Prix,55,0.9003133379588752,1.0733814595386446,rolling
MAG,2022,86,Monaco_Grand_Prix,56,0.8989302238387804,1.0693032817945447,rolling
MAG,2022,87,Azerbaijan_Grand_Prix,57,0.8672387511568663,1.08490893722904,rolling
MAG,2022,88,Canadian_Grand_Prix,58,0.8729135979322297,1.089819597709083,rolling
MAG,2022,89,British_Grand_Prix,59,0.880174634044106,1.0862092580977805,rolling
MAG,2022,90,Austrian_Grand_Prix,60,0.8917032856210002,1.0787507810280954,rolling
MAG,2022,91,French_Grand_Prix,61,0.8938135859820648,1.0790323096640897,rolling
MAG,2022,92,Hungarian_Grand_Prix,62,0.9000984459016731,1.0877137856543482,rolling
MAG,2022,93,Belgian_Grand_Prix,63,0.9031199445742196,1.0876176017012489,rolling
MAG,2022,94,Dutch_Grand_Prix,64,0.9086127220218319,1.090802064483613,rolling
MAG,2022,95,Italian_Grand_Prix,65,0.9091240158693393,1.0842993337629436,rolling
MAG,2022,96,Singapore_Grand_Prix,66,0.9147618016028761,1.0860094228491053,rolling
MAG,2022,97,Japanese_Grand_Prix,67,0.9455645676382097,1.0873673988845742,rolling
MAG,2022,98,United_States_Grand_Prix,68,0.954314456275285,1.0934392096115972,rolling
MAG,2022,99,Mexico_City_Grand_Prix,69,0.9561615080685943,1.092690697247237,rolling
MAG,2022,101,Abu_Dhabi_Grand_Prix,70,0.9539009971936807,1.0913087641018842,rolling
MAG,2023,102,Bahrain_Grand_Prix,71,0.9585728375102043,1.0931435216122962,rolling
MAG,2023,103,Saudi_Arabian_Grand_Prix,72,0.9564402917338193,1.0912392749720958,rolling
MAG,2023,104,Australian_Grand_Prix,73,0.9552496720220874,1.0899045418234352,rolling
MAG,2023,105,Azerbaijan_Grand_Prix,74,0.957600172532061,1.087430527749532,rolling
MAG,2023,106,Miami_Grand_Prix,75,0.9585262622162363,1.086208403297221,rolling
MAG,2023,107,Monaco_Grand_Prix,76,0.9613261763975764,1.0869468019925206,rolling
MAG,2023,108,Spanish_Grand_Prix,77,0.9422913292810369,1.0598423928728402,rolling
MAG,2023,109,Canadian_Grand_Prix,78,0.940596438941327,1.059407997501402,rolling
MAG,2023,110,Austrian_Grand_Prix,79,0.9385357845916691,1.0564706480660022,rolling
MAG,2023,111,British_Grand_Prix,80,0.937388871778593,1.0515916857381649,rolling
MAG,2023,112,Hungarian_Grand_Prix,81,0.9332301875968798,1.053678076868752,rolling
MAG,2023,113,Belgian_Grand_Prix,82,0.9319378789772446,1.0506734056902496,rolling
MAG,2023,114,Dutch_Grand_Prix,83,0.9352644976673835,1.0520822795354177,rolling
MAG,2023,115,Italian_Grand_Prix,84,0.9759455342113982,1.0881773241825605,rolling
MAG,2023,116,Singapore_Grand_Prix,85,0.9738866443182947,1.086568244065121,rolling
MAG,2023,117,Japanese_Grand_Prix,86,0.9725995850995353,1.0816111234188166,rolling
MAG,2023,118,Qatar_Grand_Prix,87,0.9735064467956405,1.0810243818831784,rolling
MAG,2023,119,United_States_Grand_Prix,88,0.9702994655914475,1.0772415029797078,rolling
MAG,2023,120,Mexico_City_Grand_Prix,89,0.9691587689972099,1.0767248594301284,rolling
MAG,2023,122,Las_Vegas_Grand_Prix,90,0.9660660228748807,1.0762973257605728,rolling
MAG,2023,123,Abu_Dhabi_Grand_Prix,91,0.9676026232873514,1.0766619225971006,rolling
MAG,2024,124,Bahrain_Grand_Prix,92,0.9673410821362834,1.0771462228769348,rolling
MAG,2024,125,Saudi_Arabian_Grand_Prix,93,0.9658008686571563,1.0766070139408053,rolling
MAG,2024,126,Australian_Grand_Prix,94,0.9616433072809458,1.0758363804712912,rolling
MAG,2024,127,Japanese_Grand_Prix,95,0.9612611047838412,1.075495094323479,rolling
MAG,2024,128,Chinese_Grand_Prix,96,0.9458033875850765,1.0553429081213497,rolling
MAG,2024,129,Miami_Grand_Prix,97,0.9460222722577908,1.0530766573478973,rolling
MAG,2024,130,Emilia_Romagna_Grand_Prix,98,0.9461886852778851,1.0512892369363995,rolling
MAG,2024,132,Canadian_Grand_Prix,99,0.9455172680992733,1.0490241984358148,rolling
MAG,2024,133,Spanish_Grand_Prix,100,0.94200744332536,1.0527824428748742,rolling
MAG,2024,134,Austrian_Grand_Prix,101,0.9433186755481205,1.053715581987749,rolling
MAG,2024,135,British_Grand_Prix,102,0.9449450223260341,1.0539172879936838,rolling
MAG,2024,136,Hungarian_Grand_Prix,103,0.9466006808704641,1.053557002930587,rolling
MAG,2024,137,Belgian_Grand_Prix,104,0.9483287609352407,1.054878503026477,rolling
MAG,2024,138,Dutch_Grand_Prix,105,0.9467659028731832,1.0525802559758162,rolling
MAG,2024,139,Italian_Grand_Prix,106,0.9437511791933537,1.048850978706895,rolling
MAG,2024,141,Singapore_Grand_Prix,107,0.9422526037806973,1.0499439369887116,rolling
MAG,2024,142,United_States_Grand_Prix,108,0.9392053858645466,1.0475795079490549,rolling
MAG,2024,143,Mexico_City_Grand_Prix,109,0.9397333211956481,1.0479104957023386,rolling
MAG,2024,145,Las_Vegas_Grand_Prix,110,0.9408842538405479,1.046810503518369,rolling
MAG,2024,146,Qatar_Grand_Prix,111,0.9367864203426649,1.0450204457130652,rolling
MAG,2024,147,Abu_Dhabi_Grand_Prix,112,0.9401248653489604,1.0439713907657033,rolling
MAZ,2021,59,Emilia_Romagna_Grand_Prix,0,0.9,0.85,fallback
MAZ,2021,60,Portuguese_Grand_Prix,1,0.9,0.85,fallback
MAZ,2021,61,Spanish_Grand_Prix,2,0.9,0.85,fallback
MAZ,2021,62,Monaco_Grand_Prix,3,0.9,0.85,fallback
MAZ,2021,63,Azerbaijan_Grand_Prix,4,0.9,0.85,fallback
MAZ,2021,64,French_Grand_Prix,5,0.9,0.85,fallback
MAZ,2021,65,Styrian_Grand_Prix,6,0.9,0.85,fallback
MAZ,2021,66,Austrian_Grand_Prix,7,0.9,0.85,fallback
MAZ,2021,67,British_Grand_Prix,8,0.9,0.85,fallback
MAZ,2021,70,Dutch_Grand_Prix,9,0.9,0.85,fallback
MAZ,2021,71,Italian_Grand_Prix,10,1.05,0.95,fallback
MAZ,2021,72,Russian_Grand_Prix,11,1.05,0.95,fallback
MAZ,2021,73,Turkish_Grand_Prix,12,1.05,0.95,fallback
MAZ,2021,74,United_States_Grand_Prix,13,1.05,0.95,fallback
MAZ,2021,76,São_Paulo_Grand_Prix,14,1.05,0.95,fallback
MAZ,2021,77,Qatar_Grand_Prix,15,1.05,0.95,fallback
MAZ,2021,78,Saudi_Arabian_Grand_Prix,16,1.05,0.95,fallback
MSC,2021,59,Emilia_Romagna_Grand_Prix,0,0.9,0.85,fallback
MSC,2021,60,Portuguese_Grand_Prix,1,0.9,0.85,fallback
MSC,2021,61,Spanish_Grand_Prix,2,0.9,0.85,fallback
MSC,2021,62,Monaco_Grand_Prix,3,0.9,0.85,fallback
MSC,2021,63,Azerbaijan_Grand_Prix,4,0.9,0.85,fallback
MSC,2021,64,French_Grand_Prix,5,0.9,0.85,fallback
MSC,2021,65,Styrian_Grand_Prix,6,0.9,0.85,fallback
MSC,2021,66,Austrian_Grand_Prix,7,0.9,0.85,fallback
MSC,2021,67,British_Grand_Prix,8,0.9,0.85,fallback
MSC,2021,70,Dutch_Grand_Prix,9,0.9,0.85,fallback
MSC,2021,71,Italian_Grand_Prix,10,1.05,0.95,fallback
MSC,2021,72,Russian_Grand_Prix,11,1.05,0.95,fallback
MSC,2021,73,Turkish_Grand_Prix,12,1.05,0.95,fallback
MSC,2021,74,United_States_Grand_Prix,13,1.05,0.95,fallback
MSC,2021,76,São_Paulo_Grand_Prix,14,1.05,0.95,fallback
MSC,2021,77,Qatar_Grand_Prix,15,1.05,0.95,fallback
MSC,2021,78,Saudi_Arabian_Grand_Prix,16,1.05,0.95,fallback
MSC,2022,80,Bahrain_Grand_Prix,17,1.05,0.95,fallback
MSC,2022,82,Australian_Grand_Prix,18,1.05,0.95,fallback
MSC,2022,83,Emilia_Romagna_Grand_Prix,19,1.05,0.95,fallback
MSC,2022,84,Miami_Grand_Prix,20,0.8814600022909295,0.9372657900911474,rolling
MSC,2022,85,Spanish_Grand_Prix,21,0.899300158540974,0.9430871171560715,rolling
MSC,2022,86,Monaco_Grand_Prix,22,0.9098192469336079,0.9554825680216282,rolling
MSC,2022,87,Azerbaijan_Grand_Prix,23,0.9946559218253125,0.9183731042166265,rolling
MSC,2022,88,Canadian_Grand_Prix,24,0.9847618911777806,0.908901862249093,rolling
MSC,2022,89,British_Grand_Prix,25,0.9714619884058515,0.9199050270161343,rolling
MSC,2022,90,Austrian_Grand_Prix,26,0.9487782704577313,0.9392198301366941,rolling
MSC,2022,91,French_Grand_Prix,27,0.9481993509136133,0.9401697073258392,rolling
MSC,2022,92,Hungarian_Grand_Prix,28,0.9382673794315097,0.9224317435287468,rolling
MSC,2022,93,Belgian_Grand_Prix,29,0.9356763038697467,0.9243870746297644,rolling
MSC,2022,94,Dutch_Grand_Prix,30,0.9277844720471246,0.919219749551933,rolling
MSC,2022,95,Italian_Grand_Prix,31,0.9304924641844002,0.9344922084188789,rolling
MSC,2022,96,Singapore_Grand_Prix,32,0.9224258614326916,0.9322776184250934,rolling
MSC,2022,97,Japanese_Grand_Prix,33,0.8634139239481331,0.9308085004377219,rolling
MSC,2022,98,United_States_Grand_Prix,34,0.8501671042865161,0.9199182508291189,rolling
MSC,2022,99,Mexico_City_Grand_Prix,35,0.8507857018897259,0.9227491203939048,rolling
MSC,2022,101,Abu_Dhabi_Grand_Prix,36,0.8592542463813404,0.9266959549661529,rolling
NOR,2019,20,Australian_Grand_Prix,0,0.9,0.85,fallback
NOR,2019,21,Bahrain_Grand_Prix,1,0.9,0.85,fallback
NOR,2019,22,Chinese_Grand_Prix,2,0.9,0.85,fallback
NOR,2019,23,Azerbaijan_Grand_Prix,3,0.9,0.85,fallback
NOR,2019,24,Spanish_Grand_Prix,4,0.9,0.85,fallback
NOR,2019,25,Monaco_Grand_Prix,5,0.9,0.85,fallback
NOR,2019,26,Canadian_Grand_Prix,6,0.9,0.85,fallback
NOR,2019,27,French_Grand_Prix,7,0.9,0.85,fallback
NOR,2019,28,Austrian_Grand_Prix,8,0.9,0.85,fallback
NOR,2019,29,British_Grand_Prix,9,0.9,0.85,fallback
NOR,2019,30,German_Grand_Prix,10,1.0,0.9,fallback
NOR,2019,31,Hungarian_Grand_Prix,11,1.0,0.9,fallback
NOR,2019,33,Italian_Grand_Prix,12,1.0,0.9,fallback
NOR,2019,34,Singapore_Grand_Prix,13,1.0,0.9,fallback
NOR,2019,35,Russian_Grand_Prix,14,1.0,0.9,fallback
NOR,2019,36,Japanese_Grand_Prix,15,1.0,0.9,fallback
NOR,2019,37,Mexican_Grand_Prix,16,1.0,0.9,fallback
NOR,2019,38,United_States_Grand_Prix,17,1.0,0.9,fallback
NOR,2019,39,Brazilian_Grand_Prix,18,1.0,0.9,fallback
NOR,2019,40,Abu_Dhabi_Grand_Prix,19,1.0,0.9,fallback
NOR,2020,41,Austrian_Grand_Prix,20,0.9713160980569557,1.1443115135332267,rolling
NOR,2020,42,Styrian_Grand_Prix,21,0.9739500175180315,1.1167627060304486,rolling
NOR,2020,43,Hungarian_Grand_Prix,22,0.975551688983473,1.1040369064018885,rolling
NOR,2020,44,British_Grand_Prix,23,0.9956755721937609,1.0866799279038213,rolling
NOR,2020,45,70th_Anniversary_Grand_Prix,24,0.996244733276182,1.080909020569329,rolling
NOR,2020,46,Spanish_Grand_Prix,25,0.9912293709616993,1.081648695570104,rolling
NOR,2020,48,Italian_Grand_Prix,26,0.9915454887586623,1.0806160399243339,rolling
NOR,2020,51,Eifel_Grand_Prix,27,0.9906561771336604,1.0783870221108542,rolling
NOR,2020,52,Portuguese_Grand_Prix,28,0.9852264912012997,1.090749683037693,rolling
NOR,2020,53,Emilia_Romagna_Grand_Prix,29,0.9855576046530384,1.0847871927313726,rolling
NOR,2020,54,Turkish_Grand_Prix,30,0.9839995036800842,1.0823269409467384,rolling
NOR,2020,55,Bahrain_Grand_Prix,31,0.946993797040325,1.0639933738261602,rolling
NOR,2020,56,Sakhir_Grand_Prix,32,0.9535152764158951,1.0662913035800219,rolling
NOR,2020,57,Abu_Dhabi_Grand_Prix,33,0.9519855868889936,1.062668475683706,rolling
NOR,2021,58,Bahrain_Grand_Prix,34,0.9542548981739223,1.0635820755148027,rolling
NOR,2021,59,Emilia_Romagna_Grand_Prix,35,0.9531658472234983,1.0614247356978128,rolling
NOR,2021,60,Portuguese_Grand_Prix,36,0.9552574865222959,1.0566718519209661,rolling
NOR,2021,61,Spanish_Grand_Prix,37,0.9563119989562888,1.0591592337607776,rolling
NOR,2021,62,Monaco_Grand_Prix,38,0.9501131883192765,1.0554989704236226,rolling
NOR,2021,63,Azerbaijan_Grand_Prix,39,0.96246509732224,1.0655029212689382,rolling
NOR,2021,64,French_Grand_Prix,40,0.9619296962845083,1.0670383286008769,rolling
NOR,2021,65,Styrian_Grand_Prix,41,0.9599687168072951,1.0615940717077896,rolling
NOR,2021,66,Austrian_Grand_Prix,42,0.9654420978728298,1.064030094737504,rolling
NOR,2021,67,British_Grand_Prix,43,0.9702619854308006,1.0687440133654857,rolling
NOR,2021,70,Dutch_Grand_Prix,44,0.9702635277028937,1.0700114327535886,rolling
NOR,2021,71,Italian_Grand_Prix,45,0.9690758760288237,1.0637171351041552,rolling
NOR,2021,72,Russian_Grand_Prix,46,0.9684788228181934,1.0615585819079485,rolling
NOR,2021,73,Turkish_Grand_Prix,47,0.9615538130442476,1.0544550858422541,rolling
NOR,2021,74,United_States_Grand_Prix,48,0.9615542952513354,1.056842627235253,rolling
NOR,2021,75,Mexico_City_Grand_Prix,49,0.9599373404173994,1.0531424943830414,rolling
NOR,2021,76,São_Paulo_Grand_Prix,50,0.9634181941259732,1.0528264367801312,rolling
NOR,2021,77,Qatar_Grand_Prix,51,0.9675592649554314,1.0474900681261976,rolling
NOR,2021,78,Saudi_Arabian_Grand_Prix,52,0.9769259195420895,1.0437584744494397,rolling
NOR,2021,79,Abu_Dhabi_Grand_Prix,53,0.9666361997662399,1.0023372049698234,rolling
NOR,2022,80,Bahrain_Grand_Prix,54,0.9623506761619677,1.0018490288172348,rolling
NOR,2022,81,Saudi_Arabian_Grand_Prix,55,0.9631922984674163,0.9996876796131162,rolling
NOR,2022,82,Australian_Grand_Prix,56,0.9634666204758253,0.99513438404081,rolling
NOR,2022,83,Emilia_Romagna_Grand_Prix,57,0.9618157037541126,0.9957052029546065,rolling
NOR,2022,84,Miami_Grand_Prix,58,0.9720441856938377,1.0009099177379155,rolling
NOR,2022,85,Spanish_Grand_Prix,59,0.972961433546636,1.004481931102897,rolling
NOR,2022,86,Monaco_Grand_Prix,60,0.9715182548066789,1.0027499607519075,rolling
NOR,2022,87,Azerbaijan_Grand_Prix,61,0.9737916599795671,1.007562102359485,rolling
NOR,2022,88,Canadian_Grand_Prix,62,0.9692550226523579,1.0065439528275522,rolling
NOR,2022,89,British_Grand_Prix,63,0.9669102140264796,1.0034842290416426,rolling
NOR,2022,90,Austrian_Grand_Prix,64,0.9614896702074257,0.9896481691402954,rolling
NOR,2022,91,French_Grand_Prix,65,0.9617669072209967,0.9891937882682965,rolling
NOR,2022,92,Hungarian_Grand_Prix,66,0.9629738637565186,0.9907332128607891,rolling
NOR,2022,93,Belgian_Grand_Prix,67,0.9646138171123366,0.9871829793926303,rolling
NOR,2022,94,Dutch_Grand_Prix,68,0.9616259735463928,0.9865894446402169,rolling
NOR,2022,95,Italian_Grand_Prix,69,0.9639475581379112,0.9894535964224684,rolling
NOR,2022,96,Singapore_Grand_Prix,70,0.9646611982921702,0.9851970637613889,rolling
NOR,2022,97,Japanese_Grand_Prix,71,0.9709461540993178,0.9854279944043429,rolling
NOR,2022,98,United_States_Grand_Prix,72,0.9744557080885786,0.9981988992256071,rolling
NOR,2022,99,Mexico_City_Grand_Prix,73,0.9716189053539988,0.9972204199353851,rolling
NOR,2022,101,Abu_Dhabi_Grand_Prix,74,0.9727333740604124,1.0007849338009598,rolling
NOR,2023,102,Bahrain_Grand_Prix,75,0.9713274815433542,0.998785294165198,rolling
NOR,2023,103,Saudi_Arabian_Grand_Prix,76,0.9661574261138718,0.9903518835841241,rolling
NOR,2023,104,Australian_Grand_Prix,77,0.9609929788101749,0.9914676414439901,rolling
NOR,2023,105,Azerbaijan_Grand_Prix,78,0.9623211484035098,0.9926666723596086,rolling
NOR,2023,106,Miami_Grand_Prix,79,0.9621983868333382,0.9935387371439321,rolling
NOR,2023,107,Monaco_Grand_Prix,80,0.9649438017402971,0.996510072486136,rolling
NOR,2023,108,Spanish_Grand_Prix,81,0.9676309116081949,0.9995745866706336,rolling
NOR,2023,109,Canadian_Grand_Prix,82,0.967011123699072,0.999039095869988,rolling
NOR,2023,110,Austrian_Grand_Prix,83,0.966814098747395,0.9998408798444742,rolling
NOR,2023,111,British_Grand_Prix,84,0.9684283016056234,1.001459549968208,rolling
NOR,2023,112,Hungarian_Grand_Prix,85,0.9692877072315793,1.0014875791517575,rolling
NOR,2023,114,Dutch_Grand_Prix,86,0.9695711260552349,1.0002633566683037,rolling
NOR,2023,115,Italian_Grand_Prix,87,1.0154275144275582,1.0246915544591417,rolling
NOR,2023,116,Singapore_Grand_Prix,88,1.0151397465911782,1.025904343912641,rolling
NOR,2023,117,Japanese_Grand_Prix,89,1.0167300645559392,1.02719039251534,rolling
NOR,2023,118,Qatar_Grand_Prix,90,1.012926745054545,1.0261557494836877,rolling
NOR,2023,119,United_States_Grand_Prix,91,1.0120497811214113,1.0239689313270277,rolling
NOR,2023,120,Mexico_City_Grand_Prix,92,1.0127978080598161,1.0212390685847565,rolling
NOR,2023,121,São_Paulo_Grand_Prix,93,1.0101982226764552,1.019758742664891,rolling
NOR,2023,123,Abu_Dhabi_Grand_Prix,94,1.0080335119878674,1.0200753612196105,rolling
NOR,2024,124,Bahrain_Grand_Prix,95,1.006980372663477,1.021183949007401,rolling
NOR,2024,125,Saudi_Arabian_Grand_Prix,96,1.0059141431094556,1.0214482623586405,rolling
NOR,2024,126,Australian_Grand_Prix,97,1.0069351901534378,1.0211555485926977,rolling
NOR,2024,127,Japanese_Grand_Prix,98,1.0075646167208323,1.0217537734972473,rolling
NOR,2024,128,Chinese_Grand_Prix,99,1.0055215041338692,1.0232000997836403,rolling
NOR,2024,129,Miami_Grand_Prix,100,1.0063525892388219,1.0214254970477405,rolling
NOR,2024,130,Emilia_Romagna_Grand_Prix,101,1.0051803658604694,1.0201051262847882,rolling
NOR,2024,131,Monaco_Grand_Prix,102,1.0052903416090306,1.0204932869933985,rolling
NOR,2024,132,Canadian_Grand_Prix,103,1.0036300679363,1.0198979791388305,rolling
NOR,2024,133,Spanish_Grand_Prix,104,1.0040139485654562,1.020099662975671,rolling
NOR,2024,134,Austrian_Grand_Prix,105,1.0018703712573065,1.0203060857487818,rolling
NOR,2024,135,British_Grand_Prix,106,1.0009760234701164,1.020739468528949,rolling
NOR,2024,136,Hungarian_Grand_Prix,107,0.999901575192929,1.0244962510830158,rolling
NOR,2024,137,Belgian_Grand_Prix,108,0.9992094432263657,1.0238560217676764,rolling
NOR,2024,138,Dutch_Grand_Prix,109,0.9989162766152407,1.023579110993453,rolling
NOR,2024,139,Italian_Grand_Prix,110,0.9991961215789271,1.0244010159084158,rolling
NOR,2024,140,Azerbaijan_Grand_Prix,111,0.9973468788270797,1.0240417359059237,rolling
NOR,2024,141,Singapore_Grand_Prix,112,0.993456639656869,1.0197447851403272,rolling
NOR,2024,142,United_States_Grand_Prix,113,0.9906598282072828,1.0200462427315213,rolling
NOR,2024,143,Mexico_City_Grand_Prix,114,0.9910357431067482,1.0209207915656877,rolling
NOR,2024,144,São_Paulo_Grand_Prix,115,0.9911340581613842,1.0229559406103554,rolling
NOR,2024,145,Las_Vegas_Grand_Prix,116,0.993257464294361,1.0280717862733113,rolling
NOR,2024,146,Qatar_Grand_Prix,117,0.9916026586379886,1.0266228767514636,rolling
NOR,2024,147,Abu_Dhabi_Grand_Prix,118,0.9915439501846723,1.0265939076383146,rolling
NOR,2025,148,Australian_Grand_Prix,119,0.9921762714553393,1.0278937914758772,rolling
NOR,2025,149,Chinese_Grand_Prix,120,0.9905470686148496,1.0288017719757692,rolling
NOR,2025,150,Japanese_Grand_Prix,121,0.9898400961566964,1.0282588518195839,rolling
NOR,2025,151,Bahrain_Grand_Prix,122,0.9899765487310143,1.02864195337729,rolling
NOR,2025,152,Saudi_Arabian_Grand_Prix,123,0.9902150651995878,1.0292775732877766,rolling
NOR,2025,153,Miami_Grand_Prix,124,0.9886622532330234,1.026626299076959,rolling
NOR,2025,154,Emilia_Romagna_Grand_Prix,125,0.9892131221470842,1.0251457890841538,rolling
NOR,2025,155,Monaco_Grand_Prix,126,0.9900535075266661,1.023814379800242,rolling
NOR,2025,156,Spanish_Grand_Prix,127,0.9908054303161236,1.0242660022661356,rolling
NOR,2025,157,Canadian_Grand_Prix,128,0.9916206773892817,1.024514532715596,rolling
NOR,2025,158,Austrian_Grand_Prix,129,0.9917916951932497,1.0236434691141003,rolling
NOR,2025,159,British_Grand_Prix,130,0.9918525418132075,1.0244959602872419,rolling
NOR,2025,160,Belgian_Grand_Prix,131,0.9937800946559654,1.0239267945321797,rolling
NOR,2025,161,Hungarian_Grand_Prix,132,0.9938057654185852,1.0222407994070128,rolling
NOR,2025,162,Dutch_Grand_Prix,133,0.9929723951866833,1.022507085803057,rolling
NOR,2025,163,Italian_Grand_Prix,134,0.9916205068589578,1.0229188793948853,rolling
NOR,2025,165,Singapore_Grand_Prix,135,0.9932821081202727,1.0235855676706718,rolling
NOR,2025,166,United_States_Grand_Prix,136,0.9935730284120522,1.024285897977885,rolling
NOR,2025,167,Mexico_City_Grand_Prix,137,0.9929638505277909,1.0238035415148383,rolling
NOR,2025,168,São_Paulo_Grand_Prix,138,0.992827011163885,1.02644800294166,rolling
NOR,2025,169,Las_Vegas_Grand_Prix,139,0.9927712682686004,1.0280939445268948,rolling
NOR,2025,170,Qatar_Grand_Prix,140,0.9923784381936969,1.0285982637497202,rolling
NOR,2025,171,Abu_Dhabi_Grand_Prix,141,0.992845752507525,1.0288710745081768,rolling
NOR,2026,174,Japanese_Grand_Prix,142,0.9913080371791467,1.0284796287644382,rolling
NOR,2026,175,Miami_Grand_Prix,143,0.9905987493269438,1.0282456896181043,rolling
NOR,2026,176,Canadian_Grand_Prix,144,0.9907873199728374,1.0293219088929084,rolling
NOR,2026,177,Monaco_Grand_Prix,145,0.9896137761706565,1.030285270243315,rolling
OCO,2018,0,Australian_Grand_Prix,0,0.9,0.85,fallback
OCO,2018,1,Bahrain_Grand_Prix,1,0.9,0.85,fallback
OCO,2018,2,Chinese_Grand_Prix,2,0.9,0.85,fallback
OCO,2018,4,Spanish_Grand_Prix,3,0.9,0.85,fallback
OCO,2018,5,Monaco_Grand_Prix,4,0.9,0.85,fallback
OCO,2018,6,Canadian_Grand_Prix,5,0.9,0.85,fallback
OCO,2018,8,Austrian_Grand_Prix,6,0.9,0.85,fallback
OCO,2018,9,British_Grand_Prix,7,0.9,0.85,fallback
OCO,2018,10,German_Grand_Prix,8,0.9,0.85,fallback
OCO,2018,11,Hungarian_Grand_Prix,9,0.9,0.85,fallback
OCO,2018,12,Belgian_Grand_Prix,10,1.0,0.9,fallback
OCO,2018,14,Russian_Grand_Prix,11,1.0,0.9,fallback
OCO,2018,15,Japanese_Grand_Prix,12,1.0,0.9,fallback
OCO,2018,16,United_States_Grand_Prix,13,1.0,0.9,fallback
OCO,2018,17,Mexican_Grand_Prix,14,1.0,0.9,fallback
OCO,2018,18,Brazilian_Grand_Prix,15,1.0,0.9,fallback
OCO,2018,19,Abu_Dhabi_Grand_Prix,16,1.0,0.9,fallback
OCO,2020,41,Austrian_Grand_Prix,17,1.0,0.9,fallback
OCO,2020,42,Styrian_Grand_Prix,18,1.0,0.9,fallback
OCO,2020,43,Hungarian_Grand_Prix,19,1.0,0.9,fallback
OCO,2020,44,British_Grand_Prix,20,0.9047916739547384,0.8618875255061571,rolling
OCO,2020,45,70th_Anniversary_Grand_Prix,21,0.9064491433387475,0.8703862937195579,rolling
OCO,2020,46,Spanish_Grand_Prix,22,0.8910260583247638,0.8824755399987021,rolling
OCO,2020,47,Belgian_Grand_Prix,23,0.9009808236152418,0.8928818790819957,rolling
OCO,2020,48,Italian_Grand_Prix,24,0.9013743169856168,0.9003254015756504,rolling
OCO,2020,50,Russian_Grand_Prix,25,0.8699727048617462,0.85,rolling
OCO,2020,51,Eifel_Grand_Prix,26,0.8751791401955465,0.85,rolling
OCO,2020,52,Portuguese_Grand_Prix,27,0.8816786475332642,0.85,rolling
OCO,2020,53,Emilia_Romagna_Grand_Prix,28,0.8710603201001194,0.85,rolling
OCO,2020,54,Turkish_Grand_Prix,29,0.8721970752255825,0.85,rolling
OCO,2020,55,Bahrain_Grand_Prix,30,0.8852412712782793,0.85,rolling
OCO,2020,56,Sakhir_Grand_Prix,31,0.9011485745843633,0.8531962227076528,rolling
OCO,2020,57,Abu_Dhabi_Grand_Prix,32,0.9050523223377582,0.8567782905124867,rolling
OCO,2021,58,Bahrain_Grand_Prix,33,0.9208449060110226,0.8638945228986701,rolling
OCO,2021,59,Emilia_Romagna_Grand_Prix,34,0.9218755421999366,0.8542402898171341,rolling
OCO,2021,60,Portuguese_Grand_Prix,35,0.9220586370153122,0.8629519738226914,rolling
OCO,2021,61,Spanish_Grand_Prix,36,0.9296676881434851,0.8722460167234237,rolling
OCO,2021,62,Monaco_Grand_Prix,37,0.9291839522807972,0.8791463454250291,rolling
OCO,2021,63,Azerbaijan_Grand_Prix,38,0.9321486703471016,0.8873766388332309,rolling
OCO,2021,64,French_Grand_Prix,39,0.9567274896189002,0.8873766388332309,rolling
OCO,2021,65,Styrian_Grand_Prix,40,0.9617105799792706,0.8920697315004734,rolling
OCO,2021,67,British_Grand_Prix,41,0.9579279103605449,0.8913119460897203,rolling
OCO,2021,68,Hungarian_Grand_Prix,42,0.9118050863622044,0.85,rolling
OCO,2021,70,Dutch_Grand_Prix,43,0.92379793607757,0.85,rolling
OCO,2021,71,Italian_Grand_Prix,44,0.9293114023675091,0.85,rolling
OCO,2021,72,Russian_Grand_Prix,45,0.9310476135965997,0.85,rolling
OCO,2021,73,Turkish_Grand_Prix,46,0.9526850325112998,0.85,rolling
OCO,2021,74,United_States_Grand_Prix,47,0.9661151294117916,0.85,rolling
OCO,2021,75,Mexico_City_Grand_Prix,48,0.9718893112403162,0.8546952746692318,rolling
OCO,2021,76,São_Paulo_Grand_Prix,49,0.96871986437616,0.856791675066913,rolling
OCO,2021,77,Qatar_Grand_Prix,50,0.9702681599276544,0.8633086026397465,rolling
OCO,2021,78,Saudi_Arabian_Grand_Prix,51,0.9762315407307562,0.8676108494431545,rolling
OCO,2021,79,Abu_Dhabi_Grand_Prix,52,1.0011026978974882,0.9303547668177847,rolling
OCO,2022,80,Bahrain_Grand_Prix,53,1.0090132923089117,0.9332748010839002,rolling
OCO,2022,81,Saudi_Arabian_Grand_Prix,54,1.0108411445315855,0.9354571932334703,rolling
OCO,2022,82,Australian_Grand_Prix,55,1.00897700584009,0.9338885934765307,rolling
OCO,2022,83,Emilia_Romagna_Grand_Prix,56,1.0130958860303731,0.9374607848930964,rolling
OCO,2022,84,Miami_Grand_Prix,57,0.9986020646761979,0.9374607848930964,rolling
OCO,2022,85,Spanish_Grand_Prix,58,0.9956430628538516,0.9370284714979488,rolling
OCO,2022,86,Monaco_Grand_Prix,59,0.9974331508680241,0.9384009223810769,rolling
OCO,2022,87,Azerbaijan_Grand_Prix,60,1.0028170363484552,0.937367030158441,rolling
OCO,2022,88,Canadian_Grand_Prix,61,1.0077267478690528,0.9376116590721154,rolling
OCO,2022,89,British_Grand_Prix,62,1.0091304760781337,0.9397656708123943,rolling
OCO,2022,90,Austrian_Grand_Prix,63,1.0109741691002412,0.9544617129925952,rolling
OCO,2022,91,French_Grand_Prix,64,1.0130339049217536,0.9618962423563591,rolling
OCO,2022,92,Hungarian_Grand_Prix,65,1.0146768640471506,0.9634942839738367,rolling
OCO,2022,93,Belgian_Grand_Prix,66,1.0152288358351982,0.9665781602391854,rolling
OCO,2022,94,Dutch_Grand_Prix,67,1.0118691938642295,0.9650382071110299,rolling
OCO,2022,95,Italian_Grand_Prix,68,1.0127775943185253,0.9679299665027062,rolling
OCO,2022,96,Singapore_Grand_Prix,69,1.0106505764474174,0.9663985917640933,rolling
OCO,2022,97,Japanese_Grand_Prix,70,1.0008726430045345,0.9635203250681063,rolling
OCO,2022,98,United_States_Grand_Prix,71,1.003217730744427,0.973662193110217,rolling
OCO,2022,99,Mexico_City_Grand_Prix,72,1.0056317560572423,0.9727974430394853,rolling
OCO,2022,100,São_Paulo_Grand_Prix,73,1.0070308664482055,0.9749954077353304,rolling
OCO,2022,101,Abu_Dhabi_Grand_Prix,74,1.0074929468254477,0.9778438588359293,rolling
OCO,2023,102,Bahrain_Grand_Prix,75,1.0105466431687877,0.9764344879985077,rolling
OCO,2023,103,Saudi_Arabian_Grand_Prix,76,1.0116813191352338,0.9793791475335837,rolling
OCO,2023,104,Australian_Grand_Prix,77,1.0112845390533043,0.9803356661567075,rolling
OCO,2023,105,Azerbaijan_Grand_Prix,78,1.0175105955308688,0.9770136937863767,rolling
OCO,2023,106,Miami_Grand_Prix,79,1.0126969386778157,0.9797694072122269,rolling
OCO,2023,107,Monaco_Grand_Prix,80,1.0088456681617166,0.9792375831463378,rolling
OCO,2023,108,Spanish_Grand_Prix,81,1.0096105649794376,0.9799590326298464,rolling
OCO,2023,109,Canadian_Grand_Prix,82,1.0103104127589533,0.9826897504706749,rolling
OCO,2023,110,Austrian_Grand_Prix,83,1.0110734662491574,0.9852676110345258,rolling
OCO,2023,111,British_Grand_Prix,84,1.010586254397722,0.9870108198230148,rolling
OCO,2023,113,Belgian_Grand_Prix,85,1.0088749707126712,0.990386736438963,rolling
OCO,2023,114,Dutch_Grand_Prix,86,1.007456429131006,0.9903243420682347,rolling
OCO,2023,115,Italian_Grand_Prix,87,1.0036463243729452,0.9945766757822124,rolling
OCO,2023,116,Singapore_Grand_Prix,88,1.0037129271528165,0.9946029343597074,rolling
OCO,2023,117,Japanese_Grand_Prix,89,1.0048234572450592,0.9971221860597872,rolling
OCO,2023,118,Qatar_Grand_Prix,90,1.007910035333054,0.9970838290491034,rolling
OCO,2023,119,United_States_Grand_Prix,91,1.008415909514289,0.9983642943270066,rolling
OCO,2023,120,Mexico_City_Grand_Prix,92,0.9790458228280471,0.9920661090616091,rolling
OCO,2023,121,São_Paulo_Grand_Prix,93,0.9612253529153074,0.9641810626596405,rolling
OCO,2023,122,Las_Vegas_Grand_Prix,94,0.960391189966326,0.9649001873881884,rolling
OCO,2023,123,Abu_Dhabi_Grand_Prix,95,0.9629255329511106,0.9631185751995333,rolling
OCO,2024,124,Bahrain_Grand_Prix,96,0.9640799274326878,0.9659627089143863,rolling
OCO,2024,126,Australian_Grand_Prix,97,0.9638331608230776,0.9690607705511715,rolling
OCO,2024,127,Japanese_Grand_Prix,98,0.9664308456808762,0.9721137773893577,rolling
OCO,2024,128,Chinese_Grand_Prix,99,0.966685369552843,0.9711260861360782,rolling
OCO,2024,129,Miami_Grand_Prix,100,0.969333847446817,0.9744684727615092,rolling
OCO,2024,130,Emilia_Romagna_Grand_Prix,101,0.9694201847160789,0.9740231281016493,rolling
OCO,2024,132,Canadian_Grand_Prix,102,0.9691434624509904,0.9741988319838376,rolling
OCO,2024,133,Spanish_Grand_Prix,103,0.9745865556208824,0.9760278107485679,rolling
OCO,2024,134,Austrian_Grand_Prix,104,0.9725846666337052,0.9757230379098325,rolling
OCO,2024,136,Hungarian_Grand_Prix,105,0.9724401410755238,0.9761367836357141,rolling
OCO,2024,137,Belgian_Grand_Prix,106,0.9725462689813861,0.9749237926157279,rolling
OCO,2024,138,Dutch_Grand_Prix,107,0.9708217874039589,0.9743990289421837,rolling
OCO,2024,139,Italian_Grand_Prix,108,0.9707121127872136,0.9745019596266935,rolling
OCO,2024,140,Azerbaijan_Grand_Prix,109,0.9717293278523749,0.9754903377022206,rolling
OCO,2024,141,Singapore_Grand_Prix,110,0.9742590197431941,0.9743914071556397,rolling
OCO,2024,142,United_States_Grand_Prix,111,0.9754579611482759,0.9782497554992644,rolling
OCO,2024,143,Mexico_City_Grand_Prix,112,0.9805441003368945,0.9778838273360096,rolling
OCO,2024,144,São_Paulo_Grand_Prix,113,0.98263840811069,0.9760833282461885,rolling
OCO,2024,145,Las_Vegas_Grand_Prix,114,0.9900613745124274,0.9789012834030728,rolling
OCO,2025,148,Australian_Grand_Prix,115,0.9933083145134942,0.9800186413850615,rolling
OCO,2025,149,Chinese_Grand_Prix,116,0.9893341683812296,0.9804444912392861,rolling
OCO,2025,150,Japanese_Grand_Prix,117,0.9872464303768537,0.9820363580153407,rolling
OCO,2025,151,Bahrain_Grand_Prix,118,0.9861699024022369,0.9818747070619087,rolling
OCO,2025,152,Saudi_Arabian_Grand_Prix,119,0.98718074049216,0.9831715538008441,rolling
OCO,2025,153,Miami_Grand_Prix,120,0.9876144655518521,0.9848582945004283,rolling
OCO,2025,154,Emilia_Romagna_Grand_Prix,121,0.9925664420584888,0.9823176578685032,rolling
OCO,2025,155,Monaco_Grand_Prix,122,0.9927138522159344,0.9853508513674434,rolling
OCO,2025,156,Spanish_Grand_Prix,123,0.9938823168305176,0.9868812149098278,rolling
OCO,2025,157,Canadian_Grand_Prix,124,0.9951797824766063,0.9855789509539388,rolling
OCO,2025,158,Austrian_Grand_Prix,125,0.9959795690574997,0.9862689184559859,rolling
OCO,2025,159,British_Grand_Prix,126,0.995852219538813,0.9860381625720989,rolling
OCO,2025,160,Belgian_Grand_Prix,127,1.0021456037188923,0.9853720113306821,rolling
OCO,2025,161,Hungarian_Grand_Prix,128,1.0057648640243306,0.9829681251775152,rolling
OCO,2025,162,Dutch_Grand_Prix,129,1.0062285858127173,0.9828811434892047,rolling
OCO,2025,163,Italian_Grand_Prix,130,1.005021498358483,0.9836438732260259,rolling
OCO,2025,164,Azerbaijan_Grand_Prix,131,1.0049959955507501,0.9891337737204269,rolling
OCO,2025,165,Singapore_Grand_Prix,132,1.0026621805342042,0.9910893667505415,rolling
OCO,2025,166,United_States_Grand_Prix,133,1.0031185306788355,0.9920362474668338,rolling
OCO,2025,167,Mexico_City_Grand_Prix,134,1.0016525702864096,0.9910959706257078,rolling
OCO,2025,168,São_Paulo_Grand_Prix,135,1.00057827128841,0.9913944276572526,rolling
OCO,2025,169,Las_Vegas_Grand_Prix,136,0.9996412143476912,0.9906590842312997,rolling
OCO,2025,170,Qatar_Grand_Prix,137,1.0000151627951925,0.9899690502811063,rolling
OCO,2025,171,Abu_Dhabi_Grand_Prix,138,1.0000321532473366,0.9895701232116907,rolling
OCO,2026,172,Australian_Grand_Prix,139,1.0000872073562657,0.9893529093902727,rolling
OCO,2026,173,Chinese_Grand_Prix,140,1.0003217570161023,0.9898285848919062,rolling
OCO,2026,174,Japanese_Grand_Prix,141,0.9971628777532541,0.9869306109171254,rolling
OCO,2026,175,Miami_Grand_Prix,142,0.9983590473745538,0.9858104266625664,rolling
OCO,2026,176,Canadian_Grand_Prix,143,0.9980567682085592,0.9863871692243449,rolling
OCO,2026,177,Monaco_Grand_Prix,144,0.9940843226085254,0.9857842441760027,rolling
PER,2018,0,Australian_Grand_Prix,0,1.05,0.95,fallback
PER,2018,1,Bahrain_Grand_Prix,1,1.05,0.95,fallback
PER,2018,2,Chinese_Grand_Prix,2,1.05,0.95,fallback
PER,2018,4,Spanish_Grand_Prix,3,1.05,0.95,fallback
PER,2018,5,Monaco_Grand_Prix,4,1.05,0.95,fallback
PER,2018,6,Canadian_Grand_Prix,5,1.05,0.95,fallback
PER,2018,8,Austrian_Grand_Prix,6,1.05,0.95,fallback
PER,2018,9,British_Grand_Prix,7,1.05,0.95,fallback
PER,2018,10,German_Grand_Prix,8,1.05,0.95,fallback
PER,2018,11,Hungarian_Grand_Prix,9,1.05,0.95,fallback
PER,2018,12,Belgian_Grand_Prix,10,1.0,0.9,fallback
PER,2018,14,Russian_Grand_Prix,11,1.0,0.9,fallback
PER,2018,15,Japanese_Grand_Prix,12,1.0,0.9,fallback
PER,2018,16,United_States_Grand_Prix,13,1.0,0.9,fallback
PER,2018,17,Mexican_Grand_Prix,14,1.0,0.9,fallback
PER,2018,18,Brazilian_Grand_Prix,15,1.0,0.9,fallback
PER,2018,19,Abu_Dhabi_Grand_Prix,16,1.0,0.9,fallback
PER,2019,20,Australian_Grand_Prix,17,1.0,0.9,fallback
PER,2019,21,Bahrain_Grand_Prix,18,1.0,0.9,fallback
PER,2019,22,Chinese_Grand_Prix,19,1.0,0.9,fallback
PER,2019,23,Azerbaijan_Grand_Prix,20,1.0073426539365444,0.9752547403485448,rolling
PER,2019,24,Spanish_Grand_Prix,21,1.0044076826824748,0.9786467043085674,rolling
PER,2019,25,Monaco_Grand_Prix,22,1.0014124942289053,0.9753847302736165,rolling
PER,2019,26,Canadian_Grand_Prix,23,1.0037639993153717,0.9654661312663595,rolling
PER,2019,27,French_Grand_Prix,24,1.0071311790795994,0.9682859279298506,rolling
PER,2019,28,Austrian_Grand_Prix,25,0.9980842238760108,0.9716257301428566,rolling
PER,2019,29,British_Grand_Prix,26,0.9949740510933414,0.9779291017817109,rolling
PER,2019,31,Hungarian_Grand_Prix,27,0.9846823351257274,0.9860906182135648,rolling
PER,2019,32,Belgian_Grand_Prix,28,0.990664995424545,0.9904460939227087,rolling
PER,2019,33,Italian_Grand_Prix,29,0.9951284116826974,0.9985981804647635,rolling
PER,2019,34,Singapore_Grand_Prix,30,0.9901436147087512,1.0193110927611508,rolling
PER,2019,35,Russian_Grand_Prix,31,0.9787779265683574,1.0217742751740175,rolling
PER,2019,36,Japanese_Grand_Prix,32,0.9732967096451465,1.0203242425478918,rolling
PER,2019,37,Mexican_Grand_Prix,33,0.9715205285249595,1.0103586728671847,rolling
PER,2019,38,United_States_Grand_Prix,34,0.9699308736042662,1.0100446959179772,rolling
PER,2019,39,Brazilian_Grand_Prix,35,0.9685513076812511,1.0058419180943163,rolling
PER,2019,40,Abu_Dhabi_Grand_Prix,36,0.9676351550252218,1.0044552293806321,rolling
PER,2020,41,Austrian_Grand_Prix,37,0.9695779542004268,1.0096034434773484,rolling
PER,2020,42,Styrian_Grand_Prix,38,0.9674480861449846,0.9038712294398545,rolling
PER,2020,43,Hungarian_Grand_Prix,39,0.9655362740195769,0.9003740546025987,rolling
PER,2020,46,Spanish_Grand_Prix,40,0.9634997171938628,0.8953565632225827,rolling
PER,2020,47,Belgian_Grand_Prix,41,0.95879573706905,0.9016016766154753,rolling
PER,2020,48,Italian_Grand_Prix,42,0.9591680643940438,0.900508485697932,rolling
PER,2020,49,Tuscan_Grand_Prix,43,0.9453479574408116,0.85,rolling
PER,2020,51,Eifel_Grand_Prix,44,0.9471766327627801,0.85,rolling
PER,2020,52,Portuguese_Grand_Prix,45,0.9570791859725309,0.85,rolling
PER,2020,53,Emilia_Romagna_Grand_Prix,46,0.9723941188452495,0.85,rolling
PER,2020,54,Turkish_Grand_Prix,47,0.9636766287472953,0.85,rolling
PER,2020,56,Sakhir_Grand_Prix,48,0.9748535209507789,0.8501607846792532,rolling
PER,2020,57,Abu_Dhabi_Grand_Prix,49,0.9734963990016565,0.85,rolling
PER,2021,58,Bahrain_Grand_Prix,50,0.9332415188815923,0.85,rolling
PER,2021,59,Emilia_Romagna_Grand_Prix,51,0.9344274795653064,0.85,rolling
PER,2021,60,Portuguese_Grand_Prix,52,0.9214137709795638,0.85,rolling
PER,2021,61,Spanish_Grand_Prix,53,0.923340289147839,0.85,rolling
PER,2021,62,Monaco_Grand_Prix,54,0.9212236667027732,0.85,rolling
PER,2021,63,Azerbaijan_Grand_Prix,55,0.9193948444092006,0.85,rolling
PER,2021,64,French_Grand_Prix,56,0.921722485769156,0.85,rolling
PER,2021,65,Styrian_Grand_Prix,57,0.923665016814757,0.8515709486735477,rolling
PER,2021,66,Austrian_Grand_Prix,58,0.9230771648275363,0.8503941305439172,rolling
PER,2021,70,Dutch_Grand_Prix,59,0.9245428689365635,0.85,rolling
PER,2021,71,Italian_Grand_Prix,60,0.9207032640148636,0.85,rolling
PER,2021,72,Russian_Grand_Prix,61,0.9220989376890943,0.85,rolling
PER,2021,73,Turkish_Grand_Prix,62,0.9218487304356876,0.85,rolling
PER,2021,74,United_States_Grand_Prix,63,0.9215987078727433,0.85,rolling
PER,2021,75,Mexico_City_Grand_Prix,64,0.9235165687335394,0.85,rolling
PER,2021,76,São_Paulo_Grand_Prix,65,0.9264306727658684,0.85,rolling
PER,2021,77,Qatar_Grand_Prix,66,0.9270122140495146,0.85,rolling
PER,2021,78,Saudi_Arabian_Grand_Prix,67,0.9267699769067179,0.85,rolling
PER,2021,79,Abu_Dhabi_Grand_Prix,68,0.9304837179638337,0.85,rolling
PER,2022,80,Bahrain_Grand_Prix,69,0.931136169921719,0.85,rolling
PER,2022,81,Saudi_Arabian_Grand_Prix,70,0.9325897740569207,0.85,rolling
PER,2022,82,Australian_Grand_Prix,71,0.9337092881343028,0.8509646694187424,rolling
PER,2022,83,Emilia_Romagna_Grand_Prix,72,0.9375848058123495,0.8501482812592792,rolling
PER,2022,84,Miami_Grand_Prix,73,0.936439182664256,0.8523059327271999,rolling
PER,2022,85,Spanish_Grand_Prix,74,0.9390016765790886,0.8534459235365823,rolling
PER,2022,86,Monaco_Grand_Prix,75,0.9405798743542741,0.8580290130727354,rolling
PER,2022,87,Azerbaijan_Grand_Prix,76,0.9429095739532357,0.8619883466857508,rolling
PER,2022,88,Canadian_Grand_Prix,77,0.9428290619204804,0.864026953355892,rolling
PER,2022,89,British_Grand_Prix,78,0.9279257276601363,0.8663294157320544,rolling
PER,2022,90,Austrian_Grand_Prix,79,0.8894787206436028,0.85,rolling
PER,2022,91,French_Grand_Prix,80,0.8882262587022843,0.85,rolling
PER,2022,92,Hungarian_Grand_Prix,81,0.8884565442573717,0.85,rolling
PER,2022,93,Belgian_Grand_Prix,82,0.8892572729943584,0.85,rolling
PER,2022,94,Dutch_Grand_Prix,83,0.8946651497663494,0.85,rolling
PER,2022,95,Italian_Grand_Prix,84,0.8940397238142859,0.85,rolling
PER,2022,96,Singapore_Grand_Prix,85,0.8911789610608245,0.85,rolling
PER,2022,97,Japanese_Grand_Prix,86,0.8941977481797649,0.85,rolling
PER,2022,98,United_States_Grand_Prix,87,0.8945190818348231,0.85,rolling
PER,2022,99,Mexico_City_Grand_Prix,88,0.8962587895263561,0.85,rolling
PER,2022,100,São_Paulo_Grand_Prix,89,0.8954942427484308,0.85,rolling
PER,2022,101,Abu_Dhabi_Grand_Prix,90,0.8965177335042168,0.85,rolling
PER,2023,102,Bahrain_Grand_Prix,91,0.898529266426179,0.85,rolling
PER,2023,103,Saudi_Arabian_Grand_Prix,92,0.8990064822339554,0.85,rolling
PER,2023,104,Australian_Grand_Prix,93,0.9047902309839324,0.85,rolling
PER,2023,105,Azerbaijan_Grand_Prix,94,0.9024220503579571,0.85,rolling
PER,2023,106,Miami_Grand_Prix,95,0.9028429117053158,0.85,rolling
PER,2023,107,Monaco_Grand_Prix,96,0.9055392929239369,0.85,rolling
PER,2023,108,Spanish_Grand_Prix,97,0.9168230341885258,0.85,rolling
PER,2023,109,Canadian_Grand_Prix,98,0.9151777310392399,0.85,rolling
PER,2023,110,Austrian_Grand_Prix,99,0.9144139590434314,0.85,rolling
PER,2023,111,British_Grand_Prix,100,0.9131465757422398,0.85,rolling
PER,2023,112,Hungarian_Grand_Prix,101,0.9110112035992541,0.85,rolling
PER,2023,113,Belgian_Grand_Prix,102,0.9128370632561985,0.85,rolling
PER,2023,114,Dutch_Grand_Prix,103,0.9176607296894691,0.85,rolling
PER,2023,115,Italian_Grand_Prix,104,0.9201287977201653,0.85,rolling
PER,2023,116,Singapore_Grand_Prix,105,0.9215061846817129,0.85,rolling
PER,2023,117,Japanese_Grand_Prix,106,0.9203638040500167,0.85,rolling
PER,2023,118,Qatar_Grand_Prix,107,0.9212167475553925,0.854381989425715,rolling
PER,2023,119,United_States_Grand_Prix,108,0.9194158759062278,0.8548628112143324,rolling
PER,2023,121,São_Paulo_Grand_Prix,109,0.918118458043216,0.8557986725617042,rolling
PER,2023,122,Las_Vegas_Grand_Prix,110,0.9194387493389309,0.8570260594003509,rolling
PER,2023,123,Abu_Dhabi_Grand_Prix,111,0.919979324187713,0.8577263509625389,rolling
PER,2024,124,Bahrain_Grand_Prix,112,0.9207417914425863,0.8582712448342382,rolling
PER,2024,125,Saudi_Arabian_Grand_Prix,113,0.9233874018609645,0.859925951463808,rolling
PER,2024,126,Australian_Grand_Prix,114,0.923563129354021,0.8606151825947898,rolling
PER,2024,127,Japanese_Grand_Prix,115,0.9299976763941308,0.8604980944654341,rolling
PER,2024,128,Chinese_Grand_Prix,116,0.9305610487360368,0.8615495853780863,rolling
PER,2024,129,Miami_Grand_Prix,117,0.9311804094621644,0.863100438360548,rolling
PER,2024,130,Emilia_Romagna_Grand_Prix,118,0.9314521531916813,0.8638904105117237,rolling
PER,2024,132,Canadian_Grand_Prix,119,0.9299997101610673,0.8604034154675617,rolling
PER,2024,133,Spanish_Grand_Prix,120,0.9158206014783576,0.8665202941690234,rolling
PER,2024,134,Austrian_Grand_Prix,121,0.9164717671488942,0.8671455805624889,rolling
PER,2024,135,British_Grand_Prix,122,0.9173617554070785,0.8702289787983778,rolling
PER,2024,136,Hungarian_Grand_Prix,123,0.9107910349271073,0.8648070644419219,rolling
PER,2024,137,Belgian_Grand_Prix,124,0.9091663822091138,0.8642096141096556,rolling
PER,2024,138,Dutch_Grand_Prix,125,0.9109188975787279,0.8668537262328014,rolling
PER,2024,139,Italian_Grand_Prix,126,0.9111805838429429,0.8672807362305497,rolling
PER,2024,140,Azerbaijan_Grand_Prix,127,0.9101029374767429,0.8691207327965567,rolling
PER,2024,141,Singapore_Grand_Prix,128,0.9115712126629604,0.8713365671748406,rolling
PER,2024,142,United_States_Grand_Prix,129,0.9113817028365946,0.8728920169822558,rolling
PER,2024,143,Mexico_City_Grand_Prix,130,0.909597416796123,0.8725037875252799,rolling
PER,2024,144,São_Paulo_Grand_Prix,131,0.9092688130259782,0.8712369197271925,rolling
PER,2024,145,Las_Vegas_Grand_Prix,132,0.9078964280061195,0.8727349476520757,rolling
PER,2024,146,Qatar_Grand_Prix,133,0.9073928685350313,0.8719933651295771,rolling
PER,2026,172,Australian_Grand_Prix,134,0.9068713130029882,0.8741280992128273,rolling
PER,2026,173,Chinese_Grand_Prix,135,0.9096257899737835,0.8765241463709242,rolling
PER,2026,174,Japanese_Grand_Prix,136,0.9091353768930129,0.8744401673720418,rolling
PER,2026,175,Miami_Grand_Prix,137,0.9099843876654422,0.8787521493752762,rolling
PER,2026,176,Canadian_Grand_Prix,138,0.9102162820771982,0.8827050349864171,rolling
PER,2026,177,Monaco_Grand_Prix,139,0.9121245493357599,0.8873275864928206,rolling
PIA,2023,102,Bahrain_Grand_Prix,0,1.05,0.95,fallback
PIA,2023,103,Saudi_Arabian_Grand_Prix,1,1.05,0.95,fallback
PIA,2023,104,Australian_Grand_Prix,2,1.05,0.95,fallback
PIA,2023,105,Azerbaijan_Grand_Prix,3,1.05,0.95,fallback
PIA,2023,106,Miami_Grand_Prix,4,1.05,0.95,fallback
PIA,2023,107,Monaco_Grand_Prix,5,1.05,0.95,fallback
PIA,2023,108,Spanish_Grand_Prix,6,1.05,0.95,fallback
PIA,2023,109,Canadian_Grand_Prix,7,1.05,0.95,fallback
PIA,2023,110,Austrian_Grand_Prix,8,1.05,0.95,fallback
PIA,2023,111,British_Grand_Prix,9,1.05,0.95,fallback
PIA,2023,112,Hungarian_Grand_Prix,10,1.0,0.9,fallback
PIA,2023,114,Dutch_Grand_Prix,11,1.0,0.9,fallback
PIA,2023,115,Italian_Grand_Prix,12,1.0,0.9,fallback
PIA,2023,116,Singapore_Grand_Prix,13,1.0,0.9,fallback
PIA,2023,117,Japanese_Grand_Prix,14,1.0,0.9,fallback
PIA,2023,118,Qatar_Grand_Prix,15,1.0,0.9,fallback
PIA,2023,119,United_States_Grand_Prix,16,1.0,0.9,fallback
PIA,2023,120,Mexico_City_Grand_Prix,17,1.0,0.9,fallback
PIA,2023,121,São_Paulo_Grand_Prix,18,1.0,0.9,fallback
PIA,2023,123,Abu_Dhabi_Grand_Prix,19,1.0,0.9,fallback
PIA,2024,124,Bahrain_Grand_Prix,20,0.85,0.955611637401699,rolling
PIA,2024,125,Saudi_Arabian_Grand_Prix,21,0.85,0.9584031075892834,rolling
PIA,2024,126,Australian_Grand_Prix,22,0.85,0.9633727624718241,rolling
PIA,2024,127,Japanese_Grand_Prix,23,0.85,0.9641395533569099,rolling
PIA,2024,128,Chinese_Grand_Prix,24,0.85,0.9612941747260886,rolling
PIA,2024,129,Miami_Grand_Prix,25,0.85,0.9714444363719932,rolling
PIA,2024,130,Emilia_Romagna_Grand_Prix,26,0.8507461336372628,0.979185900052986,rolling
PIA,2024,131,Monaco_Grand_Prix,27,0.8539474308432445,0.9799972749956285,rolling
PIA,2024,132,Canadian_Grand_Prix,28,0.8634241974950831,0.9843407281777294,rolling
PIA,2024,133,Spanish_Grand_Prix,29,0.8650311354105605,0.9855675114783988,rolling
PIA,2024,134,Austrian_Grand_Prix,30,0.8753514548703006,0.9866824773596202,rolling
PIA,2024,135,British_Grand_Prix,31,0.8808726835711721,0.9869361355615954,rolling
PIA,2024,136,Hungarian_Grand_Prix,32,0.8867069432283676,0.9760342357082101,rolling
PIA,2024,137,Belgian_Grand_Prix,33,0.8910015124520045,0.9799555939304161,rolling
PIA,2024,138,Dutch_Grand_Prix,34,0.8938051376092617,0.9825191880704052,rolling
PIA,2024,139,Italian_Grand_Prix,35,0.8946644144716184,0.9814986938520504,rolling
PIA,2024,140,Azerbaijan_Grand_Prix,36,0.9020250939109795,0.9841312192015925,rolling
PIA,2024,141,Singapore_Grand_Prix,37,0.9152660091741696,0.9985603022477183,rolling
PIA,2024,142,United_States_Grand_Prix,38,0.9247632748421877,0.9987819008496759,rolling
PIA,2024,143,Mexico_City_Grand_Prix,39,0.9246428042992121,0.9973014862699632,rolling
PIA,2024,144,São_Paulo_Grand_Prix,40,0.9253076610922969,0.9925146393723362,rolling
PIA,2024,145,Las_Vegas_Grand_Prix,41,0.9202057640126263,0.9791459043767696,rolling
PIA,2024,146,Qatar_Grand_Prix,42,0.9257707183912234,0.9844576964118523,rolling
PIA,2024,147,Abu_Dhabi_Grand_Prix,43,0.926773817713888,0.9856932388364016,rolling
PIA,2025,148,Australian_Grand_Prix,44,0.925865068879901,0.9832799938119172,rolling
PIA,2025,149,Chinese_Grand_Prix,45,0.9309993366784788,0.981961307073974,rolling
PIA,2025,150,Japanese_Grand_Prix,46,0.9335553434731677,0.9844769766808443,rolling
PIA,2025,151,Bahrain_Grand_Prix,47,0.9338433519139304,0.9845049835643933,rolling
PIA,2025,152,Saudi_Arabian_Grand_Prix,48,0.9338521357500347,0.9838687826505559,rolling
PIA,2025,153,Miami_Grand_Prix,49,0.9383839833687462,0.9915504599621968,rolling
PIA,2025,154,Emilia_Romagna_Grand_Prix,50,0.9375374673598081,0.9961040106047743,rolling
PIA,2025,155,Monaco_Grand_Prix,51,0.935987269380951,1.000168683392055,rolling
PIA,2025,156,Spanish_Grand_Prix,52,0.9346804247510234,0.9997735185017966,rolling
PIA,2025,157,Canadian_Grand_Prix,53,0.93324158644878,0.9998667095162967,rolling
PIA,2025,158,Austrian_Grand_Prix,54,0.9333648362610495,1.0026218299686747,rolling
PIA,2025,159,British_Grand_Prix,55,0.9337377900494801,1.001234582522787,rolling
PIA,2025,160,Belgian_Grand_Prix,56,0.9297284917664178,1.003192095257974,rolling
PIA,2025,161,Hungarian_Grand_Prix,57,0.9301965956843878,1.0076872357632238,rolling
PIA,2025,162,Dutch_Grand_Prix,58,0.9326175427559821,1.0076087256981077,rolling
PIA,2025,163,Italian_Grand_Prix,59,0.9361623249319999,1.0071933763635517,rolling
PIA,2025,165,Singapore_Grand_Prix,60,0.9328536590710667,1.0062046325148475,rolling
PIA,2025,166,United_States_Grand_Prix,61,0.932654939784823,1.005151442680435,rolling
PIA,2025,167,Mexico_City_Grand_Prix,62,0.9344421728873942,1.0067229916618292,rolling
PIA,2025,168,São_Paulo_Grand_Prix,63,0.9351573611289228,1.0014107429632468,rolling
PIA,2025,169,Las_Vegas_Grand_Prix,64,0.9356783445752392,0.9983505228978533,rolling
PIA,2025,170,Qatar_Grand_Prix,65,0.9369110468530106,0.997792698027808,rolling
PIA,2025,171,Abu_Dhabi_Grand_Prix,66,0.9362807172638592,0.9977310808057995,rolling
PIA,2026,174,Japanese_Grand_Prix,67,0.939904719611185,0.9990709865127292,rolling
PIA,2026,175,Miami_Grand_Prix,68,0.9417252263242315,1.00005176922914,rolling
PIA,2026,176,Canadian_Grand_Prix,69,0.9416397321467336,0.9982766606443332,rolling
PIA,2026,177,Monaco_Grand_Prix,70,0.9443728157125786,0.9967552974546358,rolling
RAI,2018,0,Australian_Grand_Prix,0,1.05,0.95,fallback
RAI,2018,1,Bahrain_Grand_Prix,1,1.05,0.95,fallback
RAI,2018,2,Chinese_Grand_Prix,2,1.05,0.95,fallback
RAI,2018,3,Azerbaijan_Grand_Prix,3,1.05,0.95,fallback
RAI,2018,4,Spanish_Grand_Prix,4,1.05,0.95,fallback
RAI,2018,5,Monaco_Grand_Prix,5,1.05,0.95,fallback
RAI,2018,6,Canadian_Grand_Prix,6,1.05,0.95,fallback
RAI,2018,7,French_Grand_Prix,7,1.05,0.95,fallback
RAI,2018,8,Austrian_Grand_Prix,8,1.05,0.95,fallback
RAI,2018,9,British_Grand_Prix,9,1.05,0.95,fallback
RAI,2018,10,German_Grand_Prix,10,1.0,0.9,fallback
RAI,2018,11,Hungarian_Grand_Prix,11,1.0,0.9,fallback
RAI,2018,12,Belgian_Grand_Prix,12,1.0,0.9,fallback
RAI,2018,13,Singapore_Grand_Prix,13,1.0,0.9,fallback
RAI,2018,14,Russian_Grand_Prix,14,1.0,0.9,fallback
RAI,2018,15,Japanese_Grand_Prix,15,1.0,0.9,fallback
RAI,2018,16,United_States_Grand_Prix,16,1.0,0.9,fallback
RAI,2018,17,Mexican_Grand_Prix,17,1.0,0.9,fallback
RAI,2018,18,Brazilian_Grand_Prix,18,1.0,0.9,fallback
RAI,2018,19,Abu_Dhabi_Grand_Prix,19,1.0,0.9,fallback
RAI,2019,20,Australian_Grand_Prix,20,0.9212412810498498,0.9215920584053351,rolling
RAI,2019,21,Bahrain_Grand_Prix,21,0.9362568682639375,0.943515990442704,rolling
RAI,2019,22,Chinese_Grand_Prix,22,0.948982544792559,0.9543182388798077,rolling
RAI,2019,23,Azerbaijan_Grand_Prix,23,0.9538935119995978,0.962801679770376,rolling
RAI,2019,24,Spanish_Grand_Prix,24,0.9649794873463947,0.9806954451677208,rolling
RAI,2019,25,Monaco_Grand_Prix,25,0.9609189364048636,0.987755551564631,rolling
RAI,2019,26,Canadian_Grand_Prix,26,0.9780892232885537,1.0428360675164439,rolling
RAI,2019,27,French_Grand_Prix,27,0.9824350059917774,1.0540480768583955,rolling
RAI,2019,28,Austrian_Grand_Prix,28,0.9786822320977944,1.056113810095405,rolling
RAI,2019,29,British_Grand_Prix,29,0.9783188818040454,1.0563599508462227,rolling
RAI,2019,30,German_Grand_Prix,30,0.9870469320712331,1.0470382327561971,rolling
RAI,2019,31,Hungarian_Grand_Prix,31,0.9796943457043217,1.0517698788774779,rolling
RAI,2019,32,Belgian_Grand_Prix,32,0.9768147521759765,1.0510009973672214,rolling
RAI,2019,33,Italian_Grand_Prix,33,0.988382680183628,1.0489556506610027,rolling
RAI,2019,34,Singapore_Grand_Prix,34,0.9827958177036962,1.0425468677585596,rolling
RAI,2019,35,Russian_Grand_Prix,35,0.9829900394107844,1.0485889510142958,rolling
RAI,2019,36,Japanese_Grand_Prix,36,0.9951459291291185,1.0521288350702593,rolling
RAI,2019,37,Mexican_Grand_Prix,37,0.9905092302818661,1.0435702915228866,rolling
RAI,2019,38,United_States_Grand_Prix,38,0.9869703576337879,1.0400533015183282,rolling
RAI,2019,39,Brazilian_Grand_Prix,39,0.9817829322719682,1.045171193485423,rolling
RAI,2019,40,Abu_Dhabi_Grand_Prix,40,0.9835617076992572,1.0455659773808867,rolling
RAI,2020,41,Austrian_Grand_Prix,41,0.981571717993508,1.0443796155161382,rolling
RAI,2020,42,Styrian_Grand_Prix,42,0.9865643499835931,1.15,rolling
RAI,2020,43,Hungarian_Grand_Prix,43,0.9849313510232311,1.15,rolling
RAI,2020,44,British_Grand_Prix,44,0.9708593737634239,1.15,rolling
RAI,2020,45,70th_Anniversary_Grand_Prix,45,0.9679503096544575,1.15,rolling
RAI,2020,46,Spanish_Grand_Prix,46,0.9638026831532379,1.15,rolling
RAI,2020,47,Belgian_Grand_Prix,47,0.964392857680507,1.15,rolling
RAI,2020,48,Italian_Grand_Prix,48,0.9797342241208477,1.144256831948099,rolling
RAI,2020,50,Russian_Grand_Prix,49,1.038956557234441,1.15,rolling
RAI,2020,51,Eifel_Grand_Prix,50,1.0386633494546151,1.15,rolling
RAI,2020,52,Portuguese_Grand_Prix,51,1.0302339949479686,1.15,rolling
RAI,2020,53,Emilia_Romagna_Grand_Prix,52,1.0308609649806626,1.15,rolling
RAI,2020,54,Turkish_Grand_Prix,53,1.0250639396359933,1.15,rolling
RAI,2020,55,Bahrain_Grand_Prix,54,1.0223668869548792,1.15,rolling
RAI,2020,56,Sakhir_Grand_Prix,55,1.0195572855950465,1.15,rolling
RAI,2020,57,Abu_Dhabi_Grand_Prix,56,1.0186557964132632,1.15,rolling
RAI,2021,58,Bahrain_Grand_Prix,57,1.0156953734994834,1.15,rolling
RAI,2021,59,Emilia_Romagna_Grand_Prix,58,1.0128217979718983,1.15,rolling
RAI,2021,61,Spanish_Grand_Prix,59,1.011848550344728,1.15,rolling
RAI,2021,62,Monaco_Grand_Prix,60,1.0070328015710182,1.15,rolling
RAI,2021,63,Azerbaijan_Grand_Prix,61,0.9983932589863204,1.15,rolling
RAI,2021,64,French_Grand_Prix,62,1.0006209843753406,1.15,rolling
RAI,2021,65,Styrian_Grand_Prix,63,0.998029034956994,1.15,rolling
RAI,2021,66,Austrian_Grand_Prix,64,0.9950476319253929,1.15,rolling
RAI,2021,67,British_Grand_Prix,65,0.9936238073318657,1.15,rolling
RAI,2021,68,Hungarian_Grand_Prix,66,0.981448007268769,1.1471506825555093,rolling
RAI,2021,72,Russian_Grand_Prix,67,0.9792802505312754,1.1432697652527708,rolling
RAI,2021,73,Turkish_Grand_Prix,68,0.9931735471090499,1.1437014361591153,rolling
RAI,2021,74,United_States_Grand_Prix,69,0.9923216292146475,1.139553388942658,rolling
RAI,2021,75,Mexico_City_Grand_Prix,70,0.9856097717651534,1.1324127499840992,rolling
RAI,2021,76,São_Paulo_Grand_Prix,71,0.9869014948019598,1.130000904998665,rolling
RAI,2021,77,Qatar_Grand_Prix,72,0.9866640525897159,1.1255678802750395,rolling
RAI,2021,78,Saudi_Arabian_Grand_Prix,73,0.9804911757817091,1.1232238441475786,rolling
RAI,2021,79,Abu_Dhabi_Grand_Prix,74,0.9531948752885872,1.0760853654152074,rolling
RIC,2018,0,Australian_Grand_Prix,0,1.05,0.95,fallback
RIC,2018,2,Chinese_Grand_Prix,1,1.05,0.95,fallback
RIC,2018,3,Azerbaijan_Grand_Prix,2,1.05,0.95,fallback
RIC,2018,4,Spanish_Grand_Prix,3,1.05,0.95,fallback
RIC,2018,5,Monaco_Grand_Prix,4,1.05,0.95,fallback
RIC,2018,6,Canadian_Grand_Prix,5,1.05,0.95,fallback
RIC,2018,7,French_Grand_Prix,6,1.05,0.95,fallback
RIC,2018,8,Austrian_Grand_Prix,7,1.05,0.95,fallback
RIC,2018,9,British_Grand_Prix,8,1.05,0.95,fallback
RIC,2018,10,German_Grand_Prix,9,1.05,0.95,fallback
RIC,2018,11,Hungarian_Grand_Prix,10,1.0,0.9,fallback
RIC,2018,12,Belgian_Grand_Prix,11,1.0,0.9,fallback
RIC,2018,13,Singapore_Grand_Prix,12,1.0,0.9,fallback
RIC,2018,14,Russian_Grand_Prix,13,1.0,0.9,fallback
RIC,2018,15,Japanese_Grand_Prix,14,1.0,0.9,fallback
RIC,2018,16,United_States_Grand_Prix,15,1.0,0.9,fallback
RIC,2018,17,Mexican_Grand_Prix,16,1.0,0.9,fallback
RIC,2018,18,Brazilian_Grand_Prix,17,1.0,0.9,fallback
RIC,2018,19,Abu_Dhabi_Grand_Prix,18,1.0,0.9,fallback
RIC,2019,20,Australian_Grand_Prix,19,1.0,0.9,fallback
RIC,2019,21,Bahrain_Grand_Prix,20,0.85,1.0537335958573444,rolling
RIC,2019,22,Chinese_Grand_Prix,21,0.8528408425640999,1.0567266273892209,rolling
RIC,2019,23,Azerbaijan_Grand_Prix,22,0.8675476520506014,1.0528498950386755,rolling
RIC,2019,24,Spanish_Grand_Prix,23,0.8660150730601031,1.0465394653510638,rolling
RIC,2019,25,Monaco_Grand_Prix,24,0.8973541280615758,1.0487455240316959,rolling
RIC,2019,26,Canadian_Grand_Prix,25,0.8995816950532063,1.0689867287925887,rolling
RIC,2019,27,French_Grand_Prix,26,0.9019552250543977,1.0706417940524928,rolling
RIC,2019,28,Austrian_Grand_Prix,27,0.9145664530215776,1.0719104736501655,rolling
RIC,2019,29,British_Grand_Prix,28,0.9100933370313632,1.0599739399706614,rolling
RIC,2019,30,German_Grand_Prix,29,0.912207058461731,1.0630178129047263,rolling
RIC,2019,31,Hungarian_Grand_Prix,30,0.85,1.0432369830734882,rolling
RIC,2019,32,Belgian_Grand_Prix,31,0.85,1.0350082665408271,rolling
RIC,2019,33,Italian_Grand_Prix,32,0.85,1.034368233492199,rolling
RIC,2019,34,Singapore_Grand_Prix,33,0.85,1.038186806380178,rolling
RIC,2019,35,Russian_Grand_Prix,34,0.85,1.0327248029200184,rolling
RIC,2019,36,Japanese_Grand_Prix,35,0.85,1.0384934066629385,rolling
RIC,2019,37,Mexican_Grand_Prix,36,0.85,1.0315943371280993,rolling
RIC,2019,38,United_States_Grand_Prix,37,0.85,1.0311666280557912,rolling
RIC,2019,39,Brazilian_Grand_Prix,38,0.8603969100596558,1.0438682252840827,rolling
RIC,2019,40,Abu_Dhabi_Grand_Prix,39,0.866603100399809,1.0434091192501986,rolling
RIC,2020,41,Austrian_Grand_Prix,40,0.8716641033780107,1.0338966098300748,rolling
RIC,2020,42,Styrian_Grand_Prix,41,0.8912735014155859,1.15,rolling
RIC,2020,43,Hungarian_Grand_Prix,42,0.8943652889586197,1.1436221788024556,rolling
RIC,2020,44,British_Grand_Prix,43,0.9045494731868163,1.139424211462353,rolling
RIC,2020,45,70th_Anniversary_Grand_Prix,44,0.9070365424187877,1.1367197722036582,rolling
RIC,2020,46,Spanish_Grand_Prix,45,0.9176899031957343,1.132002462381502,rolling
RIC,2020,47,Belgian_Grand_Prix,46,0.9158617181351036,1.1278060871808804,rolling
RIC,2020,48,Italian_Grand_Prix,47,0.9185700727685748,1.1248583858182586,rolling
RIC,2020,50,Russian_Grand_Prix,48,0.9377091345134719,1.15,rolling
RIC,2020,51,Eifel_Grand_Prix,49,0.9379240302758894,1.15,rolling
RIC,2020,52,Portuguese_Grand_Prix,50,0.937223813912343,1.15,rolling
RIC,2020,53,Emilia_Romagna_Grand_Prix,51,0.9456942013063614,1.15,rolling
RIC,2020,54,Turkish_Grand_Prix,52,0.9476914826595839,1.15,rolling
RIC,2020,55,Bahrain_Grand_Prix,53,0.9428304375831013,1.15,rolling
RIC,2020,56,Sakhir_Grand_Prix,54,0.9360226771953698,1.15,rolling
RIC,2020,57,Abu_Dhabi_Grand_Prix,55,0.9358679112048992,1.15,rolling
RIC,2021,58,Bahrain_Grand_Prix,56,0.9285733318415439,1.15,rolling
RIC,2021,59,Emilia_Romagna_Grand_Prix,57,0.930483289800524,1.15,rolling
RIC,2021,60,Portuguese_Grand_Prix,58,0.9303907190872783,1.15,rolling
RIC,2021,61,Spanish_Grand_Prix,59,0.9308807849304168,1.1469494904878053,rolling
RIC,2021,62,Monaco_Grand_Prix,60,0.9359131361092877,1.146845687564983,rolling
RIC,2021,63,Azerbaijan_Grand_Prix,61,0.9291234356972934,1.138129159714351,rolling
RIC,2021,64,French_Grand_Prix,62,0.9304687027763614,1.1348346785499401,rolling
RIC,2021,65,Styrian_Grand_Prix,63,0.9327160172194942,1.136138362161577,rolling
RIC,2021,66,Austrian_Grand_Prix,64,0.9300755845887636,1.1324000049889205,rolling
RIC,2021,67,British_Grand_Prix,65,0.9277802954035044,1.1271948040864241,rolling
RIC,2021,70,Dutch_Grand_Prix,66,0.9286207334278389,1.1243021566854987,rolling
RIC,2021,71,Italian_Grand_Prix,67,0.9302347500638823,1.1265367887280773,rolling
RIC,2021,72,Russian_Grand_Prix,68,0.9314367040640114,1.1260931132172045,rolling
RIC,2021,73,Turkish_Grand_Prix,69,0.9369314719322105,1.129093159043724,rolling
RIC,2021,74,United_States_Grand_Prix,70,0.9377181950678649,1.125702306333973,rolling
RIC,2021,75,Mexico_City_Grand_Prix,71,0.9395990027714727,1.126541068562938,rolling
RIC,2021,76,São_Paulo_Grand_Prix,72,0.9379323364075133,1.1251092610527558,rolling
RIC,2021,77,Qatar_Grand_Prix,73,0.9357547187030836,1.1272326808552913,rolling
RIC,2021,78,Saudi_Arabian_Grand_Prix,74,0.9298520028685937,1.128315257399579,rolling
RIC,2021,79,Abu_Dhabi_Grand_Prix,75,0.9377474198835515,1.15,rolling
RIC,2022,80,Bahrain_Grand_Prix,76,0.9414397054808331,1.15,rolling
RIC,2022,81,Saudi_Arabian_Grand_Prix,77,0.941485152779145,1.15,rolling
RIC,2022,82,Australian_Grand_Prix,78,0.9419151472239529,1.15,rolling
RIC,2022,83,Emilia_Romagna_Grand_Prix,79,0.9437164071714255,1.15,rolling
RIC,2022,84,Miami_Grand_Prix,80,0.9369013445087117,1.15,rolling
RIC,2022,85,Spanish_Grand_Prix,81,0.9367842568160553,1.1473070318313618,rolling
RIC,2022,86,Monaco_Grand_Prix,82,0.9383747944312654,1.1474645903702942,rolling
RIC,2022,87,Azerbaijan_Grand_Prix,83,0.9372303159448602,1.1428505584773176,rolling
RIC,2022,88,Canadian_Grand_Prix,84,0.9410854181921819,1.1425351198131557,rolling
RIC,2022,89,British_Grand_Prix,85,0.943332024698044,1.1437642264947905,rolling
RIC,2022,90,Austrian_Grand_Prix,86,0.9478698341876651,1.15,rolling
RIC,2022,91,French_Grand_Prix,87,0.9481709737294499,1.15,rolling
RIC,2022,92,Hungarian_Grand_Prix,88,0.9477616787080589,1.15,rolling
RIC,2022,93,Belgian_Grand_Prix,89,0.9470084948103972,1.15,rolling
RIC,2022,94,Dutch_Grand_Prix,90,0.9497321625989965,1.15,rolling
RIC,2022,95,Italian_Grand_Prix,91,0.9484358063072639,1.1487023162740058,rolling
RIC,2022,96,Singapore_Grand_Prix,92,0.9483405984286679,1.15,rolling
RIC,2022,97,Japanese_Grand_Prix,93,0.9439787209166698,1.15,rolling
RIC,2022,98,United_States_Grand_Prix,94,0.9417017665354966,1.1395346788940768,rolling
RIC,2022,99,Mexico_City_Grand_Prix,95,0.9442755368029991,1.1394766362849598,rolling
RIC,2022,101,Abu_Dhabi_Grand_Prix,96,0.9438090151778,1.1359382973244858,rolling
RIC,2023,112,Hungarian_Grand_Prix,97,0.9452778667237138,1.1367015992175171,rolling
RIC,2023,113,Belgian_Grand_Prix,98,0.9469599779360695,1.134511855145663,rolling
RIC,2023,119,United_States_Grand_Prix,99,0.9465982906092338,1.1335636320341282,rolling
RIC,2023,120,Mexico_City_Grand_Prix,100,0.9449441384928731,1.13200151902495,rolling
RIC,2023,121,São_Paulo_Grand_Prix,101,0.9486881696283994,1.1407686619135113,rolling
RIC,2023,122,Las_Vegas_Grand_Prix,102,0.949643648535295,1.1419001476158703,rolling
RIC,2023,123,Abu_Dhabi_Grand_Prix,103,0.9511572096945305,1.140426989722633,rolling
RIC,2024,124,Bahrain_Grand_Prix,104,0.9492494594714268,1.1374776768226709,rolling
RIC,2024,125,Saudi_Arabian_Grand_Prix,105,0.9495270746009861,1.1346467519421706,rolling
RIC,2024,126,Australian_Grand_Prix,106,0.947556928524893,1.1306669114020136,rolling
RIC,2024,128,Chinese_Grand_Prix,107,0.9459349849827666,1.1284813826544902,rolling
RIC,2024,129,Miami_Grand_Prix,108,0.9485500915616313,1.1260849977090333,rolling
RIC,2024,130,Emilia_Romagna_Grand_Prix,109,0.9477502524864012,1.126107497708215,rolling
RIC,2024,131,Monaco_Grand_Prix,110,0.9494450665406017,1.1250732339865626,rolling
RIC,2024,132,Canadian_Grand_Prix,111,0.9527847077761767,1.1250769654266213,rolling
RIC,2024,133,Spanish_Grand_Prix,112,0.9550270916371103,1.1235227790009032,rolling
RIC,2024,134,Austrian_Grand_Prix,113,0.9555210116543933,1.124496284625585,rolling
RIC,2024,135,British_Grand_Prix,114,0.9565670203005953,1.1252565241480772,rolling
RIC,2024,136,Hungarian_Grand_Prix,115,0.9592440577451578,1.1247651003504435,rolling
RIC,2024,137,Belgian_Grand_Prix,116,0.9588141212501397,1.1226443220274136,rolling
RIC,2024,138,Dutch_Grand_Prix,117,0.9599328338993661,1.1220124153983955,rolling
RIC,2024,139,Italian_Grand_Prix,118,0.9616251317964221,1.1200703957361546,rolling
RIC,2024,140,Azerbaijan_Grand_Prix,119,0.9735188945098588,1.1283490814222494,rolling
RIC,2024,141,Singapore_Grand_Prix,120,0.9766453261413629,1.1268218400914538,rolling
RUS,2019,20,Australian_Grand_Prix,0,1.05,0.95,fallback
RUS,2019,21,Bahrain_Grand_Prix,1,1.05,0.95,fallback
RUS,2019,22,Chinese_Grand_Prix,2,1.05,0.95,fallback
RUS,2019,23,Azerbaijan_Grand_Prix,3,1.05,0.95,fallback
RUS,2019,24,Spanish_Grand_Prix,4,1.05,0.95,fallback
RUS,2019,25,Monaco_Grand_Prix,5,1.05,0.95,fallback
RUS,2019,26,Canadian_Grand_Prix,6,1.05,0.95,fallback
RUS,2019,27,French_Grand_Prix,7,1.05,0.95,fallback
RUS,2019,28,Austrian_Grand_Prix,8,1.05,0.95,fallback
RUS,2019,29,British_Grand_Prix,9,1.05,0.95,fallback
RUS,2019,30,German_Grand_Prix,10,1.05,0.95,fallback
RUS,2019,31,Hungarian_Grand_Prix,11,1.05,0.95,fallback
RUS,2019,32,Belgian_Grand_Prix,12,1.05,0.95,fallback
RUS,2019,33,Italian_Grand_Prix,13,1.05,0.95,fallback
RUS,2019,34,Singapore_Grand_Prix,14,1.05,0.95,fallback
RUS,2019,35,Russian_Grand_Prix,15,1.05,0.95,fallback
RUS,2019,36,Japanese_Grand_Prix,16,1.05,0.95,fallback
RUS,2019,37,Mexican_Grand_Prix,17,1.05,0.95,fallback
RUS,2019,38,United_States_Grand_Prix,18,1.05,0.95,fallback
RUS,2019,39,Brazilian_Grand_Prix,19,1.05,0.95,fallback
RUS,2019,40,Abu_Dhabi_Grand_Prix,20,1.0701881280949823,1.0823990113782886,rolling
RUS,2020,41,Austrian_Grand_Prix,21,1.0575080694958912,1.063607937057643,rolling
RUS,2020,42,Styrian_Grand_Prix,22,1.0542525215970309,1.1327302252865397,rolling
RUS,2020,43,Hungarian_Grand_Prix,23,1.0499256363541103,1.1089673295420592,rolling
RUS,2020,44,British_Grand_Prix,24,1.0712688566751924,1.085763365954161,rolling
RUS,2020,45,70th_Anniversary_Grand_Prix,25,1.0733873383271515,1.0850424318808707,rolling
RUS,2020,46,Spanish_Grand_Prix,26,1.0802153798170921,1.0881469925581615,rolling
RUS,2020,47,Belgian_Grand_Prix,27,1.0745873341416228,1.1048955264429736,rolling
RUS,2020,48,Italian_Grand_Prix,28,1.0404403953670613,1.119959538132711,rolling
RUS,2020,50,Russian_Grand_Prix,29,0.9644446586557696,1.027023064104877,rolling
RUS,2020,51,Eifel_Grand_Prix,30,0.966807069528236,1.0226440058125499,rolling
RUS,2020,52,Portuguese_Grand_Prix,31,0.9439179392135354,1.0323621889363388,rolling
RUS,2020,53,Emilia_Romagna_Grand_Prix,32,0.9429706336424906,1.0313092022177963,rolling
RUS,2020,54,Turkish_Grand_Prix,33,0.9501754438335634,1.033305225074483,rolling
RUS,2020,55,Bahrain_Grand_Prix,34,0.9624728832809488,1.0690176478384525,rolling
RUS,2020,56,Sakhir_Grand_Prix,35,0.9673349291678505,1.0740097713554404,rolling
RUS,2020,57,Abu_Dhabi_Grand_Prix,36,0.9659168282372539,1.0699951347477512,rolling
RUS,2021,58,Bahrain_Grand_Prix,37,0.9717918840715152,1.0750647560531068,rolling
RUS,2021,60,Portuguese_Grand_Prix,38,0.9782079539044648,1.083981985955409,rolling
RUS,2021,61,Spanish_Grand_Prix,39,0.9773531579673551,1.0791914279667276,rolling
RUS,2021,62,Monaco_Grand_Prix,40,0.9769971020130062,1.080973882984453,rolling
RUS,2021,63,Azerbaijan_Grand_Prix,41,0.9791353122942644,1.0774674861760658,rolling
RUS,2021,64,French_Grand_Prix,42,0.9571327123714559,1.080524305978218,rolling
RUS,2021,65,Styrian_Grand_Prix,43,0.9624896603874414,1.0813592010579367,rolling
RUS,2021,66,Austrian_Grand_Prix,44,0.9697351257470503,1.0935583426556352,rolling
RUS,2021,67,British_Grand_Prix,45,0.9738760376201769,1.0922827880871175,rolling
RUS,2021,68,Hungarian_Grand_Prix,46,0.9617043742017429,1.079973862155528,rolling
RUS,2021,70,Dutch_Grand_Prix,47,0.9549131539533449,1.0733259747971062,rolling
RUS,2021,71,Italian_Grand_Prix,48,0.9527094002683759,1.073698608622235,rolling
RUS,2021,72,Russian_Grand_Prix,49,0.950408817952456,1.0723398868143625,rolling
RUS,2021,73,Turkish_Grand_Prix,50,0.9562825888109758,1.041712802742163,rolling
RUS,2021,74,United_States_Grand_Prix,51,0.9517517903384153,1.0442758424272087,rolling
RUS,2021,75,Mexico_City_Grand_Prix,52,0.9484503231659459,1.0435675080637328,rolling
RUS,2021,76,São_Paulo_Grand_Prix,53,0.9496772040110271,1.0465459800603854,rolling
RUS,2021,77,Qatar_Grand_Prix,54,0.9472920087518041,1.0458395891176102,rolling
RUS,2021,78,Saudi_Arabian_Grand_Prix,55,0.9466994613258308,1.04350842025877,rolling
RUS,2021,79,Abu_Dhabi_Grand_Prix,56,0.9492631762597435,1.0875072507593813,rolling
RUS,2022,80,Bahrain_Grand_Prix,57,0.9419880198477085,1.0887206137361318,rolling
RUS,2022,81,Saudi_Arabian_Grand_Prix,58,0.9447584357826448,1.0873635861992186,rolling
RUS,2022,82,Australian_Grand_Prix,59,0.9552104963065774,1.089895682073537,rolling
RUS,2022,83,Emilia_Romagna_Grand_Prix,60,0.9545984397549183,1.0889195177869246,rolling
RUS,2022,84,Miami_Grand_Prix,61,0.9554387779511981,1.0906173380777253,rolling
RUS,2022,85,Spanish_Grand_Prix,62,0.9488525521813473,1.0869065692101985,rolling
RUS,2022,86,Monaco_Grand_Prix,63,0.951607123203721,1.0902693838462825,rolling
RUS,2022,87,Azerbaijan_Grand_Prix,64,0.9820077229099162,1.093270063376554,rolling
RUS,2022,88,Canadian_Grand_Prix,65,0.9882908798467115,1.0947353680153562,rolling
RUS,2022,90,Austrian_Grand_Prix,66,0.9851291834549811,1.0940785346633897,rolling
RUS,2022,91,French_Grand_Prix,67,0.9865103845316956,1.0939779217454542,rolling
RUS,2022,92,Hungarian_Grand_Prix,68,0.9845196745835826,1.0924711997955727,rolling
RUS,2022,94,Dutch_Grand_Prix,69,0.9837671413455158,1.0955947167265097,rolling
RUS,2022,95,Italian_Grand_Prix,70,0.9835123410104287,1.0928639121339512,rolling
RUS,2022,96,Singapore_Grand_Prix,71,0.9879746982870501,1.0998675712384167,rolling
RUS,2022,97,Japanese_Grand_Prix,72,0.9430165500803458,1.0933029597142532,rolling
RUS,2022,98,United_States_Grand_Prix,73,0.9486074838139188,1.090772523563094,rolling
RUS,2022,99,Mexico_City_Grand_Prix,74,0.9504330912546424,1.0903511783820405,rolling
RUS,2022,100,São_Paulo_Grand_Prix,75,0.9494627073473282,1.0891662921946332,rolling
RUS,2022,101,Abu_Dhabi_Grand_Prix,76,0.9518987280662534,1.0923732224549638,rolling
RUS,2023,102,Bahrain_Grand_Prix,77,0.9528985258662429,1.0907149920833825,rolling
RUS,2023,103,Saudi_Arabian_Grand_Prix,78,0.9530068532632121,1.0890352945574955,rolling
RUS,2023,104,Australian_Grand_Prix,79,0.9553456027465033,1.0900869883185238,rolling
RUS,2023,105,Azerbaijan_Grand_Prix,80,0.9406957607025759,1.068493896274074,rolling
RUS,2023,106,Miami_Grand_Prix,81,0.9386088023212699,1.0673857366264474,rolling
RUS,2023,107,Monaco_Grand_Prix,82,0.938286911897653,1.0686035025422007,rolling
RUS,2023,108,Spanish_Grand_Prix,83,0.9434348791822277,1.070774102410228,rolling
RUS,2023,109,Canadian_Grand_Prix,84,0.943938580448651,1.0696976734330108,rolling
RUS,2023,110,Austrian_Grand_Prix,85,0.9429682726742863,1.0705478674007483,rolling
RUS,2023,111,British_Grand_Prix,86,0.9439254701859993,1.0686099146194579,rolling
RUS,2023,112,Hungarian_Grand_Prix,87,0.9474662096261735,1.069115171293182,rolling
RUS,2023,113,Belgian_Grand_Prix,88,0.9465658652370028,1.0671892506886893,rolling
RUS,2023,114,Dutch_Grand_Prix,89,0.9481225713719499,1.0649679346640177,rolling
RUS,2023,115,Italian_Grand_Prix,90,0.9512210641280772,1.063756908060335,rolling
RUS,2023,116,Singapore_Grand_Prix,91,0.9523511969912924,1.064825399643027,rolling
RUS,2023,117,Japanese_Grand_Prix,92,0.9556996038052846,1.065971478633273,rolling
RUS,2023,119,United_States_Grand_Prix,93,0.9596823989634745,1.0669195768463204,rolling
RUS,2023,120,Mexico_City_Grand_Prix,94,0.9576412275071853,1.0649107823252226,rolling
RUS,2023,121,São_Paulo_Grand_Prix,95,0.9581591768719933,1.0649287726617578,rolling
RUS,2023,122,Las_Vegas_Grand_Prix,96,0.9570498075007635,1.065273659294484,rolling
RUS,2023,123,Abu_Dhabi_Grand_Prix,97,0.958672159655826,1.0662969466561865,rolling
RUS,2024,124,Bahrain_Grand_Prix,98,0.9607166598696691,1.0663048593190512,rolling
RUS,2024,125,Saudi_Arabian_Grand_Prix,99,0.9601563893212681,1.0673286613629602,rolling
RUS,2024,126,Australian_Grand_Prix,100,0.9584293414536137,1.067016615535281,rolling
RUS,2024,127,Japanese_Grand_Prix,101,0.9623239018430765,1.0644180983261275,rolling
RUS,2024,128,Chinese_Grand_Prix,102,0.961061284581012,1.0653582738297662,rolling
RUS,2024,129,Miami_Grand_Prix,103,0.9611682909878629,1.0650912985030943,rolling
RUS,2024,130,Emilia_Romagna_Grand_Prix,104,0.9631502598500679,1.0662909625191102,rolling
RUS,2024,131,Monaco_Grand_Prix,105,0.9630338463384306,1.066905498645593,rolling
RUS,2024,132,Canadian_Grand_Prix,106,0.9618014469119486,1.0693568621241325,rolling
RUS,2024,133,Spanish_Grand_Prix,107,0.9714222123759109,1.072557598396463,rolling
RUS,2024,134,Austrian_Grand_Prix,108,0.9708456948862427,1.0727900941786972,rolling
RUS,2024,135,British_Grand_Prix,109,0.9700531798247832,1.0721861701433453,rolling
RUS,2024,136,Hungarian_Grand_Prix,110,0.970949717842541,1.074356012600753,rolling
RUS,2024,137,Belgian_Grand_Prix,111,0.9684655973492897,1.0693172954971106,rolling
RUS,2024,138,Dutch_Grand_Prix,112,0.9672506967480596,1.0689572620977992,rolling
RUS,2024,139,Italian_Grand_Prix,113,0.9678258716509719,1.0702603289848551,rolling
RUS,2024,140,Azerbaijan_Grand_Prix,114,0.9662358310997472,1.0697471734115622,rolling
RUS,2024,141,Singapore_Grand_Prix,115,0.967054647903963,1.0701590592837107,rolling
RUS,2024,143,Mexico_City_Grand_Prix,116,0.9681635043620338,1.0700244070352982,rolling
RUS,2024,144,São_Paulo_Grand_Prix,117,0.9691439530190512,1.0710317730457883,rolling
RUS,2024,145,Las_Vegas_Grand_Prix,118,0.9794163647510652,1.0793706809064785,rolling
RUS,2024,146,Qatar_Grand_Prix,119,0.9806483306081966,1.0814058559988553,rolling
RUS,2024,147,Abu_Dhabi_Grand_Prix,120,0.9826137883745841,1.081410511898052,rolling
RUS,2025,148,Australian_Grand_Prix,121,0.9831362509752896,1.0830535271880208,rolling
RUS,2025,149,Chinese_Grand_Prix,122,0.9862240565609478,1.0851679656970552,rolling
RUS,2025,150,Japanese_Grand_Prix,123,0.9876145432133048,1.0854501477313843,rolling
RUS,2025,151,Bahrain_Grand_Prix,124,0.9867066756944043,1.0858910691832502,rolling
RUS,2025,152,Saudi_Arabian_Grand_Prix,125,0.9873566780837034,1.0849904307249392,rolling
RUS,2025,153,Miami_Grand_Prix,126,0.9886463205470148,1.0851889869545357,rolling
RUS,2025,154,Emilia_Romagna_Grand_Prix,127,0.9861699715354036,1.0840296931964244,rolling
RUS,2025,155,Monaco_Grand_Prix,128,0.9866345981196075,1.083050278291306,rolling
RUS,2025,156,Spanish_Grand_Prix,129,0.9846759713746276,1.078725082285652,rolling
RUS,2025,157,Canadian_Grand_Prix,130,0.9829886215392631,1.0766291659265024,rolling
RUS,2025,159,British_Grand_Prix,131,0.9823352868647028,1.076669913232309,rolling
RUS,2025,160,Belgian_Grand_Prix,132,0.9610185601759359,1.06942025632758,rolling
RUS,2025,161,Hungarian_Grand_Prix,133,0.9647010009869911,1.0715652363212655,rolling
RUS,2025,162,Dutch_Grand_Prix,134,0.9654126582013961,1.0722912221229606,rolling
RUS,2025,163,Italian_Grand_Prix,135,0.9665329785772584,1.073470243545286,rolling
RUS,2025,164,Azerbaijan_Grand_Prix,136,0.9678595822497232,1.0732343061409853,rolling
RUS,2025,165,Singapore_Grand_Prix,137,0.9679858217672477,1.0722708972953994,rolling
RUS,2025,166,United_States_Grand_Prix,138,0.9705285607064917,1.0730943935024206,rolling
RUS,2025,167,Mexico_City_Grand_Prix,139,0.9772114987008312,1.0844766664185168,rolling
RUS,2025,168,São_Paulo_Grand_Prix,140,0.9761552266732392,1.083381646277312,rolling
RUS,2025,169,Las_Vegas_Grand_Prix,141,0.976412911710153,1.082105804950422,rolling
RUS,2025,170,Qatar_Grand_Prix,142,0.9814358245738217,1.0837261634663846,rolling
RUS,2025,171,Abu_Dhabi_Grand_Prix,143,0.9787081839954856,1.0834518748376585,rolling
RUS,2026,172,Australian_Grand_Prix,144,0.9788417132976297,1.0855381883852273,rolling
RUS,2026,173,Chinese_Grand_Prix,145,0.9801925377374623,1.085226844402444,rolling
RUS,2026,174,Japanese_Grand_Prix,146,0.9800145636740725,1.0841889699499945,rolling
RUS,2026,175,Miami_Grand_Prix,147,0.9810722249167879,1.0848884252266917,rolling
RUS,2026,176,Canadian_Grand_Prix,148,0.9800566991499048,1.0839190785705737,rolling
RUS,2026,177,Monaco_Grand_Prix,149,0.9808675637961459,1.0841650161531238,rolling
SAI,2018,0,Australian_Grand_Prix,0,1.05,0.95,fallback
SAI,2018,1,Bahrain_Grand_Prix,1,1.05,0.95,fallback
SAI,2018,2,Chinese_Grand_Prix,2,1.05,0.95,fallback
SAI,2018,3,Azerbaijan_Grand_Prix,3,1.05,0.95,fallback
SAI,2018,5,Monaco_Grand_Prix,4,1.05,0.95,fallback
SAI,2018,6,Canadian_Grand_Prix,5,1.05,0.95,fallback
SAI,2018,7,French_Grand_Prix,6,1.05,0.95,fallback
SAI,2018,8,Austrian_Grand_Prix,7,1.05,0.95,fallback
SAI,2018,9,British_Grand_Prix,8,1.05,0.95,fallback
SAI,2018,10,German_Grand_Prix,9,1.05,0.95,fallback
SAI,2018,11,Hungarian_Grand_Prix,10,1.0,0.9,fallback
SAI,2018,13,Singapore_Grand_Prix,11,1.0,0.9,fallback
SAI,2018,14,Russian_Grand_Prix,12,1.0,0.9,fallback
SAI,2018,15,Japanese_Grand_Prix,13,1.0,0.9,fallback
SAI,2018,16,United_States_Grand_Prix,14,1.0,0.9,fallback
SAI,2018,17,Mexican_Grand_Prix,15,1.0,0.9,fallback
SAI,2018,18,Brazilian_Grand_Prix,16,1.0,0.9,fallback
SAI,2019,20,Australian_Grand_Prix,17,1.0,0.9,fallback
SAI,2019,21,Bahrain_Grand_Prix,18,1.0,0.9,fallback
SAI,2019,22,Chinese_Grand_Prix,19,1.0,0.9,fallback
SAI,2019,23,Azerbaijan_Grand_Prix,20,1.0433486563612444,1.15,rolling
SAI,2019,24,Spanish_Grand_Prix,21,1.0440456576801282,1.140650159160668,rolling
SAI,2019,25,Monaco_Grand_Prix,22,1.0513054659664458,1.1289678774553558,rolling
SAI,2019,26,Canadian_Grand_Prix,23,1.048963553545115,1.1431634601624974,rolling
SAI,2019,27,French_Grand_Prix,24,1.0650538683890998,1.15,rolling
SAI,2019,28,Austrian_Grand_Prix,25,1.0549455439162971,1.15,rolling
SAI,2019,29,British_Grand_Prix,26,1.0425085403594392,1.15,rolling
SAI,2019,30,German_Grand_Prix,27,1.034504987330787,1.15,rolling
SAI,2019,31,Hungarian_Grand_Prix,28,1.0056921638613683,1.0284492830277143,rolling
SAI,2019,33,Italian_Grand_Prix,29,1.0054111392211642,1.0306202865743377,rolling
SAI,2019,34,Singapore_Grand_Prix,30,1.020033435167175,1.049400413455777,rolling
SAI,2019,35,Russian_Grand_Prix,31,1.013534219603854,1.0361392095884017,rolling
SAI,2019,36,Japanese_Grand_Prix,32,1.0187795380415055,1.0374565296456295,rolling
SAI,2019,37,Mexican_Grand_Prix,33,1.0289549369115742,1.033521313255223,rolling
SAI,2019,38,United_States_Grand_Prix,34,1.0284027330222667,1.0291290289323367,rolling
SAI,2019,39,Brazilian_Grand_Prix,35,1.0343401845886409,1.0363849647295418,rolling
SAI,2019,40,Abu_Dhabi_Grand_Prix,36,1.0325834813725239,1.036702048946088,rolling
SAI,2020,41,Austrian_Grand_Prix,37,1.0316325867675042,1.0301156565037695,rolling
SAI,2020,42,Styrian_Grand_Prix,38,1.0288777987913316,1.0423495599139985,rolling
SAI,2020,43,Hungarian_Grand_Prix,39,1.0267115029416753,1.0470071462717225,rolling
SAI,2020,44,British_Grand_Prix,40,1.0139231665579433,1.054731071142955,rolling
SAI,2020,45,70th_Anniversary_Grand_Prix,41,1.0122236652331307,1.0561428106319402,rolling
SAI,2020,46,Spanish_Grand_Prix,42,1.0139021107037316,1.053886782914005,rolling
SAI,2020,48,Italian_Grand_Prix,43,1.0125120759601505,1.052772925015709,rolling
SAI,2020,51,Eifel_Grand_Prix,44,1.011910550950349,1.052490767245056,rolling
SAI,2020,52,Portuguese_Grand_Prix,45,1.014200407137784,1.0432409505063887,rolling
SAI,2020,53,Emilia_Romagna_Grand_Prix,46,1.0129949693545879,1.0454086054500098,rolling
SAI,2020,54,Turkish_Grand_Prix,47,1.0130326184097687,1.0455022713526694,rolling
SAI,2020,55,Bahrain_Grand_Prix,48,1.0360268649546678,1.0559460611548752,rolling
SAI,2020,56,Sakhir_Grand_Prix,49,1.0311670904322037,1.0532382520724823,rolling
SAI,2020,57,Abu_Dhabi_Grand_Prix,50,1.0315546191912464,1.0544545382123482,rolling
SAI,2021,58,Bahrain_Grand_Prix,51,1.0294542713607497,1.0527409133871328,rolling
SAI,2021,59,Emilia_Romagna_Grand_Prix,52,1.0284333279678004,1.0501094167117526,rolling
SAI,2021,60,Portuguese_Grand_Prix,53,1.0217326946895497,1.0352778028831509,rolling
SAI,2021,61,Spanish_Grand_Prix,54,1.0213756419545952,1.0374328448502361,rolling
SAI,2021,63,Azerbaijan_Grand_Prix,55,1.0161927777840647,1.0343590375529874,rolling
SAI,2021,64,French_Grand_Prix,56,1.0184266881966348,1.0340010487944888,rolling
SAI,2021,65,Styrian_Grand_Prix,57,1.019605581992825,1.0377035127150096,rolling
SAI,2021,66,Austrian_Grand_Prix,58,1.0110211006489982,1.033831067149633,rolling
SAI,2021,67,British_Grand_Prix,59,1.0086334111672,1.0319483988439357,rolling
SAI,2021,70,Dutch_Grand_Prix,60,1.0049691673174754,1.030610171171198,rolling
SAI,2021,71,Italian_Grand_Prix,61,1.0040936085431136,1.0315094520299017,rolling
SAI,2021,72,Russian_Grand_Prix,62,1.0038197882470659,1.0292440183126743,rolling
SAI,2021,73,Turkish_Grand_Prix,63,1.0162253779693127,1.0487748309821656,rolling
SAI,2021,74,United_States_Grand_Prix,64,1.0066405914119476,1.044861396603526,rolling
SAI,2021,75,Mexico_City_Grand_Prix,65,1.007100293891343,1.044322561616021,rolling
SAI,2021,76,São_Paulo_Grand_Prix,66,1.004415255408255,1.0385239936455462,rolling
SAI,2021,77,Qatar_Grand_Prix,67,1.0026121301296846,1.037805371533697,rolling
SAI,2021,78,Saudi_Arabian_Grand_Prix,68,1.0022649922921893,1.0393732993891156,rolling
SAI,2021,79,Abu_Dhabi_Grand_Prix,69,0.9979476385430963,1.0357711607185298,rolling
SAI,2022,80,Bahrain_Grand_Prix,70,0.993022617465945,1.034214885259714,rolling
SAI,2022,81,Saudi_Arabian_Grand_Prix,71,0.9924279711268171,1.0342760371087216,rolling
SAI,2022,84,Miami_Grand_Prix,72,0.9911986597387751,1.0328598831982272,rolling
SAI,2022,85,Spanish_Grand_Prix,73,0.9917876115578231,1.033928747958857,rolling
SAI,2022,86,Monaco_Grand_Prix,74,0.9905238739441393,1.0197191434836546,rolling
SAI,2022,87,Azerbaijan_Grand_Prix,75,0.9940881492911227,1.0188263146710492,rolling
SAI,2022,88,Canadian_Grand_Prix,76,0.9980447907561545,1.0203510090744716,rolling
SAI,2022,89,British_Grand_Prix,77,1.0054333251683523,1.0237814549075586,rolling
SAI,2022,90,Austrian_Grand_Prix,78,1.0055136803740314,1.0224766885488639,rolling
SAI,2022,91,French_Grand_Prix,79,1.0075521306324433,1.0255456153714075,rolling
SAI,2022,92,Hungarian_Grand_Prix,80,1.008139198721954,1.0180515530001775,rolling
SAI,2022,93,Belgian_Grand_Prix,81,1.0102954281711454,1.0202192227024813,rolling
SAI,2022,94,Dutch_Grand_Prix,82,1.0125396032049605,1.0229653288704865,rolling
SAI,2022,95,Italian_Grand_Prix,83,1.010986271538443,1.0235140753873095,rolling
SAI,2022,96,Singapore_Grand_Prix,84,1.0085967803154197,1.0193111792266862,rolling
SAI,2022,99,Mexico_City_Grand_Prix,85,1.0063493374511436,1.017723541350426,rolling
SAI,2022,100,São_Paulo_Grand_Prix,86,1.0053571694056684,1.018097630707165,rolling
SAI,2022,101,Abu_Dhabi_Grand_Prix,87,1.0061972063479812,1.0177150930439554,rolling
SAI,2023,102,Bahrain_Grand_Prix,88,1.004765497958376,1.0166198285627706,rolling
SAI,2023,103,Saudi_Arabian_Grand_Prix,89,1.0055105418990822,1.0154067607434911,rolling
SAI,2023,105,Azerbaijan_Grand_Prix,90,1.0071547558795022,1.0155565188499582,rolling
SAI,2023,106,Miami_Grand_Prix,91,1.0073292706012442,1.0167568526091244,rolling
SAI,2023,107,Monaco_Grand_Prix,92,1.0077073586845775,1.0176706581709793,rolling
SAI,2023,108,Spanish_Grand_Prix,93,1.0091423825047665,1.017887490079779,rolling
SAI,2023,109,Canadian_Grand_Prix,94,1.0094742202506388,1.019421074752786,rolling
SAI,2023,110,Austrian_Grand_Prix,95,1.0087944535310098,1.0200766165913535,rolling
SAI,2023,111,British_Grand_Prix,96,1.0080842308572187,1.0211002585606406,rolling
SAI,2023,112,Hungarian_Grand_Prix,97,1.0066814029683273,1.0205224874299588,rolling
SAI,2023,113,Belgian_Grand_Prix,98,1.0059302310989275,1.0202499908377245,rolling
SAI,2023,114,Dutch_Grand_Prix,99,0.9959756913626696,1.0192194334347846,rolling
SAI,2023,115,Italian_Grand_Prix,100,0.9992378726278961,1.0199166558514305,rolling
SAI,2023,116,Singapore_Grand_Prix,101,0.9994821060127064,1.0199561917210311,rolling
SAI,2023,117,Japanese_Grand_Prix,102,0.9969686393477242,1.0204567526616162,rolling
SAI,2023,119,United_States_Grand_Prix,103,0.9965004231952023,1.0199544703519605,rolling
SAI,2023,120,Mexico_City_Grand_Prix,104,0.9951782849961212,1.0188862164431183,rolling
SAI,2023,122,Las_Vegas_Grand_Prix,105,0.9949775068202763,1.0182277635875399,rolling
SAI,2023,123,Abu_Dhabi_Grand_Prix,106,0.9914798144446471,1.0164106173656593,rolling
SAI,2024,124,Bahrain_Grand_Prix,107,0.991769879735811,1.017086297417374,rolling
SAI,2024,126,Australian_Grand_Prix,108,0.9921119301533267,1.0175290815296372,rolling
SAI,2024,127,Japanese_Grand_Prix,109,0.9923249247578836,1.018464340285932,rolling
SAI,2024,128,Chinese_Grand_Prix,110,0.9924124842222841,1.017658778803421,rolling
SAI,2024,129,Miami_Grand_Prix,111,0.9916752307831496,1.0176976031613596,rolling
SAI,2024,130,Emilia_Romagna_Grand_Prix,112,0.9920049563740964,1.0176513558439684,rolling
SAI,2024,131,Monaco_Grand_Prix,113,0.9919940412942485,1.017892585549269,rolling
SAI,2024,132,Canadian_Grand_Prix,114,0.9906949558583001,1.017699211160504,rolling
SAI,2024,133,Spanish_Grand_Prix,115,0.9944205737516872,1.0150522881556476,rolling
SAI,2024,134,Austrian_Grand_Prix,116,0.993437814034089,1.0169363420094935,rolling
SAI,2024,135,British_Grand_Prix,117,0.9936414807861891,1.0162975738029194,rolling
SAI,2024,136,Hungarian_Grand_Prix,118,0.9947703051432363,1.0228474025476273,rolling
SAI,2024,137,Belgian_Grand_Prix,119,0.9940366864208479,1.0219385505540874,rolling
SAI,2024,138,Dutch_Grand_Prix,120,0.9915498373967583,1.0212397614452975,rolling
SAI,2024,139,Italian_Grand_Prix,121,0.9906609974323081,1.0201385764077002,rolling
SAI,2024,140,Azerbaijan_Grand_Prix,122,0.9903399217789538,1.0194629414449021,rolling
SAI,2024,141,Singapore_Grand_Prix,123,0.9902569187469781,1.0188358949133847,rolling
SAI,2024,142,United_States_Grand_Prix,124,0.9897447155754203,1.0219454652497286,rolling
SAI,2024,143,Mexico_City_Grand_Prix,125,0.9895982671223204,1.0212540204635967,rolling
SAI,2024,144,São_Paulo_Grand_Prix,126,0.9896152268511859,1.021917804166301,rolling
SAI,2024,145,Las_Vegas_Grand_Prix,127,0.9791730057486062,1.0180294970029964,rolling
SAI,2024,146,Qatar_Grand_Prix,128,0.9799906756766203,1.0180784658104267,rolling
SAI,2024,147,Abu_Dhabi_Grand_Prix,129,0.9795321139748718,1.018588989939002,rolling
SAI,2025,149,Chinese_Grand_Prix,130,0.980840885821129,1.019511554285885,rolling
SAI,2025,150,Japanese_Grand_Prix,131,0.9814107680697491,1.0202510721084448,rolling
SAI,2025,151,Bahrain_Grand_Prix,132,0.9818487665778797,1.0194451234393038,rolling
SAI,2025,152,Saudi_Arabian_Grand_Prix,133,0.9797741163949876,1.0187898312331491,rolling
SAI,2025,153,Miami_Grand_Prix,134,0.9797155479894625,1.019420700899474,rolling
SAI,2025,154,Emilia_Romagna_Grand_Prix,135,0.9794290617863106,1.0195916232829247,rolling
SAI,2025,155,Monaco_Grand_Prix,136,0.9774043085794759,1.020378170069366,rolling
SAI,2025,156,Spanish_Grand_Prix,137,0.9792116699695662,1.019793221742473,rolling
SAI,2025,157,Canadian_Grand_Prix,138,0.9805047510485687,1.019887791259558,rolling
SAI,2025,159,British_Grand_Prix,139,0.9794074727980221,1.0207626845066116,rolling
SAI,2025,160,Belgian_Grand_Prix,140,0.9736352048855591,1.022871994227772,rolling
SAI,2025,161,Hungarian_Grand_Prix,141,0.9721261041674503,1.02068834414994,rolling
SAI,2025,162,Dutch_Grand_Prix,142,0.9719601397188693,1.020244860465583,rolling
SAI,2025,163,Italian_Grand_Prix,143,0.9714030482619069,1.0210156722494623,rolling
SAI,2025,164,Azerbaijan_Grand_Prix,144,0.972109855417129,1.0199045591715252,rolling
SAI,2025,165,Singapore_Grand_Prix,145,0.9753297036416317,1.0228892570283332,rolling
SAI,2025,166,United_States_Grand_Prix,146,0.9773893602975696,1.022393116314624,rolling
SAI,2025,167,Mexico_City_Grand_Prix,147,0.9752792485776253,1.02469678642932,rolling
SAI,2025,168,São_Paulo_Grand_Prix,148,0.9762013574968855,1.0259036892576505,rolling
SAI,2025,169,Las_Vegas_Grand_Prix,149,0.9760042241150626,1.0277694344938348,rolling
SAI,2025,170,Qatar_Grand_Prix,150,0.9771393293626949,1.0281020580572349,rolling
SAI,2025,171,Abu_Dhabi_Grand_Prix,151,0.9777948207595554,1.0284936901193173,rolling
SAI,2026,172,Australian_Grand_Prix,152,0.9778636213108842,1.0289584918363033,rolling
SAI,2026,174,Japanese_Grand_Prix,153,0.9722317578056672,1.0249640696312896,rolling
SAI,2026,175,Miami_Grand_Prix,154,0.9724801714758569,1.0245970858348927,rolling
SAI,2026,176,Canadian_Grand_Prix,155,0.9713087700132599,1.0240177400413768,rolling
SAI,2026,177,Monaco_Grand_Prix,156,0.9923913645726032,1.0309293031709217,rolling
SAR,2023,102,Bahrain_Grand_Prix,0,1.05,0.95,fallback
SAR,2023,103,Saudi_Arabian_Grand_Prix,1,1.05,0.95,fallback
SAR,2023,104,Australian_Grand_Prix,2,1.05,0.95,fallback
SAR,2023,105,Azerbaijan_Grand_Prix,3,1.05,0.95,fallback
SAR,2023,106,Miami_Grand_Prix,4,1.05,0.95,fallback
SAR,2023,107,Monaco_Grand_Prix,5,1.05,0.95,fallback
SAR,2023,108,Spanish_Grand_Prix,6,1.05,0.95,fallback
SAR,2023,109,Canadian_Grand_Prix,7,1.05,0.95,fallback
SAR,2023,110,Austrian_Grand_Prix,8,1.05,0.95,fallback
SAR,2023,111,British_Grand_Prix,9,1.05,0.95,fallback
SAR,2023,112,Hungarian_Grand_Prix,10,1.05,0.95,fallback
SAR,2023,113,Belgian_Grand_Prix,11,1.05,0.95,fallback
SAR,2023,114,Dutch_Grand_Prix,12,1.05,0.95,fallback
SAR,2023,115,Italian_Grand_Prix,13,1.05,0.95,fallback
SAR,2023,116,Singapore_Grand_Prix,14,1.05,0.95,fallback
SAR,2023,117,Japanese_Grand_Prix,15,1.05,0.95,fallback
SAR,2023,118,Qatar_Grand_Prix,16,1.05,0.95,fallback
SAR,2023,119,United_States_Grand_Prix,17,1.05,0.95,fallback
SAR,2023,120,Mexico_City_Grand_Prix,18,1.05,0.95,fallback
SAR,2023,122,Las_Vegas_Grand_Prix,19,1.05,0.95,fallback
SAR,2023,123,Abu_Dhabi_Grand_Prix,20,0.85,0.85,rolling
SAR,2024,124,Bahrain_Grand_Prix,21,0.85,0.85,rolling
SAR,2024,125,Saudi_Arabian_Grand_Prix,22,0.85,0.85,rolling
SAR,2024,128,Chinese_Grand_Prix,23,0.85,0.85,rolling
SAR,2024,129,Miami_Grand_Prix,24,0.85,0.85,rolling
SAR,2024,130,Emilia_Romagna_Grand_Prix,25,0.85,0.85,rolling
SAR,2024,131,Monaco_Grand_Prix,26,0.85,0.85,rolling
SAR,2024,132,Canadian_Grand_Prix,27,0.85,0.85,rolling
SAR,2024,133,Spanish_Grand_Prix,28,0.85,0.85,rolling
SAR,2024,134,Austrian_Grand_Prix,29,0.85,0.85,rolling
SAR,2024,135,British_Grand_Prix,30,0.85,0.85,rolling
SAR,2024,136,Hungarian_Grand_Prix,31,0.85,0.85,rolling
SAR,2024,137,Belgian_Grand_Prix,32,0.85,0.85,rolling
SAR,2024,138,Dutch_Grand_Prix,33,0.85,0.85,rolling
SIR,2018,0,Australian_Grand_Prix,0,1.05,0.95,fallback
SIR,2018,1,Bahrain_Grand_Prix,1,1.05,0.95,fallback
SIR,2018,2,Chinese_Grand_Prix,2,1.05,0.95,fallback
SIR,2018,4,Spanish_Grand_Prix,3,1.05,0.95,fallback
SIR,2018,5,Monaco_Grand_Prix,4,1.05,0.95,fallback
SIR,2018,7,French_Grand_Prix,5,1.05,0.95,fallback
SIR,2018,8,Austrian_Grand_Prix,6,1.05,0.95,fallback
SIR,2018,9,British_Grand_Prix,7,1.05,0.95,fallback
SIR,2018,10,German_Grand_Prix,8,1.05,0.95,fallback
SIR,2018,11,Hungarian_Grand_Prix,9,1.05,0.95,fallback
SIR,2018,12,Belgian_Grand_Prix,10,1.05,0.95,fallback
SIR,2018,13,Singapore_Grand_Prix,11,1.05,0.95,fallback
SIR,2018,14,Russian_Grand_Prix,12,1.05,0.95,fallback
SIR,2018,15,Japanese_Grand_Prix,13,1.05,0.95,fallback
SIR,2018,16,United_States_Grand_Prix,14,1.05,0.95,fallback
SIR,2018,17,Mexican_Grand_Prix,15,1.05,0.95,fallback
SIR,2018,18,Brazilian_Grand_Prix,16,1.05,0.95,fallback
SIR,2018,19,Abu_Dhabi_Grand_Prix,17,1.05,0.95,fallback
STR,2018,0,Australian_Grand_Prix,0,1.05,0.95,fallback
STR,2018,1,Bahrain_Grand_Prix,1,1.05,0.95,fallback
STR,2018,2,Chinese_Grand_Prix,2,1.05,0.95,fallback
STR,2018,4,Spanish_Grand_Prix,3,1.05,0.95,fallback
STR,2018,5,Monaco_Grand_Prix,4,1.05,0.95,fallback
STR,2018,7,French_Grand_Prix,5,1.05,0.95,fallback
STR,2018,8,Austrian_Grand_Prix,6,1.05,0.95,fallback
STR,2018,9,British_Grand_Prix,7,1.05,0.95,fallback
STR,2018,10,German_Grand_Prix,8,1.05,0.95,fallback
STR,2018,11,Hungarian_Grand_Prix,9,1.05,0.95,fallback
STR,2018,12,Belgian_Grand_Prix,10,1.05,0.95,fallback
STR,2018,13,Singapore_Grand_Prix,11,1.05,0.95,fallback
STR,2018,14,Russian_Grand_Prix,12,1.05,0.95,fallback
STR,2018,15,Japanese_Grand_Prix,13,1.05,0.95,fallback
STR,2018,16,United_States_Grand_Prix,14,1.05,0.95,fallback
STR,2018,17,Mexican_Grand_Prix,15,1.05,0.95,fallback
STR,2018,18,Brazilian_Grand_Prix,16,1.05,0.95,fallback
STR,2018,19,Abu_Dhabi_Grand_Prix,17,1.05,0.95,fallback
STR,2019,20,Australian_Grand_Prix,18,1.05,0.95,fallback
STR,2019,21,Bahrain_Grand_Prix,19,1.05,0.95,fallback
STR,2019,22,Chinese_Grand_Prix,20,1.0672013221583658,1.0718546437141863,rolling
STR,2019,23,Azerbaijan_Grand_Prix,21,1.0525158979384595,1.0570821639100254,rolling
STR,2019,24,Spanish_Grand_Prix,22,1.0504865749781387,1.0551377273031306,rolling
STR,2019,25,Monaco_Grand_Prix,23,1.0489465288359823,1.0594320550955039,rolling
STR,2019,26,Canadian_Grand_Prix,24,1.042660504267602,1.0700196190065518,rolling
STR,2019,27,French_Grand_Prix,25,1.0357141935671241,1.0683248058813783,rolling
STR,2019,28,Austrian_Grand_Prix,26,1.0409798688692578,1.066043450224878,rolling
STR,2019,29,British_Grand_Prix,27,1.040808737388392,1.0608298835244856,rolling
STR,2019,31,Hungarian_Grand_Prix,28,1.047797044283261,1.0537466911352396,rolling
STR,2019,32,Belgian_Grand_Prix,29,1.039299981615558,1.0502639295098095,rolling
STR,2019,33,Italian_Grand_Prix,30,1.03243914834509,1.0430529298069846,rolling
STR,2019,34,Singapore_Grand_Prix,31,1.0348764193000282,1.023625576997436,rolling
STR,2019,35,Russian_Grand_Prix,32,1.0436543989486506,1.0217973025446205,rolling
STR,2019,36,Japanese_Grand_Prix,33,1.046883055507385,1.0237251815865827,rolling
STR,2019,37,Mexican_Grand_Prix,34,1.0466481514552122,1.0338900320982363,rolling
STR,2019,38,United_States_Grand_Prix,35,1.0463469696762373,1.0346676621946647,rolling
STR,2019,39,Brazilian_Grand_Prix,36,1.0459465811883906,1.039200312410855,rolling
STR,2019,40,Abu_Dhabi_Grand_Prix,37,1.045191517868388,1.0409751530934177,rolling
STR,2020,41,Austrian_Grand_Prix,38,1.0417406970272376,1.0363666330411758,rolling
STR,2020,42,Styrian_Grand_Prix,39,1.0423354504962536,1.1397677766046015,rolling
STR,2020,43,Hungarian_Grand_Prix,40,1.0427943551628076,1.1436063104714986,rolling
STR,2020,45,70th_Anniversary_Grand_Prix,41,1.0434458355105798,1.1489114283298867,rolling
STR,2020,46,Spanish_Grand_Prix,42,1.04085587826447,1.1465116697064281,rolling
STR,2020,47,Belgian_Grand_Prix,43,1.0441602187312486,1.1409970804047944,rolling
STR,2020,48,Italian_Grand_Prix,44,1.0426826129803952,1.142454030486247,rolling
STR,2020,49,Tuscan_Grand_Prix,45,1.0548157901365516,1.15,rolling
STR,2020,52,Portuguese_Grand_Prix,46,1.0520539116293453,1.15,rolling
STR,2020,53,Emilia_Romagna_Grand_Prix,47,1.0358828273881868,1.15,rolling
STR,2020,54,Turkish_Grand_Prix,48,1.0432791636128305,1.15,rolling
STR,2020,56,Sakhir_Grand_Prix,49,1.0312410499859967,1.15,rolling
STR,2020,57,Abu_Dhabi_Grand_Prix,50,1.031520719085651,1.15,rolling
STR,2021,58,Bahrain_Grand_Prix,51,1.0699776982685605,1.15,rolling
STR,2021,59,Emilia_Romagna_Grand_Prix,52,1.0678626823049029,1.15,rolling
STR,2021,60,Portuguese_Grand_Prix,53,1.0894222140947694,1.15,rolling
STR,2021,61,Spanish_Grand_Prix,54,1.0851618840442938,1.15,rolling
STR,2021,62,Monaco_Grand_Prix,55,1.0843089827879124,1.15,rolling
STR,2021,63,Azerbaijan_Grand_Prix,56,1.07282570532348,1.15,rolling
STR,2021,64,French_Grand_Prix,57,1.0696267192964273,1.15,rolling
STR,2021,65,Styrian_Grand_Prix,58,1.0672418661556515,1.15,rolling
STR,2021,66,Austrian_Grand_Prix,59,1.068523711546383,1.15,rolling
STR,2021,67,British_Grand_Prix,60,1.0670518248121867,1.15,rolling
STR,2021,70,Dutch_Grand_Prix,61,1.0444012825003808,1.1290646787275518,rolling
STR,2021,71,Italian_Grand_Prix,62,1.0449355622857972,1.1365317638460313,rolling
STR,2021,72,Russian_Grand_Prix,63,1.0459471807003355,1.1352570100495725,rolling
STR,2021,73,Turkish_Grand_Prix,64,1.0465350698176457,1.12822852091114,rolling
STR,2021,74,United_States_Grand_Prix,65,1.0408283363968183,1.1286680888451115,rolling
STR,2021,75,Mexico_City_Grand_Prix,66,1.037441866152804,1.1287746536122982,rolling
STR,2021,76,São_Paulo_Grand_Prix,67,1.0362961578879248,1.1228897448989987,rolling
STR,2021,77,Qatar_Grand_Prix,68,1.0340073979398297,1.1231445295436784,rolling
STR,2021,78,Saudi_Arabian_Grand_Prix,69,1.036135848478238,1.1253661611291108,rolling
STR,2021,79,Abu_Dhabi_Grand_Prix,70,1.0510724985497732,1.1428350716509388,rolling
STR,2022,80,Bahrain_Grand_Prix,71,1.0510918369949909,1.1412979833098769,rolling
STR,2022,81,Saudi_Arabian_Grand_Prix,72,1.051517108440631,1.1420775192787722,rolling
STR,2022,82,Australian_Grand_Prix,73,1.0526192563903929,1.1170608955456742,rolling
STR,2022,83,Emilia_Romagna_Grand_Prix,74,1.0560674933223229,1.1211546845977456,rolling
STR,2022,84,Miami_Grand_Prix,75,1.0578120698731095,1.1186756235741773,rolling
STR,2022,85,Spanish_Grand_Prix,76,1.058162189354677,1.1173701711474946,rolling
STR,2022,86,Monaco_Grand_Prix,77,1.0538850823819776,1.1149806366249373,rolling
STR,2022,87,Azerbaijan_Grand_Prix,78,1.0499357781570124,1.12200344879205,rolling
STR,2022,88,Canadian_Grand_Prix,79,1.0497931859003156,1.1226087383624028,rolling
STR,2022,89,British_Grand_Prix,80,1.0474265744439029,1.1193903325361938,rolling
STR,2022,90,Austrian_Grand_Prix,81,1.0548333568416801,1.1228791054253042,rolling
STR,2022,91,French_Grand_Prix,82,1.0572155485907506,1.13387403799912,rolling
STR,2022,92,Hungarian_Grand_Prix,83,1.0575143624049053,1.133249893112634,rolling
STR,2022,93,Belgian_Grand_Prix,84,1.0551587801894609,1.1310608464410545,rolling
STR,2022,94,Dutch_Grand_Prix,85,1.0531807258711592,1.1295427297453635,rolling
STR,2022,95,Italian_Grand_Prix,86,1.0544306850575556,1.130204632688092,rolling
STR,2022,96,Singapore_Grand_Prix,87,1.0579518108267556,1.130712219307013,rolling
STR,2022,97,Japanese_Grand_Prix,88,1.0523711739208341,1.1281903619412932,rolling
STR,2022,98,United_States_Grand_Prix,89,1.0509919134604704,1.115437087932814,rolling
STR,2022,99,Mexico_City_Grand_Prix,90,1.0489048956286045,1.1154820833829717,rolling
STR,2022,100,São_Paulo_Grand_Prix,91,1.0476519212270061,1.1139725128070501,rolling
STR,2022,101,Abu_Dhabi_Grand_Prix,92,1.046638495465822,1.1094520074226337,rolling
STR,2023,102,Bahrain_Grand_Prix,93,1.0458752220673166,1.108703734023919,rolling
STR,2023,103,Saudi_Arabian_Grand_Prix,94,1.0447487950501801,1.1082977958164844,rolling
STR,2023,104,Australian_Grand_Prix,95,1.0445007987817168,1.110231951678974,rolling
STR,2023,105,Azerbaijan_Grand_Prix,96,1.0440722723803058,1.1084449093080677,rolling
STR,2023,106,Miami_Grand_Prix,97,1.0483728923388564,1.1093380489408688,rolling
STR,2023,107,Monaco_Grand_Prix,98,1.0476870341844966,1.106674967764536,rolling
STR,2023,108,Spanish_Grand_Prix,99,1.068799702659543,1.1430488260483576,rolling
STR,2023,109,Canadian_Grand_Prix,100,1.0681853264670178,1.1435303884555197,rolling
STR,2023,110,Austrian_Grand_Prix,101,1.0668012487805174,1.141726245240351,rolling
STR,2023,111,British_Grand_Prix,102,1.0653142307194812,1.1381020753384106,rolling
STR,2023,112,Hungarian_Grand_Prix,103,1.0647302653202981,1.1364402606939579,rolling
STR,2023,113,Belgian_Grand_Prix,104,1.0641702848537362,1.1366254301277223,rolling
STR,2023,114,Dutch_Grand_Prix,105,1.0620380475922417,1.134992375121576,rolling
STR,2023,115,Italian_Grand_Prix,106,1.0616570648319363,1.1111543755356874,rolling
STR,2023,117,Japanese_Grand_Prix,107,1.0598491616686891,1.1075395547831013,rolling
STR,2023,118,Qatar_Grand_Prix,108,1.0602211578732026,1.1096435752444782,rolling
STR,2023,119,United_States_Grand_Prix,109,1.0564866103440234,1.1086567649407406,rolling
STR,2023,120,Mexico_City_Grand_Prix,110,1.0588275112143468,1.1081058941965627,rolling
STR,2023,121,São_Paulo_Grand_Prix,111,1.0593638935444143,1.1098647214688935,rolling
STR,2023,122,Las_Vegas_Grand_Prix,112,1.0593257949353418,1.1073997896354588,rolling
STR,2023,123,Abu_Dhabi_Grand_Prix,113,1.059870035931747,1.107002276662853,rolling
STR,2024,124,Bahrain_Grand_Prix,114,1.0575590858742625,1.1058755149971802,rolling
STR,2024,125,Saudi_Arabian_Grand_Prix,115,1.056284287735716,1.107445326421176,rolling
STR,2024,126,Australian_Grand_Prix,116,1.0578696398923202,1.1107826280327344,rolling
STR,2024,127,Japanese_Grand_Prix,117,1.058305596922544,1.110576123765759,rolling
STR,2024,128,Chinese_Grand_Prix,118,1.0392650180000123,1.088402867149171,rolling
STR,2024,129,Miami_Grand_Prix,119,1.042569799991792,1.0888628227510078,rolling
STR,2024,130,Emilia_Romagna_Grand_Prix,120,1.0423458082941464,1.0895586622367046,rolling
STR,2024,131,Monaco_Grand_Prix,121,1.0442030436291905,1.0896375806515033,rolling
STR,2024,132,Canadian_Grand_Prix,122,1.043204011489692,1.0880176207689247,rolling
STR,2024,133,Spanish_Grand_Prix,123,1.046103484302463,1.086565055480604,rolling
STR,2024,134,Austrian_Grand_Prix,124,1.046699745388548,1.087924585456685,rolling
STR,2024,135,British_Grand_Prix,125,1.0458349079105687,1.0863561900183971,rolling
STR,2024,136,Hungarian_Grand_Prix,126,1.0444008972337653,1.085515046984718,rolling
STR,2024,137,Belgian_Grand_Prix,127,1.043994290155153,1.0842997310194098,rolling
STR,2024,138,Dutch_Grand_Prix,128,1.0435530684559007,1.0841580776351654,rolling
STR,2024,139,Italian_Grand_Prix,129,1.0438506580938898,1.0838817009118507,rolling
STR,2024,140,Azerbaijan_Grand_Prix,130,1.0424113214160096,1.0829013828674363,rolling
STR,2024,141,Singapore_Grand_Prix,131,1.0437297397694087,1.0827366718868636,rolling
STR,2024,142,United_States_Grand_Prix,132,1.0426620035477252,1.0804459805446474,rolling
STR,2024,143,Mexico_City_Grand_Prix,133,1.0418965877118695,1.0788737061073046,rolling
STR,2024,145,Las_Vegas_Grand_Prix,134,1.0413965509354872,1.0767795174324029,rolling
STR,2024,146,Qatar_Grand_Prix,135,1.0412415191159294,1.076737913631924,rolling
STR,2024,147,Abu_Dhabi_Grand_Prix,136,1.0333316140898852,1.076331853317161,rolling
STR,2025,148,Australian_Grand_Prix,137,1.0325407318459416,1.0769803381935876,rolling
STR,2025,149,Chinese_Grand_Prix,138,1.031753948658419,1.0759428995256468,rolling
STR,2025,150,Japanese_Grand_Prix,139,1.0284706648524042,1.0721475613472722,rolling
STR,2025,151,Bahrain_Grand_Prix,140,1.027113164986857,1.0709895861808172,rolling
STR,2025,152,Saudi_Arabian_Grand_Prix,141,1.0275099075110918,1.0713764593808055,rolling
STR,2025,153,Miami_Grand_Prix,142,1.0289327600304548,1.0713189018784528,rolling
STR,2025,154,Emilia_Romagna_Grand_Prix,143,1.0296865527626904,1.0733725350541132,rolling
STR,2025,155,Monaco_Grand_Prix,144,1.0299139975124902,1.074282763193972,rolling
STR,2025,157,Canadian_Grand_Prix,145,1.033295126791588,1.073903462057679,rolling
STR,2025,158,Austrian_Grand_Prix,146,1.033224779540285,1.0720146838828402,rolling
STR,2025,159,British_Grand_Prix,147,1.0323211842423174,1.0701834196718008,rolling
STR,2025,160,Belgian_Grand_Prix,148,1.0390091322446555,1.074145700029049,rolling
STR,2025,161,Hungarian_Grand_Prix,149,1.043380088382933,1.0727805416316478,rolling
STR,2025,162,Dutch_Grand_Prix,150,1.0449137819102197,1.0725419985066567,rolling
STR,2025,163,Italian_Grand_Prix,151,1.0446465533035854,1.072938481227995,rolling
STR,2025,164,Azerbaijan_Grand_Prix,152,1.043627823525437,1.071708653561533,rolling
STR,2025,165,Singapore_Grand_Prix,153,1.0445290326303258,1.071009031477615,rolling
STR,2025,166,United_States_Grand_Prix,154,1.0428185720428862,1.0710974547602738,rolling
STR,2025,167,Mexico_City_Grand_Prix,155,1.0412466392691808,1.0704464766462771,rolling
STR,2025,168,São_Paulo_Grand_Prix,156,1.0420949673603923,1.0701361279922703,rolling
STR,2025,170,Qatar_Grand_Prix,157,1.0424524542293052,1.0703257959216057,rolling
STR,2025,171,Abu_Dhabi_Grand_Prix,158,1.0429871767146723,1.069478794421465,rolling
STR,2026,172,Australian_Grand_Prix,159,1.0437004708329194,1.0671419966819133,rolling
STR,2026,173,Chinese_Grand_Prix,160,1.0452658849938754,1.0667796300746164,rolling
STR,2026,174,Japanese_Grand_Prix,161,1.045652418647653,1.0683340769019245,rolling
STR,2026,175,Miami_Grand_Prix,162,1.0453235360828363,1.0692541938957654,rolling
STR,2026,176,Canadian_Grand_Prix,163,1.04658592690061,1.067738985815902,rolling
STR,2026,177,Monaco_Grand_Prix,164,1.0448198547167835,1.065367582908756,rolling
TSU,2021,58,Bahrain_Grand_Prix,0,1.05,0.95,fallback
TSU,2021,59,Emilia_Romagna_Grand_Prix,1,1.05,0.95,fallback
TSU,2021,60,Portuguese_Grand_Prix,2,1.05,0.95,fallback
TSU,2021,61,Spanish_Grand_Prix,3,1.05,0.95,fallback
TSU,2021,62,Monaco_Grand_Prix,4,1.05,0.95,fallback
TSU,2021,63,Azerbaijan_Grand_Prix,5,1.05,0.95,fallback
TSU,2021,64,French_Grand_Prix,6,1.05,0.95,fallback
TSU,2021,66,Austrian_Grand_Prix,7,1.05,0.95,fallback
TSU,2021,67,British_Grand_Prix,8,1.05,0.95,fallback
TSU,2021,68,Hungarian_Grand_Prix,9,1.05,0.95,fallback
TSU,2021,70,Dutch_Grand_Prix,10,1.05,0.95,fallback
TSU,2021,72,Russian_Grand_Prix,11,1.05,0.95,fallback
TSU,2021,73,Turkish_Grand_Prix,12,1.05,0.95,fallback
TSU,2021,74,United_States_Grand_Prix,13,1.05,0.95,fallback
TSU,2021,76,São_Paulo_Grand_Prix,14,1.05,0.95,fallback
TSU,2021,77,Qatar_Grand_Prix,15,1.05,0.95,fallback
TSU,2021,78,Saudi_Arabian_Grand_Prix,16,1.05,0.95,fallback
TSU,2021,79,Abu_Dhabi_Grand_Prix,17,1.05,0.95,fallback
TSU,2022,80,Bahrain_Grand_Prix,18,1.05,0.95,fallback
TSU,2022,82,Australian_Grand_Prix,19,1.05,0.95,fallback
TSU,2022,83,Emilia_Romagna_Grand_Prix,20,0.85,0.85,rolling
TSU,2022,84,Miami_Grand_Prix,21,0.85,0.85,rolling
TSU,2022,85,Spanish_Grand_Prix,22,0.85,0.85,rolling
TSU,2022,86,Monaco_Grand_Prix,23,0.85,0.8577661156092359,rolling
TSU,2022,87,Azerbaijan_Grand_Prix,24,0.85,0.8644864379422061,rolling
TSU,2022,88,Canadian_Grand_Prix,25,0.85,0.8644276440957255,rolling
TSU,2022,89,British_Grand_Prix,26,0.85,0.8773990729138788,rolling
TSU,2022,90,Austrian_Grand_Prix,27,0.85,0.9326572906997094,rolling
TSU,2022,91,French_Grand_Prix,28,0.85,0.9306392835955217,rolling
TSU,2022,92,Hungarian_Grand_Prix,29,0.85,0.9359926887145549,rolling
TSU,2022,93,Belgian_Grand_Prix,30,0.85,0.9292791438605384,rolling
TSU,2022,94,Dutch_Grand_Prix,31,0.85,0.9293511965052057,rolling
TSU,2022,95,Italian_Grand_Prix,32,0.85,0.9428442311978431,rolling
TSU,2022,96,Singapore_Grand_Prix,33,0.85,0.9439568364223392,rolling
TSU,2022,97,Japanese_Grand_Prix,34,0.85,0.9853592384550499,rolling
TSU,2022,98,United_States_Grand_Prix,35,0.85,0.9860347289754918,rolling
TSU,2022,99,Mexico_City_Grand_Prix,36,0.85,0.9875261206589787,rolling
TSU,2022,100,São_Paulo_Grand_Prix,37,0.85,0.9980668062321971,rolling
TSU,2022,101,Abu_Dhabi_Grand_Prix,38,0.85,0.9894013355687635,rolling
TSU,2023,102,Bahrain_Grand_Prix,39,0.85,0.9903103928335062,rolling
TSU,2023,103,Saudi_Arabian_Grand_Prix,40,0.85,0.9892274457717495,rolling
TSU,2023,104,Australian_Grand_Prix,41,0.8586202625485702,0.9936006719190922,rolling
TSU,2023,105,Azerbaijan_Grand_Prix,42,0.8576944958464773,1.002695548035638,rolling
TSU,2023,106,Miami_Grand_Prix,43,0.8673496330432309,0.9973874858371374,rolling
TSU,2023,107,Monaco_Grand_Prix,44,0.8658320134980285,0.9970458790675755,rolling
TSU,2023,108,Spanish_Grand_Prix,45,0.8744589544603708,0.9678468519174954,rolling
TSU,2023,109,Canadian_Grand_Prix,46,0.875361065062105,0.973181047398372,rolling
TSU,2023,110,Austrian_Grand_Prix,47,0.8804273097674015,0.9762301687680754,rolling
TSU,2023,111,British_Grand_Prix,48,0.8800340242520188,0.9744906787930642,rolling
TSU,2023,112,Hungarian_Grand_Prix,49,0.8859964322534735,0.9765648287371826,rolling
TSU,2023,113,Belgian_Grand_Prix,50,0.8851455893059624,0.9798072094002703,rolling
TSU,2023,114,Dutch_Grand_Prix,51,0.888229521237868,0.9805982989211207,rolling
TSU,2023,117,Japanese_Grand_Prix,52,0.8904685999662535,0.9835359021830936,rolling
TSU,2023,118,Qatar_Grand_Prix,53,0.8909302183924634,0.9821311748651952,rolling
TSU,2023,119,United_States_Grand_Prix,54,0.9073700260154562,0.9863521440984131,rolling
TSU,2023,120,Mexico_City_Grand_Prix,55,0.9121886795686176,0.9881173453139159,rolling
TSU,2023,121,São_Paulo_Grand_Prix,56,0.9071583061340253,0.9712457425636264,rolling
TSU,2023,122,Las_Vegas_Grand_Prix,57,0.9071631083471254,0.9683223144223916,rolling
TSU,2023,123,Abu_Dhabi_Grand_Prix,58,0.9061437203148635,0.9700861651643318,rolling
TSU,2024,124,Bahrain_Grand_Prix,59,0.9111383668166582,0.9744421978554582,rolling
TSU,2024,125,Saudi_Arabian_Grand_Prix,60,0.9122057274086695,0.9785441608528209,rolling
TSU,2024,126,Australian_Grand_Prix,61,0.9171349361376644,0.9846009268614933,rolling
TSU,2024,128,Chinese_Grand_Prix,62,0.9213677610531074,0.987494060406475,rolling
TSU,2024,129,Miami_Grand_Prix,63,0.9182541863524601,0.9907261980749786,rolling
TSU,2024,130,Emilia_Romagna_Grand_Prix,64,0.9209722680977487,0.9898125550495496,rolling
TSU,2024,131,Monaco_Grand_Prix,65,0.9194096063110764,0.9907147011832628,rolling
TSU,2024,132,Canadian_Grand_Prix,66,0.9150766396506518,0.9898751317446419,rolling
TSU,2024,133,Spanish_Grand_Prix,67,0.9126075457784293,0.9916647933054855,rolling
TSU,2024,134,Austrian_Grand_Prix,68,0.9130506553526053,0.9892470996903668,rolling
TSU,2024,135,British_Grand_Prix,69,0.9125544582183802,0.9872236192872845,rolling
TSU,2024,136,Hungarian_Grand_Prix,70,0.9093630048722207,0.9872925355067111,rolling
TSU,2024,137,Belgian_Grand_Prix,71,0.9112622248893644,0.9900353973613827,rolling
TSU,2024,138,Dutch_Grand_Prix,72,0.9106040766159407,0.9903415626151837,rolling
TSU,2024,139,Italian_Grand_Prix,73,0.9090061449453184,0.9927743692480359,rolling
TSU,2024,140,Azerbaijan_Grand_Prix,74,0.8910006045503424,0.9787579122269262,rolling
TSU,2024,141,Singapore_Grand_Prix,75,0.887185774624633,0.9805839456684418,rolling
TSU,2024,142,United_States_Grand_Prix,76,0.8900642035902554,0.9827928787683293,rolling
TSU,2024,144,São_Paulo_Grand_Prix,77,0.8893537776585502,0.9794923448996449,rolling
TSU,2024,145,Las_Vegas_Grand_Prix,78,0.8916772061469256,0.9809329841641037,rolling
TSU,2024,146,Qatar_Grand_Prix,79,0.890669442722214,0.9820868089422734,rolling
TSU,2024,147,Abu_Dhabi_Grand_Prix,80,0.894389600299806,0.9888764921977753,rolling
TSU,2025,149,Chinese_Grand_Prix,81,0.8951975353151489,0.9904234024230183,rolling
TSU,2025,150,Japanese_Grand_Prix,82,0.8984273156933761,0.9912756995428074,rolling
TSU,2025,151,Bahrain_Grand_Prix,83,0.8985010941355264,0.9899276692633341,rolling
TSU,2025,153,Miami_Grand_Prix,84,0.9025432101682715,0.9913480421069583,rolling
TSU,2025,154,Emilia_Romagna_Grand_Prix,85,0.9020554937086618,0.9935805646906116,rolling
TSU,2025,155,Monaco_Grand_Prix,86,0.8994148405582325,0.9957667389394437,rolling
TSU,2025,156,Spanish_Grand_Prix,87,0.8974279507741427,0.9963425938148613,rolling
TSU,2025,157,Canadian_Grand_Prix,88,0.8948304121459255,0.9957767363816976,rolling
TSU,2025,159,British_Grand_Prix,89,0.8942301522924132,0.9954284221964591,rolling
TSU,2025,160,Belgian_Grand_Prix,90,0.9014807831725682,0.9974476520180926,rolling
TSU,2025,161,Hungarian_Grand_Prix,91,0.9027275841606449,0.997289249774758,rolling
TSU,2025,162,Dutch_Grand_Prix,92,0.9033789039117193,0.9983326478542784,rolling
TSU,2025,163,Italian_Grand_Prix,93,0.9029550030824507,1.0013586819216014,rolling
TSU,2025,164,Azerbaijan_Grand_Prix,94,0.901843201100544,1.0021245110546106,rolling
TSU,2025,165,Singapore_Grand_Prix,95,0.9013214789841867,1.0018356486010989,rolling
TSU,2025,166,United_States_Grand_Prix,96,0.9002208077758439,1.0002311051052741,rolling
TSU,2025,167,Mexico_City_Grand_Prix,97,0.8994741697106383,1.000559477272824,rolling
TSU,2025,168,São_Paulo_Grand_Prix,98,0.8992210296251281,1.0019275114180026,rolling
TSU,2025,169,Las_Vegas_Grand_Prix,99,0.9002461453306801,1.0019443113526119,rolling
TSU,2025,170,Qatar_Grand_Prix,100,0.901120611789268,1.0022169625605297,rolling
TSU,2025,171,Abu_Dhabi_Grand_Prix,101,0.9009451395812541,1.0002966408373362,rolling
VAN,2018,0,Australian_Grand_Prix,0,1.05,0.95,fallback
VAN,2018,1,Bahrain_Grand_Prix,1,1.05,0.95,fallback
VAN,2018,2,Chinese_Grand_Prix,2,1.05,0.95,fallback
VAN,2018,3,Azerbaijan_Grand_Prix,3,1.05,0.95,fallback
VAN,2018,4,Spanish_Grand_Prix,4,1.05,0.95,fallback
VAN,2018,5,Monaco_Grand_Prix,5,1.05,0.95,fallback
VAN,2018,6,Canadian_Grand_Prix,6,1.05,0.95,fallback
VAN,2018,7,French_Grand_Prix,7,1.05,0.95,fallback
VAN,2018,8,Austrian_Grand_Prix,8,1.05,0.95,fallback
VAN,2018,9,British_Grand_Prix,9,1.05,0.95,fallback
VAN,2018,10,German_Grand_Prix,10,1.05,0.95,fallback
VAN,2018,11,Hungarian_Grand_Prix,11,1.05,0.95,fallback
VAN,2018,13,Singapore_Grand_Prix,12,1.05,0.95,fallback
VAN,2018,14,Russian_Grand_Prix,13,1.05,0.95,fallback
VAN,2018,15,Japanese_Grand_Prix,14,1.05,0.95,fallback
VAN,2018,17,Mexican_Grand_Prix,15,1.05,0.95,fallback
VAN,2018,18,Brazilian_Grand_Prix,16,1.05,0.95,fallback
VAN,2018,19,Abu_Dhabi_Grand_Prix,17,1.05,0.95,fallback
VER,2018,0,Australian_Grand_Prix,0,1.05,0.95,fallback
VER,2018,2,Chinese_Grand_Prix,1,1.05,0.95,fallback
VER,2018,3,Azerbaijan_Grand_Prix,2,1.05,0.95,fallback
VER,2018,4,Spanish_Grand_Prix,3,1.05,0.95,fallback
VER,2018,5,Monaco_Grand_Prix,4,1.05,0.95,fallback
VER,2018,6,Canadian_Grand_Prix,5,1.05,0.95,fallback
VER,2018,7,French_Grand_Prix,6,1.05,0.95,fallback
VER,2018,8,Austrian_Grand_Prix,7,1.05,0.95,fallback
VER,2018,9,British_Grand_Prix,8,1.05,0.95,fallback
VER,2018,10,German_Grand_Prix,9,1.05,0.95,fallback
VER,2018,11,Hungarian_Grand_Prix,10,1.0,0.9,fallback
VER,2018,12,Belgian_Grand_Prix,11,1.0,0.9,fallback
VER,2018,13,Singapore_Grand_Prix,12,1.0,0.9,fallback
VER,2018,14,Russian_Grand_Prix,13,1.0,0.9,fallback
VER,2018,15,Japanese_Grand_Prix,14,1.0,0.9,fallback
VER,2018,16,United_States_Grand_Prix,15,1.0,0.9,fallback
VER,2018,17,Mexican_Grand_Prix,16,1.0,0.9,fallback
VER,2018,18,Brazilian_Grand_Prix,17,1.0,0.9,fallback
VER,2018,19,Abu_Dhabi_Grand_Prix,18,1.0,0.9,fallback
VER,2019,20,Australian_Grand_Prix,19,1.0,0.9,fallback
VER,2019,21,Bahrain_Grand_Prix,20,1.1481769107498065,1.0233413643258533,rolling
VER,2019,22,Chinese_Grand_Prix,21,1.130972606427351,1.032987569304066,rolling
VER,2019,23,Azerbaijan_Grand_Prix,22,1.1243488015897523,1.0358990950465627,rolling
VER,2019,24,Spanish_Grand_Prix,23,1.15,1.042237642841183,rolling
VER,2019,25,Monaco_Grand_Prix,24,1.15,1.0420026252680628,rolling
VER,2019,26,Canadian_Grand_Prix,25,1.15,1.063287340306634,rolling
VER,2019,27,French_Grand_Prix,26,1.15,1.0592788810142633,rolling
VER,2019,28,Austrian_Grand_Prix,27,1.15,1.0606745188059463,rolling
VER,2019,29,British_Grand_Prix,28,1.144767131960725,1.0554168499264724,rolling
VER,2019,30,German_Grand_Prix,29,1.1440735641516122,1.0311408666256996,rolling
VER,2019,31,Hungarian_Grand_Prix,30,1.15,1.0345684811807148,rolling
VER,2019,33,Italian_Grand_Prix,31,1.15,1.0347193169739555,rolling
VER,2019,34,Singapore_Grand_Prix,32,1.15,1.0427683729598394,rolling
VER,2019,35,Russian_Grand_Prix,33,1.15,1.0390464374234414,rolling
VER,2019,36,Japanese_Grand_Prix,34,1.15,1.0406584210143714,rolling
VER,2019,37,Mexican_Grand_Prix,35,1.15,1.052498075234791,rolling
VER,2019,38,United_States_Grand_Prix,36,1.15,1.0494833539092299,rolling
VER,2019,39,Brazilian_Grand_Prix,37,1.15,1.0537313723768003,rolling
VER,2019,40,Abu_Dhabi_Grand_Prix,38,1.15,1.0697234656317833,rolling
VER,2020,41,Austrian_Grand_Prix,39,1.15,1.0693333358997863,rolling
VER,2020,42,Styrian_Grand_Prix,40,1.15,1.0777043254760494,rolling
VER,2020,43,Hungarian_Grand_Prix,41,1.15,1.0834075585251177,rolling
VER,2020,44,British_Grand_Prix,42,1.15,1.08117377558667,rolling
VER,2020,45,70th_Anniversary_Grand_Prix,43,1.15,1.0931609007590048,rolling
VER,2020,46,Spanish_Grand_Prix,44,1.15,1.0988996229778238,rolling
VER,2020,47,Belgian_Grand_Prix,45,1.15,1.0979293510301806,rolling
VER,2020,48,Italian_Grand_Prix,46,1.15,1.098494443429047,rolling
VER,2020,50,Russian_Grand_Prix,47,1.15,1.0479201147209303,rolling
VER,2020,51,Eifel_Grand_Prix,48,1.15,1.0569409916225991,rolling
VER,2020,52,Portuguese_Grand_Prix,49,1.15,1.053595640259824,rolling
VER,2020,53,Emilia_Romagna_Grand_Prix,50,1.15,1.0603475860273317,rolling
VER,2020,54,Turkish_Grand_Prix,51,1.15,1.079717279914178,rolling
VER,2020,55,Bahrain_Grand_Prix,52,1.15,1.077189705505519,rolling
VER,2020,57,Abu_Dhabi_Grand_Prix,53,1.15,1.0736560116789817,rolling
VER,2021,58,Bahrain_Grand_Prix,54,1.15,1.0758790430655065,rolling
VER,2021,59,Emilia_Romagna_Grand_Prix,55,1.15,1.0766336811400106,rolling
VER,2021,60,Portuguese_Grand_Prix,56,1.15,1.0847515768080598,rolling
VER,2021,61,Spanish_Grand_Prix,57,1.15,1.0845460385614956,rolling
VER,2021,62,Monaco_Grand_Prix,58,1.15,1.0865761927399127,rolling
VER,2021,63,Azerbaijan_Grand_Prix,59,1.15,1.089717314581424,rolling
VER,2021,64,French_Grand_Prix,60,1.15,1.0889858219048718,rolling
VER,2021,65,Styrian_Grand_Prix,61,1.15,1.088308371082712,rolling
VER,2021,66,Austrian_Grand_Prix,62,1.15,1.0913594464670615,rolling
VER,2021,70,Dutch_Grand_Prix,63,1.15,1.0981995557056408,rolling
VER,2021,71,Italian_Grand_Prix,64,1.15,1.1046112998412323,rolling
VER,2021,72,Russian_Grand_Prix,65,1.15,1.1047189250694784,rolling
VER,2021,73,Turkish_Grand_Prix,66,1.15,1.1132158030943275,rolling
VER,2021,74,United_States_Grand_Prix,67,1.15,1.114495470492442,rolling
VER,2021,75,Mexico_City_Grand_Prix,68,1.15,1.112481936601165,rolling
VER,2021,76,São_Paulo_Grand_Prix,69,1.15,1.1124627182643136,rolling
VER,2021,77,Qatar_Grand_Prix,70,1.15,1.1126444700963527,rolling
VER,2021,78,Saudi_Arabian_Grand_Prix,71,1.15,1.1155187098186534,rolling
VER,2021,79,Abu_Dhabi_Grand_Prix,72,1.15,1.1095187353626907,rolling
VER,2022,80,Bahrain_Grand_Prix,73,1.1498062294994575,1.1131104274553416,rolling
VER,2022,81,Saudi_Arabian_Grand_Prix,74,1.146710072222798,1.1128609514118128,rolling
VER,2022,82,Australian_Grand_Prix,75,1.1439739882846465,1.1114524102753334,rolling
VER,2022,83,Emilia_Romagna_Grand_Prix,76,1.1386694948790435,1.1135202182997364,rolling
VER,2022,84,Miami_Grand_Prix,77,1.1381624200677698,1.112735977849738,rolling
VER,2022,85,Spanish_Grand_Prix,78,1.1341797649137035,1.1128819946650732,rolling
VER,2022,86,Monaco_Grand_Prix,79,1.1311675215691566,1.1097266897113292,rolling
VER,2022,87,Azerbaijan_Grand_Prix,80,1.1274772026312563,1.1071282582700057,rolling
VER,2022,88,Canadian_Grand_Prix,81,1.126111668067678,1.1063221005355703,rolling
VER,2022,89,British_Grand_Prix,82,1.1388811606619607,1.1052348983750244,rolling
VER,2022,90,Austrian_Grand_Prix,83,1.15,1.15,rolling
VER,2022,91,French_Grand_Prix,84,1.15,1.15,rolling
VER,2022,92,Hungarian_Grand_Prix,85,1.15,1.15,rolling
VER,2022,93,Belgian_Grand_Prix,86,1.15,1.15,rolling
VER,2022,94,Dutch_Grand_Prix,87,1.15,1.15,rolling
VER,2022,95,Italian_Grand_Prix,88,1.15,1.15,rolling
VER,2022,96,Singapore_Grand_Prix,89,1.15,1.15,rolling
VER,2022,97,Japanese_Grand_Prix,90,1.15,1.15,rolling
VER,2022,98,United_States_Grand_Prix,91,1.15,1.15,rolling
VER,2022,99,Mexico_City_Grand_Prix,92,1.15,1.15,rolling
VER,2022,100,São_Paulo_Grand_Prix,93,1.15,1.1497714995905741,rolling
VER,2022,101,Abu_Dhabi_Grand_Prix,94,1.15,1.1466563220212311,rolling
VER,2023,102,Bahrain_Grand_Prix,95,1.15,1.1472051105078023,rolling
VER,2023,103,Saudi_Arabian_Grand_Prix,96,1.15,1.1476971972519932,rolling
VER,2023,104,Australian_Grand_Prix,97,1.1435531567675565,1.1435278629832455,rolling
VER,2023,105,Azerbaijan_Grand_Prix,98,1.144857693925747,1.147942702963093,rolling
VER,2023,106,Miami_Grand_Prix,99,1.143507365422007,1.1466790170771974,rolling
VER,2023,107,Monaco_Grand_Prix,100,1.1399911271849823,1.1450084067518307,rolling
VER,2023,108,Spanish_Grand_Prix,101,1.1282438571616005,1.1437618480694718,rolling
VER,2023,109,Canadian_Grand_Prix,102,1.1289276990017219,1.145240317549301,rolling
VER,2023,110,Austrian_Grand_Prix,103,1.1287829130595526,1.1458414972151774,rolling
VER,2023,111,British_Grand_Prix,104,1.129139841025213,1.1467264300410307,rolling
VER,2023,112,Hungarian_Grand_Prix,105,1.130349033597466,1.1468164899291646,rolling
VER,2023,113,Belgian_Grand_Prix,106,1.12776394990131,1.146492182037008,rolling
VER,2023,114,Dutch_Grand_Prix,107,1.1223073180754044,1.1442984849200752,rolling
VER,2023,115,Italian_Grand_Prix,108,1.1191307618481376,1.1475052275496411,rolling
VER,2023,116,Singapore_Grand_Prix,109,1.1170178614800799,1.1456754104805804,rolling
VER,2023,117,Japanese_Grand_Prix,110,1.1173464737638117,1.1440237115597869,rolling
VER,2023,118,Qatar_Grand_Prix,111,1.1157663279757346,1.140063143650939,rolling
VER,2023,119,United_States_Grand_Prix,112,1.116758203984584,1.140191863792189,rolling
VER,2023,121,São_Paulo_Grand_Prix,113,1.11727876608715,1.1398708636169443,rolling
VER,2023,122,Las_Vegas_Grand_Prix,114,1.1152870975235842,1.1392577798769228,rolling
VER,2023,123,Abu_Dhabi_Grand_Prix,115,1.1140597009612812,1.139142774132464,rolling
VER,2024,124,Bahrain_Grand_Prix,116,1.1126299052088475,1.139167716402654,rolling
VER,2024,125,Saudi_Arabian_Grand_Prix,117,1.1093927545805082,1.1381110474427314,rolling
VER,2024,126,Australian_Grand_Prix,118,1.1085517881378184,1.1379769897667051,rolling
VER,2024,127,Japanese_Grand_Prix,119,1.1016735631235999,1.1386128175363,rolling
VER,2024,128,Chinese_Grand_Prix,120,1.1004782016172137,1.1381103732379496,rolling
VER,2024,129,Miami_Grand_Prix,121,1.099239148684175,1.1371159995561588,rolling
VER,2024,130,Emilia_Romagna_Grand_Prix,122,1.0983464743578073,1.1368484371816665,rolling
VER,2024,132,Canadian_Grand_Prix,123,1.099132012109889,1.140710259170522,rolling
VER,2024,133,Spanish_Grand_Prix,124,1.1122444344491367,1.135271964196763,rolling
VER,2024,134,Austrian_Grand_Prix,125,1.1110182181959374,1.135138673237501,rolling
VER,2024,135,British_Grand_Prix,126,1.1095698888115657,1.132617496281064,rolling
VER,2024,136,Hungarian_Grand_Prix,127,1.1153560779866072,1.138324894177379,rolling
VER,2024,137,Belgian_Grand_Prix,128,1.1163630223188727,1.1393541318699498,rolling
VER,2024,138,Dutch_Grand_Prix,129,1.1141070938280413,1.1372356262939383,rolling
VER,2024,139,Italian_Grand_Prix,130,1.1133038675950768,1.1372579180618179,rolling
VER,2024,140,Azerbaijan_Grand_Prix,131,1.1138073461254727,1.1359035083205362,rolling
VER,2024,141,Singapore_Grand_Prix,132,1.111850751754067,1.13417729241546,rolling
VER,2024,142,United_States_Grand_Prix,133,1.1115094273450192,1.1330842372073435,rolling
VER,2024,143,Mexico_City_Grand_Prix,134,1.1127231967889906,1.1338699395751393,rolling
VER,2024,144,São_Paulo_Grand_Prix,135,1.1125328673868895,1.1355023580678532,rolling
VER,2024,145,Las_Vegas_Grand_Prix,136,1.1133632511561613,1.1344458255545278,rolling
VER,2024,146,Qatar_Grand_Prix,137,1.1133580889729857,1.1355570682140392,rolling
VER,2025,148,Australian_Grand_Prix,138,1.1133777740034079,1.1338700083703306,rolling
VER,2025,149,Chinese_Grand_Prix,139,1.1141557027435047,1.1379582038296459,rolling
VER,2025,150,Japanese_Grand_Prix,140,1.111911708161301,1.1381408176164127,rolling
VER,2025,151,Bahrain_Grand_Prix,141,1.111465725295055,1.1384476299433943,rolling
VER,2025,153,Miami_Grand_Prix,142,1.1086775174375292,1.1371314603940719,rolling
VER,2025,154,Emilia_Romagna_Grand_Prix,143,1.1085643301779036,1.1353310871070494,rolling
VER,2025,155,Monaco_Grand_Prix,144,1.1097452704380621,1.133552392001981,rolling
VER,2025,156,Spanish_Grand_Prix,145,1.110554086649317,1.1327342681189783,rolling
VER,2025,157,Canadian_Grand_Prix,146,1.1117471031717292,1.1326076183535805,rolling
VER,2025,159,British_Grand_Prix,147,1.1117499920292628,1.1323586805972425,rolling
VER,2025,160,Belgian_Grand_Prix,148,1.106986763156809,1.1306780911062062,rolling
VER,2025,161,Hungarian_Grand_Prix,149,1.1058569149297495,1.1303229193148405,rolling
VER,2025,162,Dutch_Grand_Prix,150,1.1050907358245712,1.129237490979253,rolling
VER,2025,163,Italian_Grand_Prix,151,1.104988299982175,1.1269315256479473,rolling
VER,2025,164,Azerbaijan_Grand_Prix,152,1.1053182021772217,1.1260138440426508,rolling
VER,2025,165,Singapore_Grand_Prix,153,1.1052919358255138,1.1257530212979037,rolling
VER,2025,166,United_States_Grand_Prix,154,1.105633689537226,1.1263195021275632,rolling
VER,2025,167,Mexico_City_Grand_Prix,155,1.1057636795077057,1.1256897462216418,rolling
VER,2025,168,São_Paulo_Grand_Prix,156,1.1055915572613861,1.1244107332238558,rolling
VER,2025,169,Las_Vegas_Grand_Prix,157,1.104618818463146,1.1239826383442328,rolling
VER,2025,170,Qatar_Grand_Prix,158,1.1037407642907402,1.1233978185440983,rolling
VER,2025,171,Abu_Dhabi_Grand_Prix,159,1.1035296974186766,1.1242099459340684,rolling
VER,2026,172,Australian_Grand_Prix,160,1.1029441011436565,1.1237066108882647,rolling
VER,2026,173,Chinese_Grand_Prix,161,1.1008236159599942,1.119749647239311,rolling
VER,2026,174,Japanese_Grand_Prix,162,1.1004016488672201,1.1180355955975496,rolling
VER,2026,175,Miami_Grand_Prix,163,1.1007573321925173,1.1179879481834447,rolling
VER,2026,176,Canadian_Grand_Prix,164,1.1060368174559767,1.117437209591018,rolling
VET,2018,0,Australian_Grand_Prix,0,1.05,0.95,fallback
VET,2018,1,Bahrain_Grand_Prix,1,1.05,0.95,fallback
VET,2018,2,Chinese_Grand_Prix,2,1.05,0.95,fallback
VET,2018,3,Azerbaijan_Grand_Prix,3,1.05,0.95,fallback
VET,2018,4,Spanish_Grand_Prix,4,1.05,0.95,fallback
VET,2018,5,Monaco_Grand_Prix,5,1.05,0.95,fallback
VET,2018,6,Canadian_Grand_Prix,6,1.05,0.95,fallback
VET,2018,7,French_Grand_Prix,7,1.05,0.95,fallback
VET,2018,8,Austrian_Grand_Prix,8,1.05,0.95,fallback
VET,2018,9,British_Grand_Prix,9,1.05,0.95,fallback
VET,2018,10,German_Grand_Prix,10,1.0,0.9,fallback
VET,2018,11,Hungarian_Grand_Prix,11,1.0,0.9,fallback
VET,2018,12,Belgian_Grand_Prix,12,1.0,0.9,fallback
VET,2018,13,Singapore_Grand_Prix,13,1.0,0.9,fallback
VET,2018,14,Russian_Grand_Prix,14,1.0,0.9,fallback
VET,2018,15,Japanese_Grand_Prix,15,1.0,0.9,fallback
VET,2018,16,United_States_Grand_Prix,16,1.0,0.9,fallback
VET,2018,17,Mexican_Grand_Prix,17,1.0,0.9,fallback
VET,2018,18,Brazilian_Grand_Prix,18,1.0,0.9,fallback
VET,2018,19,Abu_Dhabi_Grand_Prix,19,1.0,0.9,fallback
VET,2019,20,Australian_Grand_Prix,20,1.0323377693626377,1.1391984836620264,rolling
VET,2019,21,Bahrain_Grand_Prix,21,1.033870461457895,1.15,rolling
VET,2019,22,Chinese_Grand_Prix,22,1.0628089555833218,1.15,rolling
VET,2019,23,Azerbaijan_Grand_Prix,23,1.0543942915308104,1.15,rolling
VET,2019,24,Spanish_Grand_Prix,24,1.0803771276801246,1.15,rolling
VET,2019,25,Monaco_Grand_Prix,25,1.0741652912169268,1.15,rolling
VET,2019,26,Canadian_Grand_Prix,26,1.0832074812448562,1.15,rolling
VET,2019,27,French_Grand_Prix,27,1.0825678516238104,1.15,rolling
VET,2019,28,Austrian_Grand_Prix,28,1.0737133960071346,1.15,rolling
VET,2019,29,British_Grand_Prix,29,1.0688748416457492,1.15,rolling
VET,2019,30,German_Grand_Prix,30,1.0583420863893436,1.15,rolling
VET,2019,31,Hungarian_Grand_Prix,31,1.091951429077941,1.15,rolling
VET,2019,32,Belgian_Grand_Prix,32,1.0920494929604456,1.1439918247745196,rolling
VET,2019,33,Italian_Grand_Prix,33,1.0837918266020734,1.1383670032911226,rolling
VET,2019,34,Singapore_Grand_Prix,34,1.0805418843906023,1.1301277551474767,rolling
VET,2019,35,Russian_Grand_Prix,35,1.0834555744959893,1.127466627307309,rolling
VET,2019,36,Japanese_Grand_Prix,36,1.0851114186475925,1.1346421897920775,rolling
VET,2019,37,Mexican_Grand_Prix,37,1.0970711350966245,1.1370709571776894,rolling
VET,2019,38,United_States_Grand_Prix,38,1.0929944373544995,1.1336848200203256,rolling
VET,2019,39,Brazilian_Grand_Prix,39,1.0965743933232963,1.142800071454611,rolling
VET,2019,40,Abu_Dhabi_Grand_Prix,40,1.0948506496024921,1.1423884103476372,rolling
VET,2020,41,Austrian_Grand_Prix,41,1.0863029123615149,1.1371749397701545,rolling
VET,2020,43,Hungarian_Grand_Prix,42,1.0805518033289043,1.15,rolling
VET,2020,44,British_Grand_Prix,43,1.0749279979854847,1.15,rolling
VET,2020,45,70th_Anniversary_Grand_Prix,44,1.0725719550203905,1.15,rolling
VET,2020,46,Spanish_Grand_Prix,45,1.0662516480408324,1.15,rolling
VET,2020,47,Belgian_Grand_Prix,46,1.0680930017018424,1.15,rolling
VET,2020,48,Italian_Grand_Prix,47,1.0738465539253061,1.15,rolling
VET,2020,49,Tuscan_Grand_Prix,48,1.059115472329494,1.15,rolling
VET,2020,50,Russian_Grand_Prix,49,1.0554657256341202,1.1468120151903918,rolling
VET,2020,51,Eifel_Grand_Prix,50,1.0517795601117923,1.1417238000803045,rolling
VET,2020,52,Portuguese_Grand_Prix,51,1.0464249524217835,1.1397162987870875,rolling
VET,2020,53,Emilia_Romagna_Grand_Prix,52,1.0400395977318722,1.1328561104548134,rolling
VET,2020,54,Turkish_Grand_Prix,53,1.0314240412456595,1.1279525968008939,rolling
VET,2020,55,Bahrain_Grand_Prix,54,1.033956025853828,1.1372958494139218,rolling
VET,2020,57,Abu_Dhabi_Grand_Prix,55,1.0245207475912423,1.1327544413885575,rolling
VET,2021,58,Bahrain_Grand_Prix,56,1.0172997285787184,1.1317765250836818,rolling
VET,2021,59,Emilia_Romagna_Grand_Prix,57,1.0168836312747782,1.1215183065464944,rolling
VET,2021,60,Portuguese_Grand_Prix,58,0.9949211752742589,1.1197339764582603,rolling
VET,2021,61,Spanish_Grand_Prix,59,0.9966041156771257,1.1196208525415483,rolling
VET,2021,62,Monaco_Grand_Prix,60,0.9952494926736598,1.1181423785089026,rolling
VET,2021,63,Azerbaijan_Grand_Prix,61,1.0037262814106946,1.120254857371976,rolling
VET,2021,64,French_Grand_Prix,62,1.004683850236829,1.11687131560138,rolling
VET,2021,65,Styrian_Grand_Prix,63,1.0049630559994356,1.114306210856191,rolling
VET,2021,66,Austrian_Grand_Prix,64,1.0019278255338768,1.112348176975607,rolling
VET,2021,67,British_Grand_Prix,65,1.0014884519551692,1.1119007990107233,rolling
VET,2021,70,Dutch_Grand_Prix,66,1.0206812073288858,1.15,rolling
VET,2021,71,Italian_Grand_Prix,67,1.0185225687301904,1.1445173825466448,rolling
VET,2021,72,Russian_Grand_Prix,68,1.015969465190199,1.142459307323874,rolling
VET,2021,73,Turkish_Grand_Prix,69,1.0138540666541715,1.1458346338391434,rolling
VET,2021,74,United_States_Grand_Prix,70,1.0176273178869495,1.1423797120049854,rolling
VET,2021,75,Mexico_City_Grand_Prix,71,1.01929816904517,1.1393192819568578,rolling
VET,2021,76,São_Paulo_Grand_Prix,72,1.0189315227807452,1.1419163026553198,rolling
VET,2021,77,Qatar_Grand_Prix,73,1.0196710713590231,1.1388842360618243,rolling
VET,2021,78,Saudi_Arabian_Grand_Prix,74,1.0163337401963672,1.1340932792654328,rolling
VET,2021,79,Abu_Dhabi_Grand_Prix,75,1.0010743262861062,1.115140044134031,rolling
VET,2022,82,Australian_Grand_Prix,76,0.9997593157067134,1.113981474377423,rolling
VET,2022,83,Emilia_Romagna_Grand_Prix,77,0.9951623149970066,1.1078361209006822,rolling
VET,2022,84,Miami_Grand_Prix,78,0.9922329047506495,1.1080634197896124,rolling
VET,2022,85,Spanish_Grand_Prix,79,0.9906749932973532,1.1072186841330487,rolling
VET,2022,86,Monaco_Grand_Prix,80,0.9936009821055821,1.1074711321958453,rolling
VET,2022,87,Azerbaijan_Grand_Prix,81,0.9962446699509181,1.0987126065688302,rolling
VET,2022,88,Canadian_Grand_Prix,82,0.9952527600799866,1.0961791506011305,rolling
VET,2022,89,British_Grand_Prix,83,0.9964318205733024,1.0973776460131852,rolling
VET,2022,90,Austrian_Grand_Prix,84,0.9882148120158656,1.0921565979119954,rolling
VET,2022,91,French_Grand_Prix,85,0.9848641197585852,1.0797350728258444,rolling
VET,2022,92,Hungarian_Grand_Prix,86,0.9835466527293797,1.0785604851144575,rolling
VET,2022,93,Belgian_Grand_Prix,87,0.9848154681474892,1.0789381872323074,rolling
VET,2022,94,Dutch_Grand_Prix,88,0.9857443251830706,1.078708998908759,rolling
VET,2022,95,Italian_Grand_Prix,89,0.9835775556249602,1.0764125400361588,rolling
VET,2022,96,Singapore_Grand_Prix,90,0.9792356986006223,1.0743015770750144,rolling
VET,2022,97,Japanese_Grand_Prix,91,0.9837135841908002,1.0751554253592854,rolling
VET,2022,98,United_States_Grand_Prix,92,0.984151067595944,1.0859433182019098,rolling
VET,2022,99,Mexico_City_Grand_Prix,93,0.9852937307596429,1.0843880552494198,rolling
VET,2022,100,São_Paulo_Grand_Prix,94,0.9856490615529375,1.0843698778647797,rolling
VET,2022,101,Abu_Dhabi_Grand_Prix,95,0.9857913061599004,1.0872997162517466,rolling
ZHO,2022,80,Bahrain_Grand_Prix,0,0.9,0.85,fallback
ZHO,2022,81,Saudi_Arabian_Grand_Prix,1,0.9,0.85,fallback
ZHO,2022,82,Australian_Grand_Prix,2,0.9,0.85,fallback
ZHO,2022,83,Emilia_Romagna_Grand_Prix,3,0.9,0.85,fallback
ZHO,2022,84,Miami_Grand_Prix,4,0.9,0.85,fallback
ZHO,2022,85,Spanish_Grand_Prix,5,0.9,0.85,fallback
ZHO,2022,86,Monaco_Grand_Prix,6,0.9,0.85,fallback
ZHO,2022,87,Azerbaijan_Grand_Prix,7,0.9,0.85,fallback
ZHO,2022,88,Canadian_Grand_Prix,8,0.9,0.85,fallback
ZHO,2022,90,Austrian_Grand_Prix,9,0.9,0.85,fallback
ZHO,2022,91,French_Grand_Prix,10,1.05,0.95,fallback
ZHO,2022,92,Hungarian_Grand_Prix,11,1.05,0.95,fallback
ZHO,2022,94,Dutch_Grand_Prix,12,1.05,0.95,fallback
ZHO,2022,95,Italian_Grand_Prix,13,1.05,0.95,fallback
ZHO,2022,96,Singapore_Grand_Prix,14,1.05,0.95,fallback
ZHO,2022,97,Japanese_Grand_Prix,15,1.05,0.95,fallback
ZHO,2022,98,United_States_Grand_Prix,16,1.05,0.95,fallback
ZHO,2022,99,Mexico_City_Grand_Prix,17,1.05,0.95,fallback
ZHO,2022,100,São_Paulo_Grand_Prix,18,1.05,0.95,fallback
ZHO,2022,101,Abu_Dhabi_Grand_Prix,19,1.05,0.95,fallback
ZHO,2023,102,Bahrain_Grand_Prix,20,0.85,1.055919696644277,rolling
ZHO,2023,103,Saudi_Arabian_Grand_Prix,21,0.85,1.0527961008819497,rolling
ZHO,2023,104,Australian_Grand_Prix,22,0.85,1.0545213161542424,rolling
ZHO,2023,105,Azerbaijan_Grand_Prix,23,0.8532373232581683,1.060753617110494,rolling
ZHO,2023,106,Miami_Grand_Prix,24,0.8633353502627775,1.0609154798548015,rolling
ZHO,2023,107,Monaco_Grand_Prix,25,0.8741933408368614,1.0541866038616179,rolling
ZHO,2023,108,Spanish_Grand_Prix,26,0.8674967457988884,1.0338755725404778,rolling
ZHO,2023,109,Canadian_Grand_Prix,27,0.883448549052806,1.0397244509258834,rolling
ZHO,2023,110,Austrian_Grand_Prix,28,0.8854705056740853,1.0401152603728077,rolling
ZHO,2023,111,British_Grand_Prix,29,0.8894111734054172,1.045455419784069,rolling
ZHO,2023,112,Hungarian_Grand_Prix,30,0.8932038086635069,1.046575671765342,rolling
ZHO,2023,113,Belgian_Grand_Prix,31,0.8932353096146248,1.0450740333275306,rolling
ZHO,2023,114,Dutch_Grand_Prix,32,0.8848592299863709,1.0422531450715848,rolling
ZHO,2023,115,Italian_Grand_Prix,33,0.9998510760180678,1.140160513959187,rolling
ZHO,2023,116,Singapore_Grand_Prix,34,0.993523601952367,1.1380913445119043,rolling
ZHO,2023,117,Japanese_Grand_Prix,35,0.9867181988579556,1.1449726206191861,rolling
ZHO,2023,118,Qatar_Grand_Prix,36,0.9749819566930993,1.1449726206191861,rolling
ZHO,2023,119,United_States_Grand_Prix,37,0.9773477825672534,1.1419765113550937,rolling
ZHO,2023,120,Mexico_City_Grand_Prix,38,0.9754205478686989,1.13870196328105,rolling
ZHO,2023,121,São_Paulo_Grand_Prix,39,0.9899778870663165,1.15,rolling
ZHO,2023,122,Las_Vegas_Grand_Prix,40,0.9803887621779952,1.15,rolling
ZHO,2023,123,Abu_Dhabi_Grand_Prix,41,0.9879357156245578,1.15,rolling
ZHO,2024,124,Bahrain_Grand_Prix,42,0.9877211136979461,1.15,rolling
ZHO,2024,125,Saudi_Arabian_Grand_Prix,43,0.9871589530203501,1.15,rolling
ZHO,2024,126,Australian_Grand_Prix,44,0.9818252818293349,1.15,rolling
ZHO,2024,127,Japanese_Grand_Prix,45,0.9795981608742046,1.15,rolling
ZHO,2024,128,Chinese_Grand_Prix,46,0.85,1.1213966336363392,rolling
ZHO,2024,129,Miami_Grand_Prix,47,0.85,1.1086186363545516,rolling
ZHO,2024,130,Emilia_Romagna_Grand_Prix,48,0.85,1.1060992399560865,rolling
ZHO,2024,131,Monaco_Grand_Prix,49,0.85,1.1062422215548717,rolling
ZHO,2024,132,Canadian_Grand_Prix,50,0.85,1.1056447346559912,rolling
ZHO,2024,133,Spanish_Grand_Prix,51,0.85,1.1051276077346417,rolling
ZHO,2024,134,Austrian_Grand_Prix,52,0.85,1.1017055049545887,rolling
ZHO,2024,135,British_Grand_Prix,53,0.85,1.0935351111746856,rolling
ZHO,2024,136,Hungarian_Grand_Prix,54,0.85,1.0763873823619403,rolling
ZHO,2024,137,Belgian_Grand_Prix,55,0.85,1.0743795906063096,rolling
ZHO,2024,138,Dutch_Grand_Prix,56,0.85,1.0821239604143296,rolling
ZHO,2024,139,Italian_Grand_Prix,57,0.85,1.0767494252895982,rolling
ZHO,2024,140,Azerbaijan_Grand_Prix,58,0.85,1.0782643243737347,rolling
ZHO,2024,141,Singapore_Grand_Prix,59,0.85,1.0776046013090732,rolling
ZHO,2024,142,United_States_Grand_Prix,60,0.85,1.0768888101209895,rolling
ZHO,2024,143,Mexico_City_Grand_Prix,61,0.85,1.0694429269291148,rolling
ZHO,2024,144,São_Paulo_Grand_Prix,62,0.85,1.068405727894367,rolling
ZHO,2024,145,Las_Vegas_Grand_Prix,63,0.85,1.0830959708738725,rolling
ZHO,2024,146,Qatar_Grand_Prix,64,0.85,1.085516604833437,rolling
ZHO,2024,147,Abu_Dhabi_Grand_Prix,65,0.85,1.0822892397281028,rolling
