Driver,LapNumber,ahead_driver,distance_to_ahead_m,ahead_compound,ahead_tyre_age,TyreLife,Compound,is_pit_in,approx_gap_s,tyre_age_gap,in_pit_decision_window,undercut_opportunity
ALB,1.0,KVY,5.504444444444289,SOFT,6.0,6.0,SOFT,False,0.06631860776438903,0.0,False,False
ALB,2.0,KVY,63.65055555555773,SOFT,7.0,7.0,SOFT,False,0.7668741633199726,0.0,False,False
ALB,3.0,KVY,38.43583333333527,SOFT,8.0,8.0,SOFT,False,0.4630823293172924,0.0,False,False
ALB,4.0,KVY,45.10416666666288,SOFT,9.0,9.0,SOFT,False,0.5434236947790708,0.0,False,False
ALB,5.0,KVY,57.44166666666888,SOFT,10.0,10.0,SOFT,False,0.6920682730923962,0.0,False,False
ALB,6.0,KVY,43.78361111110871,SOFT,11.0,11.0,SOFT,False,0.5275133868808278,0.0,False,False
ALB,7.0,KVY,81.0908333333332,SOFT,12.0,12.0,SOFT,False,0.9769979919678698,0.0,False,False
ALB,8.0,KVY,117.24333333333198,SOFT,13.0,13.0,SOFT,False,1.4125702811244816,0.0,False,False
ALB,9.0,KVY,114.35944444444522,SOFT,14.0,14.0,SOFT,False,1.3778246318607856,0.0,False,False
ALB,10.0,KVY,64.18944444444742,SOFT,15.0,15.0,SOFT,False,0.7733668005355111,0.0,False,False
ALB,11.0,KVY,97.29472222221739,SOFT,16.0,16.0,SOFT,False,1.1722255689423782,0.0,False,False
ALB,12.0,KVY,77.2111111111135,SOFT,17.0,17.0,SOFT,False,0.9302543507363071,0.0,False,False
ALB,13.0,KVY,83.35805555555862,SOFT,18.0,18.0,SOFT,False,1.004313922356128,0.0,False,False
ALB,14.0,KVY,30.145277777773572,SOFT,19.0,19.0,SOFT,False,0.36319611780450084,0.0,False,False
ALB,15.0,KVY,40.26861111111157,SOFT,20.0,20.0,SOFT,False,0.4851639892905008,0.0,False,False
ALB,16.0,KVY,53.013888888892325,SOFT,21.0,21.0,SOFT,False,0.6387215528782207,0.0,False,False
ALB,17.0,KVY,44.31944444444707,SOFT,22.0,22.0,SOFT,False,0.5339692101740611,0.0,False,False
ALB,18.0,KVY,91.27638888888941,SOFT,23.0,23.0,SOFT,False,1.0997155287818001,0.0,False,False
ALB,19.0,KVY,130.31638888888665,SOFT,24.0,24.0,SOFT,False,1.5700769745648995,0.0,False,False
ALB,20.0,KVY,145.99583333333112,SOFT,25.0,25.0,SOFT,False,1.7589859437750737,0.0,False,False
ALB,21.0,KVY,101.13749999999891,SOFT,26.0,26.0,SOFT,False,1.218524096385529,0.0,False,False
ALB,22.0,KVY,105.13972222221992,SOFT,27.0,27.0,SOFT,False,1.2667436412315654,0.0,False,False
ALB,23.0,KVY,119.45944444444649,SOFT,28.0,28.0,SOFT,False,1.4392704149933313,0.0,False,False
ALB,24.0,KVY,107.87250000000131,SOFT,29.0,29.0,SOFT,False,1.2996686746988109,0.0,False,False
ALB,25.0,KVY,126.56222222222186,SOFT,30.0,30.0,SOFT,False,1.524846050870143,0.0,False,False
ALB,26.0,KVY,134.97916666666606,SOFT,31.0,31.0,SOFT,False,1.626255020080314,0.0,False,False
ALB,27.0,KVY,165.56194444444372,SOFT,32.0,32.0,SOFT,False,1.9947222222222136,0.0,False,False
ALB,28.0,KVY,176.3094444444455,SOFT,33.0,33.0,SOFT,False,2.124210174029464,0.0,False,False
ALB,29.0,KVY,196.99694444444185,SOFT,34.0,34.0,SOFT,False,2.3734571619812272,0.0,False,False
ALB,30.0,KVY,199.2483333333339,SOFT,35.0,35.0,SOFT,False,2.400582329317276,0.0,False,False
ALB,31.0,KVY,227.72583333333023,SOFT,36.0,36.0,SOFT,False,2.743684738955786,0.0,False,False
ALB,32.0,BOT,554.2794444444444,HARD,20.0,37.0,SOFT,False,6.678065595716197,17.0,False,False
ALB,33.0,BOT,522.2527777777796,HARD,21.0,38.0,SOFT,False,6.292202141900958,17.0,False,False
ALB,34.0,BOT,418.1069444444429,HARD,22.0,39.0,SOFT,False,5.037433065595698,17.0,False,False
ALB,35.0,BOT,394.5124999999998,HARD,23.0,40.0,SOFT,False,4.753162650602407,17.0,False,False
ALB,36.0,BOT,391.4999999999991,HARD,24.0,41.0,SOFT,False,4.7168674698795074,17.0,False,False
ALB,37.0,BOT,415.5966666666641,HARD,25.0,42.0,SOFT,False,5.007188755020049,17.0,True,True
ALB,38.0,BOT,435.54916666666486,HARD,26.0,43.0,SOFT,False,5.247580321285119,17.0,True,True
ALB,39.0,BOT,461.39694444444376,HARD,27.0,44.0,SOFT,False,5.558999330655949,17.0,True,True
ALB,40.0,KVY,311.8594444444434,MEDIUM,8.0,45.0,SOFT,True,3.7573427041499206,37.0,True,True
ALB,41.0,KVY,323.6877777777754,MEDIUM,9.0,1.0,MEDIUM,False,3.899852744310547,-8.0,False,False
ALB,42.0,KVY,216.0586111111129,MEDIUM,10.0,2.0,MEDIUM,False,2.6031157965194325,-8.0,False,False
ALB,43.0,KVY,172.43166666666866,MEDIUM,11.0,3.0,MEDIUM,False,2.0774899598393817,-8.0,False,False
ALB,44.0,KVY,134.21583333333183,MEDIUM,12.0,4.0,MEDIUM,False,1.6170582329317087,-8.0,False,False
ALB,45.0,KVY,130.73972222221937,MEDIUM,13.0,5.0,MEDIUM,False,1.5751773761713177,-8.0,False,False
ALB,46.0,KVY,70.1888888888866,MEDIUM,14.0,6.0,MEDIUM,False,0.8456492637215253,-8.0,False,False
ALB,47.0,KVY,38.61166666666577,MEDIUM,15.0,7.0,MEDIUM,False,0.4652008032128406,-8.0,False,False
ALB,48.0,KVY,76.7427777777848,MEDIUM,16.0,8.0,MEDIUM,False,0.9246117804552385,-8.0,False,False
ALB,49.0,KVY,35.214444444444325,MEDIUM,17.0,9.0,MEDIUM,False,0.42427041499330514,-8.0,False,False
ALB,50.0,KVY,35.41333333333523,MEDIUM,18.0,10.0,MEDIUM,False,0.4266666666666895,-8.0,False,False
ALB,51.0,KVY,145.14249999999947,MEDIUM,19.0,11.0,MEDIUM,False,1.748704819277102,-8.0,False,False
ALB,52.0,KVY,148.58388888888885,MEDIUM,20.0,12.0,MEDIUM,False,1.790167336010709,-8.0,False,False
ALB,53.0,KVY,139.12805555555724,MEDIUM,21.0,13.0,MEDIUM,False,1.6762416331994847,-8.0,False,False
ALB,54.0,KVY,116.04611111110762,MEDIUM,22.0,14.0,MEDIUM,False,1.3981459170012966,-8.0,False,False
ALB,55.0,KVY,87.94111111111397,MEDIUM,23.0,15.0,MEDIUM,False,1.0595314591700478,-8.0,False,False
ALB,56.0,KVY,32.079722222222244,MEDIUM,24.0,16.0,MEDIUM,False,0.3865026773761716,-8.0,False,False
ALB,57.0,KVY,69.22055555555198,MEDIUM,25.0,17.0,MEDIUM,False,0.8339825970548431,-8.0,False,False
ALB,58.0,KVY,78.40361111110951,MEDIUM,26.0,18.0,MEDIUM,False,0.9446218206157773,-8.0,False,False
ALB,59.0,KVY,79.59722222221808,MEDIUM,27.0,19.0,MEDIUM,False,0.9590026773761214,-8.0,False,False
ALB,60.0,KVY,102.94527777778148,MEDIUM,28.0,20.0,MEDIUM,False,1.240304551539536,-8.0,False,False
ALB,61.0,KVY,159.5483333333359,MEDIUM,29.0,21.0,MEDIUM,False,1.922269076305252,-8.0,False,False
ALB,62.0,KVY,191.9586111111148,MEDIUM,30.0,22.0,MEDIUM,False,2.312754350736323,-8.0,False,False
ALB,63.0,KVY,181.07888888888874,MEDIUM,31.0,23.0,MEDIUM,False,2.1816733601070935,-8.0,False,False
ALB,64.0,KVY,174.2822222222212,MEDIUM,32.0,24.0,MEDIUM,False,2.0997858099062796,-8.0,False,False
ALB,65.0,KVY,167.0005555555549,MEDIUM,33.0,25.0,MEDIUM,False,2.012054886211505,-8.0,False,False
ALB,66.0,KVY,166.85527777777406,MEDIUM,34.0,26.0,MEDIUM,False,2.0103045515394466,-8.0,False,False
ALB,67.0,KVY,163.0655555555545,MEDIUM,35.0,27.0,MEDIUM,False,1.9646452476572833,-8.0,False,False
ALB,68.0,KVY,152.86527777777656,MEDIUM,36.0,28.0,MEDIUM,False,1.8417503346720068,-8.0,False,False
ALB,69.0,KVY,79.63583333333554,MEDIUM,37.0,29.0,MEDIUM,False,0.9594678714859703,-8.0,False,False
ALB,70.0,KVY,72.52638888888941,MEDIUM,38.0,30.0,MEDIUM,False,0.8738119143239689,-8.0,False,False
ALB,71.0,KVY,59.65888888888685,MEDIUM,39.0,31.0,MEDIUM,False,0.7187817938420102,-8.0,False,False
ALB,72.0,KVY,55.630555555557294,MEDIUM,40.0,32.0,MEDIUM,False,0.670247657295871,-8.0,False,False
ALB,73.0,KVY,88.51027777777972,MEDIUM,41.0,33.0,MEDIUM,False,1.0663888888889124,-8.0,False,False
ALB,74.0,KVY,91.74166666666906,MEDIUM,42.0,34.0,MEDIUM,False,1.1053212851405911,-8.0,False,False
ALB,75.0,KVY,70.15111111110673,MEDIUM,43.0,35.0,MEDIUM,False,0.8451941097723702,-8.0,False,False
ALB,76.0,KVY,83.88138888888943,MEDIUM,44.0,36.0,MEDIUM,False,1.0106191432396316,-8.0,False,False
ALB,77.0,KVY,91.79250000000229,MEDIUM,45.0,37.0,MEDIUM,False,1.1059337349397866,-8.0,False,False
ALB,78.0,KVY,41.85750000000235,MEDIUM,46.0,38.0,MEDIUM,False,0.5043072289156909,-8.0,False,False
BOT,1.0,HAM,58.767500000001746,SOFT,6.0,6.0,SOFT,False,0.7080421686747198,0.0,False,False
BOT,2.0,HAM,94.86972222222221,SOFT,7.0,7.0,SOFT,False,1.1430087014725567,0.0,False,False
BOT,3.0,HAM,94.9600000000014,SOFT,8.0,8.0,SOFT,False,1.1440963855421855,0.0,False,False
BOT,4.0,HAM,87.67055555555362,SOFT,9.0,9.0,SOFT,False,1.0562717536813688,0.0,False,False
BOT,5.0,HAM,100.67944444444402,SOFT,10.0,10.0,SOFT,False,1.2130053547523376,0.0,False,False
BOT,6.0,HAM,93.44138888889074,SOFT,11.0,11.0,SOFT,False,1.1257998661312139,0.0,False,False
BOT,7.0,HAM,104.48388888888712,SOFT,12.0,12.0,SOFT,False,1.2588420348058689,0.0,False,False
BOT,8.0,HAM,104.37277777777899,SOFT,13.0,13.0,SOFT,False,1.2575033467202288,0.0,True,False
BOT,9.0,HAM,104.04833333333454,SOFT,14.0,14.0,SOFT,False,1.2535943775100546,0.0,True,False
BOT,10.0,HAM,82.93583333333981,SOFT,15.0,15.0,SOFT,False,0.9992269076306002,0.0,True,False
BOT,11.0,VER,11.808055555552073,SOFT,14.0,16.0,SOFT,True,0.14226572958496475,2.0,True,False
BOT,12.0,VET,465.9030555555555,HARD,1.0,1.0,MEDIUM,True,5.613289825970548,0.0,True,False
BOT,13.0,VET,48.02888888888583,HARD,2.0,1.0,HARD,False,0.5786613119142872,-1.0,False,False
BOT,14.0,VET,42.791944444439196,HARD,3.0,2.0,HARD,False,0.5155655957161349,-1.0,False,False
BOT,15.0,VET,33.523611111108494,HARD,4.0,3.0,HARD,False,0.4038989290494999,-1.0,False,False
BOT,16.0,VET,46.39222222222088,HARD,5.0,4.0,HARD,False,0.5589424364122998,-1.0,False,False
BOT,17.0,VET,55.686111111111586,HARD,6.0,5.0,HARD,False,0.6709170013386938,-1.0,False,False
BOT,18.0,VET,73.1058333333267,HARD,7.0,6.0,HARD,False,0.8807931726906831,-1.0,False,False
BOT,19.0,VET,54.107500000003256,HARD,8.0,7.0,HARD,False,0.651897590361485,-1.0,False,False
BOT,20.0,VET,55.30555555555702,HARD,9.0,8.0,HARD,False,0.6663319946452653,-1.0,False,False
BOT,21.0,VET,41.773888888887086,HARD,10.0,9.0,HARD,False,0.5032998661311697,-1.0,False,False
BOT,22.0,VET,60.93222222222721,HARD,11.0,10.0,HARD,False,0.7341231593039423,-1.0,False,False
BOT,23.0,VET,50.536944444441815,HARD,12.0,11.0,HARD,False,0.6088788487282146,-1.0,False,False
BOT,24.0,VET,42.815555555554965,HARD,13.0,12.0,HARD,False,0.5158500669343972,-1.0,False,False
BOT,25.0,VET,76.3616666666644,HARD,14.0,13.0,HARD,False,0.9200200803212579,-1.0,False,False
BOT,26.0,VET,74.62111111111244,HARD,15.0,14.0,HARD,False,0.8990495314591861,-1.0,False,False
BOT,27.0,VET,58.705833333332976,HARD,16.0,15.0,HARD,False,0.7072991967871443,-1.0,False,False
BOT,28.0,VET,64.738055555556,HARD,17.0,16.0,HARD,False,0.7799765729585061,-1.0,False,False
BOT,29.0,VET,68.6405555555557,HARD,18.0,17.0,HARD,False,0.826994645247659,-1.0,False,False
BOT,30.0,VET,54.93555555555622,HARD,19.0,18.0,HARD,False,0.6618741633199544,-1.0,False,False
BOT,31.0,VET,62.52083333333394,HARD,20.0,19.0,HARD,False,0.7532630522088426,-1.0,False,False
BOT,32.0,VET,55.5580555555548,HARD,21.0,20.0,HARD,False,0.6693741633199374,-1.0,False,False
BOT,33.0,VET,65.58472222222008,HARD,22.0,21.0,HARD,False,0.7901773761713262,-1.0,False,False
BOT,34.0,VET,126.17805555555788,HARD,23.0,22.0,HARD,False,1.5202175368139503,-1.0,False,False
BOT,35.0,VET,137.52583333333587,HARD,24.0,23.0,HARD,False,1.6569377510040466,-1.0,False,False
BOT,36.0,VET,144.24472222222266,HARD,25.0,24.0,HARD,False,1.7378882195448513,-1.0,False,False
BOT,37.0,VET,111.02555555555728,HARD,26.0,25.0,HARD,False,1.3376572958500876,-1.0,False,False
BOT,38.0,VET,124.41333333333478,HARD,27.0,26.0,HARD,False,1.49895582329319,-1.0,False,False
BOT,39.0,VET,125.88083333333498,HARD,28.0,27.0,HARD,False,1.5166365461847588,-1.0,False,False
BOT,40.0,VET,117.00000000000182,HARD,29.0,28.0,HARD,False,1.4096385542168894,-1.0,False,False
BOT,41.0,VET,139.22000000000253,HARD,30.0,29.0,HARD,False,1.677349397590392,-1.0,False,False
BOT,42.0,VET,181.31527777777956,HARD,31.0,30.0,HARD,False,2.1845214190093922,-1.0,False,False
BOT,43.0,VET,168.78222222221893,HARD,32.0,31.0,HARD,False,2.0335207496652883,-1.0,False,False
BOT,44.0,VET,144.35916666666617,HARD,33.0,32.0,HARD,False,1.7392670682730864,-1.0,False,False
BOT,45.0,VET,113.92944444444538,HARD,34.0,33.0,HARD,False,1.3726439089692215,-1.0,False,False
BOT,46.0,VET,90.69777777777563,HARD,35.0,34.0,HARD,False,1.09274431057561,-1.0,False,False
BOT,47.0,VET,106.52916666667261,HARD,36.0,35.0,HARD,False,1.2834839357430434,-1.0,False,False
BOT,48.0,VET,173.74638888888558,HARD,37.0,36.0,HARD,False,2.0933299866130795,-1.0,False,False
BOT,49.0,VET,140.18749999999955,HARD,38.0,37.0,HARD,False,1.68900602409638,-1.0,False,False
BOT,50.0,VET,134.54861111110995,HARD,39.0,38.0,HARD,False,1.6210676037483127,-1.0,False,False
BOT,51.0,VET,138.9788888888902,HARD,40.0,39.0,HARD,False,1.6744444444444602,-1.0,False,False
BOT,52.0,VET,119.12444444444372,HARD,41.0,40.0,HARD,False,1.4352342704149847,-1.0,False,False
BOT,53.0,VET,111.38083333333816,HARD,42.0,41.0,HARD,False,1.3419377510040742,-1.0,False,False
BOT,54.0,VET,123.3713888888924,HARD,43.0,42.0,HARD,False,1.486402275769788,-1.0,False,False
BOT,55.0,VET,90.50472222222379,HARD,44.0,43.0,HARD,False,1.0904183400267926,-1.0,False,False
BOT,56.0,VET,110.81583333333583,HARD,45.0,44.0,HARD,False,1.3351305220883836,-1.0,False,False
BOT,57.0,VET,139.74722222222272,HARD,46.0,45.0,HARD,False,1.6837014725569002,-1.0,False,False
BOT,58.0,VET,122.68777777777359,HARD,47.0,46.0,HARD,False,1.4781659973225734,-1.0,False,False
BOT,59.0,VET,112.41277777777805,HARD,48.0,47.0,HARD,False,1.3543708165997355,-1.0,False,False
BOT,60.0,VET,91.21944444444443,HARD,49.0,48.0,HARD,False,1.0990294511378849,-1.0,False,False
BOT,61.0,VET,117.40527777777879,HARD,50.0,49.0,HARD,False,1.414521419009383,-1.0,False,False
BOT,62.0,VET,126.86388888888769,HARD,51.0,50.0,HARD,False,1.5284805890227433,-1.0,False,False
BOT,63.0,VET,228.0855555555563,HARD,52.0,51.0,HARD,False,2.7480187416332087,-1.0,False,False
BOT,64.0,VET,233.75249999999642,HARD,53.0,52.0,HARD,False,2.8162951807228485,-1.0,False,False
BOT,65.0,VET,181.2888888888865,HARD,54.0,53.0,HARD,False,2.184203480588994,-1.0,False,False
BOT,66.0,VET,164.28333333333467,HARD,55.0,54.0,HARD,False,1.9793172690763212,-1.0,False,False
BOT,67.0,VET,120.6658333333321,HARD,56.0,55.0,HARD,False,1.4538052208835193,-1.0,False,False
BOT,68.0,VET,87.10055555555846,HARD,57.0,56.0,HARD,False,1.049404283801909,-1.0,False,False
BOT,69.0,VET,81.84583333333421,HARD,58.0,57.0,HARD,False,0.9860943775100508,-1.0,False,False
BOT,70.0,VET,66.90666666666766,HARD,59.0,58.0,HARD,False,0.8061044176706947,-1.0,False,False
BOT,71.0,VET,55.2288888888902,HARD,60.0,59.0,HARD,False,0.6654082998661469,-1.0,False,False
BOT,72.0,VET,67.10583333333489,HARD,61.0,60.0,HARD,False,0.8085040160642757,-1.0,False,False
BOT,73.0,VET,54.91111111111013,HARD,62.0,61.0,HARD,False,0.6615796519410859,-1.0,False,False
BOT,74.0,VET,62.779444444443925,HARD,63.0,62.0,HARD,False,0.75637884872824,-1.0,False,False
BOT,75.0,VET,58.13833333333105,HARD,64.0,63.0,HARD,False,0.7004618473895307,-1.0,False,False
BOT,76.0,VET,77.04611111111626,HARD,65.0,64.0,HARD,False,0.9282663989291116,-1.0,False,False
BOT,77.0,VET,55.03749999999354,HARD,66.0,65.0,HARD,False,0.6631024096384764,-1.0,False,False
BOT,78.0,VET,46.74611111110744,HARD,67.0,66.0,HARD,False,0.5632061579651498,-1.0,False,False
GAS,1.0,MAG,56.82194444444622,SOFT,6.0,5.0,SOFT,False,0.6846017402945327,-1.0,False,False
GAS,2.0,MAG,90.71583333333183,SOFT,7.0,6.0,SOFT,False,1.0929618473895402,-1.0,False,False
GAS,3.0,MAG,103.32388888888818,SOFT,8.0,7.0,SOFT,False,1.2448661311914238,-1.0,False,False
GAS,4.0,MAG,104.96611111111088,SOFT,9.0,8.0,SOFT,False,1.2646519410977215,-1.0,False,False
GAS,5.0,MAG,103.60194444444005,SOFT,10.0,9.0,SOFT,False,1.2482161981257838,-1.0,False,False
GAS,6.0,MAG,112.2788888888872,SOFT,11.0,10.0,SOFT,False,1.3527576974564723,-1.0,False,False
GAS,7.0,MAG,111.99222222222488,SOFT,12.0,11.0,SOFT,False,1.3493038821954806,-1.0,False,False
GAS,8.0,MAG,93.26666666667143,SOFT,13.0,12.0,SOFT,False,1.1236947791165233,-1.0,False,False
GAS,9.0,MAG,115.06611111111079,SOFT,14.0,13.0,SOFT,False,1.386338688085672,-1.0,False,False
GAS,10.0,MAG,21.955833333331157,SOFT,15.0,14.0,SOFT,False,0.264528112449773,-1.0,False,False
GAS,11.0,VET,1053.2600000000052,SOFT,14.0,15.0,SOFT,False,12.689879518072352,1.0,False,False
GAS,12.0,BOT,184.34527777777657,MEDIUM,1.0,16.0,SOFT,False,2.2210274431057417,15.0,False,False
GAS,13.0,BOT,86.10611111111166,HARD,1.0,17.0,SOFT,False,1.0374230254350802,16.0,False,False
GAS,14.0,BOT,41.96166666666841,HARD,2.0,18.0,SOFT,False,0.5055622489960049,16.0,False,False
GAS,15.0,BOT,56.64611111111208,HARD,3.0,19.0,SOFT,False,0.6824832663989406,16.0,False,False
GAS,16.0,BOT,52.57361111111095,HARD,4.0,20.0,SOFT,False,0.6334170013386862,16.0,False,False
GAS,17.0,BOT,75.63944444444223,HARD,5.0,21.0,SOFT,False,0.9113186077643642,16.0,False,False
GAS,18.0,BOT,81.37861111111397,HARD,6.0,22.0,SOFT,False,0.9804651941098068,16.0,False,False
GAS,19.0,BOT,101.08750000000055,HARD,7.0,23.0,SOFT,False,1.2179216867469946,16.0,False,False
GAS,20.0,BOT,123.98249999999916,HARD,8.0,24.0,SOFT,False,1.4937650602409538,16.0,False,False
GAS,21.0,BOT,125.56666666666797,HARD,9.0,25.0,SOFT,False,1.5128514056225058,16.0,False,False
GAS,22.0,BOT,117.23138888888388,HARD,10.0,26.0,SOFT,False,1.4124263721552275,16.0,False,False
GAS,23.0,BOT,129.79416666666611,HARD,11.0,27.0,SOFT,False,1.5637851405622423,16.0,False,False
GAS,24.0,BOT,151.86972222222494,HARD,12.0,28.0,SOFT,False,1.829755689424397,16.0,True,True
GAS,25.0,BOT,146.10444444444647,HARD,13.0,29.0,SOFT,False,1.760294511378873,16.0,True,True
GAS,26.0,BOT,159.9833333333363,HARD,14.0,30.0,SOFT,False,1.9275100401606784,16.0,True,True
GAS,27.0,GRO,435.0597222222227,SOFT,27.0,31.0,SOFT,True,5.2416834002677435,4.0,True,True
GAS,28.0,GRO,689.7502777777745,SOFT,28.0,1.0,MEDIUM,False,8.310244310575596,-27.0,False,False
GAS,29.0,GRO,644.6736111111127,SOFT,29.0,2.0,MEDIUM,False,7.767151941097743,-27.0,False,False
GAS,30.0,GRO,560.3291666666678,SOFT,30.0,3.0,MEDIUM,False,6.750953815261058,-27.0,False,False
GAS,31.0,GRO,569.8591666666671,SOFT,31.0,4.0,MEDIUM,False,6.865773092369483,-27.0,False,False
GAS,32.0,GRO,514.6461111111112,SOFT,32.0,5.0,MEDIUM,False,6.200555555555556,-27.0,False,False
GAS,33.0,GRO,564.9291666666659,SOFT,33.0,6.0,MEDIUM,False,6.806375502008023,-27.0,False,False
GAS,34.0,GRO,532.5699999999929,SOFT,34.0,7.0,MEDIUM,False,6.4165060240963,-27.0,False,False
GAS,35.0,GRO,487.53666666666504,SOFT,35.0,8.0,MEDIUM,False,5.873935742971868,-27.0,False,False
GAS,36.0,GRO,438.0158333333329,SOFT,36.0,9.0,MEDIUM,False,5.277299196787143,-27.0,False,False
GAS,37.0,GRO,374.8641666666599,SOFT,37.0,10.0,MEDIUM,False,4.516435742971806,-27.0,False,False
GAS,38.0,GRO,303.51861111111566,SOFT,38.0,11.0,MEDIUM,False,3.656850736278502,-27.0,False,False
GAS,39.0,GRO,248.8597222222188,SOFT,39.0,12.0,MEDIUM,False,2.998309906291793,-27.0,False,False
GAS,40.0,GRO,217.48611111111313,SOFT,40.0,13.0,MEDIUM,False,2.6203145917001582,-27.0,False,False
GAS,41.0,GRO,243.6111111111136,SOFT,41.0,14.0,MEDIUM,False,2.935073627844742,-27.0,False,False
GAS,42.0,GRO,252.8674999999971,SOFT,42.0,15.0,MEDIUM,False,3.046596385542134,-27.0,False,False
GAS,43.0,GRO,262.55527777777615,SOFT,43.0,16.0,MEDIUM,False,3.163316599732243,-27.0,False,False
GAS,44.0,GRO,254.28861111111246,SOFT,44.0,17.0,MEDIUM,False,3.0637182061579815,-27.0,False,False
GAS,45.0,GRO,253.86555555555606,SOFT,45.0,18.0,MEDIUM,False,3.0586211512717596,-27.0,False,False
GAS,46.0,GRO,268.7074999999986,SOFT,46.0,19.0,MEDIUM,False,3.237439759036128,-27.0,False,False
GAS,47.0,GRO,246.66527777778265,SOFT,47.0,20.0,MEDIUM,False,2.971870816599791,-27.0,False,False
GAS,48.0,GRO,207.33666666666477,SOFT,48.0,21.0,MEDIUM,False,2.4980321285140334,-27.0,False,False
GAS,49.0,GRO,181.1572222222203,SOFT,49.0,22.0,MEDIUM,False,2.1826171352074737,-27.0,False,False
GAS,50.0,BOT,649.1002777777785,HARD,38.0,23.0,MEDIUM,False,7.820485274431066,-15.0,False,False
GAS,51.0,BOT,658.537222222224,HARD,39.0,24.0,MEDIUM,False,7.934183400267759,-15.0,False,False
GAS,52.0,BOT,694.4886111111105,HARD,40.0,25.0,MEDIUM,False,8.367332663989282,-15.0,False,False
GAS,53.0,BOT,763.4949999999944,HARD,41.0,26.0,MEDIUM,False,9.19873493975897,-15.0,False,False
GAS,54.0,BOT,800.7574999999997,HARD,42.0,27.0,MEDIUM,False,9.647680722891563,-15.0,False,False
GAS,55.0,BOT,837.8161111111121,HARD,43.0,28.0,MEDIUM,False,10.094170013386893,-15.0,False,False
GAS,56.0,BOT,768.3766666666702,HARD,44.0,29.0,MEDIUM,False,9.257550200803255,-15.0,False,False
GAS,57.0,BOT,755.8063888888901,HARD,45.0,30.0,MEDIUM,False,9.106101070950483,-15.0,False,False
GAS,58.0,BOT,735.3458333333397,HARD,46.0,31.0,MEDIUM,False,8.85958835341373,-15.0,False,False
GAS,59.0,BOT,726.1655555555553,HARD,47.0,32.0,MEDIUM,False,8.748982597054884,-15.0,True,False
GAS,60.0,BOT,733.4980555555544,HARD,48.0,33.0,MEDIUM,False,8.837325970548848,-15.0,True,False
GAS,61.0,BOT,666.9419444444457,HARD,49.0,34.0,MEDIUM,False,8.035445113788501,-15.0,True,False
GAS,62.0,RAI,35.17166666666708,MEDIUM,16.0,35.0,MEDIUM,True,0.42375502008032623,19.0,True,True
GAS,63.0,BOT,1265.655277777781,HARD,51.0,4.0,SOFT,False,15.248858768407,-47.0,False,False
GAS,64.0,BOT,1280.0622222222278,HARD,52.0,5.0,SOFT,False,15.422436412315998,-47.0,False,False
GAS,65.0,BOT,1289.3600000000029,HARD,53.0,6.0,SOFT,False,15.534457831325335,-47.0,False,False
GAS,66.0,BOT,1260.5680555555568,HARD,54.0,7.0,SOFT,False,15.1875669344043,-47.0,False,False
GAS,67.0,BOT,1252.6225,HARD,55.0,8.0,SOFT,False,15.09183734939759,-47.0,False,False
GAS,68.0,BOT,1255.182222222219,HARD,56.0,9.0,SOFT,False,15.122677376171314,-47.0,False,False
GAS,69.0,BOT,1224.0327777777752,HARD,57.0,10.0,SOFT,False,14.747382864792472,-47.0,False,False
GAS,70.0,BOT,1145.7991666666635,HARD,58.0,11.0,SOFT,False,13.804809236947753,-47.0,False,False
GAS,71.0,BOT,1089.5575000000003,HARD,59.0,12.0,SOFT,False,13.127198795180727,-47.0,False,False
GAS,72.0,BOT,942.4033333333377,HARD,60.0,13.0,SOFT,False,11.354257028112503,-47.0,False,False
GAS,73.0,BOT,821.949444444444,HARD,61.0,14.0,SOFT,False,9.903005354752338,-47.0,False,False
GAS,74.0,BOT,662.1780555555579,HARD,62.0,15.0,SOFT,False,7.9780488621151555,-47.0,False,False
GAS,75.0,BOT,460.2408333333342,HARD,63.0,16.0,SOFT,False,5.5450702811245085,-47.0,False,False
GAS,76.0,BOT,378.3708333333311,HARD,64.0,17.0,SOFT,False,4.5586847389557965,-47.0,False,False
GAS,77.0,BOT,299.95027777778296,HARD,65.0,18.0,SOFT,False,3.613858768407024,-47.0,False,False
GAS,78.0,BOT,326.61444444444487,HARD,66.0,19.0,SOFT,False,3.9351137884872878,-47.0,False,False
GIO,1.0,KUB,36.87611111111255,MEDIUM,1.0,1.0,SOFT,False,0.444290495314609,0.0,False,False
GIO,2.0,KUB,12.098888888890542,MEDIUM,2.0,2.0,SOFT,False,0.14576974564928363,0.0,False,False
GIO,3.0,KUB,14.235555555554129,MEDIUM,3.0,3.0,SOFT,False,0.17151271753679673,0.0,False,False
GIO,4.0,KUB,18.674722222221135,MEDIUM,4.0,4.0,SOFT,False,0.2249966532797727,0.0,False,False
GIO,5.0,KUB,124.80499999999802,MEDIUM,5.0,5.0,SOFT,False,1.5036746987951568,0.0,False,False
GIO,6.0,KUB,25.768333333333885,MEDIUM,6.0,6.0,SOFT,False,0.3104618473895649,0.0,False,False
GIO,7.0,KUB,48.81944444444207,MEDIUM,7.0,7.0,SOFT,False,0.5881860776438803,0.0,False,False
GIO,8.0,KUB,47.65555555555693,MEDIUM,8.0,8.0,SOFT,False,0.5741633199464691,0.0,False,False
GIO,9.0,KUB,33.88333333333503,MEDIUM,9.0,9.0,SOFT,False,0.4082329317269281,0.0,False,False
GIO,10.0,KUB,38.778055555550964,MEDIUM,10.0,10.0,SOFT,False,0.46720548862109595,0.0,False,False
GIO,11.0,MAG,26.88666666666768,SOFT,16.0,11.0,SOFT,False,0.32393574297189975,-5.0,False,False
GIO,12.0,KUB,21.526666666658457,MEDIUM,12.0,12.0,SOFT,False,0.25935742971877657,0.0,False,False
GIO,13.0,KUB,25.811111111108858,MEDIUM,13.0,13.0,SOFT,False,0.31097724230251633,0.0,False,False
GIO,14.0,KUB,36.984722222219716,MEDIUM,14.0,14.0,SOFT,False,0.4455990629183098,0.0,False,False
GIO,15.0,LEC,23.80666666666548,HARD,6.0,15.0,SOFT,False,0.28682730923693345,9.0,False,False
GIO,16.0,KUB,21.5402777777781,MEDIUM,16.0,16.0,SOFT,False,0.2595214190093747,0.0,False,False
GIO,17.0,KUB,14.831944444444161,MEDIUM,17.0,17.0,SOFT,False,0.17869812583667666,0.0,False,False
GIO,18.0,KUB,9.916666666664241,MEDIUM,18.0,18.0,SOFT,False,0.11947791164655712,0.0,False,False
GIO,19.0,KUB,17.15833333333694,MEDIUM,19.0,19.0,SOFT,False,0.20672690763056556,0.0,False,False
GIO,20.0,KUB,7.965555555552328,MEDIUM,20.0,20.0,SOFT,False,0.09597054886207623,0.0,False,False
GIO,21.0,RUS,1010.023888888883,HARD,11.0,21.0,SOFT,False,12.16896251673353,10.0,False,False
GIO,22.0,RUS,875.1183333333311,HARD,12.0,22.0,SOFT,False,10.543594377510013,10.0,False,False
GIO,23.0,RUS,765.3091666666651,HARD,13.0,23.0,SOFT,False,9.220592369477892,10.0,False,False
GIO,24.0,RUS,609.1319444444484,HARD,14.0,24.0,SOFT,False,7.33893908969215,10.0,False,False
GIO,25.0,RUS,397.5313888888895,HARD,15.0,25.0,SOFT,False,4.789534805890235,10.0,False,False
GIO,26.0,RUS,283.5975000000021,HARD,16.0,26.0,SOFT,False,3.416837349397616,10.0,False,False
GIO,27.0,RUS,241.81777777777916,HARD,17.0,27.0,SOFT,False,2.9134672021419177,10.0,False,False
GIO,28.0,RUS,204.1788888888882,HARD,18.0,28.0,SOFT,False,2.459986613119135,10.0,False,False
GIO,29.0,RUS,171.2061111111134,HARD,19.0,29.0,SOFT,False,2.062724230254378,10.0,False,False
GIO,30.0,RUS,146.5697222222252,HARD,20.0,30.0,SOFT,False,1.7659002677376532,10.0,False,False
GIO,31.0,RUS,172.59888888888645,HARD,21.0,31.0,SOFT,False,2.0795046854082706,10.0,False,False
GIO,32.0,RUS,157.9836111111099,HARD,22.0,32.0,SOFT,False,1.9034170013386735,10.0,False,False
GIO,33.0,RUS,143.73805555555464,HARD,23.0,33.0,SOFT,False,1.7317838018741523,10.0,False,False
GIO,34.0,RUS,126.98000000000138,HARD,24.0,34.0,SOFT,False,1.5298795180723057,10.0,False,False
GIO,35.0,RUS,121.63666666666677,HARD,25.0,35.0,SOFT,False,1.4655020080321297,10.0,False,False
GIO,36.0,RUS,98.5777777777721,HARD,26.0,36.0,SOFT,False,1.1876840696117121,10.0,False,False
GIO,37.0,RUS,90.10138888888741,HARD,27.0,37.0,SOFT,False,1.085558902275752,10.0,False,False
GIO,38.0,RUS,118.94583333333458,HARD,28.0,38.0,SOFT,False,1.433082329317284,10.0,False,False
GIO,39.0,RUS,148.6677777777777,HARD,29.0,39.0,SOFT,False,1.791178045515394,10.0,False,False
GIO,40.0,RUS,157.95444444444684,HARD,30.0,40.0,SOFT,False,1.903065595716227,10.0,False,False
GIO,41.0,RUS,145.51388888888687,HARD,31.0,41.0,SOFT,False,1.7531793842034562,10.0,True,True
GIO,42.0,RUS,178.4933333333347,HARD,32.0,42.0,SOFT,False,2.15052208835343,10.0,True,True
GIO,43.0,RUS,280.90972222221853,HARD,33.0,43.0,SOFT,False,3.3844544846050426,10.0,True,True
GIO,44.0,KUB,674.8252777777748,HARD,23.0,44.0,SOFT,True,8.130425033467166,21.0,True,True
GIO,45.0,KVY,251.1613888888869,MEDIUM,13.0,1.0,MEDIUM,False,3.0260408299865893,-12.0,False,False
GIO,46.0,ALB,183.8727777777808,MEDIUM,6.0,2.0,MEDIUM,False,2.2153346720214557,-4.0,False,False
GIO,47.0,ALB,90.26749999999493,MEDIUM,7.0,3.0,MEDIUM,False,1.0875602409637943,-4.0,False,False
GIO,48.0,ALB,83.72500000000082,MEDIUM,8.0,4.0,MEDIUM,False,1.008734939759046,-4.0,False,False
GIO,49.0,ALB,43.04583333333176,MEDIUM,9.0,5.0,MEDIUM,False,0.5186244979919489,-4.0,False,False
GIO,50.0,KUB,31.362777777774227,HARD,29.0,6.0,MEDIUM,False,0.37786479250330396,-23.0,False,False
GIO,51.0,KUB,23.475555555554365,HARD,30.0,7.0,MEDIUM,False,0.28283801874161885,-23.0,False,False
GIO,52.0,KUB,35.692500000000564,HARD,31.0,8.0,MEDIUM,False,0.4300301204819345,-23.0,False,False
GIO,53.0,KUB,28.162777777776228,HARD,32.0,9.0,MEDIUM,False,0.33931057563585815,-23.0,False,False
GIO,54.0,KUB,163.7083333333312,HARD,33.0,10.0,MEDIUM,False,1.972389558232906,-23.0,False,False
GIO,55.0,KUB,140.8769444444465,HARD,34.0,11.0,MEDIUM,False,1.6973125836680303,-23.0,False,False
GIO,56.0,KUB,136.23888888888996,HARD,35.0,12.0,MEDIUM,False,1.6414323962516864,-23.0,False,False
GIO,57.0,KUB,113.55722222222266,HARD,36.0,13.0,MEDIUM,False,1.3681593038822009,-23.0,False,False
GIO,58.0,KUB,114.53555555556386,HARD,37.0,14.0,MEDIUM,False,1.379946452476673,-23.0,False,False
GIO,59.0,KUB,131.0744444444431,HARD,38.0,15.0,MEDIUM,False,1.5792101740294349,-23.0,False,False
GIO,60.0,KUB,179.13138888888898,HARD,39.0,16.0,MEDIUM,False,2.1582095046854093,-23.0,False,False
GIO,61.0,KUB,181.14055555555706,HARD,40.0,17.0,MEDIUM,False,2.1824163319946632,-23.0,False,False
GIO,62.0,KUB,175.38055555555684,HARD,41.0,18.0,MEDIUM,False,2.113018741633215,-23.0,False,False
GIO,63.0,KUB,162.19416666666848,HARD,42.0,19.0,MEDIUM,False,1.9541465863454033,-23.0,False,False
GIO,64.0,KUB,139.8175000000001,HARD,43.0,20.0,MEDIUM,False,1.6845481927710857,-23.0,False,False
GIO,65.0,KUB,129.61555555555378,HARD,44.0,21.0,MEDIUM,False,1.5616331994645034,-23.0,False,False
GIO,66.0,KUB,117.68027777777661,HARD,45.0,22.0,MEDIUM,False,1.417834672021405,-23.0,False,False
GIO,67.0,KUB,138.85888888888303,HARD,46.0,23.0,MEDIUM,False,1.6729986613118437,-23.0,False,False
GIO,68.0,KUB,160.5566666666641,HARD,47.0,24.0,MEDIUM,False,1.9344176706827,-23.0,False,False
GIO,69.0,KUB,172.6191666666641,HARD,48.0,25.0,MEDIUM,False,2.079748995983905,-23.0,False,False
GIO,70.0,KUB,163.88499999999658,HARD,49.0,26.0,MEDIUM,False,1.9745180722891154,-23.0,False,False
GIO,71.0,KUB,302.6688888888857,HARD,50.0,27.0,MEDIUM,False,3.6466131191432014,-23.0,False,False
GIO,72.0,NOR,191.92777777777565,SOFT,25.0,28.0,MEDIUM,False,2.3123828647924776,3.0,False,False
GIO,73.0,KUB,67.54888888889218,HARD,52.0,29.0,MEDIUM,False,0.8138420348059299,-23.0,False,False
GIO,74.0,KUB,79.06305555555582,HARD,53.0,30.0,MEDIUM,False,0.952566934404287,-23.0,False,False
GIO,75.0,KUB,298.5452777777805,HARD,54.0,31.0,MEDIUM,False,3.59693105756362,-23.0,False,False
GIO,76.0,KUB,343.7938888888866,HARD,55.0,32.0,MEDIUM,False,4.142095046854055,-23.0,False,False
GRO,1.0,HUL,42.31027777778036,MEDIUM,1.0,1.0,SOFT,False,0.5097623828648236,0.0,False,False
GRO,2.0,HUL,44.11027777778054,MEDIUM,2.0,2.0,SOFT,False,0.5314491298527776,0.0,False,False
GRO,3.0,HUL,69.55805555555844,MEDIUM,3.0,3.0,SOFT,False,0.8380488621151619,0.0,False,False
GRO,4.0,HUL,49.21222222222286,MEDIUM,4.0,4.0,SOFT,False,0.5929183400267815,0.0,False,False
GRO,5.0,HUL,65.38694444444354,MEDIUM,5.0,5.0,SOFT,False,0.7877945113788378,0.0,False,False
GRO,6.0,HUL,35.34138888888583,MEDIUM,6.0,6.0,SOFT,False,0.4257998661311546,0.0,False,False
GRO,7.0,LEC,47.62277777777854,MEDIUM,7.0,7.0,SOFT,False,0.5737684069611872,0.0,False,False
GRO,8.0,HUL,106.45888888889158,MEDIUM,8.0,8.0,SOFT,False,1.2826372155288142,0.0,False,False
GRO,9.0,ALB,111.34138888888674,SOFT,14.0,9.0,SOFT,False,1.3414625167335752,-5.0,False,False
GRO,10.0,ALB,48.63805555555837,SOFT,15.0,10.0,SOFT,False,0.5860006693440767,-5.0,False,False
GRO,11.0,ALB,42.60333333333347,SOFT,16.0,11.0,SOFT,False,0.5132931726907647,-5.0,False,False
GRO,12.0,ALB,105.83527777778045,SOFT,17.0,12.0,SOFT,False,1.2751238286479571,-5.0,False,False
GRO,13.0,ALB,99.4544444444391,SOFT,18.0,13.0,SOFT,False,1.1982463186077001,-5.0,False,False
GRO,14.0,ALB,44.797222222229266,SOFT,19.0,14.0,SOFT,False,0.5397255689425213,-5.0,False,False
GRO,15.0,ALB,51.42555555555373,SOFT,20.0,15.0,SOFT,False,0.6195850066934184,-5.0,False,False
GRO,16.0,ALB,74.2663888888892,SOFT,21.0,16.0,SOFT,False,0.894775769745653,-5.0,False,False
GRO,17.0,ALB,65.37055555555662,SOFT,22.0,17.0,SOFT,False,0.7875970548862243,-5.0,False,False
GRO,18.0,ALB,116.14694444444376,SOFT,23.0,18.0,SOFT,False,1.3993607764390814,-5.0,False,False
GRO,19.0,ALB,118.39111111111333,SOFT,24.0,19.0,SOFT,False,1.4263989290495582,-5.0,False,False
GRO,20.0,ALB,114.88972222222583,SOFT,25.0,20.0,SOFT,False,1.3842135207497088,-5.0,False,False
GRO,21.0,ALB,129.56694444444747,SOFT,26.0,21.0,SOFT,False,1.561047523427078,-5.0,False,False
GRO,22.0,ALB,88.34333333333825,SOFT,27.0,22.0,SOFT,False,1.06437751004022,-5.0,False,False
GRO,23.0,ALB,90.83527777777635,SOFT,28.0,23.0,SOFT,False,1.0944009370816428,-5.0,False,False
GRO,24.0,ALB,82.96027777777272,SOFT,29.0,24.0,SOFT,False,0.9995214190093098,-5.0,False,False
GRO,25.0,ALB,102.75916666666853,SOFT,30.0,25.0,SOFT,False,1.2380622489960065,-5.0,False,False
GRO,26.0,ALB,64.36750000000166,SOFT,31.0,26.0,SOFT,False,0.7755120481927911,-5.0,False,False
GRO,27.0,ALB,145.28166666666812,SOFT,32.0,27.0,SOFT,False,1.750381526104435,-5.0,False,False
GRO,28.0,ALB,141.34805555555567,SOFT,33.0,28.0,SOFT,False,1.7029886211512733,-5.0,False,False
GRO,29.0,ALB,130.20694444444416,SOFT,34.0,29.0,SOFT,False,1.568758366800532,-5.0,False,False
GRO,30.0,ALB,154.5069444444448,SOFT,35.0,30.0,SOFT,False,1.861529451137889,-5.0,False,False
GRO,31.0,ALB,163.58472222222463,SOFT,36.0,31.0,SOFT,False,1.9709002677376461,-5.0,False,False
GRO,32.0,ALB,150.27805555555778,SOFT,37.0,32.0,SOFT,False,1.8105789825970817,-5.0,False,False
GRO,33.0,ALB,156.81194444444645,SOFT,38.0,33.0,SOFT,False,1.8893005354752586,-5.0,False,False
GRO,34.0,ALB,162.62694444444696,SOFT,39.0,34.0,SOFT,False,1.95936077643912,-5.0,False,False
GRO,35.0,ALB,153.51083333333418,SOFT,40.0,35.0,SOFT,False,1.8495281124498093,-5.0,False,False
GRO,36.0,ALB,127.27722222222246,SOFT,41.0,36.0,SOFT,False,1.5334605087014754,-5.0,False,False
GRO,37.0,ALB,108.51472222222765,SOFT,42.0,37.0,SOFT,False,1.307406291834068,-5.0,False,False
GRO,38.0,ALB,112.15333333333001,SOFT,43.0,38.0,SOFT,False,1.3512449799196387,-5.0,False,False
GRO,39.0,ALB,97.15055555555591,SOFT,44.0,39.0,SOFT,False,1.170488621151276,-5.0,False,False
GRO,40.0,BOT,572.6477777777764,HARD,28.0,40.0,SOFT,False,6.899370816599715,12.0,False,False
GRO,41.0,BOT,458.99166666666406,HARD,29.0,41.0,SOFT,False,5.530020080321254,12.0,False,False
GRO,42.0,BOT,366.7324999999996,HARD,30.0,42.0,SOFT,False,4.418463855421682,12.0,False,False
GRO,43.0,BOT,374.7894444444464,HARD,31.0,43.0,SOFT,False,4.515535475234294,12.0,False,False
GRO,44.0,BOT,414.66333333333205,HARD,32.0,44.0,SOFT,False,4.995943775100386,12.0,False,False
GRO,45.0,BOT,458.183055555558,HARD,33.0,45.0,SOFT,False,5.520277777777807,12.0,False,False
GRO,46.0,BOT,493.54305555556084,HARD,34.0,46.0,SOFT,False,5.9463018741633835,12.0,False,False
GRO,47.0,BOT,485.48583333332544,HARD,35.0,47.0,SOFT,False,5.849226907630427,12.0,True,True
GRO,48.0,BOT,255.25722222222475,HARD,36.0,48.0,SOFT,False,3.0753882195448767,12.0,True,True
GRO,49.0,BOT,360.6052777777768,HARD,37.0,49.0,SOFT,False,4.34464190093707,12.0,True,True
GRO,50.0,GIO,127.59972222222405,MEDIUM,6.0,50.0,SOFT,True,1.5373460508701693,44.0,True,True
GRO,51.0,ALB,106.1686111111103,MEDIUM,11.0,1.0,MEDIUM,False,1.2791398929049433,-10.0,False,False
GRO,52.0,ALB,156.53694444444318,MEDIUM,12.0,2.0,MEDIUM,False,1.885987282463171,-10.0,False,False
GRO,53.0,ALB,107.44749999999704,MEDIUM,13.0,3.0,MEDIUM,False,1.2945481927710487,-10.0,False,False
GRO,54.0,ALB,107.96472222222064,MEDIUM,14.0,4.0,MEDIUM,False,1.3007797858098873,-10.0,False,False
GRO,55.0,ALB,77.01416666666591,MEDIUM,15.0,5.0,MEDIUM,False,0.9278815261044087,-10.0,False,False
GRO,56.0,ALB,59.680833333333794,MEDIUM,16.0,6.0,MEDIUM,False,0.7190461847389614,-10.0,False,False
GRO,57.0,ALB,71.58250000000044,MEDIUM,17.0,7.0,MEDIUM,False,0.8624397590361499,-10.0,False,False
GRO,58.0,ALB,77.67444444444845,MEDIUM,18.0,8.0,MEDIUM,False,0.9358366800535959,-10.0,False,False
GRO,59.0,ALB,80.16361111111246,MEDIUM,19.0,9.0,MEDIUM,False,0.9658266398929212,-10.0,False,False
GRO,60.0,ALB,142.51194444444172,MEDIUM,20.0,10.0,MEDIUM,False,1.7170113788486954,-10.0,False,False
GRO,61.0,ALB,134.91499999999724,MEDIUM,21.0,11.0,MEDIUM,False,1.6254819277108101,-10.0,False,False
GRO,62.0,ALB,92.70611111111157,MEDIUM,22.0,12.0,MEDIUM,False,1.1169410977242358,-10.0,False,False
GRO,63.0,ALB,74.64277777778125,MEDIUM,23.0,13.0,MEDIUM,False,0.8993105756359187,-10.0,False,False
GRO,64.0,ALB,97.07555555555564,MEDIUM,24.0,14.0,MEDIUM,False,1.1695850066934415,-10.0,False,False
GRO,65.0,ALB,137.88833333333423,MEDIUM,25.0,15.0,MEDIUM,False,1.661305220883545,-10.0,False,False
GRO,66.0,ALB,152.4177777777777,MEDIUM,26.0,16.0,MEDIUM,False,1.8363587684069602,-10.0,False,False
GRO,67.0,ALB,97.34083333333183,MEDIUM,27.0,17.0,MEDIUM,False,1.1727811244979738,-10.0,False,False
GRO,68.0,ALB,107.05194444444305,MEDIUM,28.0,18.0,MEDIUM,False,1.2897824631860608,-10.0,False,False
GRO,69.0,ALB,140.9988888888888,MEDIUM,29.0,19.0,MEDIUM,False,1.698781793842034,-10.0,False,False
GRO,70.0,ALB,106.84500000000116,MEDIUM,30.0,20.0,MEDIUM,False,1.28728915662652,-10.0,False,False
GRO,71.0,ALB,106.43277777777848,MEDIUM,31.0,21.0,MEDIUM,False,1.2823226238286565,-10.0,False,False
GRO,72.0,ALB,90.52499999999736,MEDIUM,32.0,22.0,MEDIUM,False,1.0906626506023778,-10.0,False,False
GRO,73.0,ALB,93.80222222221937,MEDIUM,33.0,23.0,MEDIUM,False,1.13014725568939,-10.0,False,False
GRO,74.0,ALB,103.99499999999807,MEDIUM,34.0,24.0,MEDIUM,False,1.2529518072288923,-10.0,False,False
GRO,75.0,ALB,113.34249999999929,MEDIUM,35.0,25.0,MEDIUM,False,1.365572289156618,-10.0,False,False
GRO,76.0,ALB,107.71805555555329,MEDIUM,36.0,26.0,MEDIUM,False,1.2978078982596781,-10.0,False,False
GRO,77.0,ALB,97.25888888888903,MEDIUM,37.0,27.0,MEDIUM,False,1.1717938420348075,-10.0,False,False
GRO,78.0,ALB,69.73166666666748,MEDIUM,38.0,28.0,MEDIUM,False,0.8401405622490058,-10.0,False,False
HAM,1.0,KUB,4.835555555555629,MEDIUM,1.0,6.0,SOFT,False,0.05825970548862204,5.0,False,False
HAM,2.0,,,,,7.0,SOFT,False,,,False,False
HAM,3.0,,,,,8.0,SOFT,False,,,False,False
HAM,4.0,,,,,9.0,SOFT,False,,,False,False
HAM,5.0,,,,,10.0,SOFT,False,,,False,False
HAM,6.0,,,,,11.0,SOFT,False,,,False,False
HAM,7.0,,,,,12.0,SOFT,False,,,False,False
HAM,8.0,,,,,13.0,SOFT,False,,,True,False
HAM,9.0,,,,,14.0,SOFT,False,,,True,False
HAM,10.0,,,,,15.0,SOFT,False,,,True,False
HAM,11.0,,,,,16.0,SOFT,True,,,True,False
HAM,12.0,,,,,1.0,MEDIUM,False,,,False,False
HAM,13.0,,,,,2.0,MEDIUM,False,,,False,False
HAM,14.0,,,,,3.0,MEDIUM,False,,,False,False
HAM,15.0,,,,,4.0,MEDIUM,False,,,False,False
HAM,16.0,,,,,5.0,MEDIUM,False,,,False,False
HAM,17.0,,,,,6.0,MEDIUM,False,,,False,False
HAM,18.0,,,,,7.0,MEDIUM,False,,,False,False
HAM,19.0,,,,,8.0,MEDIUM,False,,,False,False
HAM,20.0,,,,,9.0,MEDIUM,False,,,False,False
HAM,21.0,,,,,10.0,MEDIUM,False,,,False,False
HAM,22.0,,,,,11.0,MEDIUM,False,,,False,False
HAM,23.0,,,,,12.0,MEDIUM,False,,,False,False
HAM,24.0,,,,,13.0,MEDIUM,False,,,False,False
HAM,25.0,,,,,14.0,MEDIUM,False,,,False,False
HAM,26.0,,,,,15.0,MEDIUM,False,,,False,False
HAM,27.0,,,,,16.0,MEDIUM,False,,,False,False
HAM,28.0,,,,,17.0,MEDIUM,False,,,False,False
HAM,29.0,,,,,18.0,MEDIUM,False,,,False,False
HAM,30.0,,,,,19.0,MEDIUM,False,,,False,False
HAM,31.0,,,,,20.0,MEDIUM,False,,,False,False
HAM,32.0,,,,,21.0,MEDIUM,False,,,False,False
HAM,33.0,,,,,22.0,MEDIUM,False,,,False,False
HAM,34.0,,,,,23.0,MEDIUM,False,,,False,False
HAM,35.0,,,,,24.0,MEDIUM,False,,,False,False
HAM,36.0,,,,,25.0,MEDIUM,False,,,False,False
HAM,37.0,,,,,26.0,MEDIUM,False,,,False,False
HAM,38.0,,,,,27.0,MEDIUM,False,,,False,False
HAM,39.0,,,,,28.0,MEDIUM,False,,,False,False
HAM,40.0,,,,,29.0,MEDIUM,False,,,False,False
HAM,41.0,,,,,30.0,MEDIUM,False,,,False,False
HAM,42.0,,,,,31.0,MEDIUM,False,,,False,False
HAM,43.0,,,,,32.0,MEDIUM,False,,,False,False
HAM,44.0,,,,,33.0,MEDIUM,False,,,False,False
HAM,45.0,,,,,34.0,MEDIUM,False,,,False,False
HAM,46.0,,,,,35.0,MEDIUM,False,,,False,False
HAM,47.0,,,,,36.0,MEDIUM,False,,,False,False
HAM,48.0,,,,,37.0,MEDIUM,False,,,False,False
HAM,49.0,,,,,38.0,MEDIUM,False,,,False,False
HAM,50.0,,,,,39.0,MEDIUM,False,,,False,False
HAM,51.0,,,,,40.0,MEDIUM,False,,,False,False
HAM,52.0,,,,,41.0,MEDIUM,False,,,False,False
HAM,53.0,,,,,42.0,MEDIUM,False,,,False,False
HAM,54.0,,,,,43.0,MEDIUM,False,,,False,False
HAM,55.0,,,,,44.0,MEDIUM,False,,,False,False
HAM,56.0,,,,,45.0,MEDIUM,False,,,False,False
HAM,57.0,,,,,46.0,MEDIUM,False,,,False,False
HAM,58.0,,,,,47.0,MEDIUM,False,,,False,False
HAM,59.0,,,,,48.0,MEDIUM,False,,,False,False
HAM,60.0,,,,,49.0,MEDIUM,False,,,False,False
HAM,61.0,,,,,50.0,MEDIUM,False,,,False,False
HAM,62.0,,,,,51.0,MEDIUM,False,,,False,False
HAM,63.0,,,,,52.0,MEDIUM,False,,,False,False
HAM,64.0,,,,,53.0,MEDIUM,False,,,False,False
HAM,65.0,,,,,54.0,MEDIUM,False,,,False,False
HAM,66.0,,,,,55.0,MEDIUM,False,,,False,False
HAM,67.0,,,,,56.0,MEDIUM,False,,,False,False
HAM,68.0,,,,,57.0,MEDIUM,False,,,False,False
HAM,69.0,,,,,58.0,MEDIUM,False,,,False,False
HAM,70.0,,,,,59.0,MEDIUM,False,,,False,False
HAM,71.0,,,,,60.0,MEDIUM,False,,,False,False
HAM,72.0,,,,,61.0,MEDIUM,False,,,False,False
HAM,73.0,,,,,62.0,MEDIUM,False,,,False,False
HAM,74.0,,,,,63.0,MEDIUM,False,,,False,False
HAM,75.0,,,,,64.0,MEDIUM,False,,,False,False
HAM,76.0,,,,,65.0,MEDIUM,False,,,False,False
HAM,77.0,,,,,66.0,MEDIUM,False,,,False,False
HAM,78.0,,,,,67.0,MEDIUM,False,,,False,False
HUL,1.0,ALB,52.17749999999842,SOFT,6.0,1.0,MEDIUM,False,0.628644578313234,-5.0,False,False
HUL,2.0,ALB,64.61416666666264,SOFT,7.0,2.0,MEDIUM,False,0.7784839357429234,-5.0,False,False
HUL,3.0,ALB,44.969999999998436,SOFT,8.0,3.0,MEDIUM,False,0.5418072289156438,-5.0,False,False
HUL,4.0,ALB,52.46583333333547,SOFT,9.0,4.0,MEDIUM,False,0.632118473895608,-5.0,False,False
HUL,5.0,ALB,64.23027777778088,SOFT,10.0,5.0,MEDIUM,False,0.7738587684069986,-5.0,False,False
HUL,6.0,ALB,58.19388888889489,SOFT,11.0,6.0,MEDIUM,False,0.7011311914324686,-5.0,True,False
HUL,7.0,ALB,72.42222222222335,SOFT,12.0,7.0,MEDIUM,False,0.8725568942436549,-5.0,True,False
HUL,8.0,ALB,71.75,SOFT,13.0,8.0,MEDIUM,False,0.8644578313253012,-5.0,True,False
HUL,9.0,RUS,766.5169444444418,MEDIUM,9.0,9.0,MEDIUM,True,9.235143908969178,0.0,True,False
HUL,10.0,GIO,783.3472222222244,SOFT,10.0,1.0,HARD,False,9.437918340026801,-9.0,False,False
HUL,11.0,PER,158.56916666667394,MEDIUM,11.0,2.0,HARD,False,1.9104718875502884,-9.0,False,False
HUL,12.0,PER,103.87083333333567,HARD,1.0,3.0,HARD,False,1.2514558232932007,2.0,False,False
HUL,13.0,PER,69.46444444444387,HARD,2.0,4.0,HARD,False,0.8369210174029382,2.0,False,False
HUL,14.0,PER,42.38361111110498,HARD,3.0,5.0,HARD,False,0.5106459170012648,2.0,False,False
HUL,15.0,PER,245.25166666666564,HARD,4.0,6.0,HARD,False,2.9548393574297065,2.0,False,False
HUL,16.0,PER,260.8072222222222,HARD,5.0,7.0,HARD,False,3.142255689424364,2.0,False,False
HUL,17.0,PER,241.40305555555688,HARD,6.0,8.0,HARD,False,2.908470548862131,2.0,False,False
HUL,18.0,PER,198.09944444444636,HARD,7.0,9.0,HARD,False,2.386740294511402,2.0,False,False
HUL,19.0,PER,153.8475000000003,HARD,8.0,10.0,HARD,False,1.8535843373494014,2.0,False,False
HUL,20.0,PER,46.93277777777803,HARD,9.0,11.0,HARD,False,0.5654551539491329,2.0,False,False
HUL,21.0,PER,35.86000000000104,HARD,10.0,12.0,HARD,False,0.43204819277109685,2.0,False,False
HUL,22.0,PER,43.30083333333641,HARD,11.0,13.0,HARD,False,0.5216967871486314,2.0,False,False
HUL,23.0,PER,46.6950000000038,HARD,12.0,14.0,HARD,False,0.562590361445829,2.0,False,False
HUL,24.0,PER,26.21194444444518,HARD,13.0,15.0,HARD,False,0.3158065595716287,2.0,False,False
HUL,25.0,PER,55.308055555555256,HARD,14.0,16.0,HARD,False,0.6663621151271718,2.0,False,False
HUL,26.0,PER,38.46750000000111,HARD,15.0,17.0,HARD,False,0.4634638554217001,2.0,False,False
HUL,27.0,PER,96.23111111110893,HARD,16.0,18.0,HARD,False,1.1594109772422763,2.0,False,False
HUL,28.0,PER,76.18805555556173,HARD,17.0,19.0,HARD,False,0.9179283801874908,2.0,False,False
HUL,29.0,PER,84.52888888888765,HARD,18.0,20.0,HARD,False,1.0184203480588874,2.0,False,False
HUL,30.0,PER,90.51138888888772,HARD,19.0,21.0,HARD,False,1.0904986613119003,2.0,False,False
HUL,31.0,PER,83.45444444444183,HARD,20.0,22.0,HARD,False,1.0054752342703834,2.0,False,False
HUL,32.0,PER,55.318055555556384,HARD,21.0,23.0,HARD,False,0.6664825970548962,2.0,False,False
HUL,33.0,PER,58.02472222222377,HARD,22.0,24.0,HARD,False,0.6990930388219732,2.0,False,False
HUL,34.0,PER,40.713611111109,HARD,23.0,25.0,HARD,False,0.49052543507360247,2.0,False,False
HUL,35.0,PER,47.164999999999054,HARD,24.0,26.0,HARD,False,0.5682530120481813,2.0,False,False
HUL,36.0,PER,134.45777777778267,HARD,25.0,27.0,HARD,False,1.6199732262383453,2.0,False,False
HUL,37.0,PER,117.58444444444103,HARD,26.0,28.0,HARD,False,1.4166800535474824,2.0,False,False
HUL,38.0,PER,69.9333333333393,HARD,27.0,29.0,HARD,False,0.84257028112457,2.0,False,False
HUL,39.0,PER,81.55805555555298,HARD,28.0,30.0,HARD,False,0.9826271753681082,2.0,False,False
HUL,40.0,PER,48.63805555555655,HARD,29.0,31.0,HARD,False,0.5860006693440548,2.0,False,False
HUL,41.0,PER,50.63944444444314,HARD,30.0,32.0,HARD,False,0.6101137884872668,2.0,False,False
HUL,42.0,PER,57.56388888889023,HARD,31.0,33.0,HARD,False,0.6935408299866294,2.0,False,False
HUL,43.0,PER,60.807222222219934,HARD,32.0,34.0,HARD,False,0.7326171352074691,2.0,False,False
HUL,44.0,PER,9.638888888889142,HARD,33.0,35.0,HARD,False,0.11613119143239929,2.0,False,False
HUL,45.0,PER,30.454166666667334,HARD,34.0,36.0,HARD,False,0.36691767068273895,2.0,False,False
HUL,46.0,PER,27.45638888888834,HARD,35.0,37.0,HARD,False,0.33079986613118484,2.0,False,False
HUL,47.0,PER,76.5283333333382,HARD,36.0,38.0,HARD,False,0.9220281124498578,2.0,False,False
HUL,48.0,PER,88.85166666666646,HARD,37.0,39.0,HARD,False,1.0705020080321261,2.0,False,False
HUL,49.0,PER,75.67027777777821,HARD,38.0,40.0,HARD,False,0.9116900937081712,2.0,False,False
HUL,50.0,PER,86.19138888888756,HARD,39.0,41.0,HARD,False,1.038450468540814,2.0,False,False
HUL,51.0,PER,58.13277777778103,HARD,40.0,42.0,HARD,False,0.7003949129853136,2.0,False,False
HUL,52.0,PER,86.10416666667106,HARD,41.0,43.0,HARD,False,1.0373995983936273,2.0,False,False
HUL,53.0,PER,76.85388888888883,HARD,42.0,44.0,HARD,False,0.9259504685408293,2.0,False,False
HUL,54.0,PER,332.7641666666691,HARD,43.0,45.0,HARD,False,4.009206827309266,2.0,False,False
HUL,55.0,BOT,106.29694444444294,HARD,43.0,46.0,HARD,False,1.2806860776438909,3.0,False,False
HUL,56.0,PER,54.992777777777974,HARD,45.0,47.0,HARD,False,0.662563587684072,2.0,False,False
HUL,57.0,PER,83.77611111110673,HARD,46.0,48.0,HARD,False,1.0093507362783942,2.0,False,False
HUL,58.0,PER,104.22500000000127,HARD,47.0,49.0,HARD,False,1.2557228915662804,2.0,False,False
HUL,59.0,PER,108.59055555555005,HARD,48.0,50.0,HARD,False,1.3083199464524102,2.0,False,False
HUL,60.0,PER,72.6155555555556,HARD,49.0,51.0,HARD,False,0.8748862115127181,2.0,False,False
HUL,61.0,PER,140.54222222222597,HARD,50.0,52.0,HARD,False,1.6932797858099515,2.0,False,False
HUL,62.0,PER,19.967777777779702,HARD,51.0,53.0,HARD,False,0.24057563587686387,2.0,False,False
HUL,63.0,PER,51.86222222222523,HARD,52.0,54.0,HARD,False,0.6248460508701834,2.0,False,False
HUL,64.0,PER,184.51944444444598,HARD,53.0,55.0,HARD,False,2.223125836680072,2.0,False,False
HUL,65.0,PER,162.88555555555695,HARD,54.0,56.0,HARD,False,1.9624765729585174,2.0,False,False
HUL,66.0,PER,141.68777777777314,HARD,55.0,57.0,HARD,False,1.7070816599731704,2.0,False,False
HUL,67.0,PER,134.07861111110742,HARD,56.0,58.0,HARD,False,1.6154049531458725,2.0,False,False
HUL,68.0,PER,134.73666666666622,HARD,57.0,59.0,HARD,False,1.623333333333328,2.0,False,False
HUL,69.0,PER,65.72583333333614,HARD,58.0,60.0,HARD,False,0.7918775100401945,2.0,False,False
HUL,70.0,PER,172.15888888889367,HARD,59.0,61.0,HARD,False,2.0742034805890803,2.0,False,False
HUL,71.0,PER,162.02416666666522,HARD,60.0,62.0,HARD,False,1.9520983935742797,2.0,False,False
HUL,72.0,PER,145.01416666666273,HARD,61.0,63.0,HARD,False,1.7471586345381052,2.0,False,False
HUL,73.0,PER,167.1372222222235,HARD,62.0,64.0,HARD,False,2.01370147255691,2.0,False,False
HUL,74.0,PER,201.0774999999985,HARD,63.0,65.0,HARD,False,2.422620481927693,2.0,False,False
HUL,75.0,PER,217.93416666666735,HARD,64.0,66.0,HARD,False,2.625712851405631,2.0,False,False
HUL,76.0,PER,232.9866666666676,HARD,65.0,67.0,HARD,False,2.8070682730923804,2.0,False,False
HUL,77.0,NOR,1095.824444444448,SOFT,30.0,68.0,HARD,False,13.20270414993311,38.0,False,False
KUB,1.0,RAI,72.64555555555444,SOFT,1.0,1.0,MEDIUM,False,0.8752476572958366,0.0,False,False
KUB,2.0,RAI,151.45999999999594,SOFT,2.0,2.0,MEDIUM,False,1.8248192771083849,0.0,False,False
KUB,3.0,RAI,159.21333333333632,SOFT,3.0,3.0,MEDIUM,False,1.9182329317269435,0.0,False,False
KUB,4.0,RAI,182.79777777778327,SOFT,4.0,4.0,MEDIUM,False,2.2023828647925696,0.0,False,False
KUB,5.0,RAI,187.84861111111104,SOFT,5.0,5.0,MEDIUM,False,2.263236278447121,0.0,False,False
KUB,6.0,RAI,174.263611111111,SOFT,6.0,6.0,MEDIUM,False,2.09956157965194,0.0,False,False
KUB,7.0,RAI,191.79916666666895,SOFT,7.0,7.0,MEDIUM,False,2.310833333333361,0.0,False,False
KUB,8.0,RAI,173.43361111111244,SOFT,8.0,8.0,MEDIUM,False,2.0895615796519573,0.0,False,False
KUB,9.0,RAI,70.70944444444604,SOFT,9.0,9.0,MEDIUM,False,0.8519210174029643,0.0,False,False
KUB,10.0,RAI,95.5580555555548,SOFT,10.0,10.0,MEDIUM,False,1.1513018741633108,0.0,False,False
KUB,11.0,MAG,14.879444444444744,SOFT,16.0,11.0,MEDIUM,False,0.17927041499331017,-5.0,False,False
KUB,12.0,MAG,27.20611111111566,MEDIUM,1.0,12.0,MEDIUM,False,0.327784471218261,11.0,False,False
KUB,13.0,MAG,68.07694444444132,MEDIUM,2.0,13.0,MEDIUM,False,0.820204149933028,11.0,False,False
KUB,14.0,MAG,57.71472222222246,MEDIUM,3.0,14.0,MEDIUM,False,0.6953580990629212,11.0,False,False
KUB,15.0,RUS,332.4180555555513,HARD,5.0,15.0,MEDIUM,False,4.005036813922305,10.0,False,False
KUB,16.0,RUS,390.9155555555567,HARD,6.0,16.0,MEDIUM,False,4.709825970548875,10.0,False,False
KUB,17.0,RUS,402.1019444444455,HARD,7.0,17.0,MEDIUM,False,4.844601740294524,10.0,False,False
KUB,18.0,RUS,546.3641666666722,HARD,8.0,18.0,MEDIUM,False,6.582700803212918,10.0,True,True
KUB,19.0,RUS,729.0088888888845,HARD,9.0,19.0,MEDIUM,False,8.783239625167283,10.0,True,True
KUB,20.0,RUS,885.0855555555536,HARD,10.0,20.0,MEDIUM,False,10.663681392235585,10.0,True,True
KUB,21.0,GIO,892.4408333333304,SOFT,21.0,21.0,MEDIUM,True,10.752299196787114,0.0,True,False
KUB,22.0,GIO,1104.4716666666636,SOFT,22.0,1.0,HARD,False,13.306887550200766,-21.0,False,False
KUB,23.0,GIO,1123.4555555555544,SOFT,23.0,2.0,HARD,False,13.535609103078968,-21.0,False,False
KUB,24.0,GIO,1142.3299999999972,SOFT,24.0,3.0,HARD,False,13.763012048192737,-21.0,False,False
KUB,25.0,GIO,1155.132222222222,SOFT,25.0,4.0,HARD,False,13.917255689424362,-21.0,False,False
KUB,26.0,GIO,1159.7619444444404,SOFT,26.0,5.0,HARD,False,13.973035475234221,-21.0,False,False
KUB,27.0,GIO,1159.5644444444415,SOFT,27.0,6.0,HARD,False,13.970655957161945,-21.0,False,False
KUB,28.0,GIO,1155.3252777777757,SOFT,28.0,7.0,HARD,False,13.9195816599732,-21.0,False,False
KUB,29.0,GIO,1179.0497222222198,SOFT,29.0,8.0,HARD,False,14.205418340026744,-21.0,False,False
KUB,30.0,GIO,1175.9944444444372,SOFT,30.0,9.0,HARD,False,14.16860776439081,-21.0,False,False
KUB,31.0,GIO,1123.5113888888914,SOFT,31.0,10.0,HARD,False,13.536281793842065,-21.0,False,False
KUB,32.0,GIO,1074.6191666666655,SOFT,32.0,11.0,HARD,False,12.947218875501994,-21.0,False,False
KUB,33.0,GIO,968.083611111113,SOFT,33.0,12.0,HARD,False,11.663657965194133,-21.0,False,False
KUB,34.0,GIO,915.2927777777777,SOFT,34.0,13.0,HARD,False,11.027623828647924,-21.0,False,False
KUB,35.0,GIO,873.0619444444428,SOFT,35.0,14.0,HARD,False,10.518818607764372,-21.0,False,False
KUB,36.0,GIO,858.8158333333395,SOFT,36.0,15.0,HARD,False,10.347178714859512,-21.0,False,False
KUB,37.0,GIO,799.5863888888894,SOFT,37.0,16.0,HARD,False,9.633570950468547,-21.0,False,False
KUB,38.0,GIO,744.0658333333363,SOFT,38.0,17.0,HARD,False,8.964648594377545,-21.0,False,False
KUB,39.0,STR,223.62861111111033,MEDIUM,39.0,18.0,HARD,False,2.69432061579651,-21.0,False,False
KUB,40.0,STR,564.6577777777784,MEDIUM,40.0,19.0,HARD,False,6.803105756358776,-21.0,False,False
KUB,41.0,VET,277.2494444444451,HARD,30.0,20.0,HARD,False,3.3403547523427117,-10.0,False,False
KUB,42.0,BOT,248.19944444444445,HARD,30.0,21.0,HARD,False,2.990354752342704,-9.0,False,False
KUB,43.0,BOT,347.6080555555568,HARD,31.0,22.0,HARD,False,4.188048862115142,-9.0,False,False
KUB,44.0,BOT,634.639444444449,HARD,32.0,23.0,HARD,False,7.646258366800591,-9.0,False,False
KUB,45.0,GRO,323.1749999999988,SOFT,45.0,24.0,HARD,False,3.8936746987951665,-21.0,False,False
KUB,46.0,GAS,189.84611111110598,MEDIUM,19.0,25.0,HARD,False,2.287302543507301,6.0,False,False
KUB,47.0,RAI,123.9252777777765,MEDIUM,1.0,26.0,HARD,False,1.4930756358768253,25.0,False,False
KUB,48.0,RAI,149.84222222222343,MEDIUM,2.0,27.0,HARD,False,1.8053279785810052,25.0,False,False
KUB,49.0,RAI,223.47055555555517,MEDIUM,3.0,28.0,HARD,False,2.6924163319946404,25.0,False,False
KUB,50.0,RAI,651.038055555558,MEDIUM,4.0,29.0,HARD,False,7.843831994645277,25.0,False,False
KUB,51.0,ALB,224.6808333333347,MEDIUM,11.0,30.0,HARD,False,2.706997991967888,19.0,False,False
KUB,52.0,GRO,211.501111111113,MEDIUM,2.0,31.0,HARD,False,2.548206157965217,29.0,False,False
KUB,53.0,GRO,245.46416666667028,MEDIUM,3.0,32.0,HARD,False,2.957399598393618,29.0,False,False
KUB,54.0,GRO,265.5130555555543,MEDIUM,4.0,33.0,HARD,False,3.198952476572943,29.0,False,False
KUB,55.0,GRO,252.69888888888863,MEDIUM,5.0,34.0,HARD,False,3.044564926372152,29.0,False,False
KUB,56.0,GRO,264.25555555555684,MEDIUM,6.0,35.0,HARD,False,3.1838018741633354,29.0,False,False
KUB,57.0,GRO,258.990277777777,MEDIUM,7.0,36.0,HARD,False,3.1203647925033375,29.0,False,False
KUB,58.0,GRO,256.242499999998,MEDIUM,8.0,37.0,HARD,False,3.0872590361445544,29.0,False,False
KUB,59.0,GRO,231.25861111111544,MEDIUM,9.0,38.0,HARD,False,2.786248326639945,29.0,False,False
KUB,60.0,GRO,223.86944444444498,MEDIUM,10.0,39.0,HARD,False,2.6972222222222286,29.0,False,False
KUB,61.0,GRO,245.90611111110866,MEDIUM,11.0,40.0,HARD,False,2.962724230254321,29.0,False,False
KUB,62.0,GRO,301.89249999999765,MEDIUM,12.0,41.0,HARD,False,3.6372590361445503,29.0,False,False
KUB,63.0,GRO,323.7927777777768,MEDIUM,13.0,42.0,HARD,False,3.901117804551528,29.0,False,False
KUB,64.0,GRO,333.8908333333334,MEDIUM,14.0,43.0,HARD,False,4.0227811244979925,29.0,False,False
KUB,65.0,GRO,377.75666666666984,MEDIUM,15.0,44.0,HARD,False,4.551285140562287,29.0,False,False
KUB,66.0,GRO,506.8977777777809,MEDIUM,16.0,45.0,HARD,False,6.1072021419009745,29.0,False,False
KUB,67.0,GRO,571.3013888888945,MEDIUM,17.0,46.0,HARD,False,6.883149263721621,29.0,False,False
KUB,68.0,GRO,577.4933333333311,MEDIUM,18.0,47.0,HARD,False,6.957751004016037,29.0,False,False
KUB,69.0,GRO,630.8716666666674,MEDIUM,19.0,48.0,HARD,False,7.600863453815269,29.0,False,False
KUB,70.0,GRO,668.3458333333342,MEDIUM,20.0,49.0,HARD,False,8.052359437751015,29.0,False,False
KUB,71.0,GRO,701.2013888888932,MEDIUM,21.0,50.0,HARD,False,8.44820950468546,29.0,False,False
KUB,72.0,GRO,669.1736111111163,MEDIUM,22.0,51.0,HARD,False,8.062332663989354,29.0,False,False
KUB,73.0,GRO,908.3727777777749,MEDIUM,23.0,52.0,HARD,False,10.944250334671986,29.0,False,False
KUB,74.0,NOR,261.14111111110924,SOFT,27.0,53.0,HARD,False,3.146278447121798,26.0,False,False
KUB,75.0,NOR,351.9858333333341,SOFT,28.0,54.0,HARD,False,4.240793172690772,26.0,False,False
KUB,76.0,NOR,491.07472222222486,SOFT,29.0,55.0,HARD,False,5.916562918340059,26.0,False,False
KUB,77.0,NOR,443.3280555555575,SOFT,30.0,56.0,HARD,False,5.341301874163343,26.0,False,False
KVY,1.0,SAI,53.71222222222514,SOFT,6.0,6.0,SOFT,False,0.6471352074966884,0.0,False,False
KVY,2.0,SAI,52.17833333333283,SOFT,7.0,7.0,SOFT,False,0.6286546184738895,0.0,False,False
KVY,3.0,SAI,68.93694444444509,SOFT,8.0,8.0,SOFT,False,0.8305655957162059,0.0,False,False
KVY,4.0,SAI,63.2538888888912,SOFT,9.0,9.0,SOFT,False,0.7620950468541108,0.0,False,False
KVY,5.0,SAI,37.17444444444163,SOFT,10.0,10.0,SOFT,False,0.447884872824598,0.0,False,False
KVY,6.0,SAI,50.18527777777899,SOFT,11.0,11.0,SOFT,False,0.6046419009370962,0.0,False,False
KVY,7.0,SAI,33.953055555559786,SOFT,12.0,12.0,SOFT,False,0.4090729585007203,0.0,False,False
KVY,8.0,SAI,41.955277777777155,SOFT,13.0,13.0,SOFT,False,0.5054852744310501,0.0,False,False
KVY,9.0,SAI,56.655277777776064,SOFT,14.0,14.0,SOFT,False,0.6825937081659766,0.0,False,False
KVY,10.0,SAI,16.812499999996817,SOFT,15.0,15.0,SOFT,False,0.20256024096381706,0.0,False,False
KVY,11.0,SAI,94.06888888889307,SOFT,16.0,16.0,SOFT,False,1.1333601070950972,0.0,False,False
KVY,12.0,SAI,112.04083333332801,SOFT,17.0,17.0,SOFT,False,1.3498895582328676,0.0,False,False
KVY,13.0,SAI,92.50388888888801,SOFT,18.0,18.0,SOFT,False,1.1145046854082894,0.0,False,False
KVY,14.0,SAI,84.27499999999964,SOFT,19.0,19.0,SOFT,False,1.0153614457831281,0.0,False,False
KVY,15.0,SAI,38.896388888889305,SOFT,20.0,20.0,SOFT,False,0.4686311914324013,0.0,False,False
KVY,16.0,SAI,40.14527777777403,SOFT,21.0,21.0,SOFT,False,0.4836780455153497,0.0,False,False
KVY,17.0,SAI,101.18611111110886,SOFT,22.0,22.0,SOFT,False,1.2191097724229982,0.0,False,False
KVY,18.0,SAI,87.24250000000256,SOFT,23.0,23.0,SOFT,False,1.0511144578313563,0.0,False,False
KVY,19.0,SAI,70.80694444444725,SOFT,24.0,24.0,SOFT,False,0.8530957161981597,0.0,False,False
KVY,20.0,SAI,41.639999999998054,SOFT,25.0,25.0,SOFT,False,0.5016867469879284,0.0,False,False
KVY,21.0,SAI,52.49222222221988,SOFT,26.0,26.0,SOFT,False,0.6324364123159022,0.0,False,False
KVY,22.0,SAI,56.76583333333065,SOFT,27.0,27.0,SOFT,False,0.6839257028112126,0.0,False,False
KVY,23.0,SAI,41.37138888888603,SOFT,28.0,28.0,SOFT,False,0.49845046854079555,0.0,False,False
KVY,24.0,SAI,67.9086111111078,SOFT,29.0,29.0,SOFT,False,0.8181760374832265,0.0,False,False
KVY,25.0,SAI,64.65416666666488,SOFT,30.0,30.0,SOFT,False,0.7789658634537937,0.0,False,False
KVY,26.0,SAI,87.0111111111114,SOFT,31.0,31.0,SOFT,False,1.0483266398929085,0.0,False,False
KVY,27.0,SAI,52.311388888888814,SOFT,32.0,32.0,SOFT,False,0.6302576974564917,0.0,False,False
KVY,28.0,SAI,88.72916666666151,SOFT,33.0,33.0,SOFT,False,1.0690261044176086,0.0,False,False
KVY,29.0,SAI,71.77444444444563,SOFT,34.0,34.0,SOFT,False,0.8647523427041642,0.0,True,False
KVY,30.0,BOT,344.91555555555396,HARD,18.0,35.0,SOFT,False,4.155609103078963,17.0,True,True
KVY,31.0,BOT,283.13000000000056,HARD,19.0,36.0,SOFT,False,3.411204819277115,17.0,True,True
KVY,32.0,GRO,492.0519444444417,SOFT,32.0,37.0,SOFT,True,5.928336680053515,5.0,True,True
KVY,33.0,SAI,77.19277777777461,MEDIUM,3.0,1.0,MEDIUM,False,0.9300334672021037,-2.0,False,False
KVY,34.0,SAI,111.56166666666377,MEDIUM,4.0,2.0,MEDIUM,False,1.3441164658634188,-2.0,False,False
KVY,35.0,SAI,67.4202777777773,MEDIUM,5.0,3.0,MEDIUM,False,0.8122925033467144,-2.0,False,False
KVY,36.0,SAI,73.14277777777352,MEDIUM,6.0,4.0,MEDIUM,False,0.881238286479199,-2.0,False,False
KVY,37.0,SAI,45.20666666666693,MEDIUM,7.0,5.0,MEDIUM,False,0.5446586345381558,-2.0,False,False
KVY,38.0,SAI,62.431944444447254,MEDIUM,8.0,6.0,MEDIUM,False,0.7521921017403284,-2.0,False,False
KVY,39.0,SAI,60.291111111109785,MEDIUM,9.0,7.0,MEDIUM,False,0.7263989290495155,-2.0,False,False
KVY,40.0,SAI,69.58472222222326,MEDIUM,10.0,8.0,MEDIUM,False,0.8383701472557019,-2.0,False,False
KVY,41.0,SAI,55.80722222222221,MEDIUM,11.0,9.0,MEDIUM,False,0.6723761713520748,-2.0,False,False
KVY,42.0,SAI,79.42166666666435,MEDIUM,12.0,10.0,MEDIUM,False,0.9568875502007753,-2.0,False,False
KVY,43.0,SAI,62.785555555554765,MEDIUM,13.0,11.0,MEDIUM,False,0.756452476572949,-2.0,False,False
KVY,44.0,SAI,75.33222222222594,MEDIUM,14.0,12.0,MEDIUM,False,0.9076171352075414,-2.0,False,False
KVY,45.0,SAI,57.57916666666961,MEDIUM,15.0,13.0,MEDIUM,False,0.693724899598429,-2.0,False,False
KVY,46.0,SAI,55.4502777777775,MEDIUM,16.0,14.0,MEDIUM,False,0.6680756358768374,-2.0,False,False
KVY,47.0,SAI,39.90638888888361,MEDIUM,17.0,15.0,MEDIUM,False,0.48079986613112785,-2.0,False,False
KVY,48.0,SAI,46.204444444440014,MEDIUM,18.0,16.0,MEDIUM,False,0.5566800535474701,-2.0,False,False
KVY,49.0,SAI,20.363611111112277,MEDIUM,19.0,17.0,MEDIUM,False,0.24534471218207562,-2.0,False,False
KVY,50.0,SAI,26.151666666664823,MEDIUM,20.0,18.0,MEDIUM,False,0.31508032128511837,-2.0,False,False
KVY,51.0,SAI,69.64805555555404,MEDIUM,21.0,19.0,MEDIUM,False,0.8391331994645065,-2.0,False,False
KVY,52.0,SAI,67.69222222222061,MEDIUM,22.0,20.0,MEDIUM,False,0.8155689424363929,-2.0,False,False
KVY,53.0,SAI,69.93027777777661,MEDIUM,23.0,21.0,MEDIUM,False,0.8425334672021279,-2.0,False,False
KVY,54.0,SAI,55.202777777780284,MEDIUM,24.0,22.0,MEDIUM,False,0.6650937081660275,-2.0,False,False
KVY,55.0,SAI,68.04666666666799,MEDIUM,25.0,23.0,MEDIUM,False,0.8198393574297348,-2.0,False,False
KVY,56.0,SAI,87.88027777777552,MEDIUM,26.0,24.0,MEDIUM,False,1.0587985274430785,-2.0,False,False
KVY,57.0,SAI,92.14472222222366,MEDIUM,27.0,25.0,MEDIUM,False,1.1101773761713694,-2.0,False,False
KVY,58.0,SAI,97.16777777777997,MEDIUM,28.0,26.0,MEDIUM,False,1.170696117804578,-2.0,False,False
KVY,59.0,SAI,110.52972222222661,MEDIUM,29.0,27.0,MEDIUM,False,1.3316834002677904,-2.0,False,False
KVY,60.0,SAI,104.95694444444325,MEDIUM,30.0,28.0,MEDIUM,False,1.2645414993306416,-2.0,False,False
KVY,61.0,SAI,130.49666666666963,MEDIUM,31.0,29.0,MEDIUM,False,1.5722489959839714,-2.0,False,False
KVY,62.0,SAI,123.00888888888448,MEDIUM,32.0,30.0,MEDIUM,False,1.4820348058901744,-2.0,False,False
KVY,63.0,SAI,94.00916666666444,MEDIUM,33.0,31.0,MEDIUM,False,1.1326405622489693,-2.0,False,False
KVY,64.0,SAI,99.15166666666619,MEDIUM,34.0,32.0,MEDIUM,False,1.1945983935742914,-2.0,False,False
KVY,65.0,SAI,98.83416666666517,MEDIUM,35.0,33.0,MEDIUM,False,1.19077309236946,-2.0,False,False
KVY,66.0,SAI,74.5458333333363,MEDIUM,36.0,34.0,MEDIUM,False,0.8981425702811603,-2.0,False,False
KVY,67.0,SAI,77.31416666666564,MEDIUM,37.0,35.0,MEDIUM,False,0.9314959839357306,-2.0,False,False
KVY,68.0,SAI,48.27472222222332,MEDIUM,38.0,36.0,MEDIUM,False,0.5816231593038954,-2.0,False,False
KVY,69.0,SAI,77.89666666666653,MEDIUM,39.0,37.0,MEDIUM,False,0.938514056224898,-2.0,False,False
KVY,70.0,SAI,81.23277777777685,MEDIUM,40.0,38.0,MEDIUM,False,0.9787081659973114,-2.0,False,False
KVY,71.0,SAI,65.05083333333278,MEDIUM,41.0,39.0,MEDIUM,False,0.783744979919672,-2.0,False,False
KVY,72.0,SAI,62.4127777777735,MEDIUM,42.0,40.0,MEDIUM,False,0.7519611780454638,-2.0,False,False
KVY,73.0,SAI,77.6741666666635,MEDIUM,43.0,41.0,MEDIUM,False,0.9358333333332951,-2.0,False,False
KVY,74.0,SAI,68.9877777777765,MEDIUM,44.0,42.0,MEDIUM,False,0.8311780455153795,-2.0,False,False
KVY,75.0,SAI,76.98555555556186,MEDIUM,45.0,43.0,MEDIUM,False,0.927536813922432,-2.0,False,False
KVY,76.0,SAI,54.561666666669225,MEDIUM,46.0,44.0,MEDIUM,False,0.6573694779116774,-2.0,False,False
KVY,77.0,SAI,49.4269444444476,MEDIUM,47.0,45.0,MEDIUM,False,0.5955053547523808,-2.0,False,False
KVY,78.0,SAI,64.6308333333327,MEDIUM,48.0,46.0,MEDIUM,False,0.7786847389558157,-2.0,False,False
LEC,1.0,NOR,0.6752777777778647,MEDIUM,1.0,1.0,MEDIUM,False,0.008135876840697165,0.0,False,False
LEC,2.0,GRO,49.569999999999254,SOFT,2.0,2.0,MEDIUM,False,0.5972289156626416,0.0,False,False
LEC,3.0,GRO,55.80944444444458,SOFT,3.0,3.0,MEDIUM,False,0.6724029451137902,0.0,False,False
LEC,4.0,GRO,51.44111111111306,SOFT,4.0,4.0,MEDIUM,False,0.6197724230254585,0.0,False,False
LEC,5.0,GRO,48.7652777777771,SOFT,5.0,5.0,MEDIUM,False,0.5875334672021337,0.0,False,False
LEC,6.0,GRO,56.4583333333303,SOFT,6.0,6.0,MEDIUM,False,0.6802208835341,0.0,True,False
LEC,7.0,HUL,93.86416666666764,MEDIUM,7.0,7.0,MEDIUM,False,1.1308935742972006,0.0,True,False
LEC,8.0,GRO,125.60805555555498,SOFT,8.0,8.0,MEDIUM,False,1.5133500669343973,0.0,True,False
LEC,9.0,HUL,508.5400000000018,MEDIUM,9.0,9.0,MEDIUM,True,6.1269879518072505,0.0,True,False
LEC,10.0,RUS,694.5847222222196,MEDIUM,10.0,1.0,HARD,False,8.36849062918337,-9.0,False,False
LEC,11.0,RUS,846.6088888888876,HARD,1.0,2.0,HARD,False,10.200107095046839,1.0,False,False
LEC,12.0,RUS,844.362777777777,HARD,2.0,3.0,HARD,False,10.173045515394904,1.0,False,False
LEC,13.0,RUS,392.71305555555546,HARD,3.0,4.0,HARD,False,4.731482597054885,1.0,True,False
LEC,14.0,RUS,46.30833333333612,HARD,4.0,5.0,HARD,False,0.5579317269076641,1.0,True,False
LEC,15.0,KUB,46.649444444447454,MEDIUM,15.0,6.0,HARD,False,0.5620414993306923,-9.0,True,False
LEC,16.0,GIO,1133.1675000000005,SOFT,16.0,7.0,HARD,True,13.652620481927716,-9.0,True,False
LEC,17.0,KUB,1521.8536111111102,MEDIUM,17.0,1.0,SOFT,True,18.33558567603747,-16.0,True,False
MAG,1.0,RIC,67.30472222222306,SOFT,6.0,6.0,SOFT,False,0.8109002677376272,0.0,False,False
MAG,2.0,RIC,72.07722222222219,SOFT,7.0,7.0,SOFT,False,0.8684002677376167,0.0,False,False
MAG,3.0,RIC,59.306944444443616,SOFT,8.0,8.0,SOFT,False,0.7145414993306459,0.0,False,False
MAG,4.0,RIC,51.08277777777539,SOFT,9.0,9.0,SOFT,False,0.6154551539491011,0.0,False,False
MAG,5.0,RIC,77.52444444444518,SOFT,10.0,10.0,SOFT,False,0.9340294511378937,0.0,False,False
MAG,6.0,RIC,78.91611111111479,SOFT,11.0,11.0,SOFT,False,0.9507965194110215,0.0,False,False
MAG,7.0,RIC,90.23916666666992,SOFT,12.0,12.0,SOFT,False,1.087218875502047,0.0,False,False
MAG,8.0,RIC,92.02444444444063,SOFT,13.0,13.0,SOFT,False,1.108728246318562,0.0,True,False
MAG,9.0,RIC,98.85027777777441,SOFT,14.0,14.0,SOFT,False,1.1909672021418602,0.0,True,False
MAG,10.0,RIC,61.444444444441615,SOFT,15.0,15.0,SOFT,False,0.7402945113788146,0.0,True,False
MAG,11.0,RIC,34.12444444444054,SOFT,16.0,16.0,SOFT,True,0.41113788487277764,0.0,True,False
MAG,12.0,RIC,38.40277777777692,MEDIUM,1.0,1.0,MEDIUM,False,0.4626840696117701,0.0,False,False
MAG,13.0,RIC,55.660833333336086,MEDIUM,2.0,2.0,MEDIUM,False,0.67061244979923,0.0,False,False
MAG,14.0,RIC,44.491666666665424,MEDIUM,3.0,3.0,MEDIUM,False,0.5360441767068124,0.0,False,False
MAG,15.0,RIC,24.98305555556044,MEDIUM,4.0,4.0,MEDIUM,False,0.3010006693441017,0.0,False,False
MAG,16.0,RIC,50.85194444444551,MEDIUM,5.0,5.0,MEDIUM,False,0.6126740294511507,0.0,False,False
MAG,17.0,RIC,31.585833333332175,MEDIUM,6.0,6.0,MEDIUM,False,0.3805522088353274,0.0,False,False
MAG,18.0,RIC,50.16416666666464,MEDIUM,7.0,7.0,MEDIUM,False,0.6043875502007788,0.0,False,False
MAG,19.0,RIC,40.56944444444525,MEDIUM,8.0,8.0,MEDIUM,False,0.4887884872824729,0.0,False,False
MAG,20.0,RIC,27.873333333334813,MEDIUM,9.0,9.0,MEDIUM,False,0.3358232931727086,0.0,False,False
MAG,21.0,RIC,51.51749999999629,MEDIUM,10.0,10.0,MEDIUM,False,0.6206927710842927,0.0,False,False
MAG,22.0,RIC,62.20222222222674,MEDIUM,11.0,11.0,MEDIUM,False,0.7494243641232137,0.0,False,False
MAG,23.0,RIC,62.15111111111264,MEDIUM,12.0,12.0,MEDIUM,False,0.7488085676037668,0.0,False,False
MAG,24.0,RIC,60.492499999995744,MEDIUM,13.0,13.0,MEDIUM,False,0.728825301204768,0.0,False,False
MAG,25.0,RIC,109.41444444444414,MEDIUM,14.0,14.0,MEDIUM,False,1.3182463186077609,0.0,False,False
MAG,26.0,RIC,96.64527777777676,MEDIUM,15.0,15.0,MEDIUM,False,1.1644009370816477,0.0,False,False
MAG,27.0,RIC,124.34722222222172,MEDIUM,16.0,16.0,MEDIUM,False,1.4981593038821894,0.0,False,False
MAG,28.0,RIC,84.37694444444014,MEDIUM,17.0,17.0,MEDIUM,False,1.0165896921016884,0.0,False,False
MAG,29.0,RIC,87.177222222218,MEDIUM,18.0,18.0,MEDIUM,False,1.0503279785809398,0.0,False,False
MAG,30.0,RIC,112.36111111110768,MEDIUM,19.0,19.0,MEDIUM,False,1.3537483266398516,0.0,False,False
MAG,31.0,RIC,111.83250000000135,MEDIUM,20.0,20.0,MEDIUM,False,1.3473795180723054,0.0,False,False
MAG,32.0,RIC,148.28138888888816,MEDIUM,21.0,21.0,MEDIUM,False,1.7865227576974476,0.0,False,False
MAG,33.0,RIC,110.53499999999894,MEDIUM,22.0,22.0,MEDIUM,False,1.3317469879517945,0.0,False,False
MAG,34.0,RIC,127.32861111110924,MEDIUM,23.0,23.0,MEDIUM,False,1.534079651941075,0.0,False,False
MAG,35.0,RIC,118.77416666666477,MEDIUM,24.0,24.0,MEDIUM,False,1.4310140562248768,0.0,False,False
MAG,36.0,RIC,102.8030555555556,MEDIUM,25.0,25.0,MEDIUM,False,1.2385910307898265,0.0,False,False
MAG,37.0,RIC,98.39194444444047,MEDIUM,26.0,26.0,MEDIUM,False,1.1854451137884394,0.0,False,False
MAG,38.0,RIC,100.65277777777646,MEDIUM,27.0,27.0,MEDIUM,False,1.2126840696117647,0.0,False,False
MAG,39.0,RIC,134.6861111111125,MEDIUM,28.0,28.0,MEDIUM,False,1.6227242302543674,0.0,False,False
MAG,40.0,RIC,175.23555555555504,MEDIUM,29.0,29.0,MEDIUM,False,2.111271753681386,0.0,False,False
MAG,41.0,RIC,175.81944444444298,MEDIUM,30.0,30.0,MEDIUM,False,2.118306559571602,0.0,False,False
MAG,42.0,RIC,152.26611111111333,MEDIUM,31.0,31.0,MEDIUM,False,1.8345314591700401,0.0,False,False
MAG,43.0,RIC,82.93722222221959,MEDIUM,32.0,32.0,MEDIUM,False,0.9992436412315613,0.0,False,False
MAG,44.0,RIC,71.24194444444811,MEDIUM,33.0,33.0,MEDIUM,False,0.8583366800535916,0.0,False,False
MAG,45.0,RIC,62.048055555552764,MEDIUM,34.0,34.0,MEDIUM,False,0.7475669344042501,0.0,False,False
MAG,46.0,RIC,68.03638888888963,MEDIUM,35.0,35.0,MEDIUM,False,0.8197155287818028,0.0,False,False
MAG,47.0,NOR,110.55388888889092,MEDIUM,47.0,36.0,MEDIUM,False,1.3319745649263968,-11.0,False,False
MAG,48.0,NOR,139.51305555555837,SOFT,1.0,37.0,MEDIUM,False,1.680880187416366,36.0,False,False
MAG,49.0,NOR,157.85444444444192,SOFT,2.0,38.0,MEDIUM,False,1.9018607764390594,36.0,False,False
MAG,50.0,NOR,162.87222222222135,SOFT,3.0,39.0,MEDIUM,False,1.9623159303882092,36.0,False,False
MAG,51.0,NOR,167.22527777777714,SOFT,4.0,40.0,MEDIUM,False,2.014762382864785,36.0,False,False
MAG,52.0,NOR,83.288055555553,SOFT,5.0,41.0,MEDIUM,False,1.0034705488620843,36.0,False,False
MAG,53.0,NOR,65.8611111111095,SOFT,6.0,42.0,MEDIUM,False,0.7935073627844518,36.0,False,False
MAG,54.0,NOR,126.89444444444234,SOFT,7.0,43.0,MEDIUM,False,1.5288487282462933,36.0,False,False
MAG,55.0,NOR,114.71583333333365,SOFT,8.0,44.0,MEDIUM,False,1.382118473895586,36.0,False,False
MAG,56.0,NOR,144.75805555555417,SOFT,9.0,45.0,MEDIUM,False,1.7440729585006527,36.0,False,False
MAG,57.0,NOR,150.9924999999953,SOFT,10.0,46.0,MEDIUM,False,1.819186746987895,36.0,False,False
MAG,58.0,NOR,161.58972222221792,SOFT,11.0,47.0,MEDIUM,False,1.946864123159252,36.0,False,False
MAG,59.0,NOR,172.33583333333036,SOFT,12.0,48.0,MEDIUM,False,2.076335341365426,36.0,False,False
MAG,60.0,NOR,174.61638888888956,SOFT,13.0,49.0,MEDIUM,False,2.1038119143239706,36.0,False,False
MAG,61.0,NOR,188.36416666666537,SOFT,14.0,50.0,MEDIUM,False,2.269447791164643,36.0,False,False
MAG,62.0,NOR,197.03444444444222,SOFT,15.0,51.0,MEDIUM,False,2.3739089692101474,36.0,False,False
MAG,63.0,NOR,196.2927777777768,SOFT,16.0,52.0,MEDIUM,False,2.3649732262382748,36.0,False,False
MAG,64.0,NOR,187.87944444444292,SOFT,17.0,53.0,MEDIUM,False,2.2636077643908785,36.0,False,False
MAG,65.0,NOR,175.3788888888862,SOFT,18.0,54.0,MEDIUM,False,2.112998661311882,36.0,False,False
MAG,66.0,NOR,177.1319444444457,SOFT,19.0,55.0,MEDIUM,False,2.134119812583683,36.0,False,False
MAG,67.0,NOR,196.76555555555842,SOFT,20.0,56.0,MEDIUM,False,2.3706693440428723,36.0,False,False
MAG,68.0,NOR,215.34333333333097,SOFT,21.0,57.0,MEDIUM,False,2.594497991967843,36.0,False,False
MAG,69.0,NOR,257.7947222222201,SOFT,22.0,58.0,MEDIUM,False,3.1059605087014472,36.0,False,False
MAG,70.0,NOR,278.69472222222294,SOFT,23.0,59.0,MEDIUM,False,3.3577677376171438,36.0,False,False
MAG,71.0,NOR,303.7861111111106,SOFT,24.0,60.0,MEDIUM,False,3.6600736278447057,36.0,False,False
MAG,72.0,NOR,289.09527777778385,SOFT,25.0,61.0,MEDIUM,False,3.4830756358769137,36.0,False,False
MAG,73.0,NOR,322.6336111111118,SOFT,26.0,62.0,MEDIUM,False,3.8871519410977324,36.0,False,False
MAG,74.0,NOR,321.5297222222189,SOFT,27.0,63.0,MEDIUM,False,3.8738520749664924,36.0,False,False
MAG,75.0,NOR,785.2191666666681,SOFT,28.0,64.0,MEDIUM,False,9.460471887550218,36.0,False,False
MAG,76.0,BOT,167.71611111111224,HARD,64.0,65.0,MEDIUM,False,2.02067603748328,1.0,False,False
MAG,77.0,NOR,935.3025000000048,SOFT,30.0,66.0,MEDIUM,False,11.268704819277167,36.0,False,False
NOR,1.0,GRO,61.99944444444418,SOFT,1.0,1.0,MEDIUM,False,0.7469812583667973,0.0,False,False
NOR,2.0,LEC,59.35750000000189,MEDIUM,2.0,2.0,MEDIUM,False,0.7151506024096613,0.0,False,False
NOR,3.0,LEC,99.16999999999871,MEDIUM,3.0,3.0,MEDIUM,False,1.194819277108418,0.0,False,False
NOR,4.0,LEC,92.25499999999965,MEDIUM,4.0,4.0,MEDIUM,False,1.1115060240963814,0.0,False,False
NOR,5.0,LEC,102.50999999999704,MEDIUM,5.0,5.0,MEDIUM,False,1.2350602409638196,0.0,False,False
NOR,6.0,LEC,133.51833333333252,MEDIUM,6.0,6.0,MEDIUM,False,1.6086546184738857,0.0,False,False
NOR,7.0,GRO,69.7199999999998,SOFT,7.0,7.0,MEDIUM,False,0.8399999999999976,0.0,False,False
NOR,8.0,LEC,21.02027777777812,MEDIUM,8.0,8.0,MEDIUM,False,0.25325635876841107,0.0,False,False
NOR,9.0,GRO,357.86861111111284,SOFT,9.0,9.0,MEDIUM,False,4.311670013386902,0.0,False,False
NOR,10.0,GRO,161.45249999999578,SOFT,10.0,10.0,MEDIUM,False,1.9452108433734432,0.0,False,False
NOR,11.0,GRO,213.098888888891,SOFT,11.0,11.0,MEDIUM,False,2.5674564926372407,0.0,False,False
NOR,12.0,GRO,53.01777777777443,SOFT,12.0,12.0,MEDIUM,False,0.6387684069611377,0.0,False,False
NOR,13.0,GRO,56.71305555555682,SOFT,13.0,13.0,MEDIUM,False,0.6832898259705641,0.0,False,False
NOR,14.0,GRO,39.97138888888594,SOFT,14.0,14.0,MEDIUM,False,0.4815829986612764,0.0,False,False
NOR,15.0,GRO,44.501666666669735,SOFT,15.0,15.0,MEDIUM,False,0.5361646586345751,0.0,False,False
NOR,16.0,GRO,56.590277777777374,SOFT,16.0,16.0,MEDIUM,False,0.681810575635872,0.0,False,False
NOR,17.0,GRO,108.98805555555464,SOFT,17.0,17.0,MEDIUM,False,1.3131091030789714,0.0,False,False
NOR,18.0,GRO,120.55833333333567,SOFT,18.0,18.0,MEDIUM,False,1.4525100401606708,0.0,False,False
NOR,19.0,GRO,202.08305555555717,SOFT,19.0,19.0,MEDIUM,False,2.4347356091030985,0.0,False,False
NOR,20.0,GRO,277.3358333333322,SOFT,20.0,20.0,MEDIUM,False,3.3413955823293033,0.0,False,False
NOR,21.0,GRO,356.0338888888891,SOFT,21.0,21.0,MEDIUM,False,4.289564926372158,0.0,False,False
NOR,22.0,GRO,509.1080555555518,SOFT,22.0,22.0,MEDIUM,False,6.1338319946452025,0.0,False,False
NOR,23.0,GRO,570.0625000000018,SOFT,23.0,23.0,MEDIUM,False,6.868222891566287,0.0,False,False
NOR,24.0,GRO,641.0588888888906,SOFT,24.0,24.0,MEDIUM,False,7.7236010709504885,0.0,False,False
NOR,25.0,GRO,720.3655555555574,SOFT,25.0,25.0,MEDIUM,False,8.67910307898262,0.0,False,False
NOR,26.0,GRO,780.7463888888892,SOFT,26.0,26.0,MEDIUM,False,9.406582998661316,0.0,False,False
NOR,27.0,GAS,179.73916666666855,SOFT,31.0,27.0,MEDIUM,False,2.1655321285140787,-4.0,False,False
NOR,28.0,GAS,173.3747222222214,MEDIUM,1.0,28.0,MEDIUM,False,2.088852074966523,27.0,False,False
NOR,29.0,GAS,230.2058333333348,MEDIUM,2.0,29.0,MEDIUM,False,2.7735642570281303,27.0,False,False
NOR,30.0,SAI,178.76083333333372,SOFT,35.0,30.0,MEDIUM,False,2.1537449799196833,-5.0,False,False
NOR,31.0,SAI,268.04138888888656,MEDIUM,1.0,31.0,MEDIUM,False,3.2294143239624886,30.0,False,False
NOR,32.0,KVY,410.0469444444443,SOFT,37.0,32.0,MEDIUM,False,4.940324631860775,-5.0,False,False
NOR,33.0,KVY,387.62055555555844,MEDIUM,1.0,33.0,MEDIUM,False,4.670127175368174,32.0,False,False
NOR,34.0,KVY,454.72527777778123,MEDIUM,2.0,34.0,MEDIUM,False,5.478617804551581,32.0,False,False
NOR,35.0,KVY,594.1533333333318,MEDIUM,3.0,35.0,MEDIUM,False,7.158473895582311,32.0,False,False
NOR,36.0,KVY,678.6622222222231,MEDIUM,4.0,36.0,MEDIUM,False,8.176653279785821,32.0,False,False
NOR,37.0,KVY,745.2463888888938,MEDIUM,5.0,37.0,MEDIUM,False,8.978872155287876,32.0,False,False
NOR,38.0,KVY,829.0997222222227,MEDIUM,6.0,38.0,MEDIUM,False,9.989153279785816,32.0,False,False
NOR,39.0,KVY,879.576944444445,MEDIUM,7.0,39.0,MEDIUM,False,10.597312583668012,32.0,False,False
NOR,40.0,ALB,475.2102777777809,SOFT,45.0,40.0,MEDIUM,False,5.72542503346724,-5.0,False,False
NOR,41.0,ALB,705.1091666666657,MEDIUM,1.0,41.0,MEDIUM,False,8.495291164658623,40.0,False,False
NOR,42.0,ALB,860.3333333333321,MEDIUM,2.0,42.0,MEDIUM,False,10.365461847389543,40.0,False,False
NOR,43.0,ALB,991.1841666666651,MEDIUM,3.0,43.0,MEDIUM,False,11.941977911646568,40.0,False,False
NOR,44.0,ALB,1071.7724999999991,MEDIUM,4.0,44.0,MEDIUM,False,12.912921686746978,40.0,True,True
NOR,45.0,ALB,1102.499166666672,MEDIUM,5.0,45.0,MEDIUM,False,13.283122489959903,40.0,True,True
NOR,46.0,ALB,1153.2816666666654,MEDIUM,6.0,46.0,MEDIUM,False,13.894959839357414,40.0,True,True
NOR,47.0,ALB,1803.5322222222212,MEDIUM,7.0,47.0,MEDIUM,True,21.729303882195435,40.0,True,False
NOR,48.0,RIC,87.47250000000122,MEDIUM,37.0,1.0,SOFT,False,1.0538855421686895,-36.0,False,False
NOR,49.0,RIC,41.79361111111075,MEDIUM,38.0,2.0,SOFT,False,0.5035374832663946,-36.0,False,False
NOR,50.0,RIC,54.514722222223554,MEDIUM,39.0,3.0,SOFT,False,0.6568038821954645,-36.0,False,False
NOR,51.0,RIC,59.39749999999867,MEDIUM,40.0,4.0,SOFT,False,0.7156325301204659,-36.0,False,False
NOR,52.0,RIC,112.65722222222348,MEDIUM,41.0,5.0,SOFT,False,1.3573159303882347,-36.0,False,False
NOR,53.0,RIC,104.91472222222183,MEDIUM,42.0,6.0,SOFT,False,1.2640327978580943,-36.0,False,False
NOR,54.0,RIC,97.1274999999996,MEDIUM,43.0,7.0,SOFT,False,1.1702108433734892,-36.0,False,False
NOR,55.0,RIC,173.80944444444094,MEDIUM,44.0,8.0,SOFT,False,2.094089692101698,-36.0,False,False
NOR,56.0,RIC,159.06583333333356,MEDIUM,45.0,9.0,SOFT,False,1.9164558232931754,-36.0,False,False
NOR,57.0,RIC,157.91472222222728,MEDIUM,46.0,10.0,SOFT,False,1.9025870147256299,-36.0,False,False
NOR,58.0,RIC,160.32111111110953,MEDIUM,47.0,11.0,SOFT,False,1.9315796519410786,-36.0,False,False
NOR,59.0,RIC,160.2127777777764,MEDIUM,48.0,12.0,SOFT,False,1.930274431057547,-36.0,False,False
NOR,60.0,RIC,158.8047222222226,MEDIUM,49.0,13.0,SOFT,False,1.9133099062918386,-36.0,False,False
NOR,61.0,RIC,111.71694444444483,MEDIUM,50.0,14.0,SOFT,False,1.3459872824631909,-36.0,False,False
NOR,62.0,RIC,84.54027777777719,MEDIUM,51.0,15.0,SOFT,False,1.018557563587677,-36.0,False,False
NOR,63.0,RIC,124.58944444445069,MEDIUM,52.0,16.0,SOFT,False,1.5010776439090445,-36.0,False,False
NOR,64.0,RIC,173.54805555555822,MEDIUM,53.0,17.0,SOFT,False,2.0909404283802195,-36.0,False,False
NOR,65.0,RIC,199.91583333333665,MEDIUM,54.0,18.0,SOFT,False,2.4086244979920077,-36.0,False,False
NOR,66.0,RIC,216.5449999999987,MEDIUM,55.0,19.0,SOFT,False,2.6089759036144424,-36.0,False,False
NOR,67.0,RIC,196.80444444444083,MEDIUM,56.0,20.0,SOFT,False,2.3711378848727813,-36.0,False,False
NOR,68.0,RIC,179.58055555555802,MEDIUM,57.0,21.0,SOFT,False,2.1636211512717836,-36.0,False,False
NOR,69.0,RIC,164.99055555555424,MEDIUM,58.0,22.0,SOFT,False,1.9878380187416174,-36.0,False,False
NOR,70.0,RIC,144.23583333333045,MEDIUM,59.0,23.0,SOFT,False,1.7377811244979573,-36.0,False,False
NOR,71.0,RIC,117.31111111111204,MEDIUM,60.0,24.0,SOFT,False,1.4133868808567716,-36.0,False,False
NOR,72.0,RIC,124.29916666666213,MEDIUM,61.0,25.0,SOFT,False,1.497580321285086,-36.0,False,False
NOR,73.0,RIC,140.68888888888796,MEDIUM,62.0,26.0,SOFT,False,1.6950468540829875,-36.0,False,False
NOR,74.0,RIC,140.12416666667013,MEDIUM,63.0,27.0,SOFT,False,1.688242971887592,-36.0,False,False
NOR,75.0,RIC,181.24027777777746,MEDIUM,64.0,28.0,SOFT,False,2.1836178045515355,-36.0,False,False
NOR,76.0,RIC,211.63833333333423,MEDIUM,65.0,29.0,SOFT,False,2.5498594377510146,-36.0,False,False
NOR,77.0,RIC,239.52666666666073,MEDIUM,66.0,30.0,SOFT,False,2.8858634538151895,-36.0,False,False
NOR,78.0,RIC,322.9999999999982,MEDIUM,67.0,31.0,SOFT,False,3.891566265060219,-36.0,False,False
PER,1.0,STR,64.33000000000175,MEDIUM,1.0,1.0,MEDIUM,False,0.7750602409638765,0.0,False,False
PER,2.0,STR,86.84361111111048,MEDIUM,2.0,2.0,MEDIUM,False,1.0463085676037407,0.0,False,False
PER,3.0,STR,113.33166666666648,MEDIUM,3.0,3.0,MEDIUM,False,1.3654417670682708,0.0,False,False
PER,4.0,STR,83.33388888888885,MEDIUM,4.0,4.0,MEDIUM,False,1.004022757697456,0.0,False,False
PER,5.0,STR,47.031944444443525,MEDIUM,5.0,5.0,MEDIUM,False,0.5666499330655846,0.0,False,False
PER,6.0,STR,69.21805555555648,MEDIUM,6.0,6.0,MEDIUM,False,0.8339524765729696,0.0,False,False
PER,7.0,STR,70.95222222222174,MEDIUM,7.0,7.0,MEDIUM,False,0.8548460508701414,0.0,False,False
PER,8.0,STR,25.35722222221966,MEDIUM,8.0,8.0,MEDIUM,False,0.30550870147252607,0.0,True,False
PER,9.0,STR,60.25527777777961,MEDIUM,9.0,9.0,MEDIUM,False,0.725967202141923,0.0,True,False
PER,10.0,STR,47.03833333333023,MEDIUM,10.0,10.0,MEDIUM,False,0.5667269076304847,0.0,True,False
PER,11.0,GIO,642.0594444444405,SOFT,11.0,11.0,MEDIUM,True,7.735655957161933,0.0,True,False
PER,12.0,GIO,276.02138888889203,SOFT,12.0,1.0,HARD,False,3.3255589022758074,-11.0,False,False
PER,13.0,GIO,94.060277777784,SOFT,13.0,2.0,HARD,False,1.1332563587684819,-11.0,False,False
PER,14.0,GIO,67.23444444445067,SOFT,14.0,3.0,HARD,False,0.8100535475235021,-11.0,False,False
PER,15.0,MAG,463.2052777777758,MEDIUM,4.0,4.0,HARD,False,5.58078647925031,0.0,False,False
PER,16.0,MAG,281.5463888888912,MEDIUM,5.0,5.0,HARD,False,3.392125167336039,0.0,False,False
PER,17.0,MAG,189.31333333333578,MEDIUM,6.0,6.0,HARD,False,2.2808835341365756,0.0,False,False
PER,18.0,MAG,103.07055555555371,MEDIUM,7.0,7.0,HARD,False,1.2418139223560687,0.0,False,False
PER,19.0,MAG,61.686944444444634,MEDIUM,8.0,8.0,HARD,False,0.743216198125839,0.0,False,False
PER,20.0,MAG,66.813611111108,MEDIUM,9.0,9.0,HARD,False,0.8049832663988916,0.0,False,False
PER,21.0,MAG,72.39972222222605,MEDIUM,10.0,10.0,HARD,False,0.8722858099063379,0.0,False,False
PER,22.0,MAG,58.288888888884685,MEDIUM,11.0,11.0,HARD,False,0.7022757697455986,0.0,False,False
PER,23.0,MAG,43.71416666666164,MEDIUM,12.0,12.0,HARD,False,0.5266767068272487,0.0,False,False
PER,24.0,MAG,54.94027777777774,MEDIUM,13.0,13.0,HARD,False,0.6619310575635872,0.0,False,False
PER,25.0,MAG,51.04000000000178,MEDIUM,14.0,14.0,HARD,False,0.614939759036166,0.0,False,False
PER,26.0,MAG,87.96861111110911,MEDIUM,15.0,15.0,HARD,False,1.059862784471194,0.0,False,False
PER,27.0,MAG,67.53444444444767,MEDIUM,16.0,16.0,HARD,False,0.8136680053547912,0.0,False,False
PER,28.0,MAG,65.18861111110436,MEDIUM,17.0,17.0,HARD,False,0.7854049531458357,0.0,False,False
PER,29.0,MAG,47.0788888888942,MEDIUM,18.0,18.0,HARD,False,0.5672155287818578,0.0,False,False
PER,30.0,MAG,60.49055555555606,MEDIUM,19.0,19.0,HARD,False,0.728801874163326,0.0,False,False
PER,31.0,MAG,53.22861111111615,MEDIUM,20.0,20.0,HARD,False,0.641308567603809,0.0,False,False
PER,32.0,MAG,55.6833333333343,MEDIUM,21.0,21.0,HARD,False,0.6708835341365579,0.0,False,False
PER,33.0,MAG,43.77083333333303,MEDIUM,22.0,22.0,HARD,False,0.5273594377510004,0.0,False,False
PER,34.0,MAG,48.579166666667334,MEDIUM,23.0,23.0,HARD,False,0.5852911646586426,0.0,False,False
PER,35.0,MAG,49.18361111110971,MEDIUM,24.0,24.0,HARD,False,0.5925736278446954,0.0,False,False
PER,36.0,MAG,43.2002777777725,MEDIUM,25.0,25.0,HARD,False,0.5204852744309939,0.0,False,False
PER,37.0,MAG,41.7922222222287,MEDIUM,26.0,26.0,HARD,False,0.503520749665406,0.0,False,False
PER,38.0,MAG,80.89749999999776,MEDIUM,27.0,27.0,HARD,False,0.9746686746987683,0.0,False,False
PER,39.0,MAG,52.32388888889227,MEDIUM,28.0,28.0,HARD,False,0.630408299866172,0.0,False,False
PER,40.0,MAG,42.03888888888741,MEDIUM,29.0,29.0,HARD,False,0.506492637215511,0.0,False,False
PER,41.0,MAG,45.79138888888792,MEDIUM,30.0,30.0,HARD,False,0.5517034805890111,0.0,False,False
PER,42.0,MAG,63.650277777776864,MEDIUM,31.0,31.0,HARD,False,0.7668708165997212,0.0,False,False
PER,43.0,MAG,54.438611111110276,MEDIUM,32.0,32.0,HARD,False,0.6558868808567503,0.0,False,False
PER,44.0,MAG,54.2111111111094,MEDIUM,33.0,33.0,HARD,False,0.6531459170013181,0.0,False,False
PER,45.0,MAG,39.19888888888954,MEDIUM,34.0,34.0,HARD,False,0.4722757697456571,0.0,False,False
PER,46.0,MAG,38.949999999995725,MEDIUM,35.0,35.0,HARD,False,0.4692771084336834,0.0,False,False
PER,47.0,MAG,99.6661111111107,MEDIUM,36.0,36.0,HARD,False,1.2007965194109722,0.0,False,False
PER,48.0,MAG,110.68666666666559,MEDIUM,37.0,37.0,HARD,False,1.333574297188742,0.0,False,False
PER,49.0,MAG,115.40944444444494,MEDIUM,38.0,38.0,HARD,False,1.390475234270421,0.0,False,False
PER,50.0,MAG,125.89277777777897,MEDIUM,39.0,39.0,HARD,False,1.5167804551539636,0.0,False,False
PER,51.0,MAG,132.37000000000216,MEDIUM,40.0,40.0,HARD,False,1.5948192771084597,0.0,False,False
PER,52.0,MAG,124.87249999999858,MEDIUM,41.0,41.0,HARD,False,1.5044879518072118,0.0,False,False
PER,53.0,MAG,102.66944444444471,MEDIUM,42.0,42.0,HARD,False,1.2369812583668036,0.0,False,False
PER,54.0,MAG,87.13250000000153,MEDIUM,43.0,43.0,HARD,False,1.0497891566265245,0.0,False,False
PER,55.0,MAG,121.62083333333521,MEDIUM,44.0,44.0,HARD,False,1.4653112449799424,0.0,False,False
PER,56.0,MAG,457.21027777777954,MEDIUM,45.0,45.0,HARD,False,5.508557563587705,0.0,False,False
PER,57.0,BOT,160.29111111111524,HARD,45.0,46.0,HARD,False,1.931218206158015,1.0,False,False
PER,58.0,BOT,128.76166666666768,HARD,46.0,47.0,HARD,False,1.5513453815261167,1.0,False,False
PER,59.0,BOT,111.19694444444667,HARD,47.0,48.0,HARD,False,1.3397222222222491,1.0,False,False
PER,60.0,BOT,111.75277777777728,HARD,48.0,49.0,HARD,False,1.3464190093708106,1.0,False,False
PER,61.0,BOT,99.28638888888872,HARD,49.0,50.0,HARD,False,1.1962215528781774,1.0,False,False
PER,62.0,BOT,51.10277777777537,HARD,50.0,51.0,HARD,False,0.6156961178045226,1.0,False,False
PER,63.0,BOT,148.85416666666833,HARD,51.0,52.0,HARD,False,1.7934236947791367,1.0,False,False
PER,64.0,BOT,215.61388888889314,HARD,52.0,53.0,HARD,False,2.5977576974565437,1.0,False,False
PER,65.0,BOT,215.78583333333017,HARD,53.0,54.0,HARD,False,2.5998293172690383,1.0,False,False
PER,66.0,BOT,223.40222222222565,HARD,54.0,55.0,HARD,False,2.6915930388219955,1.0,False,False
PER,67.0,BOT,215.6863888888888,HARD,55.0,56.0,HARD,False,2.5986311914323954,1.0,False,False
PER,68.0,BOT,195.79472222222057,HARD,56.0,57.0,HARD,False,2.3589725568942237,1.0,False,False
PER,69.0,BOT,217.3191666666662,HARD,57.0,58.0,HARD,False,2.6183032128514,1.0,False,False
PER,70.0,BOT,221.67833333332965,HARD,58.0,59.0,HARD,False,2.6708232931726466,1.0,False,False
PER,71.0,BOT,203.71749999999838,HARD,59.0,60.0,HARD,False,2.454427710843354,1.0,False,False
PER,72.0,BOT,199.19416666666712,HARD,60.0,61.0,HARD,False,2.3999297188755073,1.0,False,False
PER,73.0,BOT,176.61444444444078,HARD,61.0,62.0,HARD,False,2.1278848728245876,1.0,False,False
PER,74.0,BOT,167.11916666666684,HARD,62.0,63.0,HARD,False,2.013483935742974,1.0,False,False
PER,75.0,MAG,56.39333333333025,MEDIUM,64.0,64.0,HARD,False,0.6794377510039789,0.0,False,False
PER,76.0,MAG,69.38638888889272,MEDIUM,65.0,65.0,HARD,False,0.8359805890228039,0.0,False,False
PER,77.0,NOR,990.8491666666723,SOFT,30.0,66.0,HARD,False,11.937941767068342,36.0,False,False
RAI,1.0,PER,54.186388888889724,MEDIUM,1.0,1.0,SOFT,False,0.6528480589022858,0.0,False,False
RAI,2.0,PER,30.007500000003347,MEDIUM,2.0,2.0,SOFT,False,0.3615361445783536,0.0,False,False
RAI,3.0,PER,29.89555555555671,MEDIUM,3.0,3.0,SOFT,False,0.36018741633200857,0.0,False,False
RAI,4.0,PER,48.23638888888445,MEDIUM,4.0,4.0,SOFT,False,0.5811613119142705,0.0,False,False
RAI,5.0,PER,40.46583333333729,MEDIUM,5.0,5.0,SOFT,False,0.4875401606426179,0.0,False,False
RAI,6.0,PER,35.74638888888785,MEDIUM,6.0,6.0,SOFT,False,0.4306793842034681,0.0,False,False
RAI,7.0,PER,38.504166666666606,MEDIUM,7.0,7.0,SOFT,False,0.4639056224899591,0.0,False,False
RAI,8.0,PER,86.20472222222315,MEDIUM,8.0,8.0,SOFT,False,1.0386111111111223,0.0,False,False
RAI,9.0,PER,34.1647222222191,MEDIUM,9.0,9.0,SOFT,False,0.4116231593038446,0.0,False,False
RAI,10.0,PER,64.19611111111408,MEDIUM,10.0,10.0,SOFT,False,0.7734471218206516,0.0,False,False
RAI,11.0,STR,84.11416666666673,MEDIUM,11.0,11.0,SOFT,False,1.0134236947791173,0.0,False,False
RAI,12.0,STR,11.846111111110531,MEDIUM,12.0,12.0,SOFT,False,0.14272423025434375,0.0,False,False
RAI,13.0,STR,60.69333333333498,MEDIUM,13.0,13.0,SOFT,False,0.7312449799196985,0.0,False,False
RAI,14.0,STR,63.39111111111424,MEDIUM,14.0,14.0,SOFT,False,0.7637483266399306,0.0,False,False
RAI,15.0,STR,59.28361111110871,MEDIUM,15.0,15.0,SOFT,False,0.714260374832635,0.0,False,False
RAI,16.0,STR,67.34138888888992,MEDIUM,16.0,16.0,SOFT,False,0.8113420348059027,0.0,False,False
RAI,17.0,STR,49.405555555556475,MEDIUM,17.0,17.0,SOFT,False,0.5952476572958612,0.0,False,False
RAI,18.0,STR,26.892499999999472,MEDIUM,18.0,18.0,SOFT,False,0.3240060240963792,0.0,False,False
RAI,19.0,STR,38.76083333333554,MEDIUM,19.0,19.0,SOFT,False,0.4669979919678981,0.0,False,False
RAI,20.0,STR,42.78055555555238,MEDIUM,20.0,20.0,SOFT,False,0.5154283801873781,0.0,False,False
RAI,21.0,STR,25.715555555551873,MEDIUM,21.0,21.0,SOFT,False,0.3098259705488178,0.0,False,False
RAI,22.0,STR,35.13722222221759,MEDIUM,22.0,22.0,SOFT,False,0.42334002677370586,0.0,False,False
RAI,23.0,STR,41.34833333333245,MEDIUM,23.0,23.0,SOFT,False,0.49817269076304155,0.0,False,False
RAI,24.0,STR,30.981944444443343,MEDIUM,24.0,24.0,SOFT,False,0.37327643908967884,0.0,False,False
RAI,25.0,STR,43.30222222221664,MEDIUM,25.0,25.0,SOFT,False,0.5217135207495981,0.0,False,False
RAI,26.0,STR,30.0449999999978,MEDIUM,26.0,26.0,SOFT,False,0.3619879518072024,0.0,False,False
RAI,27.0,STR,35.54027777777719,MEDIUM,27.0,27.0,SOFT,False,0.4281961178045445,0.0,False,False
RAI,28.0,STR,31.66666666666515,MEDIUM,28.0,28.0,SOFT,False,0.38152610441765245,0.0,False,False
RAI,29.0,STR,37.139722222221735,MEDIUM,29.0,29.0,SOFT,False,0.44746653279785226,0.0,False,False
RAI,30.0,STR,47.62416666666877,MEDIUM,30.0,30.0,SOFT,False,0.5737851405622744,0.0,False,False
RAI,31.0,STR,36.990555555557876,MEDIUM,31.0,31.0,SOFT,False,0.44566934404286596,0.0,False,False
RAI,32.0,STR,34.5277777777751,MEDIUM,32.0,32.0,SOFT,False,0.4159973226237964,0.0,False,False
RAI,33.0,STR,55.34361111111002,MEDIUM,33.0,33.0,SOFT,False,0.6667904953145786,0.0,False,False
RAI,34.0,STR,40.853055555555784,MEDIUM,34.0,34.0,SOFT,False,0.49220548862115404,0.0,False,False
RAI,35.0,STR,27.019722222225028,MEDIUM,35.0,35.0,SOFT,False,0.3255388219545184,0.0,False,False
RAI,36.0,STR,44.218611111112295,MEDIUM,36.0,36.0,SOFT,False,0.5327543507362927,0.0,False,False
RAI,37.0,STR,85.6861111111084,MEDIUM,37.0,37.0,SOFT,False,1.0323627844711856,0.0,False,False
RAI,38.0,STR,56.71944444444671,MEDIUM,38.0,38.0,SOFT,False,0.6833668005355025,0.0,False,False
RAI,39.0,NOR,500.0216666666647,MEDIUM,39.0,39.0,SOFT,False,6.024357429718852,0.0,False,False
RAI,40.0,NOR,480.6063888888875,MEDIUM,40.0,40.0,SOFT,False,5.790438420348043,0.0,False,False
RAI,41.0,NOR,441.18777777778087,MEDIUM,41.0,41.0,SOFT,False,5.315515394913023,0.0,False,False
RAI,42.0,NOR,492.0730555555592,MEDIUM,42.0,42.0,SOFT,False,5.92859103078987,0.0,False,False
RAI,43.0,NOR,574.796111111109,MEDIUM,43.0,43.0,SOFT,False,6.925254350736253,0.0,True,False
RAI,44.0,NOR,767.0324999999984,MEDIUM,44.0,44.0,SOFT,False,9.241355421686729,0.0,True,False
RAI,45.0,NOR,904.168333333334,MEDIUM,45.0,45.0,SOFT,False,10.893594377510048,0.0,True,False
RAI,46.0,STR,794.8549999999959,HARD,6.0,46.0,SOFT,True,9.576566265060192,40.0,True,True
RAI,47.0,GRO,427.856111111108,SOFT,47.0,1.0,MEDIUM,False,5.154892904953108,-46.0,False,False
RAI,48.0,GAS,318.99222222222306,MEDIUM,21.0,2.0,MEDIUM,False,3.8432797858099166,-19.0,False,False
RAI,49.0,GAS,289.4569444444428,MEDIUM,22.0,3.0,MEDIUM,False,3.487433065595696,-19.0,False,False
RAI,50.0,GAS,253.92555555555418,MEDIUM,23.0,4.0,MEDIUM,False,3.0593440428380023,-19.0,False,False
RAI,51.0,GAS,220.95611111111157,MEDIUM,24.0,5.0,MEDIUM,False,2.662121820615802,-19.0,False,False
RAI,52.0,STR,80.02805555555005,HARD,12.0,6.0,MEDIUM,False,0.9641934404283139,-6.0,False,False
RAI,53.0,STR,66.79388888888707,HARD,13.0,7.0,MEDIUM,False,0.8047456492636996,-6.0,False,False
RAI,54.0,STR,42.72999999999911,HARD,14.0,8.0,MEDIUM,False,0.514819277108423,-6.0,False,False
RAI,55.0,STR,65.36666666666497,HARD,15.0,9.0,MEDIUM,False,0.7875502008031924,-6.0,False,False
RAI,56.0,STR,63.953055555552965,HARD,16.0,10.0,MEDIUM,False,0.7705187416331682,-6.0,False,False
RAI,57.0,STR,158.76638888889556,HARD,17.0,11.0,MEDIUM,False,1.9128480589023562,-6.0,False,False
RAI,58.0,STR,205.40416666666488,HARD,18.0,12.0,MEDIUM,False,2.4747489959839144,-6.0,False,False
RAI,59.0,STR,189.98388888888803,HARD,19.0,13.0,MEDIUM,False,2.2889625167335907,-6.0,False,False
RAI,60.0,STR,188.31527777777455,HARD,20.0,14.0,MEDIUM,False,2.2688587684069224,-6.0,False,False
RAI,61.0,STR,213.59750000000258,HARD,21.0,15.0,MEDIUM,False,2.5734638554217177,-6.0,False,False
RAI,62.0,STR,235.94555555555326,HARD,22.0,16.0,MEDIUM,False,2.8427175368138946,-6.0,False,False
RAI,63.0,STR,250.07916666666824,HARD,23.0,17.0,MEDIUM,False,3.0130020080321476,-6.0,False,False
RAI,64.0,STR,440.14444444444644,HARD,24.0,18.0,MEDIUM,False,5.302945113788511,-6.0,False,False
RAI,65.0,GAS,307.1772222222244,SOFT,6.0,19.0,MEDIUM,False,3.7009303882195708,13.0,False,False
RAI,66.0,GAS,423.24416666667094,SOFT,7.0,20.0,MEDIUM,False,5.099327309236999,13.0,False,False
RAI,67.0,STR,411.1052777777745,HARD,27.0,21.0,MEDIUM,False,4.953075635876801,-6.0,False,False
RAI,68.0,STR,378.99694444444094,HARD,28.0,22.0,MEDIUM,False,4.566228246318565,-6.0,False,False
RAI,69.0,STR,411.5372222222227,HARD,29.0,23.0,MEDIUM,False,4.9582797858099115,-6.0,False,False
RAI,70.0,STR,508.4563888888888,HARD,30.0,24.0,MEDIUM,False,6.125980589022757,-6.0,False,False
RAI,71.0,STR,633.515833333332,HARD,31.0,25.0,MEDIUM,False,7.6327208835341205,-6.0,False,False
RAI,72.0,STR,715.7500000000023,HARD,32.0,26.0,MEDIUM,False,8.623493975903642,-6.0,False,False
RAI,73.0,STR,764.0611111111125,HARD,33.0,27.0,MEDIUM,False,9.205555555555572,-6.0,False,False
RAI,74.0,STR,800.7822222222239,HARD,34.0,28.0,MEDIUM,False,9.64797858099065,-6.0,False,False
RAI,75.0,STR,819.4508333333315,HARD,35.0,29.0,MEDIUM,False,9.87290160642568,-6.0,False,False
RAI,76.0,STR,845.9472222222225,HARD,36.0,30.0,MEDIUM,False,10.192135207496657,-6.0,False,False
RAI,77.0,NOR,2591.5030555555604,SOFT,30.0,31.0,MEDIUM,False,31.222928380187476,1.0,False,False
RIC,1.0,VET,103.47638888889105,SOFT,4.0,6.0,SOFT,False,1.246703480589049,2.0,False,False
RIC,2.0,VET,196.6261111111089,SOFT,5.0,7.0,SOFT,False,2.3689892904952883,2.0,False,False
RIC,3.0,VET,261.76611111111197,SOFT,6.0,8.0,SOFT,False,3.153808567603759,2.0,False,False
RIC,4.0,VET,427.68000000000256,SOFT,7.0,9.0,SOFT,False,5.15277108433738,2.0,False,False
RIC,5.0,VET,627.7683333333343,SOFT,8.0,10.0,SOFT,False,7.563473895582342,2.0,False,False
RIC,6.0,VET,751.7069444444442,SOFT,9.0,11.0,SOFT,False,9.056710174029448,2.0,False,False
RIC,7.0,VET,896.1022222222209,SOFT,10.0,12.0,SOFT,False,10.796412315930372,2.0,False,False
RIC,8.0,VET,1062.2261111111115,SOFT,11.0,13.0,SOFT,False,12.797904953145922,2.0,True,False
RIC,9.0,VET,1168.7788888888922,SOFT,12.0,14.0,SOFT,False,14.081673360107136,2.0,True,False
RIC,10.0,VET,1281.1138888888881,SOFT,13.0,15.0,SOFT,False,15.435107095046845,2.0,True,False
RIC,11.0,STR,22.05555555555975,MEDIUM,11.0,16.0,SOFT,True,0.265729585006744,5.0,True,True
RIC,12.0,RAI,84.56361111111437,SOFT,12.0,1.0,MEDIUM,False,1.0188386880857152,-11.0,False,False
RIC,13.0,RAI,51.08583333333172,SOFT,13.0,2.0,MEDIUM,False,0.6154919678714665,-11.0,False,False
RIC,14.0,RAI,65.99000000000024,SOFT,14.0,3.0,MEDIUM,False,0.7950602409638583,-11.0,False,False
RIC,15.0,RAI,84.01277777777659,SOFT,15.0,4.0,MEDIUM,False,1.0122021419009228,-11.0,False,False
RIC,16.0,RAI,93.8202777777733,SOFT,16.0,5.0,MEDIUM,False,1.1303647925032927,-11.0,False,False
RIC,17.0,RAI,77.15861111111144,SOFT,17.0,6.0,MEDIUM,False,0.9296218206158005,-11.0,False,False
RIC,18.0,RAI,69.25861111111499,SOFT,18.0,7.0,MEDIUM,False,0.834441097724277,-11.0,False,False
RIC,19.0,RAI,56.201666666665005,SOFT,19.0,8.0,MEDIUM,False,0.6771285140562049,-11.0,False,False
RIC,20.0,RAI,75.30611111111102,SOFT,20.0,9.0,MEDIUM,False,0.9073025435073617,-11.0,False,False
RIC,21.0,RAI,71.0163888888942,SOFT,21.0,10.0,MEDIUM,False,0.8556191432396891,-11.0,False,False
RIC,22.0,RAI,82.6519444444466,SOFT,22.0,11.0,MEDIUM,False,0.9958065595716458,-11.0,False,False
RIC,23.0,RAI,128.05194444444487,SOFT,23.0,12.0,MEDIUM,False,1.542794511378854,-11.0,False,False
RIC,24.0,RAI,177.78166666666948,SOFT,24.0,13.0,MEDIUM,False,2.1419477911646925,-11.0,False,False
RIC,25.0,RAI,138.43166666667184,SOFT,25.0,14.0,MEDIUM,False,1.6678514056225524,-11.0,False,False
RIC,26.0,RAI,137.5483333333359,SOFT,26.0,15.0,MEDIUM,False,1.6572088353413965,-11.0,False,False
RIC,27.0,RAI,115.71027777777635,SOFT,27.0,16.0,MEDIUM,False,1.3940997322623658,-11.0,False,False
RIC,28.0,RAI,129.27611111111582,SOFT,28.0,17.0,MEDIUM,False,1.5575435073628412,-11.0,False,False
RIC,29.0,RAI,142.99027777777883,SOFT,29.0,18.0,MEDIUM,False,1.7227744310575763,-11.0,False,False
RIC,30.0,RAI,128.02666666666755,SOFT,30.0,19.0,MEDIUM,False,1.542489959839368,-11.0,False,False
RIC,31.0,RAI,133.13027777777415,SOFT,31.0,20.0,MEDIUM,False,1.6039792503346284,-11.0,False,False
RIC,32.0,RAI,124.38611111111459,SOFT,32.0,21.0,MEDIUM,False,1.4986278447122239,-11.0,False,False
RIC,33.0,RAI,148.137500000003,SOFT,33.0,22.0,MEDIUM,False,1.7847891566265421,-11.0,False,False
RIC,34.0,RAI,125.07777777778028,SOFT,34.0,23.0,MEDIUM,False,1.5069611780455456,-11.0,False,False
RIC,35.0,RAI,130.36861111111102,SOFT,35.0,24.0,MEDIUM,False,1.570706157965193,-11.0,False,False
RIC,36.0,RAI,104.8722222222209,SOFT,36.0,25.0,MEDIUM,False,1.263520749665312,-11.0,False,False
RIC,37.0,RAI,126.60000000000173,SOFT,37.0,26.0,MEDIUM,False,1.525301204819298,-11.0,False,False
RIC,38.0,RAI,154.4588888888893,SOFT,38.0,27.0,MEDIUM,False,1.860950468540835,-11.0,False,False
RIC,39.0,RAI,129.02083333333394,SOFT,39.0,28.0,MEDIUM,False,1.554467871485951,-11.0,False,False
RIC,40.0,RAI,125.03250000000207,SOFT,40.0,29.0,MEDIUM,False,1.5064156626506273,-11.0,False,False
RIC,41.0,RAI,106.31250000000273,SOFT,41.0,30.0,MEDIUM,False,1.2808734939759365,-11.0,False,False
RIC,42.0,RAI,41.343611111105474,SOFT,42.0,31.0,MEDIUM,False,0.49811579651934307,-11.0,False,False
RIC,43.0,RAI,27.110000000005584,SOFT,43.0,32.0,MEDIUM,False,0.32662650602416365,-11.0,False,False
RIC,44.0,RAI,55.21916666666766,SOFT,44.0,33.0,MEDIUM,False,0.6652911646586466,-11.0,False,False
RIC,45.0,RAI,11.36333333333414,SOFT,45.0,34.0,MEDIUM,False,0.13690763052209806,-11.0,False,False
RIC,46.0,NOR,1093.390555555562,MEDIUM,46.0,35.0,MEDIUM,False,13.173380187416411,-11.0,False,False
RIC,47.0,ALB,1899.8377777777782,MEDIUM,7.0,36.0,MEDIUM,False,22.88961178045516,29.0,False,False
RIC,48.0,ALB,1846.4866666666644,MEDIUM,8.0,37.0,MEDIUM,False,22.24682730923692,29.0,False,False
RIC,49.0,ALB,1785.890277777774,MEDIUM,9.0,38.0,MEDIUM,False,21.516750334671976,29.0,False,False
RIC,50.0,GRO,1395.7874999999963,SOFT,50.0,39.0,MEDIUM,False,16.816716867469836,-11.0,False,False
RIC,51.0,GRO,1383.8000000000002,MEDIUM,1.0,40.0,MEDIUM,False,16.67228915662651,39.0,False,False
RIC,52.0,GRO,1404.7502777777759,MEDIUM,2.0,41.0,MEDIUM,False,16.924702141900912,39.0,False,False
RIC,53.0,GRO,1412.1144444444449,MEDIUM,3.0,42.0,MEDIUM,False,17.013427041499337,39.0,False,False
RIC,54.0,GRO,1406.1549999999993,MEDIUM,4.0,43.0,MEDIUM,False,16.94162650602409,39.0,False,False
RIC,55.0,GRO,1380.7208333333365,MEDIUM,5.0,44.0,MEDIUM,False,16.635190763052247,39.0,False,False
RIC,56.0,GRO,1337.4444444444484,MEDIUM,6.0,45.0,MEDIUM,False,16.113788487282513,39.0,False,False
RIC,57.0,GRO,1295.4016666666676,MEDIUM,7.0,46.0,MEDIUM,False,15.607248995983946,39.0,False,False
RIC,58.0,GRO,1269.3627777777797,MEDIUM,8.0,47.0,MEDIUM,False,15.293527443105779,39.0,False,False
RIC,59.0,GRO,1235.4725000000049,MEDIUM,9.0,48.0,MEDIUM,False,14.885210843373553,39.0,False,False
RIC,60.0,GRO,1207.2997222222207,MEDIUM,10.0,49.0,MEDIUM,False,14.545779785809888,39.0,False,False
RIC,61.0,GRO,1164.3330555555563,MEDIUM,11.0,50.0,MEDIUM,False,14.028109103078991,39.0,False,False
RIC,62.0,GRO,1146.233055555555,MEDIUM,12.0,51.0,MEDIUM,False,13.810036813922348,39.0,False,False
RIC,63.0,GRO,1119.0297222222198,MEDIUM,13.0,52.0,MEDIUM,False,13.482285809906262,39.0,False,False
RIC,64.0,GRO,1106.4880555555515,MEDIUM,14.0,53.0,MEDIUM,False,13.33118139223556,39.0,False,False
RIC,65.0,GRO,1035.6849999999936,MEDIUM,15.0,54.0,MEDIUM,False,12.478132530120405,39.0,False,False
RIC,66.0,GRO,966.1713888888903,MEDIUM,16.0,55.0,MEDIUM,False,11.640619143239642,39.0,False,False
RIC,67.0,GRO,972.2091666666684,MEDIUM,17.0,56.0,MEDIUM,False,11.713363453815282,39.0,False,False
RIC,68.0,GRO,923.2897222222223,MEDIUM,18.0,57.0,MEDIUM,False,11.123972556894245,39.0,False,False
RIC,69.0,GRO,878.155277777777,MEDIUM,19.0,58.0,MEDIUM,False,10.580184069611771,39.0,False,False
RIC,70.0,GRO,866.6877777777809,MEDIUM,20.0,59.0,MEDIUM,False,10.442021419009407,39.0,False,False
RIC,71.0,GRO,853.4319444444423,MEDIUM,21.0,60.0,MEDIUM,False,10.282312583667979,39.0,False,False
RIC,72.0,GRO,811.51416666667,MEDIUM,22.0,61.0,MEDIUM,False,9.777279116465904,39.0,False,False
RIC,73.0,GRO,728.2502777777804,MEDIUM,23.0,62.0,MEDIUM,False,8.774099732262414,39.0,False,False
RIC,74.0,GRO,694.4655555555546,MEDIUM,24.0,63.0,MEDIUM,False,8.367054886211502,39.0,False,False
RIC,75.0,GRO,560.0191666666647,MEDIUM,25.0,64.0,MEDIUM,False,6.747218875501984,39.0,False,False
RIC,76.0,GRO,431.29194444444556,MEDIUM,26.0,65.0,MEDIUM,False,5.196288487282477,39.0,False,False
RIC,77.0,GRO,294.47916666666924,MEDIUM,27.0,66.0,MEDIUM,False,3.547941767068304,39.0,False,False
RIC,78.0,GRO,264.0783333333311,MEDIUM,28.0,67.0,MEDIUM,False,3.18166666666664,39.0,False,False
RUS,1.0,GIO,52.36416666666673,SOFT,1.0,1.0,MEDIUM,False,0.6308935742971895,0.0,False,False
RUS,2.0,GIO,88.74861111110977,SOFT,2.0,2.0,MEDIUM,False,1.0692603748326477,0.0,False,False
RUS,3.0,GIO,106.34555555555744,SOFT,3.0,3.0,MEDIUM,False,1.2812717536814149,0.0,False,False
RUS,4.0,GIO,99.27944444444711,SOFT,4.0,4.0,MEDIUM,False,1.1961378848728568,0.0,False,False
RUS,5.0,GIO,52.514999999997144,SOFT,5.0,5.0,MEDIUM,False,0.6327108433734596,0.0,False,False
RUS,6.0,GIO,128.4316666666664,SOFT,6.0,6.0,MEDIUM,False,1.5473694779116431,0.0,False,False
RUS,7.0,GIO,145.97055555555698,SOFT,7.0,7.0,MEDIUM,False,1.7586813922356264,0.0,True,False
RUS,8.0,GIO,157.08833333333223,SOFT,8.0,8.0,MEDIUM,False,1.8926305220883402,0.0,True,False
RUS,9.0,GIO,133.66388888888878,SOFT,9.0,9.0,MEDIUM,False,1.6104082998661298,0.0,True,False
RUS,10.0,HUL,46.874722222225955,HARD,1.0,10.0,MEDIUM,True,0.5647556894244091,9.0,True,True
RUS,11.0,HUL,96.10527777777725,HARD,2.0,1.0,HARD,False,1.157894912985268,-1.0,False,False
RUS,12.0,HUL,88.49916666666695,HARD,3.0,2.0,HARD,False,1.0662550200803247,-1.0,False,False
RUS,13.0,HUL,102.59944444444409,HARD,4.0,3.0,HARD,False,1.2361378848728204,-1.0,False,False
RUS,14.0,HUL,71.3877777777775,HARD,5.0,4.0,HARD,False,0.860093708165994,-1.0,False,False
RUS,15.0,HUL,123.73388888889258,HARD,6.0,5.0,HARD,False,1.490769745649308,-1.0,False,False
RUS,16.0,HUL,227.98666666666622,HARD,7.0,6.0,HARD,False,2.7468273092369424,-1.0,False,False
RUS,17.0,HUL,319.57611111110964,HARD,8.0,7.0,HARD,False,3.850314591700116,-1.0,False,False
RUS,18.0,HUL,394.06638888888574,HARD,9.0,8.0,HARD,False,4.747787817938383,-1.0,False,False
RUS,19.0,HUL,327.3233333333369,HARD,10.0,9.0,HARD,False,3.9436546184739387,-1.0,False,False
RUS,20.0,HUL,239.90888888888958,HARD,11.0,10.0,HARD,False,2.890468540829995,-1.0,False,False
RUS,21.0,HUL,167.97694444444642,HARD,12.0,11.0,HARD,False,2.0238186077644147,-1.0,False,False
RUS,22.0,HUL,115.73416666666753,HARD,13.0,12.0,HARD,False,1.3943875502008136,-1.0,False,False
RUS,23.0,HUL,102.27416666666568,HARD,14.0,13.0,HARD,False,1.232218875501996,-1.0,False,False
RUS,24.0,HUL,110.30194444444442,HARD,15.0,14.0,HARD,False,1.3289390896921014,-1.0,False,False
RUS,25.0,HUL,134.17111111111262,HARD,16.0,15.0,HARD,False,1.6165194109772605,-1.0,False,False
RUS,26.0,HUL,133.23611111110995,HARD,17.0,16.0,HARD,False,1.6052543507362644,-1.0,False,False
RUS,27.0,HUL,110.58305555555489,HARD,18.0,17.0,HARD,False,1.3323259705488542,-1.0,False,False
RUS,28.0,HUL,158.72000000000116,HARD,19.0,18.0,HARD,False,1.91228915662652,-1.0,False,False
RUS,29.0,HUL,161.15555555555466,HARD,20.0,19.0,HARD,False,1.941633199464514,-1.0,False,False
RUS,30.0,HUL,152.32722222222446,HARD,21.0,20.0,HARD,False,1.8352677376171622,-1.0,False,False
RUS,31.0,HUL,168.35916666666708,HARD,22.0,21.0,HARD,False,2.0284236947791214,-1.0,False,False
RUS,32.0,HUL,182.28138888888816,HARD,23.0,22.0,HARD,False,2.1961613119143153,-1.0,False,False
RUS,33.0,HUL,200.64083333333247,HARD,24.0,23.0,HARD,False,2.4173594377509935,-1.0,False,False
RUS,34.0,HUL,219.34861111110922,HARD,25.0,24.0,HARD,False,2.6427543507362556,-1.0,False,False
RUS,35.0,HUL,226.9191666666684,HARD,26.0,25.0,HARD,False,2.733965863453836,-1.0,False,False
RUS,36.0,HUL,190.91527777778265,HARD,27.0,26.0,HARD,False,2.300184069611839,-1.0,False,False
RUS,37.0,HUL,186.16611111111115,HARD,28.0,27.0,HARD,False,2.242965194109773,-1.0,False,False
RUS,38.0,HUL,187.0433333333276,HARD,29.0,28.0,HARD,False,2.253534136546116,-1.0,False,False
RUS,39.0,HUL,182.4752777777776,HARD,30.0,29.0,HARD,False,2.1984973226238265,-1.0,False,False
RUS,40.0,HUL,220.6452777777763,HARD,31.0,30.0,HARD,False,2.6583768406961,-1.0,False,False
RUS,41.0,HUL,276.69472222222475,HARD,32.0,31.0,HARD,False,3.333671352074997,-1.0,False,False
RUS,42.0,HUL,285.5199999999986,HARD,33.0,32.0,HARD,False,3.4399999999999835,-1.0,False,False
RUS,43.0,HUL,297.7502777777813,HARD,34.0,33.0,HARD,False,3.587352744310618,-1.0,False,False
RUS,44.0,PER,177.85972222222154,HARD,33.0,34.0,HARD,False,2.142888219544838,1.0,False,False
RUS,45.0,HUL,120.84111111111088,HARD,36.0,35.0,HARD,False,1.4559170013386853,-1.0,False,False
RUS,46.0,HUL,73.51111111111186,HARD,37.0,36.0,HARD,False,0.8856760374832754,-1.0,False,False
RUS,47.0,HUL,330.2002777777725,HARD,38.0,37.0,HARD,False,3.978316599732199,-1.0,False,False
RUS,48.0,VET,253.9216666666689,HARD,37.0,38.0,HARD,False,3.059297188755047,1.0,False,False
RUS,49.0,BOT,337.56722222222334,HARD,37.0,39.0,HARD,False,4.067074966532811,2.0,False,False
RUS,50.0,BOT,415.63694444444536,HARD,38.0,40.0,HARD,False,5.007674029451149,2.0,False,False
RUS,51.0,BOT,523.4311111111101,HARD,39.0,41.0,HARD,False,6.30639892904952,2.0,False,False
RUS,52.0,BOT,657.3505555555535,HARD,40.0,42.0,HARD,False,7.919886211512693,2.0,False,False
RUS,53.0,BOT,728.1841666666637,HARD,41.0,43.0,HARD,False,8.77330321285137,2.0,False,False
RUS,54.0,HUL,863.923611111109,HARD,45.0,44.0,HARD,False,10.40871820615794,-1.0,False,False
RUS,55.0,GAS,242.15861111110962,MEDIUM,28.0,45.0,HARD,False,2.9175736278446944,17.0,False,False
RUS,56.0,GAS,297.91444444444096,MEDIUM,29.0,46.0,HARD,False,3.58933065595712,17.0,False,False
RUS,57.0,GAS,400.5602777777772,MEDIUM,30.0,47.0,HARD,False,4.826027443105749,17.0,False,False
RUS,58.0,GAS,426.32055555555553,MEDIUM,31.0,48.0,HARD,False,5.136392235609103,17.0,False,False
RUS,59.0,GAS,438.57499999999936,MEDIUM,32.0,49.0,HARD,False,5.284036144578305,17.0,False,False
RUS,60.0,GAS,512.6711111111085,MEDIUM,33.0,50.0,HARD,False,6.176760374832633,17.0,False,False
RUS,61.0,HUL,922.0599999999945,HARD,52.0,51.0,HARD,False,11.109156626505957,-1.0,False,False
RUS,62.0,HUL,885.8886111111124,HARD,53.0,52.0,HARD,False,10.673356760374848,-1.0,False,False
RUS,63.0,HUL,828.2724999999987,HARD,54.0,53.0,HARD,False,9.979186746987935,-1.0,False,False
RUS,64.0,HUL,752.6938888888908,HARD,55.0,54.0,HARD,False,9.068601070950491,-1.0,False,False
RUS,65.0,HUL,815.1894444444433,HARD,56.0,55.0,HARD,False,9.8215595716198,-1.0,False,False
RUS,66.0,HUL,862.9794444444451,HARD,57.0,56.0,HARD,False,10.39734270414994,-1.0,False,False
RUS,67.0,HUL,912.8875000000021,HARD,58.0,57.0,HARD,False,10.998644578313279,-1.0,False,False
RUS,68.0,HUL,950.4519444444459,HARD,59.0,58.0,HARD,False,11.451228246318625,-1.0,False,False
RUS,69.0,HUL,909.0116666666681,HARD,60.0,59.0,HARD,False,10.951947791164676,-1.0,False,False
RUS,70.0,HUL,970.0322222222176,HARD,61.0,60.0,HARD,False,11.687135207496597,-1.0,False,False
RUS,71.0,GAS,401.3541666666647,SOFT,12.0,61.0,HARD,False,4.8355923694778875,49.0,False,False
RUS,72.0,GAS,603.4072222222203,SOFT,13.0,62.0,HARD,False,7.269966532797835,49.0,False,False
RUS,73.0,GAS,764.1511111111072,SOFT,14.0,63.0,HARD,False,9.206639892904906,49.0,False,False
RUS,74.0,GAS,859.4802777777741,SOFT,15.0,64.0,HARD,False,10.355184069611736,49.0,False,False
RUS,75.0,HUL,801.6886111111139,HARD,66.0,65.0,HARD,False,9.658898929049565,-1.0,False,False
RUS,76.0,HUL,776.2569444444416,HARD,67.0,66.0,HARD,False,9.352493306559538,-1.0,False,False
RUS,77.0,NOR,1439.3241666666709,SOFT,30.0,67.0,HARD,False,17.34125502008037,37.0,False,False
SAI,1.0,GAS,89.97222222221808,SOFT,5.0,6.0,SOFT,False,1.0840026773761213,1.0,False,False
SAI,2.0,GAS,86.83638888888845,SOFT,6.0,7.0,SOFT,False,1.0462215528781742,1.0,False,False
SAI,3.0,GAS,110.70999999999731,SOFT,7.0,8.0,SOFT,False,1.3338554216867144,1.0,False,False
SAI,4.0,GAS,113.65055555555546,SOFT,8.0,9.0,SOFT,False,1.3692838018741622,1.0,False,False
SAI,5.0,GAS,116.03444444444585,SOFT,9.0,10.0,SOFT,False,1.3980053547523597,1.0,False,False
SAI,6.0,GAS,113.52194444444285,SOFT,10.0,11.0,SOFT,False,1.3677342704149742,1.0,False,False
SAI,7.0,GAS,112.41694444443738,SOFT,11.0,12.0,SOFT,False,1.35442101740286,1.0,False,False
SAI,8.0,GAS,104.42972222221943,SOFT,12.0,13.0,SOFT,False,1.2581894243640894,1.0,False,False
SAI,9.0,GAS,107.80944444444685,SOFT,13.0,14.0,SOFT,False,1.2989089692102032,1.0,False,False
SAI,10.0,GAS,83.16805555555993,SOFT,14.0,15.0,SOFT,False,1.0020247657296377,1.0,False,False
SAI,11.0,GAS,61.285277777774354,SOFT,15.0,16.0,SOFT,False,0.7383768406960766,1.0,False,False
SAI,12.0,GAS,60.81583333333538,SOFT,16.0,17.0,SOFT,False,0.7327208835341612,1.0,False,False
SAI,13.0,GAS,69.86194444444254,SOFT,17.0,18.0,SOFT,False,0.8417101740294283,1.0,False,False
SAI,14.0,GAS,76.33638888889027,SOFT,18.0,19.0,SOFT,False,0.9197155287818105,1.0,False,False
SAI,15.0,GAS,95.68722222222232,SOFT,19.0,20.0,SOFT,False,1.1528580990629196,1.0,False,False
SAI,16.0,GAS,116.2100000000014,SOFT,20.0,21.0,SOFT,False,1.4001204819277278,1.0,False,False
SAI,17.0,GAS,111.30833333333385,SOFT,21.0,22.0,SOFT,False,1.3410642570281186,1.0,False,False
SAI,18.0,GAS,122.16305555555437,SOFT,22.0,23.0,SOFT,False,1.4718440428380044,1.0,False,False
SAI,19.0,GAS,122.67777777777383,SOFT,23.0,24.0,SOFT,False,1.4780455153948653,1.0,False,False
SAI,20.0,GAS,115.90500000000202,SOFT,24.0,25.0,SOFT,False,1.3964457831325545,1.0,False,False
SAI,21.0,GAS,113.82972222222588,SOFT,25.0,26.0,SOFT,False,1.37144243641236,1.0,False,False
SAI,22.0,GAS,122.23583333333772,SOFT,26.0,27.0,SOFT,False,1.4727208835341894,1.0,False,False
SAI,23.0,GAS,150.85527777777907,SOFT,27.0,28.0,SOFT,False,1.8175334672021575,1.0,False,False
SAI,24.0,GAS,150.5794444444482,SOFT,28.0,29.0,SOFT,False,1.8142101740294965,1.0,False,False
SAI,25.0,GAS,151.9300000000012,SOFT,29.0,30.0,SOFT,False,1.830481927710858,1.0,False,False
SAI,26.0,GAS,176.56416666666428,SOFT,30.0,31.0,SOFT,False,2.1272791164658345,1.0,False,False
SAI,27.0,BOT,278.1013888888874,HARD,15.0,32.0,SOFT,False,3.3506191432396073,17.0,True,True
SAI,28.0,BOT,266.0661111111144,HARD,16.0,33.0,SOFT,False,3.2056157965194507,17.0,True,True
SAI,29.0,BOT,273.66666666666515,HARD,17.0,34.0,SOFT,False,3.2971887550200623,17.0,True,True
SAI,30.0,GAS,6.901388888885776,MEDIUM,3.0,35.0,SOFT,True,0.08314926372151538,32.0,True,True
SAI,31.0,GAS,154.13944444444633,MEDIUM,4.0,1.0,MEDIUM,False,1.857101740294534,-3.0,False,False
SAI,32.0,KVY,37.35722222222557,SOFT,37.0,2.0,MEDIUM,False,0.4500870147256093,-35.0,False,False
SAI,33.0,GAS,174.5030555555577,MEDIUM,6.0,3.0,MEDIUM,False,2.102446452476599,-3.0,False,False
SAI,34.0,GAS,177.33805555556046,MEDIUM,7.0,4.0,MEDIUM,False,2.136603078982656,-3.0,False,False
SAI,35.0,GAS,207.28416666666772,MEDIUM,8.0,5.0,MEDIUM,False,2.497399598393587,-3.0,False,False
SAI,36.0,GAS,234.097222222224,MEDIUM,9.0,6.0,MEDIUM,False,2.820448460508723,-3.0,False,False
SAI,37.0,GAS,261.60083333333296,MEDIUM,10.0,7.0,MEDIUM,False,3.1518172690763007,-3.0,False,False
SAI,38.0,GAS,274.88333333333003,MEDIUM,11.0,8.0,MEDIUM,False,3.311847389558193,-3.0,False,False
SAI,39.0,GAS,290.4377777777804,MEDIUM,12.0,9.0,MEDIUM,False,3.499250334672053,-3.0,False,False
SAI,40.0,GAS,303.614166666664,MEDIUM,13.0,10.0,MEDIUM,False,3.6580020080320965,-3.0,False,False
SAI,41.0,GAS,315.27194444444194,MEDIUM,14.0,11.0,MEDIUM,False,3.7984571619812284,-3.0,False,False
SAI,42.0,GAS,325.9008333333368,MEDIUM,15.0,12.0,MEDIUM,False,3.92651606425707,-3.0,False,False
SAI,43.0,GAS,349.21111111110986,MEDIUM,16.0,13.0,MEDIUM,False,4.207362784471203,-3.0,False,False
SAI,44.0,GAS,374.9252777777765,MEDIUM,17.0,14.0,MEDIUM,False,4.517172021418994,-3.0,False,False
SAI,45.0,GAS,379.25166666666473,MEDIUM,18.0,15.0,MEDIUM,False,4.569297188754997,-3.0,False,False
SAI,46.0,GAS,351.22249999999894,MEDIUM,19.0,16.0,MEDIUM,False,4.231596385542156,-3.0,False,False
SAI,47.0,GAS,419.29222222222234,MEDIUM,20.0,17.0,MEDIUM,False,5.051713520749667,-3.0,False,False
SAI,48.0,GAS,521.1988888888909,MEDIUM,21.0,18.0,MEDIUM,False,6.279504685408324,-3.0,False,False
SAI,49.0,GAS,579.7080555555581,MEDIUM,22.0,19.0,MEDIUM,False,6.984434404283832,-3.0,False,False
SAI,50.0,GAS,669.3780555555545,MEDIUM,23.0,20.0,MEDIUM,False,8.064795850066922,-3.0,False,False
SAI,51.0,GAS,757.3372222222224,MEDIUM,24.0,21.0,MEDIUM,False,9.124544846050872,-3.0,False,False
SAI,52.0,GAS,777.7280555555585,MEDIUM,25.0,22.0,MEDIUM,False,9.370217536813959,-3.0,False,False
SAI,53.0,GAS,752.4322222222254,MEDIUM,26.0,23.0,MEDIUM,False,9.06544846050874,-3.0,False,False
SAI,54.0,GAS,787.9030555555564,MEDIUM,27.0,24.0,MEDIUM,False,9.492807898259716,-3.0,False,False
SAI,55.0,GAS,804.541111111108,MEDIUM,28.0,25.0,MEDIUM,False,9.693266398929012,-3.0,False,False
SAI,56.0,GAS,867.2483333333298,MEDIUM,29.0,26.0,MEDIUM,False,10.448775100401564,-3.0,False,False
SAI,57.0,GAS,942.2108333333317,MEDIUM,30.0,27.0,MEDIUM,False,11.351937751003996,-3.0,False,False
SAI,58.0,GAS,1060.743611111106,MEDIUM,31.0,28.0,MEDIUM,False,12.780043507362723,-3.0,False,False
SAI,59.0,GAS,1107.1013888888897,MEDIUM,32.0,29.0,MEDIUM,False,13.33857095046855,-3.0,False,False
SAI,60.0,GAS,1135.708055555555,MEDIUM,33.0,30.0,MEDIUM,False,13.683229585006686,-3.0,False,False
SAI,61.0,GAS,1150.3263888888837,MEDIUM,34.0,31.0,MEDIUM,False,13.859354082998598,-3.0,False,False
SAI,62.0,GAS,248.56138888888972,MEDIUM,35.0,32.0,MEDIUM,False,2.994715528781804,-3.0,False,False
SAI,63.0,GAS,249.69194444444474,SOFT,4.0,33.0,MEDIUM,False,3.008336680053551,29.0,False,False
SAI,64.0,GAS,290.0444444444406,SOFT,5.0,34.0,MEDIUM,False,3.494511378848682,29.0,False,False
SAI,65.0,GAS,361.19777777777745,SOFT,6.0,35.0,MEDIUM,False,4.351780455153945,29.0,False,False
SAI,66.0,GAS,617.4086111111124,SOFT,7.0,36.0,MEDIUM,False,7.438657965194125,29.0,False,False
SAI,67.0,GAS,745.8475000000035,SOFT,8.0,37.0,MEDIUM,False,8.986114457831368,29.0,False,False
SAI,68.0,GAS,768.5794444444446,SOFT,9.0,38.0,MEDIUM,False,9.259993306559574,29.0,False,False
SAI,69.0,GAS,936.9372222222232,SOFT,10.0,39.0,MEDIUM,False,11.288400267737629,29.0,False,False
SAI,70.0,GAS,1099.0438888888898,SOFT,11.0,40.0,MEDIUM,False,13.24149263721554,29.0,False,False
SAI,71.0,GAS,1202.5322222222253,SOFT,12.0,41.0,MEDIUM,False,14.488340026773798,29.0,False,False
SAI,72.0,GAS,1282.7836111111083,SOFT,13.0,42.0,MEDIUM,False,15.455224230254316,29.0,False,False
SAI,73.0,GAS,1394.6472222222233,SOFT,14.0,43.0,MEDIUM,False,16.80297858099064,29.0,False,False
SAI,74.0,GAS,1511.1002777777703,SOFT,15.0,44.0,MEDIUM,False,18.206027443105665,29.0,False,False
SAI,75.0,GAS,1680.2413888888877,SOFT,16.0,45.0,MEDIUM,False,20.243872155287804,29.0,False,False
SAI,76.0,GAS,1776.6341666666608,SOFT,17.0,46.0,MEDIUM,False,21.40523092369471,29.0,False,False
SAI,77.0,GAS,1857.2166666666644,SOFT,18.0,47.0,MEDIUM,False,22.376104417670657,29.0,False,False
SAI,78.0,GAS,1910.4880555555553,SOFT,19.0,48.0,MEDIUM,False,23.017928380187413,29.0,False,False
STR,1.0,NOR,52.99305555555384,MEDIUM,1.0,1.0,MEDIUM,False,0.6384705488620944,0.0,False,False
STR,2.0,NOR,94.97583333332977,MEDIUM,2.0,2.0,MEDIUM,False,1.1442871485943347,0.0,False,False
STR,3.0,NOR,79.81722222222197,MEDIUM,3.0,3.0,MEDIUM,False,0.9616532797858068,0.0,False,False
STR,4.0,NOR,83.42083333333403,MEDIUM,4.0,4.0,MEDIUM,False,1.0050702811245065,0.0,False,False
STR,5.0,NOR,81.15472222222343,MEDIUM,5.0,5.0,MEDIUM,False,0.9777677376171497,0.0,False,False
STR,6.0,NOR,84.8550000000032,MEDIUM,6.0,6.0,MEDIUM,False,1.0223493975904,0.0,False,False
STR,7.0,NOR,68.2383333333305,MEDIUM,7.0,7.0,MEDIUM,False,0.8221485943774759,0.0,False,False
STR,8.0,NOR,15.38666666666768,MEDIUM,8.0,8.0,MEDIUM,False,0.18538152610442987,0.0,False,False
STR,9.0,NOR,34.58055555555438,MEDIUM,9.0,9.0,MEDIUM,False,0.41663319946451066,0.0,False,False
STR,10.0,NOR,77.14416666666875,MEDIUM,10.0,10.0,MEDIUM,False,0.9294477911646838,0.0,False,False
STR,11.0,NOR,80.18499999999904,MEDIUM,11.0,11.0,MEDIUM,False,0.9660843373493859,0.0,False,False
STR,12.0,NOR,52.38027777777779,MEDIUM,12.0,12.0,MEDIUM,False,0.6310876840696119,0.0,False,False
STR,13.0,NOR,91.90055555555728,MEDIUM,13.0,13.0,MEDIUM,False,1.1072356091030997,0.0,False,False
STR,14.0,NOR,60.511666666664496,MEDIUM,14.0,14.0,MEDIUM,False,0.7290562248995722,0.0,False,False
STR,15.0,NOR,49.33611111111031,MEDIUM,15.0,15.0,MEDIUM,False,0.594410977242293,0.0,False,False
STR,16.0,NOR,52.03805555555755,MEDIUM,16.0,16.0,MEDIUM,False,0.6269645247657536,0.0,False,False
STR,17.0,NOR,42.99888888889018,MEDIUM,17.0,17.0,MEDIUM,False,0.5180589022757853,0.0,False,False
STR,18.0,NOR,56.943055555554565,MEDIUM,18.0,18.0,MEDIUM,False,0.6860609103078863,0.0,False,False
STR,19.0,NOR,57.03777777777714,MEDIUM,19.0,19.0,MEDIUM,False,0.6872021419009293,0.0,False,False
STR,20.0,NOR,54.19166666666888,MEDIUM,20.0,20.0,MEDIUM,False,0.652911646586372,0.0,False,False
STR,21.0,NOR,65.82416666666586,MEDIUM,21.0,21.0,MEDIUM,False,0.7930622489959742,0.0,False,False
STR,22.0,NOR,62.60500000000047,MEDIUM,22.0,22.0,MEDIUM,False,0.7542771084337406,0.0,False,False
STR,23.0,NOR,87.95972222222008,MEDIUM,23.0,23.0,MEDIUM,False,1.0597556894243383,0.0,False,False
STR,24.0,NOR,91.18138888889007,MEDIUM,24.0,24.0,MEDIUM,False,1.098570950468555,0.0,False,False
STR,25.0,NOR,98.09166666666533,MEDIUM,25.0,25.0,MEDIUM,False,1.1818273092369318,0.0,False,False
STR,26.0,NOR,134.88250000000107,MEDIUM,26.0,26.0,MEDIUM,False,1.625090361445796,0.0,False,False
STR,27.0,NOR,147.09666666666772,MEDIUM,27.0,27.0,MEDIUM,False,1.7722489959839485,0.0,False,False
STR,28.0,NOR,158.9166666666697,MEDIUM,28.0,28.0,MEDIUM,False,1.914658634538189,0.0,False,False
STR,29.0,NOR,172.52555555555364,MEDIUM,29.0,29.0,MEDIUM,False,2.0786211512717307,0.0,False,False
STR,30.0,NOR,184.44111111110897,MEDIUM,30.0,30.0,MEDIUM,False,2.222182061579626,0.0,False,False
STR,31.0,NOR,189.45083333333287,MEDIUM,31.0,31.0,MEDIUM,False,2.2825401606425646,0.0,False,False
STR,32.0,NOR,199.94138888888983,MEDIUM,32.0,32.0,MEDIUM,False,2.408932396251685,0.0,False,False
STR,33.0,NOR,209.34388888888725,MEDIUM,33.0,33.0,MEDIUM,False,2.522215528781774,0.0,False,False
STR,34.0,NOR,267.7447222222213,MEDIUM,34.0,34.0,MEDIUM,False,3.2258400267737506,0.0,False,False
STR,35.0,NOR,298.2858333333302,MEDIUM,35.0,35.0,MEDIUM,False,3.593805220883496,0.0,False,False
STR,36.0,NOR,369.15777777777885,MEDIUM,36.0,36.0,MEDIUM,False,4.447684069611793,0.0,True,False
STR,37.0,NOR,391.7299999999964,MEDIUM,37.0,37.0,MEDIUM,False,4.719638554216824,0.0,True,False
STR,38.0,NOR,398.02138888888976,MEDIUM,38.0,38.0,MEDIUM,False,4.795438420348069,0.0,True,False
STR,39.0,GIO,280.39777777777954,SOFT,39.0,39.0,MEDIUM,True,3.378286479250356,0.0,True,False
STR,40.0,GIO,279.08944444444205,SOFT,40.0,40.0,MEDIUM,False,3.3625234270414706,0.0,False,False
STR,41.0,GIO,190.39638888889112,SOFT,41.0,1.0,HARD,False,2.2939323962517,-40.0,False,False
STR,42.0,GIO,65.31444444444332,SOFT,42.0,2.0,HARD,False,0.7869210174029316,-40.0,False,False
STR,43.0,GIO,12.47611111111155,SOFT,43.0,3.0,HARD,False,0.15031459170013917,-40.0,False,False
STR,44.0,RUS,408.79583333333494,HARD,34.0,4.0,HARD,False,4.925251004016084,-30.0,False,False
STR,45.0,RUS,231.7513888888884,HARD,35.0,5.0,HARD,False,2.7921854082998605,-30.0,False,False
STR,46.0,RUS,53.55638888889416,HARD,36.0,6.0,HARD,False,0.6452576974565561,-30.0,False,False
STR,47.0,RUS,145.28777777778032,HARD,37.0,7.0,HARD,False,1.7504551539491604,-30.0,False,False
STR,48.0,RUS,23.863611111111368,HARD,38.0,8.0,HARD,False,0.28751338688085987,-30.0,False,False
STR,49.0,RUS,25.84583333332921,HARD,39.0,9.0,HARD,False,0.3113955823292676,-30.0,False,False
STR,50.0,RUS,134.5325000000007,HARD,40.0,10.0,HARD,False,1.6208734939759122,-30.0,False,False
STR,51.0,RUS,91.27777777777783,HARD,41.0,11.0,HARD,False,1.0997322623828654,-30.0,False,False
STR,52.0,RUS,201.02999999999975,HARD,42.0,12.0,HARD,False,2.422048192771081,-30.0,False,False
STR,53.0,GAS,104.076111111111,MEDIUM,26.0,13.0,HARD,False,1.253929049531458,-13.0,False,False
STR,54.0,RUS,19.315833333333103,HARD,44.0,14.0,HARD,False,0.23272088353413378,-30.0,False,False
STR,55.0,RUS,47.89138888888692,HARD,45.0,15.0,HARD,False,0.5770046854082762,-30.0,False,False
STR,56.0,RUS,79.89444444444598,HARD,46.0,16.0,HARD,False,0.9625836680053732,-30.0,False,False
STR,57.0,RUS,65.06138888888472,HARD,47.0,17.0,HARD,False,0.7838721552877678,-30.0,False,False
STR,58.0,RUS,80.17916666666724,HARD,48.0,18.0,HARD,False,0.9660140562249065,-30.0,False,False
STR,59.0,RUS,107.80638888889189,HARD,49.0,19.0,HARD,False,1.2988721552878542,-30.0,False,False
STR,60.0,RUS,154.74250000000256,HARD,50.0,20.0,HARD,False,1.864367469879549,-30.0,False,False
STR,61.0,RUS,173.03083333333188,HARD,51.0,21.0,HARD,False,2.084708835341348,-30.0,False,False
STR,62.0,RUS,173.3405555555587,HARD,52.0,22.0,HARD,False,2.0884404283802254,-30.0,False,False
STR,63.0,RUS,177.27444444444473,HARD,53.0,23.0,HARD,False,2.135836680053551,-30.0,False,False
STR,64.0,RUS,187.74916666666286,HARD,54.0,24.0,HARD,False,2.262038152610396,-30.0,False,False
STR,65.0,RUS,185.97555555555527,HARD,55.0,25.0,HARD,False,2.2406693440428347,-30.0,False,False
STR,66.0,RUS,186.26972222222184,HARD,56.0,26.0,HARD,False,2.244213520749661,-30.0,False,False
STR,67.0,RUS,230.4486111111114,HARD,57.0,27.0,HARD,False,2.7764892904953182,-30.0,False,False
STR,68.0,RUS,360.4441666666671,HARD,58.0,28.0,HARD,False,4.342700803212857,-30.0,False,False
STR,69.0,GAS,340.69916666666995,SOFT,10.0,29.0,HARD,False,4.104809236947831,19.0,False,False
STR,70.0,RUS,253.69833333333509,HARD,60.0,30.0,HARD,False,3.0566064257028325,-30.0,False,False
STR,71.0,RUS,235.5794444444441,HARD,61.0,31.0,HARD,False,2.838306559571616,-30.0,False,False
STR,72.0,RUS,230.94027777777592,HARD,62.0,32.0,HARD,False,2.7824129852744086,-30.0,False,False
STR,73.0,RUS,255.66805555555493,HARD,63.0,33.0,HARD,False,3.080338018741626,-30.0,False,False
STR,74.0,RUS,269.07777777778256,HARD,64.0,34.0,HARD,False,3.241900937081718,-30.0,False,False
STR,75.0,RUS,287.293611111113,HARD,65.0,35.0,HARD,False,3.461368808567627,-30.0,False,False
STR,76.0,RUS,295.2430555555561,HARD,66.0,36.0,HARD,False,3.5571452476573024,-30.0,False,False
STR,77.0,NOR,1882.2561111111163,SOFT,30.0,37.0,HARD,False,22.677784471218267,7.0,False,False
VER,1.0,BOT,74.42305555555367,SOFT,6.0,4.0,SOFT,False,0.8966633199464298,-2.0,False,False
VER,2.0,BOT,89.47722222222228,SOFT,7.0,5.0,SOFT,False,1.0780388219544854,-2.0,False,False
VER,3.0,BOT,103.40611111111002,SOFT,8.0,6.0,SOFT,False,1.2458567603748196,-2.0,False,False
VER,4.0,BOT,134.07944444444456,SOFT,9.0,7.0,SOFT,False,1.615414993306561,-2.0,False,False
VER,5.0,BOT,114.46305555555409,SOFT,10.0,8.0,SOFT,False,1.3790729585006518,-2.0,False,False
VER,6.0,BOT,116.24777777777399,SOFT,11.0,9.0,SOFT,False,1.4005756358767951,-2.0,False,False
VER,7.0,BOT,111.73055555555402,SOFT,12.0,10.0,SOFT,False,1.3461512717536628,-2.0,False,False
VER,8.0,BOT,113.19833333333008,SOFT,13.0,11.0,SOFT,False,1.3638353413654227,-2.0,True,False
VER,9.0,BOT,124.2219444444413,SOFT,14.0,12.0,SOFT,False,1.4966499330655578,-2.0,True,False
VER,10.0,BOT,123.28777777777714,SOFT,15.0,13.0,SOFT,False,1.4853949129852666,-2.0,True,False
VER,11.0,HAM,247.98861111111728,SOFT,16.0,14.0,SOFT,True,2.987814591700208,-2.0,True,False
VER,12.0,HAM,32.712500000000546,MEDIUM,1.0,1.0,HARD,False,0.394126506024103,0.0,False,False
VER,13.0,HAM,52.08305555555398,MEDIUM,2.0,2.0,HARD,False,0.6275066934404094,0.0,False,False
VER,14.0,HAM,63.08333333333667,MEDIUM,3.0,3.0,HARD,False,0.7600401606426105,0.0,False,False
VER,15.0,HAM,81.47194444444222,MEDIUM,4.0,4.0,HARD,False,0.9815896921017134,0.0,False,False
VER,16.0,HAM,98.83083333333707,MEDIUM,5.0,5.0,HARD,False,1.1907329317269526,0.0,False,False
VER,17.0,HAM,75.61333333333232,MEDIUM,6.0,6.0,HARD,False,0.9110040160642449,0.0,False,False
VER,18.0,HAM,57.19944444444263,MEDIUM,7.0,7.0,HARD,False,0.6891499330655739,0.0,False,False
VER,19.0,HAM,65.62277777777763,MEDIUM,8.0,8.0,HARD,False,0.7906358768406944,0.0,False,False
VER,20.0,HAM,61.695555555555984,MEDIUM,9.0,9.0,HARD,False,0.7433199464524818,0.0,False,False
VER,21.0,HAM,62.981111111109385,MEDIUM,10.0,10.0,HARD,False,0.7588085676037275,0.0,False,False
VER,22.0,HAM,65.1383333333356,MEDIUM,11.0,11.0,HARD,False,0.7847991967871758,0.0,False,False
VER,23.0,HAM,54.999166666668316,MEDIUM,12.0,12.0,HARD,False,0.6626405622490159,0.0,False,False
VER,24.0,HAM,69.97944444444738,MEDIUM,13.0,13.0,HARD,False,0.8431258366800889,0.0,False,False
VER,25.0,HAM,66.54805555555367,MEDIUM,14.0,14.0,HARD,False,0.8017838018741407,0.0,False,False
VER,26.0,HAM,37.79500000000053,MEDIUM,15.0,15.0,HARD,False,0.45536144578313886,0.0,False,False
VER,27.0,HAM,60.22416666666686,MEDIUM,16.0,16.0,HARD,False,0.725592369477914,0.0,False,False
VER,28.0,HAM,61.228611111109785,MEDIUM,17.0,17.0,HARD,False,0.737694109772407,0.0,False,False
VER,29.0,HAM,54.89416666666057,MEDIUM,18.0,18.0,HARD,False,0.6613755020079587,0.0,False,False
VER,30.0,HAM,63.54055555555988,MEDIUM,19.0,19.0,HARD,False,0.7655488621151793,0.0,False,False
VER,31.0,HAM,58.734444444446126,MEDIUM,20.0,20.0,HARD,False,0.7076439089692305,0.0,False,False
VER,32.0,HAM,60.35638888889207,MEDIUM,21.0,21.0,HARD,False,0.7271854082999044,0.0,False,False
VER,33.0,HAM,50.134722222222535,MEDIUM,22.0,22.0,HARD,False,0.6040327978581028,0.0,False,False
VER,34.0,HAM,53.44722222222481,MEDIUM,23.0,23.0,HARD,False,0.643942436412347,0.0,False,False
VER,35.0,HAM,48.17472222222432,MEDIUM,24.0,24.0,HARD,False,0.580418340026799,0.0,False,False
VER,36.0,HAM,58.24055555555333,MEDIUM,25.0,25.0,HARD,False,0.7016934404283534,0.0,False,False
VER,37.0,HAM,51.76249999999709,MEDIUM,26.0,26.0,HARD,False,0.623644578313218,0.0,False,False
VER,38.0,HAM,65.30694444444634,MEDIUM,27.0,27.0,HARD,False,0.7868306559571848,0.0,False,False
VER,39.0,HAM,50.19277777778052,MEDIUM,28.0,28.0,HARD,False,0.6047322623828978,0.0,False,False
VER,40.0,HAM,39.18166666666275,MEDIUM,29.0,29.0,HARD,False,0.4720682730923223,0.0,False,False
VER,41.0,HAM,46.48916666666628,MEDIUM,30.0,30.0,HARD,False,0.5601104417670636,0.0,False,False
VER,42.0,HAM,43.61861111111375,MEDIUM,31.0,31.0,HARD,False,0.5255254350736597,0.0,False,False
VER,43.0,HAM,57.14916666666659,MEDIUM,32.0,32.0,HARD,False,0.6885441767068263,0.0,False,False
VER,44.0,HAM,51.97138888889049,MEDIUM,33.0,33.0,HARD,False,0.6261613119143432,0.0,False,False
VER,45.0,HAM,56.62361111111204,MEDIUM,34.0,34.0,HARD,False,0.6822121820615908,0.0,False,False
VER,46.0,HAM,60.954166666666424,MEDIUM,35.0,35.0,HARD,False,0.7343875502008003,0.0,False,False
VER,47.0,HAM,57.21388888888396,MEDIUM,36.0,36.0,HARD,False,0.6893239625166742,0.0,False,False
VER,48.0,HAM,82.03388888888912,MEDIUM,37.0,37.0,HARD,False,0.9883601070950497,0.0,False,False
VER,49.0,HAM,73.31472222222192,MEDIUM,38.0,38.0,HARD,False,0.8833099062918304,0.0,False,False
VER,50.0,HAM,56.784444444443125,MEDIUM,39.0,39.0,HARD,False,0.6841499330655798,0.0,False,False
VER,51.0,HAM,51.33444444444331,MEDIUM,40.0,40.0,HARD,False,0.6184872824631724,0.0,False,False
VER,52.0,HAM,59.03527777777845,MEDIUM,41.0,41.0,HARD,False,0.7112684069611861,0.0,False,False
VER,53.0,HAM,55.62666666666837,MEDIUM,42.0,42.0,HARD,False,0.6702008032128719,0.0,False,False
VER,54.0,HAM,45.56777777777734,MEDIUM,43.0,43.0,HARD,False,0.5490093708165944,0.0,False,False
VER,55.0,HAM,64.3416666666626,MEDIUM,44.0,44.0,HARD,False,0.7752008032128025,0.0,False,False
VER,56.0,HAM,93.46000000000004,MEDIUM,45.0,45.0,HARD,False,1.1260240963855426,0.0,False,False
VER,57.0,HAM,45.07444444444218,MEDIUM,46.0,46.0,HARD,False,0.5430655957161709,0.0,False,False
VER,58.0,HAM,63.76472222221764,MEDIUM,47.0,47.0,HARD,False,0.7682496653279234,0.0,False,False
VER,59.0,HAM,57.27499999999782,MEDIUM,48.0,48.0,HARD,False,0.6900602409638291,0.0,False,False
VER,60.0,HAM,43.5313888888918,MEDIUM,49.0,49.0,HARD,False,0.5244745649264072,0.0,False,False
VER,61.0,HAM,42.50972222222208,MEDIUM,50.0,50.0,HARD,False,0.5121653279785793,0.0,False,False
VER,62.0,HAM,44.46694444444438,MEDIUM,51.0,51.0,HARD,False,0.5357463186077636,0.0,False,False
VER,63.0,HAM,46.093055555556475,MEDIUM,52.0,52.0,HARD,False,0.5553380187416442,0.0,False,False
VER,64.0,HAM,46.52194444445013,MEDIUM,53.0,53.0,HARD,False,0.5605053547524111,0.0,False,False
VER,65.0,HAM,38.66861111111166,MEDIUM,54.0,54.0,HARD,False,0.465886880856767,0.0,False,False
VER,66.0,HAM,51.27944444444438,MEDIUM,55.0,55.0,HARD,False,0.6178246318607756,0.0,False,False
VER,67.0,HAM,54.018611111106566,MEDIUM,56.0,56.0,HARD,False,0.6508266398928502,0.0,False,False
VER,68.0,HAM,53.548888888888996,MEDIUM,57.0,57.0,HARD,False,0.6451673360107107,0.0,False,False
VER,69.0,HAM,40.9975000000004,MEDIUM,58.0,58.0,HARD,False,0.49394578313253495,0.0,False,False
VER,70.0,HAM,49.358333333337214,MEDIUM,59.0,59.0,HARD,False,0.5946787148594845,0.0,False,False
VER,71.0,HAM,70.1213888888883,MEDIUM,60.0,60.0,HARD,False,0.8448360107094977,0.0,False,False
VER,72.0,HAM,47.59888888888827,MEDIUM,61.0,61.0,HARD,False,0.5734805890227502,0.0,False,False
VER,73.0,HAM,39.82944444444183,MEDIUM,62.0,62.0,HARD,False,0.47987282463182934,0.0,False,False
VER,74.0,HAM,47.35138888889378,MEDIUM,63.0,63.0,HARD,False,0.5704986613119732,0.0,False,False
VER,75.0,HAM,54.71555555555733,MEDIUM,64.0,64.0,HARD,False,0.6592235609103293,0.0,False,False
VER,76.0,HAM,99.4488888888859,MEDIUM,65.0,65.0,HARD,False,1.1981793842034447,0.0,False,False
VER,77.0,HAM,51.04638888889531,MEDIUM,66.0,66.0,HARD,False,0.6150167336011483,0.0,False,False
VER,78.0,HAM,51.567777777774154,MEDIUM,67.0,67.0,HARD,False,0.6212985274430621,0.0,False,False
VET,1.0,VER,77.87499999999955,SOFT,4.0,4.0,SOFT,False,0.9382530120481873,0.0,False,False
VET,2.0,VER,107.80583333333561,SOFT,5.0,5.0,SOFT,False,1.2988654618474171,0.0,False,False
VET,3.0,VER,128.55083333333369,SOFT,6.0,6.0,SOFT,False,1.5488052208835383,0.0,False,False
VET,4.0,VER,139.3988888888889,SOFT,7.0,7.0,SOFT,False,1.6795046854083,0.0,False,False
VET,5.0,VER,136.4163888888902,SOFT,8.0,8.0,SOFT,False,1.6435709504685565,0.0,False,False
VET,6.0,VER,155.62305555555622,SOFT,9.0,9.0,SOFT,False,1.8749765729585086,0.0,False,False
VET,7.0,VER,128.4194444444438,SOFT,10.0,10.0,SOFT,False,1.5472222222222145,0.0,False,False
VET,8.0,VER,147.62388888889336,SOFT,11.0,11.0,SOFT,False,1.7786010709505224,0.0,True,False
VET,9.0,VER,142.43305555555617,SOFT,12.0,12.0,SOFT,False,1.7160609103079056,0.0,True,False
VET,10.0,VER,125.40222222221792,SOFT,13.0,13.0,SOFT,False,1.5108701472556376,0.0,True,False
VET,11.0,BOT,8.70777777777721,SOFT,16.0,14.0,SOFT,True,0.10491298527442422,-2.0,True,False
VET,12.0,VER,52.78666666666686,HARD,1.0,1.0,HARD,False,0.6359839357429742,0.0,False,False
VET,13.0,VER,117.65277777777965,HARD,2.0,2.0,HARD,False,1.4175033467202367,0.0,False,False
VET,14.0,VER,47.67444444444254,HARD,3.0,3.0,HARD,False,0.5743908969209945,0.0,False,False
VET,15.0,VER,89.98083333333761,HARD,4.0,4.0,HARD,False,1.0841064257028628,0.0,False,False
VET,16.0,VER,59.95222222222401,HARD,5.0,5.0,HARD,False,0.722315930388241,0.0,False,False
VET,17.0,VER,59.04388888889116,HARD,6.0,6.0,HARD,False,0.7113721552878453,0.0,False,False
VET,18.0,VER,60.2263888888956,HARD,7.0,7.0,HARD,False,0.725619143239706,0.0,False,False
VET,19.0,VER,60.85888888888849,HARD,8.0,8.0,HARD,False,0.7332396251673312,0.0,False,False
VET,20.0,VER,55.15444444444347,HARD,9.0,9.0,HARD,False,0.6645113788487165,0.0,False,False
VET,21.0,VER,69.45472222222224,HARD,10.0,10.0,HARD,False,0.8368038821954488,0.0,False,False
VET,22.0,VER,58.42916666666633,HARD,11.0,11.0,HARD,False,0.7039658634538113,0.0,False,False
VET,23.0,VER,62.075833333333776,HARD,12.0,12.0,HARD,False,0.7479016064257081,0.0,False,False
VET,24.0,VER,52.49555555555253,HARD,13.0,13.0,HARD,False,0.6324765729584642,0.0,False,False
VET,25.0,VER,56.20638888888925,HARD,14.0,14.0,HARD,False,0.6771854082998705,0.0,False,False
VET,26.0,VER,58.17416666666668,HARD,15.0,15.0,HARD,False,0.7008935742971889,0.0,False,False
VET,27.0,VER,89.33833333333405,HARD,16.0,16.0,HARD,False,1.0763654618473981,0.0,False,False
VET,28.0,VER,106.70361111111197,HARD,17.0,17.0,HARD,False,1.2855856760374935,0.0,False,False
VET,29.0,VER,107.88888888889369,HARD,18.0,18.0,HARD,False,1.2998661311914903,0.0,False,False
VET,30.0,VER,107.66749999999683,HARD,19.0,19.0,HARD,False,1.2971987951806847,0.0,False,False
VET,31.0,VER,103.90638888888907,HARD,20.0,20.0,HARD,False,1.2518842034805913,0.0,False,False
VET,32.0,VER,107.41444444444141,HARD,21.0,21.0,HARD,False,1.2941499330655593,0.0,False,False
VET,33.0,VER,95.18499999999995,HARD,22.0,22.0,HARD,False,1.146807228915662,0.0,False,False
VET,34.0,VER,113.30666666666139,HARD,23.0,23.0,HARD,False,1.3651405622489323,0.0,False,False
VET,35.0,VER,121.74083333333192,HARD,24.0,24.0,HARD,False,1.4667570281124327,0.0,False,False
VET,36.0,VER,105.84277777778061,HARD,25.0,25.0,HARD,False,1.2752141900937424,0.0,False,False
VET,37.0,VER,115.39833333333354,HARD,26.0,26.0,HARD,False,1.39034136546185,0.0,False,False
VET,38.0,VER,110.77555555555273,HARD,27.0,27.0,HARD,False,1.334645247657262,0.0,False,False
VET,39.0,VER,120.39277777777488,HARD,28.0,28.0,HARD,False,1.4505153949129503,0.0,False,False
VET,40.0,VER,127.75722222222157,HARD,29.0,29.0,HARD,False,1.5392436412315853,0.0,False,False
VET,41.0,VER,114.4486111111105,HARD,30.0,30.0,HARD,False,1.378898929049524,0.0,False,False
VET,42.0,VER,122.36444444444123,HARD,31.0,31.0,HARD,False,1.474270414993268,0.0,False,False
VET,43.0,VER,106.1911111111126,HARD,32.0,32.0,HARD,False,1.2794109772423206,0.0,False,False
VET,44.0,VER,107.2786111111086,HARD,33.0,33.0,HARD,False,1.2925133868808265,0.0,False,False
VET,45.0,VER,100.30805555555344,HARD,34.0,34.0,HARD,False,1.208530789825945,0.0,False,False
VET,46.0,VER,104.7091666666688,HARD,35.0,35.0,HARD,False,1.2615562248996242,0.0,False,False
VET,47.0,VER,91.85000000000082,HARD,36.0,36.0,HARD,False,1.1066265060241063,0.0,False,False
VET,48.0,VER,153.93638888889245,HARD,37.0,37.0,HARD,False,1.8546552878179814,0.0,False,False
VET,49.0,VER,157.4211111111099,HARD,38.0,38.0,HARD,False,1.8966398929049384,0.0,False,False
VET,50.0,VER,124.21472222222701,HARD,39.0,39.0,HARD,False,1.4965629183400844,0.0,False,False
VET,51.0,VER,96.50805555555417,HARD,40.0,40.0,HARD,False,1.1627476572958333,0.0,False,False
VET,52.0,VER,115.27500000000055,HARD,41.0,41.0,HARD,False,1.3888554216867535,0.0,False,False
VET,53.0,VER,112.24388888888916,HARD,42.0,42.0,HARD,False,1.352336010709508,0.0,False,False
VET,54.0,VER,105.05222222221983,HARD,43.0,43.0,HARD,False,1.2656894243640944,0.0,False,False
VET,55.0,VER,102.64416666666966,HARD,44.0,44.0,HARD,False,1.2366767068273454,0.0,False,False
VET,56.0,VER,58.82250000000022,HARD,45.0,45.0,HARD,False,0.708704819277111,0.0,False,False
VET,57.0,VER,98.47333333333381,HARD,46.0,46.0,HARD,False,1.1864257028112508,0.0,False,False
VET,58.0,VER,88.42166666667163,HARD,47.0,47.0,HARD,False,1.065321285140622,0.0,False,False
VET,59.0,VER,98.04749999999967,HARD,48.0,48.0,HARD,False,1.1812951807228875,0.0,False,False
VET,60.0,VER,93.93083333333334,HARD,49.0,49.0,HARD,False,1.1316967871485943,0.0,False,False
VET,61.0,VER,75.29000000000133,HARD,50.0,50.0,HARD,False,0.9071084337349558,0.0,False,False
VET,62.0,VER,107.12583333333487,HARD,51.0,51.0,HARD,False,1.2906726907630708,0.0,False,False
VET,63.0,VER,107.51861111111111,HARD,52.0,52.0,HARD,False,1.295404953145917,0.0,False,False
VET,64.0,VER,110.15777777777657,HARD,53.0,53.0,HARD,False,1.3272021419009226,0.0,False,False
VET,65.0,VER,97.92638888889041,HARD,54.0,54.0,HARD,False,1.1798360107095232,0.0,False,False
VET,66.0,VER,85.52694444444569,HARD,55.0,55.0,HARD,False,1.0304451137885022,0.0,False,False
VET,67.0,VER,113.34722222222445,HARD,56.0,56.0,HARD,False,1.3656291834002945,0.0,False,False
VET,68.0,VER,128.27472222221968,HARD,57.0,57.0,HARD,False,1.5454785809905986,0.0,False,False
VET,69.0,VER,114.17027777777776,HARD,58.0,58.0,HARD,False,1.3755455153949128,0.0,False,False
VET,70.0,VER,83.14666666666199,HARD,59.0,59.0,HARD,False,1.001767068273036,0.0,False,False
VET,71.0,VER,73.2763888888876,HARD,60.0,60.0,HARD,False,0.8828480589022601,0.0,False,False
VET,72.0,VER,84.88277777777512,HARD,61.0,61.0,HARD,False,1.0226840696117485,0.0,False,False
VET,73.0,VER,112.41722222222279,HARD,62.0,62.0,HARD,False,1.3544243641231661,0.0,False,False
VET,74.0,VER,97.75305555555224,HARD,63.0,63.0,HARD,False,1.17774765729581,0.0,False,False
VET,75.0,VER,93.16388888888741,HARD,64.0,64.0,HARD,False,1.1224564926371978,0.0,False,False
VET,76.0,VER,91.29388888888616,HARD,65.0,65.0,HARD,False,1.099926372155255,0.0,False,False
VET,77.0,VER,151.18944444444378,HARD,66.0,66.0,HARD,False,1.8215595716198045,0.0,False,False
VET,78.0,VER,143.77583333333405,HARD,67.0,67.0,HARD,False,1.7322389558233018,0.0,False,False
