Driver,window_start_lap,window_end_lap,actual_pit_lap,year,race,session,pit_loss_constant_s
ALO,26,27,27,2018,Abu Dhabi Grand Prix,R,21.9575
BOT,39,40,40,2018,Abu Dhabi Grand Prix,R,21.9575
MAG,38,41,41,2018,Abu Dhabi Grand Prix,R,21.9575
OCO,16,18,18,2018,Abu Dhabi Grand Prix,R,21.9575
OCO,42,45,45,2018,Abu Dhabi Grand Prix,R,21.9575
PER,23,25,26,2018,Abu Dhabi Grand Prix,R,21.9575
SAI,34,37,37,2018,Abu Dhabi Grand Prix,R,21.9575
SIR,32,33,35,2018,Abu Dhabi Grand Prix,R,21.9575
STR,38,40,40,2018,Abu Dhabi Grand Prix,R,21.9575
VAN,32,34,35,2018,Abu Dhabi Grand Prix,R,21.9575
ERI,42,45,45,2018,Austrian Grand Prix,R,22.393
MAG,25,28,28,2018,Austrian Grand Prix,R,22.393
PER,27,27,27,2018,Austrian Grand Prix,R,22.393
SAI,12,15,15,2018,Austrian Grand Prix,R,22.393
SAI,32,33,34,2018,Austrian Grand Prix,R,22.393
SIR,21,24,24,2018,Austrian Grand Prix,R,22.393
SIR,58,58,60,2018,Austrian Grand Prix,R,22.393
STR,62,65,65,2018,Austrian Grand Prix,R,22.393
VAN,37,40,40,2018,Austrian Grand Prix,R,22.393
ALO,37,40,40,2018,Azerbaijan Grand Prix,R,20.346
ERI,16,16,18,2018,Azerbaijan Grand Prix,R,20.346
ERI,18,18,18,2018,Azerbaijan Grand Prix,R,20.346
GAS,36,38,39,2018,Azerbaijan Grand Prix,R,20.346
HAM,37,40,40,2018,Azerbaijan Grand Prix,R,20.346
HAR,19,22,22,2018,Azerbaijan Grand Prix,R,20.346
MAG,38,39,39,2018,Azerbaijan Grand Prix,R,20.346
RAI,38,38,40,2018,Azerbaijan Grand Prix,R,20.346
RAI,40,40,40,2018,Azerbaijan Grand Prix,R,20.346
RIC,35,36,37,2018,Azerbaijan Grand Prix,R,20.346
SAI,15,15,15,2018,Azerbaijan Grand Prix,R,20.346
VAN,17,17,17,2018,Azerbaijan Grand Prix,R,20.346
VER,37,38,38,2018,Azerbaijan Grand Prix,R,20.346
BOT,1,2,1,2018,Belgian Grand Prix,R,22.8315
BOT,27,29,29,2018,Belgian Grand Prix,R,22.8315
ERI,25,25,26,2018,Belgian Grand Prix,R,22.8315
GRO,23,23,23,2018,Belgian Grand Prix,R,22.8315
HAR,28,31,31,2018,Belgian Grand Prix,R,22.8315
MAG,24,24,26,2018,Belgian Grand Prix,R,22.8315
MAG,26,26,26,2018,Belgian Grand Prix,R,22.8315
PER,22,22,25,2018,Belgian Grand Prix,R,22.8315
RAI,1,1,1,2018,Belgian Grand Prix,R,22.8315
RIC,1,1,1,2018,Belgian Grand Prix,R,22.8315
RIC,26,26,28,2018,Belgian Grand Prix,R,22.8315
RIC,28,28,28,2018,Belgian Grand Prix,R,22.8315
SIR,24,24,24,2018,Belgian Grand Prix,R,22.8315
VAN,26,28,28,2018,Belgian Grand Prix,R,22.8315
VER,23,26,26,2018,Belgian Grand Prix,R,22.8315
ALO,51,54,54,2018,Brazilian Grand Prix,R,23.255
BOT,56,59,59,2018,Brazilian Grand Prix,R,23.255
ERI,15,18,18,2018,Brazilian Grand Prix,R,23.255
GAS,19,22,22,2018,Brazilian Grand Prix,R,23.255
GRO,29,32,32,2018,Brazilian Grand Prix,R,23.255
HAR,46,49,49,2018,Brazilian Grand Prix,R,23.255
LEC,32,35,35,2018,Brazilian Grand Prix,R,23.255
MAG,38,38,41,2018,Brazilian Grand Prix,R,23.255
MAG,40,41,41,2018,Brazilian Grand Prix,R,23.255
OCO,37,38,40,2018,Brazilian Grand Prix,R,23.255
OCO,40,40,40,2018,Brazilian Grand Prix,R,23.255
OCO,54,57,57,2018,Brazilian Grand Prix,R,23.255
PER,37,39,39,2018,Brazilian Grand Prix,R,23.255
RIC,36,36,39,2018,Brazilian Grand Prix,R,23.255
STR,62,62,65,2018,Brazilian Grand Prix,R,23.255
STR,64,65,65,2018,Brazilian Grand Prix,R,23.255
VAN,28,28,28,2018,Brazilian Grand Prix,R,23.255
VET,50,53,53,2018,Brazilian Grand Prix,R,23.255
ALO,29,32,32,2018,British Grand Prix,R,28.439
BOT,21,21,21,2018,British Grand Prix,R,28.439
GRO,26,26,26,2018,British Grand Prix,R,28.439
HAM,22,25,25,2018,British Grand Prix,R,28.439
HUL,17,20,20,2018,British Grand Prix,R,28.439
LEC,15,17,18,2018,British Grand Prix,R,28.439
MAG,22,24,25,2018,British Grand Prix,R,28.439
OCO,16,16,19,2018,British Grand Prix,R,28.439
OCO,18,19,19,2018,British Grand Prix,R,28.439
PER,29,32,32,2018,British Grand Prix,R,28.439
RAI,30,33,33,2018,British Grand Prix,R,28.439
SAI,15,15,17,2018,British Grand Prix,R,28.439
SAI,29,31,32,2018,British Grand Prix,R,28.439
SIR,18,21,21,2018,British Grand Prix,R,28.439
STR,27,30,30,2018,British Grand Prix,R,28.439
VAN,21,21,21,2018,British Grand Prix,R,28.439
VAN,30,31,33,2018,British Grand Prix,R,28.439
VAN,33,33,33,2018,British Grand Prix,R,28.439
VER,30,33,33,2018,British Grand Prix,R,28.439
ALO,18,18,18,2018,Canadian Grand Prix,R,23.7475
BOT,36,36,36,2018,Canadian Grand Prix,R,23.7475
GAS,20,23,23,2018,Canadian Grand Prix,R,23.7475
GRO,45,48,48,2018,Canadian Grand Prix,R,23.7475
HUL,13,13,13,2018,Canadian Grand Prix,R,23.7475
LEC,17,19,19,2018,Canadian Grand Prix,R,23.7475
MAG,22,22,22,2018,Canadian Grand Prix,R,23.7475
OCO,11,11,11,2018,Canadian Grand Prix,R,23.7475
PER,6,9,9,2018,Canadian Grand Prix,R,23.7475
PER,41,44,44,2018,Canadian Grand Prix,R,23.7475
RAI,32,32,32,2018,Canadian Grand Prix,R,23.7475
SAI,14,14,14,2018,Canadian Grand Prix,R,23.7475
SIR,23,25,26,2018,Canadian Grand Prix,R,23.7475
VAN,45,47,48,2018,Canadian Grand Prix,R,23.7475
VET,37,37,37,2018,Canadian Grand Prix,R,23.7475
GRO,16,16,16,2018,Chinese Grand Prix,R,23.1565
GRO,45,46,46,2018,Chinese Grand Prix,R,23.1565
HUL,28,29,31,2018,Chinese Grand Prix,R,23.1565
PER,9,12,12,2018,Chinese Grand Prix,R,23.1565
PER,31,31,32,2018,Chinese Grand Prix,R,23.1565
SAI,29,29,31,2018,Chinese Grand Prix,R,23.1565
ALO,43,46,46,2018,French Grand Prix,R,24.69
BOT,36,39,39,2018,French Grand Prix,R,24.69
ERI,35,35,35,2018,French Grand Prix,R,24.69
GRO,31,34,34,2018,French Grand Prix,R,24.69
HAR,35,36,38,2018,French Grand Prix,R,24.69
LEC,28,31,31,2018,French Grand Prix,R,24.69
MAG,26,28,28,2018,French Grand Prix,R,24.69
RAI,34,34,34,2018,French Grand Prix,R,24.69
RIC,25,28,28,2018,French Grand Prix,R,24.69
SAI,23,26,26,2018,French Grand Prix,R,24.69
VAN,37,38,40,2018,French Grand Prix,R,24.69
VET,1,1,1,2018,French Grand Prix,R,24.69
VET,37,40,40,2018,French Grand Prix,R,24.69
ALO,30,31,31,2018,German Grand Prix,R,19.5405
ALO,43,43,43,2018,German Grand Prix,R,19.5405
ALO,62,64,65,2018,German Grand Prix,R,19.5405
BOT,26,26,28,2018,German Grand Prix,R,19.5405
BOT,28,28,28,2018,German Grand Prix,R,19.5405
ERI,35,38,38,2018,German Grand Prix,R,19.5405
GAS,40,40,43,2018,German Grand Prix,R,19.5405
GAS,42,43,43,2018,German Grand Prix,R,19.5405
GRO,21,21,21,2018,German Grand Prix,R,19.5405
HAM,39,42,42,2018,German Grand Prix,R,19.5405
HAR,51,52,52,2018,German Grand Prix,R,19.5405
HUL,49,51,51,2018,German Grand Prix,R,19.5405
LEC,19,20,20,2018,German Grand Prix,R,19.5405
MAG,17,20,20,2018,German Grand Prix,R,19.5405
MAG,48,48,51,2018,German Grand Prix,R,19.5405
OCO,25,25,25,2018,German Grand Prix,R,19.5405
PER,21,22,22,2018,German Grand Prix,R,19.5405
RAI,50,53,53,2018,German Grand Prix,R,19.5405
SAI,20,20,20,2018,German Grand Prix,R,19.5405
SAI,48,50,50,2018,German Grand Prix,R,19.5405
SIR,26,27,28,2018,German Grand Prix,R,19.5405
STR,24,24,27,2018,German Grand Prix,R,19.5405
STR,47,49,50,2018,German Grand Prix,R,19.5405
VAN,29,29,29,2018,German Grand Prix,R,19.5405
VAN,49,49,52,2018,German Grand Prix,R,19.5405
VAN,51,52,52,2018,German Grand Prix,R,19.5405
VER,29,29,29,2018,German Grand Prix,R,19.5405
ALO,36,39,39,2018,Hungarian Grand Prix,R,21.8245
OCO,36,37,39,2018,Hungarian Grand Prix,R,21.8245
OCO,39,39,39,2018,Hungarian Grand Prix,R,21.8245
RIC,41,44,44,2018,Hungarian Grand Prix,R,21.8245
SIR,28,28,31,2018,Hungarian Grand Prix,R,21.8245
SIR,31,31,31,2018,Hungarian Grand Prix,R,21.8245
STR,45,47,47,2018,Hungarian Grand Prix,R,21.8245
VAN,39,40,40,2018,Hungarian Grand Prix,R,21.8245
ERI,5,5,5,2018,Japanese Grand Prix,R,23.353
GAS,29,29,29,2018,Japanese Grand Prix,R,23.353
GRO,26,29,29,2018,Japanese Grand Prix,R,23.353
HAR,27,28,28,2018,Japanese Grand Prix,R,23.353
HUL,28,30,30,2018,Japanese Grand Prix,R,23.353
LEC,33,34,35,2018,Japanese Grand Prix,R,23.353
OCO,26,26,26,2018,Japanese Grand Prix,R,23.353
PER,21,21,24,2018,Japanese Grand Prix,R,23.353
SAI,29,31,32,2018,Japanese Grand Prix,R,23.353
SIR,36,38,38,2018,Japanese Grand Prix,R,23.353
STR,14,14,14,2018,Japanese Grand Prix,R,23.353
STR,37,39,39,2018,Japanese Grand Prix,R,23.353
VAN,20,23,23,2018,Japanese Grand Prix,R,23.353
VET,23,23,26,2018,Japanese Grand Prix,R,23.353
VET,25,25,26,2018,Japanese Grand Prix,R,23.353
BOT,47,48,48,2018,Mexican Grand Prix,R,22.35
ERI,14,16,16,2018,Mexican Grand Prix,R,22.35
GAS,25,26,26,2018,Mexican Grand Prix,R,22.35
GRO,41,42,44,2018,Mexican Grand Prix,R,22.35
GRO,44,44,44,2018,Mexican Grand Prix,R,22.35
HAM,44,47,47,2018,Mexican Grand Prix,R,22.35
HAR,24,24,24,2018,Mexican Grand Prix,R,22.35
LEC,12,13,13,2018,Mexican Grand Prix,R,22.35
MAG,40,43,43,2018,Mexican Grand Prix,R,22.35
OCO,27,30,30,2018,Mexican Grand Prix,R,22.35
RAI,14,16,17,2018,Mexican Grand Prix,R,22.35
ALO,19,19,19,2018,Monaco Grand Prix,R,24.532
ERI,17,17,17,2018,Monaco Grand Prix,R,24.532
GAS,34,37,37,2018,Monaco Grand Prix,R,24.532
GRO,65,68,68,2018,Monaco Grand Prix,R,24.532
HAR,13,13,13,2018,Monaco Grand Prix,R,24.532
HAR,68,71,71,2018,Monaco Grand Prix,R,24.532
HUL,47,50,50,2018,Monaco Grand Prix,R,24.532
LEC,14,14,14,2018,Monaco Grand Prix,R,24.532
OCO,20,22,23,2018,Monaco Grand Prix,R,24.532
PER,18,21,21,2018,Monaco Grand Prix,R,24.532
RAI,17,17,17,2018,Monaco Grand Prix,R,24.532
RIC,17,17,17,2018,Monaco Grand Prix,R,24.532
SAI,16,16,16,2018,Monaco Grand Prix,R,24.532
SIR,16,16,19,2018,Monaco Grand Prix,R,24.532
SIR,18,19,19,2018,Monaco Grand Prix,R,24.532
STR,31,34,34,2018,Monaco Grand Prix,R,24.532
VAN,20,20,20,2018,Monaco Grand Prix,R,24.532
VER,44,47,47,2018,Monaco Grand Prix,R,24.532
ERI,11,11,11,2018,Russian Grand Prix,R,29.806
GRO,8,8,8,2018,Russian Grand Prix,R,29.806
HUL,35,35,35,2018,Russian Grand Prix,R,29.806
LEC,8,10,10,2018,Russian Grand Prix,R,29.806
MAG,6,7,9,2018,Russian Grand Prix,R,29.806
MAG,9,9,9,2018,Russian Grand Prix,R,29.806
OCO,10,10,10,2018,Russian Grand Prix,R,29.806
PER,11,12,12,2018,Russian Grand Prix,R,29.806
RIC,36,39,39,2018,Russian Grand Prix,R,29.806
SAI,29,32,32,2018,Russian Grand Prix,R,29.806
SIR,10,10,10,2018,Russian Grand Prix,R,29.806
VAN,11,11,11,2018,Russian Grand Prix,R,29.806
VER,43,43,43,2018,Russian Grand Prix,R,29.806
ALO,35,38,38,2018,Singapore Grand Prix,R,29.672
ERI,41,44,44,2018,Singapore Grand Prix,R,29.672
GRO,15,16,16,2018,Singapore Grand Prix,R,29.672
HAR,33,36,36,2018,Singapore Grand Prix,R,29.672
HUL,12,15,15,2018,Singapore Grand Prix,R,29.672
MAG,45,48,48,2018,Singapore Grand Prix,R,29.672
PER,17,17,17,2018,Singapore Grand Prix,R,29.672
PER,33,33,33,2018,Singapore Grand Prix,R,29.672
PER,39,39,39,2018,Singapore Grand Prix,R,29.672
RIC,27,27,27,2018,Singapore Grand Prix,R,29.672
SIR,42,45,45,2018,Singapore Grand Prix,R,29.672
STR,38,40,40,2018,Singapore Grand Prix,R,29.672
VAN,40,43,43,2018,Singapore Grand Prix,R,29.672
ALO,18,19,21,2018,Spanish Grand Prix,R,22.1515
ALO,21,21,21,2018,Spanish Grand Prix,R,22.1515
ERI,34,35,35,2018,Spanish Grand Prix,R,22.1515
HAR,30,33,33,2018,Spanish Grand Prix,R,22.1515
MAG,29,32,32,2018,Spanish Grand Prix,R,22.1515
PER,26,26,26,2018,Spanish Grand Prix,R,22.1515
RIC,30,33,33,2018,Spanish Grand Prix,R,22.1515
SIR,24,24,24,2018,Spanish Grand Prix,R,22.1515
SIR,38,41,41,2018,Spanish Grand Prix,R,22.1515
VAN,33,34,34,2018,Spanish Grand Prix,R,22.1515
VER,34,34,34,2018,Spanish Grand Prix,R,22.1515
VET,38,41,41,2018,Spanish Grand Prix,R,22.1515
BOT,20,23,23,2018,United States Grand Prix,R,24.1025
ERI,27,30,30,2018,United States Grand Prix,R,24.1025
GAS,35,36,36,2018,United States Grand Prix,R,24.1025
GRO,2,2,2,2018,United States Grand Prix,R,24.1025
HAR,24,27,27,2018,United States Grand Prix,R,24.1025
HUL,22,22,23,2018,United States Grand Prix,R,24.1025
LEC,1,1,1,2018,United States Grand Prix,R,24.1025
LEC,28,29,31,2018,United States Grand Prix,R,24.1025
LEC,31,31,31,2018,United States Grand Prix,R,24.1025
MAG,27,30,30,2018,United States Grand Prix,R,24.1025
OCO,19,22,22,2018,United States Grand Prix,R,24.1025
PER,22,25,25,2018,United States Grand Prix,R,24.1025
RAI,20,21,21,2018,United States Grand Prix,R,24.1025
SAI,24,24,24,2018,United States Grand Prix,R,24.1025
SIR,26,26,29,2018,United States Grand Prix,R,24.1025
SIR,29,29,29,2018,United States Grand Prix,R,24.1025
STR,35,37,38,2018,United States Grand Prix,R,24.1025
VAN,37,40,40,2018,United States Grand Prix,R,24.1025
VET,24,26,26,2018,United States Grand Prix,R,24.1025
BOT,26,29,29,2019,Abu Dhabi Grand Prix,R,21.935
GIO,25,26,26,2019,Abu Dhabi Grand Prix,R,21.935
GRO,18,18,18,2019,Abu Dhabi Grand Prix,R,21.935
HUL,15,18,18,2019,Abu Dhabi Grand Prix,R,21.935
KUB,21,21,24,2019,Abu Dhabi Grand Prix,R,21.935
KUB,23,24,24,2019,Abu Dhabi Grand Prix,R,21.935
KVY,37,40,40,2019,Abu Dhabi Grand Prix,R,21.935
LEC,35,38,38,2019,Abu Dhabi Grand Prix,R,21.935
PER,34,37,37,2019,Abu Dhabi Grand Prix,R,21.935
RAI,22,22,22,2019,Abu Dhabi Grand Prix,R,21.935
RIC,40,40,42,2019,Abu Dhabi Grand Prix,R,21.935
RIC,42,42,42,2019,Abu Dhabi Grand Prix,R,21.935
RUS,29,32,32,2019,Abu Dhabi Grand Prix,R,21.935
SAI,38,41,41,2019,Abu Dhabi Grand Prix,R,21.935
STR,23,23,23,2019,Abu Dhabi Grand Prix,R,21.935
STR,45,45,45,2019,Abu Dhabi Grand Prix,R,21.935
VET,38,38,38,2019,Abu Dhabi Grand Prix,R,21.935
ALB,14,14,14,2019,Australian Grand Prix,R,21.931
GAS,34,37,37,2019,Australian Grand Prix,R,21.931
GIO,24,26,27,2019,Australian Grand Prix,R,21.931
KUB,25,28,28,2019,Australian Grand Prix,R,21.931
KVY,26,26,26,2019,Australian Grand Prix,R,21.931
LEC,25,28,28,2019,Australian Grand Prix,R,21.931
MAG,14,14,14,2019,Australian Grand Prix,R,21.931
NOR,12,12,15,2019,Australian Grand Prix,R,21.931
NOR,15,15,15,2019,Australian Grand Prix,R,21.931
PER,10,13,13,2019,Australian Grand Prix,R,21.931
RAI,9,12,12,2019,Australian Grand Prix,R,21.931
RIC,26,29,29,2019,Australian Grand Prix,R,21.931
RUS,23,25,26,2019,Australian Grand Prix,R,21.931
STR,24,24,27,2019,Australian Grand Prix,R,21.931
STR,26,27,27,2019,Australian Grand Prix,R,21.931
VER,25,25,25,2019,Australian Grand Prix,R,21.931
ALB,32,35,35,2019,Austrian Grand Prix,R,22.261
GAS,23,25,25,2019,Austrian Grand Prix,R,22.261
GIO,22,22,24,2019,Austrian Grand Prix,R,22.261
GIO,24,24,24,2019,Austrian Grand Prix,R,22.261
GRO,31,34,34,2019,Austrian Grand Prix,R,22.261
KVY,29,30,32,2019,Austrian Grand Prix,R,22.261
MAG,8,11,11,2019,Austrian Grand Prix,R,22.261
MAG,59,62,62,2019,Austrian Grand Prix,R,22.261
NOR,22,25,25,2019,Austrian Grand Prix,R,22.261
PER,26,28,28,2019,Austrian Grand Prix,R,22.261
RIC,43,46,46,2019,Austrian Grand Prix,R,22.261
RUS,26,26,27,2019,Austrian Grand Prix,R,22.261
SAI,38,41,41,2019,Austrian Grand Prix,R,22.261
VET,50,50,50,2019,Austrian Grand Prix,R,22.261
GIO,4,6,7,2019,Azerbaijan Grand Prix,R,20.615
GRO,31,36,34,2019,Azerbaijan Grand Prix,R,20.615
GRO,38,38,38,2019,Azerbaijan Grand Prix,R,20.615
HAM,13,13,13,2019,Azerbaijan Grand Prix,R,20.615
HUL,31,31,34,2019,Azerbaijan Grand Prix,R,20.615
KUB,11,14,14,2019,Azerbaijan Grand Prix,R,20.615
KUB,40,41,42,2019,Azerbaijan Grand Prix,R,20.615
KVY,3,5,5,2019,Azerbaijan Grand Prix,R,20.615
KVY,30,30,33,2019,Azerbaijan Grand Prix,R,20.615
LEC,32,34,34,2019,Azerbaijan Grand Prix,R,20.615
MAG,4,7,7,2019,Azerbaijan Grand Prix,R,20.615
MAG,39,39,39,2019,Azerbaijan Grand Prix,R,20.615
NOR,8,9,9,2019,Azerbaijan Grand Prix,R,20.615
NOR,39,39,39,2019,Azerbaijan Grand Prix,R,20.615
PER,7,8,10,2019,Azerbaijan Grand Prix,R,20.615
PER,10,10,10,2019,Azerbaijan Grand Prix,R,20.615
RAI,3,6,6,2019,Azerbaijan Grand Prix,R,20.615
RUS,22,24,25,2019,Azerbaijan Grand Prix,R,20.615
RUS,36,38,38,2019,Azerbaijan Grand Prix,R,20.615
VER,11,11,14,2019,Azerbaijan Grand Prix,R,20.615
VER,13,14,14,2019,Azerbaijan Grand Prix,R,20.615
ALB,8,8,9,2019,Bahrain Grand Prix,R,25.1485
BOT,37,37,37,2019,Bahrain Grand Prix,R,25.1485
GAS,6,6,9,2019,Bahrain Grand Prix,R,25.1485
GAS,9,9,9,2019,Bahrain Grand Prix,R,25.1485
GAS,36,39,39,2019,Bahrain Grand Prix,R,25.1485
GIO,13,16,16,2019,Bahrain Grand Prix,R,25.1485
GIO,37,40,40,2019,Bahrain Grand Prix,R,25.1485
GRO,1,1,1,2019,Bahrain Grand Prix,R,25.1485
GRO,16,16,16,2019,Bahrain Grand Prix,R,25.1485
KVY,12,12,12,2019,Bahrain Grand Prix,R,25.1485
KVY,35,35,38,2019,Bahrain Grand Prix,R,25.1485
KVY,38,38,38,2019,Bahrain Grand Prix,R,25.1485
MAG,7,8,10,2019,Bahrain Grand Prix,R,25.1485
MAG,35,37,38,2019,Bahrain Grand Prix,R,25.1485
NOR,10,10,10,2019,Bahrain Grand Prix,R,25.1485
NOR,34,34,34,2019,Bahrain Grand Prix,R,25.1485
PER,32,33,33,2019,Bahrain Grand Prix,R,25.1485
RAI,6,9,9,2019,Bahrain Grand Prix,R,25.1485
RAI,32,32,33,2019,Bahrain Grand Prix,R,25.1485
RIC,21,24,24,2019,Bahrain Grand Prix,R,25.1485
RUS,10,11,12,2019,Bahrain Grand Prix,R,25.1485
RUS,26,26,26,2019,Bahrain Grand Prix,R,25.1485
SAI,4,4,4,2019,Bahrain Grand Prix,R,25.1485
SAI,23,24,24,2019,Bahrain Grand Prix,R,25.1485
SAI,37,40,40,2019,Bahrain Grand Prix,R,25.1485
STR,20,23,23,2019,Bahrain Grand Prix,R,25.1485
VER,32,32,32,2019,Bahrain Grand Prix,R,25.1485
VET,14,14,14,2019,Bahrain Grand Prix,R,25.1485
ALB,23,23,23,2019,Belgian Grand Prix,R,23.017
BOT,23,23,23,2019,Belgian Grand Prix,R,23.017
GIO,26,29,29,2019,Belgian Grand Prix,R,23.017
GRO,16,16,16,2019,Belgian Grand Prix,R,23.017
HUL,8,10,11,2019,Belgian Grand Prix,R,23.017
HUL,29,31,31,2019,Belgian Grand Prix,R,23.017
KUB,28,28,31,2019,Belgian Grand Prix,R,23.017
KVY,21,23,24,2019,Belgian Grand Prix,R,23.017
MAG,22,25,25,2019,Belgian Grand Prix,R,23.017
NOR,17,19,19,2019,Belgian Grand Prix,R,23.017
PER,12,15,15,2019,Belgian Grand Prix,R,23.017
RAI,28,31,31,2019,Belgian Grand Prix,R,23.017
RIC,1,1,1,2019,Belgian Grand Prix,R,23.017
STR,27,28,30,2019,Belgian Grand Prix,R,23.017
STR,30,30,30,2019,Belgian Grand Prix,R,23.017
VET,30,33,33,2019,Belgian Grand Prix,R,23.017
ALB,23,24,24,2019,Brazilian Grand Prix,R,23.248
ALB,47,48,50,2019,Brazilian Grand Prix,R,23.248
ALB,50,50,50,2019,Brazilian Grand Prix,R,23.248
BOT,26,26,26,2019,Brazilian Grand Prix,R,23.248
GAS,44,47,47,2019,Brazilian Grand Prix,R,23.248
GRO,26,26,26,2019,Brazilian Grand Prix,R,23.248
GRO,62,65,65,2019,Brazilian Grand Prix,R,23.248
HAM,40,43,43,2019,Brazilian Grand Prix,R,23.248
HAM,63,66,66,2019,Brazilian Grand Prix,R,23.248
HUL,27,27,27,2019,Brazilian Grand Prix,R,23.248
KUB,17,19,20,2019,Brazilian Grand Prix,R,23.248
KUB,33,35,36,2019,Brazilian Grand Prix,R,23.248
KUB,51,53,53,2019,Brazilian Grand Prix,R,23.248
KVY,23,23,23,2019,Brazilian Grand Prix,R,23.248
KVY,43,46,46,2019,Brazilian Grand Prix,R,23.248
LEC,26,29,29,2019,Brazilian Grand Prix,R,23.248
LEC,51,54,54,2019,Brazilian Grand Prix,R,23.248
MAG,24,27,27,2019,Brazilian Grand Prix,R,23.248
MAG,50,52,53,2019,Brazilian Grand Prix,R,23.248
NOR,25,26,27,2019,Brazilian Grand Prix,R,23.248
NOR,52,53,53,2019,Brazilian Grand Prix,R,23.248
PER,42,45,45,2019,Brazilian Grand Prix,R,23.248
RIC,37,40,40,2019,Brazilian Grand Prix,R,23.248
RUS,20,22,23,2019,Brazilian Grand Prix,R,23.248
RUS,51,54,54,2019,Brazilian Grand Prix,R,23.248
SAI,27,29,29,2019,Brazilian Grand Prix,R,23.248
STR,28,28,28,2019,Brazilian Grand Prix,R,23.248
STR,50,51,53,2019,Brazilian Grand Prix,R,23.248
VER,44,44,44,2019,Brazilian Grand Prix,R,23.248
VET,22,22,25,2019,Brazilian Grand Prix,R,23.248
VET,49,49,49,2019,Brazilian Grand Prix,R,23.248
ALB,13,13,13,2019,British Grand Prix,R,28.8285
BOT,42,45,45,2019,British Grand Prix,R,28.8285
HAM,17,17,20,2019,British Grand Prix,R,28.8285
HUL,13,13,13,2019,British Grand Prix,R,28.8285
KUB,17,20,20,2019,British Grand Prix,R,28.8285
KVY,18,21,21,2019,British Grand Prix,R,28.8285
LEC,18,19,21,2019,British Grand Prix,R,28.8285
LEC,21,21,21,2019,British Grand Prix,R,28.8285
NOR,32,35,35,2019,British Grand Prix,R,28.8285
PER,15,18,18,2019,British Grand Prix,R,28.8285
PER,46,46,46,2019,British Grand Prix,R,28.8285
RUS,19,21,21,2019,British Grand Prix,R,28.8285
SAI,17,20,20,2019,British Grand Prix,R,28.8285
STR,39,39,39,2019,British Grand Prix,R,28.8285
VET,38,38,38,2019,British Grand Prix,R,28.8285
ALB,57,60,60,2019,Canadian Grand Prix,R,23.9545
BOT,27,27,30,2019,Canadian Grand Prix,R,23.9545
BOT,29,30,30,2019,Canadian Grand Prix,R,23.9545
BOT,64,66,67,2019,Canadian Grand Prix,R,23.9545
GAS,7,7,7,2019,Canadian Grand Prix,R,23.9545
GIO,30,33,33,2019,Canadian Grand Prix,R,23.9545
GRO,31,34,34,2019,Canadian Grand Prix,R,23.9545
HAM,28,28,28,2019,Canadian Grand Prix,R,23.9545
HUL,16,16,16,2019,Canadian Grand Prix,R,23.9545
KUB,6,8,8,2019,Canadian Grand Prix,R,23.9545
KUB,37,38,38,2019,Canadian Grand Prix,R,23.9545
KVY,12,12,12,2019,Canadian Grand Prix,R,23.9545
LEC,33,33,33,2019,Canadian Grand Prix,R,23.9545
MAG,36,39,39,2019,Canadian Grand Prix,R,23.9545
PER,10,10,11,2019,Canadian Grand Prix,R,23.9545
RAI,55,58,58,2019,Canadian Grand Prix,R,23.9545
RIC,8,8,8,2019,Canadian Grand Prix,R,23.9545
RUS,9,9,9,2019,Canadian Grand Prix,R,23.9545
SAI,1,3,3,2019,Canadian Grand Prix,R,23.9545
STR,42,45,45,2019,Canadian Grand Prix,R,23.9545
VER,45,48,48,2019,Canadian Grand Prix,R,23.9545
VET,26,26,26,2019,Canadian Grand Prix,R,23.9545
ALB,19,19,19,2019,Chinese Grand Prix,R,23.492
GAS,36,39,39,2019,Chinese Grand Prix,R,23.492
GAS,50,52,53,2019,Chinese Grand Prix,R,23.492
GIO,27,29,30,2019,Chinese Grand Prix,R,23.492
GRO,5,7,8,2019,Chinese Grand Prix,R,23.492
GRO,32,35,35,2019,Chinese Grand Prix,R,23.492
HUL,8,11,11,2019,Chinese Grand Prix,R,23.492
KUB,26,26,26,2019,Chinese Grand Prix,R,23.492
KVY,22,25,25,2019,Chinese Grand Prix,R,23.492
KVY,40,40,41,2019,Chinese Grand Prix,R,23.492
LEC,39,42,42,2019,Chinese Grand Prix,R,23.492
MAG,9,9,9,2019,Chinese Grand Prix,R,23.492
MAG,30,33,33,2019,Chinese Grand Prix,R,23.492
NOR,31,34,34,2019,Chinese Grand Prix,R,23.492
RAI,23,25,25,2019,Chinese Grand Prix,R,23.492
RIC,18,18,18,2019,Chinese Grand Prix,R,23.492
RUS,19,19,22,2019,Chinese Grand Prix,R,23.492
RUS,21,21,22,2019,Chinese Grand Prix,R,23.492
RUS,46,49,49,2019,Chinese Grand Prix,R,23.492
SAI,33,36,36,2019,Chinese Grand Prix,R,23.492
STR,20,20,20,2019,Chinese Grand Prix,R,23.492
VER,34,34,34,2019,Chinese Grand Prix,R,23.492
VET,32,35,35,2019,Chinese Grand Prix,R,23.492
ALB,25,25,25,2019,French Grand Prix,R,30.481
GAS,17,17,17,2019,French Grand Prix,R,30.481
GIO,6,7,7,2019,French Grand Prix,R,30.481
GIO,31,34,34,2019,French Grand Prix,R,30.481
GRO,28,31,31,2019,French Grand Prix,R,30.481
HAM,24,24,24,2019,French Grand Prix,R,30.481
HUL,31,34,34,2019,French Grand Prix,R,30.481
KUB,21,23,24,2019,French Grand Prix,R,30.481
KVY,29,32,32,2019,French Grand Prix,R,30.481
NOR,18,18,18,2019,French Grand Prix,R,30.481
PER,18,18,18,2019,French Grand Prix,R,30.481
RAI,28,31,31,2019,French Grand Prix,R,30.481
RIC,16,16,16,2019,French Grand Prix,R,30.481
RUS,23,25,25,2019,French Grand Prix,R,30.481
SAI,19,19,19,2019,French Grand Prix,R,30.481
STR,36,39,39,2019,French Grand Prix,R,30.481
VET,25,25,25,2019,French Grand Prix,R,30.481
VET,51,51,51,2019,French Grand Prix,R,30.481
ALB,27,27,27,2019,German Grand Prix,R,20.705
BOT,30,30,30,2019,German Grand Prix,R,20.705
BOT,43,45,46,2019,German Grand Prix,R,20.705
GIO,47,47,47,2019,German Grand Prix,R,20.705
HAM,29,29,29,2019,German Grand Prix,R,20.705
HAM,46,47,47,2019,German Grand Prix,R,20.705
HAM,53,53,53,2019,German Grand Prix,R,20.705
HUL,26,29,29,2019,German Grand Prix,R,20.705
KUB,6,6,7,2019,German Grand Prix,R,20.705
KUB,23,23,23,2019,German Grand Prix,R,20.705
KUB,43,46,46,2019,German Grand Prix,R,20.705
KVY,24,25,25,2019,German Grand Prix,R,20.705
KVY,28,28,28,2019,German Grand Prix,R,20.705
KVY,45,45,45,2019,German Grand Prix,R,20.705
LEC,27,27,27,2019,German Grand Prix,R,20.705
MAG,5,8,8,2019,German Grand Prix,R,20.705
MAG,29,29,29,2019,German Grand Prix,R,20.705
MAG,42,42,42,2019,German Grand Prix,R,20.705
MAG,56,57,57,2019,German Grand Prix,R,20.705
NOR,4,5,6,2019,German Grand Prix,R,20.705
RAI,23,26,26,2019,German Grand Prix,R,20.705
RUS,5,7,7,2019,German Grand Prix,R,20.705
RUS,22,23,24,2019,German Grand Prix,R,20.705
RUS,38,41,41,2019,German Grand Prix,R,20.705
RUS,47,47,47,2019,German Grand Prix,R,20.705
SAI,24,25,27,2019,German Grand Prix,R,20.705
SAI,27,27,27,2019,German Grand Prix,R,20.705
STR,4,7,7,2019,German Grand Prix,R,20.705
VET,27,28,28,2019,German Grand Prix,R,20.705
VET,47,47,47,2019,German Grand Prix,R,20.705
BOT,43,46,46,2019,Hungarian Grand Prix,R,21.859
GIO,13,13,15,2019,Hungarian Grand Prix,R,21.859
GRO,19,19,19,2019,Hungarian Grand Prix,R,21.859
GRO,47,49,49,2019,Hungarian Grand Prix,R,21.859
HUL,33,36,36,2019,Hungarian Grand Prix,R,21.859
KUB,17,17,18,2019,Hungarian Grand Prix,R,21.859
LEC,26,26,27,2019,Hungarian Grand Prix,R,21.859
MAG,35,35,38,2019,Hungarian Grand Prix,R,21.859
MAG,37,38,38,2019,Hungarian Grand Prix,R,21.859
RIC,43,46,46,2019,Hungarian Grand Prix,R,21.859
RUS,15,16,16,2019,Hungarian Grand Prix,R,21.859
SAI,28,29,29,2019,Hungarian Grand Prix,R,21.859
STR,14,14,16,2019,Hungarian Grand Prix,R,21.859
VER,67,67,67,2019,Hungarian Grand Prix,R,21.859
VET,36,39,39,2019,Hungarian Grand Prix,R,21.859
BOT,27,27,27,2019,Italian Grand Prix,R,24.3985
GRO,28,29,29,2019,Italian Grand Prix,R,24.3985
HAM,46,49,49,2019,Italian Grand Prix,R,24.3985
HUL,28,28,29,2019,Italian Grand Prix,R,24.3985
KUB,26,26,29,2019,Italian Grand Prix,R,24.3985
KUB,29,29,29,2019,Italian Grand Prix,R,24.3985
MAG,31,34,34,2019,Italian Grand Prix,R,24.3985
RAI,23,26,26,2019,Italian Grand Prix,R,24.3985
RIC,28,30,30,2019,Italian Grand Prix,R,24.3985
RUS,22,23,23,2019,Italian Grand Prix,R,24.3985
STR,12,15,15,2019,Italian Grand Prix,R,24.3985
STR,19,22,22,2019,Italian Grand Prix,R,24.3985
VET,6,6,6,2019,Italian Grand Prix,R,24.3985
VET,38,41,41,2019,Italian Grand Prix,R,24.3985
ALB,32,34,34,2019,Japanese Grand Prix,R,23.405
GAS,17,18,18,2019,Japanese Grand Prix,R,23.405
GIO,16,17,18,2019,Japanese Grand Prix,R,23.405
GIO,48,49,49,2019,Japanese Grand Prix,R,23.405
GRO,13,16,16,2019,Japanese Grand Prix,R,23.405
HAM,18,18,21,2019,Japanese Grand Prix,R,23.405
HAM,21,21,21,2019,Japanese Grand Prix,R,23.405
KUB,19,22,22,2019,Japanese Grand Prix,R,23.405
KUB,30,31,33,2019,Japanese Grand Prix,R,23.405
KVY,24,27,27,2019,Japanese Grand Prix,R,23.405
MAG,15,17,17,2019,Japanese Grand Prix,R,23.405
MAG,45,47,47,2019,Japanese Grand Prix,R,23.405
NOR,4,4,4,2019,Japanese Grand Prix,R,23.405
NOR,24,25,25,2019,Japanese Grand Prix,R,23.405
PER,41,41,41,2019,Japanese Grand Prix,R,23.405
RAI,13,13,15,2019,Japanese Grand Prix,R,23.405
RAI,15,15,15,2019,Japanese Grand Prix,R,23.405
RAI,33,36,36,2019,Japanese Grand Prix,R,23.405
RIC,26,29,29,2019,Japanese Grand Prix,R,23.405
RUS,22,25,25,2019,Japanese Grand Prix,R,23.405
SAI,23,26,26,2019,Japanese Grand Prix,R,23.405
VER,11,14,14,2019,Japanese Grand Prix,R,23.405
VET,31,31,31,2019,Japanese Grand Prix,R,23.405
ALB,41,44,44,2019,Mexican Grand Prix,R,22.542
BOT,36,36,36,2019,Mexican Grand Prix,R,22.542
GAS,6,9,9,2019,Mexican Grand Prix,R,22.542
GAS,46,49,49,2019,Mexican Grand Prix,R,22.542
GRO,34,37,37,2019,Mexican Grand Prix,R,22.542
KUB,18,21,21,2019,Mexican Grand Prix,R,22.542
KUB,57,59,60,2019,Mexican Grand Prix,R,22.542
KVY,10,10,10,2019,Mexican Grand Prix,R,22.542
KVY,42,44,44,2019,Mexican Grand Prix,R,22.542
MAG,25,27,28,2019,Mexican Grand Prix,R,22.542
NOR,12,12,12,2019,Mexican Grand Prix,R,22.542
NOR,45,48,48,2019,Mexican Grand Prix,R,22.542
PER,17,19,20,2019,Mexican Grand Prix,R,22.542
RAI,49,52,52,2019,Mexican Grand Prix,R,22.542
RIC,47,50,50,2019,Mexican Grand Prix,R,22.542
RUS,21,22,22,2019,Mexican Grand Prix,R,22.542
SAI,15,15,15,2019,Mexican Grand Prix,R,22.542
SAI,32,34,35,2019,Mexican Grand Prix,R,22.542
VER,5,5,5,2019,Mexican Grand Prix,R,22.542
VET,37,37,37,2019,Mexican Grand Prix,R,22.542
ALB,37,40,40,2019,Monaco Grand Prix,R,24.423
GAS,24,27,27,2019,Monaco Grand Prix,R,24.423
GAS,62,62,62,2019,Monaco Grand Prix,R,24.423
GIO,41,44,44,2019,Monaco Grand Prix,R,24.423
GRO,47,50,50,2019,Monaco Grand Prix,R,24.423
KUB,18,20,21,2019,Monaco Grand Prix,R,24.423
KVY,30,32,32,2019,Monaco Grand Prix,R,24.423
NOR,44,47,47,2019,Monaco Grand Prix,R,24.423
RAI,46,46,46,2019,Monaco Grand Prix,R,24.423
RIC,11,11,11,2019,Monaco Grand Prix,R,24.423
RUS,10,10,10,2019,Monaco Grand Prix,R,24.423
SAI,27,30,30,2019,Monaco Grand Prix,R,24.423
ALB,29,29,29,2019,Russian Grand Prix,R,29.6645
GAS,25,26,26,2019,Russian Grand Prix,R,29.6645
HUL,13,13,16,2019,Russian Grand Prix,R,29.6645
HUL,16,16,16,2019,Russian Grand Prix,R,29.6645
HUL,26,29,29,2019,Russian Grand Prix,R,29.6645
KUB,28,28,28,2019,Russian Grand Prix,R,29.6645
KVY,27,27,27,2019,Russian Grand Prix,R,29.6645
LEC,29,30,30,2019,Russian Grand Prix,R,29.6645
NOR,20,20,20,2019,Russian Grand Prix,R,29.6645
RIC,1,1,1,2019,Russian Grand Prix,R,29.6645
RIC,21,21,24,2019,Russian Grand Prix,R,29.6645
RUS,24,25,27,2019,Russian Grand Prix,R,29.6645
VER,25,27,28,2019,Russian Grand Prix,R,29.6645
ALB,20,20,20,2019,Singapore Grand Prix,R,29.391
GAS,30,30,32,2019,Singapore Grand Prix,R,29.391
GAS,32,32,32,2019,Singapore Grand Prix,R,29.391
GIO,31,34,34,2019,Singapore Grand Prix,R,29.391
GRO,21,22,23,2019,Singapore Grand Prix,R,29.391
GRO,35,35,35,2019,Singapore Grand Prix,R,29.391
HUL,1,1,1,2019,Singapore Grand Prix,R,29.391
HUL,34,36,36,2019,Singapore Grand Prix,R,29.391
KUB,18,20,21,2019,Singapore Grand Prix,R,29.391
KUB,41,44,44,2019,Singapore Grand Prix,R,29.391
KVY,36,36,36,2019,Singapore Grand Prix,R,29.391
MAG,53,56,56,2019,Singapore Grand Prix,R,29.391
NOR,20,20,20,2019,Singapore Grand Prix,R,29.391
RIC,31,33,34,2019,Singapore Grand Prix,R,29.391
SAI,33,35,35,2019,Singapore Grand Prix,R,29.391
STR,28,31,31,2019,Singapore Grand Prix,R,29.391
ALB,23,25,25,2019,Spanish Grand Prix,R,22.362
GAS,43,46,46,2019,Spanish Grand Prix,R,22.362
GIO,38,41,41,2019,Spanish Grand Prix,R,22.362
GRO,23,24,26,2019,Spanish Grand Prix,R,22.362
GRO,26,26,26,2019,Spanish Grand Prix,R,22.362
HAM,27,27,27,2019,Spanish Grand Prix,R,22.362
HUL,32,35,35,2019,Spanish Grand Prix,R,22.362
KUB,28,28,31,2019,Spanish Grand Prix,R,22.362
KUB,31,31,31,2019,Spanish Grand Prix,R,22.362
KUB,43,43,44,2019,Spanish Grand Prix,R,22.362
KVY,21,21,21,2019,Spanish Grand Prix,R,22.362
KVY,42,45,45,2019,Spanish Grand Prix,R,22.362
LEC,25,25,25,2019,Spanish Grand Prix,R,22.362
LEC,46,46,46,2019,Spanish Grand Prix,R,22.362
MAG,23,23,23,2019,Spanish Grand Prix,R,22.362
NOR,26,26,26,2019,Spanish Grand Prix,R,22.362
RAI,25,28,28,2019,Spanish Grand Prix,R,22.362
RAI,43,43,45,2019,Spanish Grand Prix,R,22.362
RIC,22,24,24,2019,Spanish Grand Prix,R,22.362
RIC,45,45,45,2019,Spanish Grand Prix,R,22.362
RUS,29,32,32,2019,Spanish Grand Prix,R,22.362
RUS,42,42,44,2019,Spanish Grand Prix,R,22.362
SAI,43,46,46,2019,Spanish Grand Prix,R,22.362
VER,40,43,43,2019,Spanish Grand Prix,R,22.362
ALB,1,1,1,2019,United States Grand Prix,R,24.35
GAS,50,53,53,2019,United States Grand Prix,R,24.35
GIO,38,39,39,2019,United States Grand Prix,R,24.35
GRO,21,24,24,2019,United States Grand Prix,R,24.35
HAM,24,24,24,2019,United States Grand Prix,R,24.35
HUL,24,27,27,2019,United States Grand Prix,R,24.35
KUB,28,31,31,2019,United States Grand Prix,R,24.35
KVY,21,21,21,2019,United States Grand Prix,R,24.35
KVY,36,39,39,2019,United States Grand Prix,R,24.35
LEC,17,20,20,2019,United States Grand Prix,R,24.35
LEC,39,42,42,2019,United States Grand Prix,R,24.35
MAG,37,40,40,2019,United States Grand Prix,R,24.35
PER,23,24,24,2019,United States Grand Prix,R,24.35
RAI,40,40,40,2019,United States Grand Prix,R,24.35
RIC,20,21,21,2019,United States Grand Prix,R,24.35
RUS,21,23,23,2019,United States Grand Prix,R,24.35
RUS,46,46,46,2019,United States Grand Prix,R,24.35
STR,26,29,29,2019,United States Grand Prix,R,24.35
ALB,27,30,30,2020,70th Anniversary Grand Prix,R,28.408
BOT,29,32,32,2020,70th Anniversary Grand Prix,R,28.408
GAS,20,20,23,2020,70th Anniversary Grand Prix,R,28.408
GIO,30,33,33,2020,70th Anniversary Grand Prix,R,28.408
GRO,15,17,17,2020,70th Anniversary Grand Prix,R,28.408
GRO,35,38,38,2020,70th Anniversary Grand Prix,R,28.408
HUL,42,43,44,2020,70th Anniversary Grand Prix,R,28.408
KVY,19,19,19,2020,70th Anniversary Grand Prix,R,28.408
KVY,32,35,35,2020,70th Anniversary Grand Prix,R,28.408
LAT,9,9,9,2020,70th Anniversary Grand Prix,R,28.408
LEC,15,18,18,2020,70th Anniversary Grand Prix,R,28.408
MAG,20,20,20,2020,70th Anniversary Grand Prix,R,28.408
MAG,42,43,43,2020,70th Anniversary Grand Prix,R,28.408
NOR,26,28,29,2020,70th Anniversary Grand Prix,R,28.408
OCO,19,22,22,2020,70th Anniversary Grand Prix,R,28.408
RAI,23,26,26,2020,70th Anniversary Grand Prix,R,28.408
RIC,23,26,26,2020,70th Anniversary Grand Prix,R,28.408
RIC,32,35,35,2020,70th Anniversary Grand Prix,R,28.408
RUS,36,37,39,2020,70th Anniversary Grand Prix,R,28.408
SAI,19,22,22,2020,70th Anniversary Grand Prix,R,28.408
SAI,31,34,34,2020,70th Anniversary Grand Prix,R,28.408
STR,18,18,18,2020,70th Anniversary Grand Prix,R,28.408
VET,19,22,22,2020,70th Anniversary Grand Prix,R,28.408
VET,33,33,33,2020,70th Anniversary Grand Prix,R,28.408
FIT,33,34,34,2020,Abu Dhabi Grand Prix,R,22.314
FIT,48,48,48,2020,Abu Dhabi Grand Prix,R,22.314
GIO,24,27,27,2020,Abu Dhabi Grand Prix,R,22.314
KVY,10,10,10,2020,Abu Dhabi Grand Prix,R,22.314
LAT,11,11,11,2020,Abu Dhabi Grand Prix,R,22.314
LAT,32,33,35,2020,Abu Dhabi Grand Prix,R,22.314
LAT,35,35,35,2020,Abu Dhabi Grand Prix,R,22.314
LEC,19,22,22,2020,Abu Dhabi Grand Prix,R,22.314
MAG,28,31,31,2020,Abu Dhabi Grand Prix,R,22.314
MAG,44,46,47,2020,Abu Dhabi Grand Prix,R,22.314
RIC,36,39,39,2020,Abu Dhabi Grand Prix,R,22.314
VET,32,35,35,2020,Abu Dhabi Grand Prix,R,22.314
BOT,50,52,52,2020,Austrian Grand Prix,R,21.993
GAS,51,51,51,2020,Austrian Grand Prix,R,21.993
GIO,51,51,51,2020,Austrian Grand Prix,R,21.993
GRO,41,44,44,2020,Austrian Grand Prix,R,21.993
HAM,50,50,51,2020,Austrian Grand Prix,R,21.993
OCO,51,51,51,2020,Austrian Grand Prix,R,21.993
PER,51,51,51,2020,Austrian Grand Prix,R,21.993
RAI,43,46,46,2020,Austrian Grand Prix,R,21.993
RIC,9,12,12,2020,Austrian Grand Prix,R,21.993
STR,14,15,15,2020,Austrian Grand Prix,R,21.993
VER,10,10,10,2020,Austrian Grand Prix,R,21.993
ALB,31,34,34,2020,Bahrain Grand Prix,R,24.661
BOT,4,4,4,2020,Bahrain Grand Prix,R,24.661
BOT,23,23,25,2020,Bahrain Grand Prix,R,24.661
GAS,22,25,25,2020,Bahrain Grand Prix,R,24.661
GIO,50,53,53,2020,Bahrain Grand Prix,R,24.661
HAM,1,1,1,2020,Bahrain Grand Prix,R,24.661
KVY,1,1,1,2020,Bahrain Grand Prix,R,24.661
KVY,30,32,33,2020,Bahrain Grand Prix,R,24.661
LAT,19,20,21,2020,Bahrain Grand Prix,R,24.661
LEC,22,23,23,2020,Bahrain Grand Prix,R,24.661
LEC,40,40,40,2020,Bahrain Grand Prix,R,24.661
MAG,24,27,27,2020,Bahrain Grand Prix,R,24.661
MAG,50,53,53,2020,Bahrain Grand Prix,R,24.661
NOR,1,1,1,2020,Bahrain Grand Prix,R,24.661
NOR,15,18,18,2020,Bahrain Grand Prix,R,24.661
NOR,35,38,38,2020,Bahrain Grand Prix,R,24.661
OCO,17,17,17,2020,Bahrain Grand Prix,R,24.661
OCO,31,34,34,2020,Bahrain Grand Prix,R,24.661
PER,17,18,20,2020,Bahrain Grand Prix,R,24.661
PER,20,20,20,2020,Bahrain Grand Prix,R,24.661
PER,36,36,36,2020,Bahrain Grand Prix,R,24.661
RAI,40,40,40,2020,Bahrain Grand Prix,R,24.661
RIC,13,16,16,2020,Bahrain Grand Prix,R,24.661
RIC,33,33,36,2020,Bahrain Grand Prix,R,24.661
RIC,35,36,36,2020,Bahrain Grand Prix,R,24.661
RUS,20,20,20,2020,Bahrain Grand Prix,R,24.661
RUS,36,38,39,2020,Bahrain Grand Prix,R,24.661
SAI,39,39,39,2020,Bahrain Grand Prix,R,24.661
STR,1,1,1,2020,Bahrain Grand Prix,R,24.661
VER,20,20,20,2020,Bahrain Grand Prix,R,24.661
VET,18,18,20,2020,Bahrain Grand Prix,R,24.661
VET,36,39,39,2020,Bahrain Grand Prix,R,24.661
GAS,23,26,26,2020,Belgian Grand Prix,R,23.503
LAT,28,28,30,2020,Belgian Grand Prix,R,23.503
LAT,30,30,30,2020,Belgian Grand Prix,R,23.503
LEC,24,24,24,2020,Belgian Grand Prix,R,23.503
MAG,35,35,35,2020,Belgian Grand Prix,R,23.503
PER,15,18,18,2020,Belgian Grand Prix,R,23.503
ALB,27,30,30,2020,British Grand Prix,R,33.578
GRO,33,36,36,2020,British Grand Prix,R,33.578
RAI,44,47,47,2020,British Grand Prix,R,33.578
GAS,27,30,30,2020,Eifel Grand Prix,R,22.7525
GRO,28,28,28,2020,Eifel Grand Prix,R,22.7525
HUL,26,27,29,2020,Eifel Grand Prix,R,22.7525
HUL,29,29,29,2020,Eifel Grand Prix,R,22.7525
KVY,16,17,17,2020,Eifel Grand Prix,R,22.7525
KVY,42,43,44,2020,Eifel Grand Prix,R,22.7525
LAT,12,12,14,2020,Eifel Grand Prix,R,22.7525
LAT,31,33,33,2020,Eifel Grand Prix,R,22.7525
LEC,32,35,35,2020,Eifel Grand Prix,R,22.7525
MAG,13,13,14,2020,Eifel Grand Prix,R,22.7525
MAG,34,34,34,2020,Eifel Grand Prix,R,22.7525
OCO,22,22,22,2020,Eifel Grand Prix,R,22.7525
RAI,10,10,10,2020,Eifel Grand Prix,R,22.7525
RAI,41,44,44,2020,Eifel Grand Prix,R,22.7525
RIC,15,15,16,2020,Eifel Grand Prix,R,22.7525
VET,11,11,11,2020,Eifel Grand Prix,R,22.7525
VET,38,41,41,2020,Eifel Grand Prix,R,22.7525
ALB,58,59,59,2020,Emilia Romagna Grand Prix,R,30.146
BOT,51,51,51,2020,Emilia Romagna Grand Prix,R,30.146
GRO,47,50,50,2020,Emilia Romagna Grand Prix,R,30.146
LAT,34,34,34,2020,Emilia Romagna Grand Prix,R,30.146
MAG,27,27,27,2020,Emilia Romagna Grand Prix,R,30.146
NOR,13,13,13,2020,Emilia Romagna Grand Prix,R,30.146
NOR,50,51,53,2020,Emilia Romagna Grand Prix,R,30.146
PER,24,27,27,2020,Emilia Romagna Grand Prix,R,30.146
RAI,45,48,48,2020,Emilia Romagna Grand Prix,R,30.146
SAI,17,17,17,2020,Emilia Romagna Grand Prix,R,30.146
STR,26,28,29,2020,Emilia Romagna Grand Prix,R,30.146
STR,51,52,52,2020,Emilia Romagna Grand Prix,R,30.146
VET,36,39,39,2020,Emilia Romagna Grand Prix,R,30.146
VET,49,50,51,2020,Emilia Romagna Grand Prix,R,30.146
BOT,46,49,49,2020,Hungarian Grand Prix,R,22.406
GIO,4,4,4,2020,Hungarian Grand Prix,R,22.406
GIO,20,20,20,2020,Hungarian Grand Prix,R,22.406
GIO,37,40,40,2020,Hungarian Grand Prix,R,22.406
GRO,34,34,34,2020,Hungarian Grand Prix,R,22.406
KVY,18,18,18,2020,Hungarian Grand Prix,R,22.406
LEC,17,20,20,2020,Hungarian Grand Prix,R,22.406
MAG,34,34,35,2020,Hungarian Grand Prix,R,22.406
NOR,32,33,35,2020,Hungarian Grand Prix,R,22.406
OCO,30,31,31,2020,Hungarian Grand Prix,R,22.406
PER,32,35,35,2020,Hungarian Grand Prix,R,22.406
RAI,31,33,33,2020,Hungarian Grand Prix,R,22.406
RIC,4,4,4,2020,Hungarian Grand Prix,R,22.406
RIC,40,43,43,2020,Hungarian Grand Prix,R,22.406
RUS,47,48,50,2020,Hungarian Grand Prix,R,22.406
RUS,50,50,50,2020,Hungarian Grand Prix,R,22.406
SAI,40,40,40,2020,Hungarian Grand Prix,R,22.406
STR,32,35,35,2020,Hungarian Grand Prix,R,22.406
STR,50,52,52,2020,Hungarian Grand Prix,R,22.406
VER,36,36,36,2020,Hungarian Grand Prix,R,22.406
ALB,20,22,22,2020,Italian Grand Prix,R,28.887
GAS,16,19,19,2020,Italian Grand Prix,R,28.887
KVY,22,22,22,2020,Italian Grand Prix,R,28.887
LAT,23,26,26,2020,Italian Grand Prix,R,28.887
NOR,21,21,22,2020,Italian Grand Prix,R,28.887
OCO,22,22,22,2020,Italian Grand Prix,R,28.887
SAI,21,22,22,2020,Italian Grand Prix,R,28.887
STR,23,26,26,2020,Italian Grand Prix,R,28.887
VER,27,27,30,2020,Italian Grand Prix,R,28.887
VER,30,30,30,2020,Italian Grand Prix,R,28.887
ALB,16,18,19,2020,Portuguese Grand Prix,R,27.236
ALB,46,46,46,2020,Portuguese Grand Prix,R,27.236
BOT,41,41,41,2020,Portuguese Grand Prix,R,27.236
GIO,28,28,28,2020,Portuguese Grand Prix,R,27.236
KVY,52,54,55,2020,Portuguese Grand Prix,R,27.236
LAT,24,24,24,2020,Portuguese Grand Prix,R,27.236
MAG,29,31,31,2020,Portuguese Grand Prix,R,27.236
NOR,41,43,43,2020,Portuguese Grand Prix,R,27.236
OCO,50,53,53,2020,Portuguese Grand Prix,R,27.236
PER,1,1,1,2020,Portuguese Grand Prix,R,27.236
PER,42,45,45,2020,Portuguese Grand Prix,R,27.236
RIC,13,13,14,2020,Portuguese Grand Prix,R,27.236
SAI,26,26,26,2020,Portuguese Grand Prix,R,27.236
STR,31,32,34,2020,Portuguese Grand Prix,R,27.236
STR,34,34,34,2020,Portuguese Grand Prix,R,27.236
VET,24,25,27,2020,Portuguese Grand Prix,R,27.236
VET,27,27,27,2020,Portuguese Grand Prix,R,27.236
ALB,1,1,1,2020,Russian Grand Prix,R,30.057
GAS,18,18,18,2020,Russian Grand Prix,R,30.057
GAS,39,42,42,2020,Russian Grand Prix,R,30.057
GRO,17,17,17,2020,Russian Grand Prix,R,30.057
GRO,39,39,42,2020,Russian Grand Prix,R,30.057
GRO,41,42,42,2020,Russian Grand Prix,R,30.057
KVY,27,30,30,2020,Russian Grand Prix,R,30.057
LEC,27,27,28,2020,Russian Grand Prix,R,30.057
MAG,19,19,19,2020,Russian Grand Prix,R,30.057
NOR,44,47,47,2020,Russian Grand Prix,R,30.057
RAI,32,35,35,2020,Russian Grand Prix,R,30.057
RIC,15,15,15,2020,Russian Grand Prix,R,30.057
RUS,47,50,50,2020,Russian Grand Prix,R,30.057
VET,27,30,30,2020,Russian Grand Prix,R,30.057
AIT,28,30,31,2020,Sakhir Grand Prix,R,24.538
AIT,51,51,54,2020,Sakhir Grand Prix,R,24.538
ALB,47,47,47,2020,Sakhir Grand Prix,R,24.538
FIT,28,29,31,2020,Sakhir Grand Prix,R,24.538
FIT,31,31,31,2020,Sakhir Grand Prix,R,24.538
FIT,51,51,53,2020,Sakhir Grand Prix,R,24.538
FIT,53,53,53,2020,Sakhir Grand Prix,R,24.538
FIT,61,63,63,2020,Sakhir Grand Prix,R,24.538
GAS,28,28,28,2020,Sakhir Grand Prix,R,24.538
GAS,48,51,51,2020,Sakhir Grand Prix,R,24.538
GIO,53,53,54,2020,Sakhir Grand Prix,R,24.538
KVY,50,53,53,2020,Sakhir Grand Prix,R,24.538
MAG,53,53,54,2020,Sakhir Grand Prix,R,24.538
NOR,52,54,54,2020,Sakhir Grand Prix,R,24.538
PER,1,1,1,2020,Sakhir Grand Prix,R,24.538
PER,46,47,47,2020,Sakhir Grand Prix,R,24.538
RAI,51,54,54,2020,Sakhir Grand Prix,R,24.538
SAI,52,55,55,2020,Sakhir Grand Prix,R,24.538
VET,31,31,31,2020,Sakhir Grand Prix,R,24.538
BOT,48,48,48,2020,Spanish Grand Prix,R,22.245
GAS,41,42,42,2020,Spanish Grand Prix,R,22.245
GIO,42,45,45,2020,Spanish Grand Prix,R,22.245
GRO,30,32,32,2020,Spanish Grand Prix,R,22.245
GRO,59,62,62,2020,Spanish Grand Prix,R,22.245
KVY,45,45,45,2020,Spanish Grand Prix,R,22.245
LAT,25,27,28,2020,Spanish Grand Prix,R,22.245
LAT,49,49,49,2020,Spanish Grand Prix,R,22.245
MAG,25,26,28,2020,Spanish Grand Prix,R,22.245
MAG,28,28,28,2020,Spanish Grand Prix,R,22.245
NOR,21,21,21,2020,Spanish Grand Prix,R,22.245
NOR,41,44,44,2020,Spanish Grand Prix,R,22.245
OCO,31,34,34,2020,Spanish Grand Prix,R,22.245
PER,27,29,29,2020,Spanish Grand Prix,R,22.245
RAI,41,44,44,2020,Spanish Grand Prix,R,22.245
RIC,35,35,35,2020,Spanish Grand Prix,R,22.245
RUS,18,18,19,2020,Spanish Grand Prix,R,22.245
RUS,32,33,35,2020,Spanish Grand Prix,R,22.245
SAI,38,40,41,2020,Spanish Grand Prix,R,22.245
STR,24,26,27,2020,Spanish Grand Prix,R,22.245
ALB,32,33,35,2020,Styrian Grand Prix,R,21.8995
BOT,34,34,34,2020,Styrian Grand Prix,R,21.8995
GAS,46,49,49,2020,Styrian Grand Prix,R,21.8995
GIO,36,38,39,2020,Styrian Grand Prix,R,21.8995
GRO,34,36,37,2020,Styrian Grand Prix,R,21.8995
KVY,36,36,36,2020,Styrian Grand Prix,R,21.8995
NOR,39,39,39,2020,Styrian Grand Prix,R,21.8995
PER,37,38,38,2020,Styrian Grand Prix,R,21.8995
RAI,41,44,44,2020,Styrian Grand Prix,R,21.8995
RIC,35,36,37,2020,Styrian Grand Prix,R,21.8995
RUS,32,34,34,2020,Styrian Grand Prix,R,21.8995
SAI,63,65,66,2020,Styrian Grand Prix,R,21.8995
VER,65,68,68,2020,Styrian Grand Prix,R,21.8995
ALB,12,12,12,2020,Turkish Grand Prix,R,23.7095
ALB,34,34,34,2020,Turkish Grand Prix,R,23.7095
BOT,43,46,46,2020,Turkish Grand Prix,R,23.7095
GAS,7,7,10,2020,Turkish Grand Prix,R,23.7095
GAS,9,9,10,2020,Turkish Grand Prix,R,23.7095
GIO,5,8,8,2020,Turkish Grand Prix,R,23.7095
GRO,33,34,36,2020,Turkish Grand Prix,R,23.7095
LAT,37,38,38,2020,Turkish Grand Prix,R,23.7095
LEC,27,30,30,2020,Turkish Grand Prix,R,23.7095
MAG,52,55,55,2020,Turkish Grand Prix,R,23.7095
NOR,33,36,36,2020,Turkish Grand Prix,R,23.7095
OCO,1,1,1,2020,Turkish Grand Prix,R,23.7095
OCO,7,10,10,2020,Turkish Grand Prix,R,23.7095
PER,10,10,10,2020,Turkish Grand Prix,R,23.7095
RAI,5,8,8,2020,Turkish Grand Prix,R,23.7095
RAI,48,50,50,2020,Turkish Grand Prix,R,23.7095
RIC,7,10,10,2020,Turkish Grand Prix,R,23.7095
RUS,29,32,32,2020,Turkish Grand Prix,R,23.7095
SAI,8,8,10,2020,Turkish Grand Prix,R,23.7095
VER,8,11,11,2020,Turkish Grand Prix,R,23.7095
VER,43,43,43,2020,Turkish Grand Prix,R,23.7095
VET,30,32,33,2020,Turkish Grand Prix,R,23.7095
ALB,32,32,32,2020,Tuscan Grand Prix,R,23.1535
GRO,26,27,28,2020,Tuscan Grand Prix,R,23.1535
GRO,39,41,42,2020,Tuscan Grand Prix,R,23.1535
GRO,43,43,44,2020,Tuscan Grand Prix,R,23.1535
HAM,32,32,32,2020,Tuscan Grand Prix,R,23.1535
KVY,40,43,43,2020,Tuscan Grand Prix,R,23.1535
LEC,34,37,37,2020,Tuscan Grand Prix,R,23.1535
LEC,44,45,45,2020,Tuscan Grand Prix,R,23.1535
NOR,29,29,29,2020,Tuscan Grand Prix,R,23.1535
OCO,4,8,7,2020,Tuscan Grand Prix,R,23.1535
PER,28,28,28,2020,Tuscan Grand Prix,R,23.1535
PER,40,43,43,2020,Tuscan Grand Prix,R,23.1535
RAI,24,27,27,2020,Tuscan Grand Prix,R,23.1535
RAI,39,42,42,2020,Tuscan Grand Prix,R,23.1535
RIC,40,45,43,2020,Tuscan Grand Prix,R,23.1535
RUS,28,28,29,2020,Tuscan Grand Prix,R,23.1535
RUS,43,43,43,2020,Tuscan Grand Prix,R,23.1535
VET,25,27,28,2020,Tuscan Grand Prix,R,23.1535
VET,44,45,45,2020,Tuscan Grand Prix,R,23.1535
ALO,33,36,36,2021,Abu Dhabi Grand Prix,R,21.726
BOT,27,30,30,2021,Abu Dhabi Grand Prix,R,21.726
GAS,54,54,54,2021,Abu Dhabi Grand Prix,R,21.726
LAT,25,28,28,2021,Abu Dhabi Grand Prix,R,21.726
LEC,34,35,35,2021,Abu Dhabi Grand Prix,R,21.726
MSC,49,52,52,2021,Abu Dhabi Grand Prix,R,21.726
NOR,14,17,17,2021,Abu Dhabi Grand Prix,R,21.726
NOR,48,48,48,2021,Abu Dhabi Grand Prix,R,21.726
PER,20,21,21,2021,Abu Dhabi Grand Prix,R,21.726
RAI,20,20,21,2021,Abu Dhabi Grand Prix,R,21.726
RIC,18,18,18,2021,Abu Dhabi Grand Prix,R,21.726
RIC,52,52,52,2021,Abu Dhabi Grand Prix,R,21.726
RUS,25,25,26,2021,Abu Dhabi Grand Prix,R,21.726
SAI,16,19,19,2021,Abu Dhabi Grand Prix,R,21.726
STR,21,21,21,2021,Abu Dhabi Grand Prix,R,21.726
TSU,20,22,23,2021,Abu Dhabi Grand Prix,R,21.726
TSU,50,53,53,2021,Abu Dhabi Grand Prix,R,21.726
VET,20,23,23,2021,Abu Dhabi Grand Prix,R,21.726
ALO,32,32,32,2021,Austrian Grand Prix,R,21.252
GAS,45,45,45,2021,Austrian Grand Prix,R,21.252
GIO,29,29,29,2021,Austrian Grand Prix,R,21.252
HAM,53,53,53,2021,Austrian Grand Prix,R,21.252
LAT,31,31,33,2021,Austrian Grand Prix,R,21.252
LAT,33,33,33,2021,Austrian Grand Prix,R,21.252
LEC,31,34,34,2021,Austrian Grand Prix,R,21.252
MSC,34,34,34,2021,Austrian Grand Prix,R,21.252
PER,32,32,32,2021,Austrian Grand Prix,R,21.252
RAI,37,37,37,2021,Austrian Grand Prix,R,21.252
RUS,27,30,30,2021,Austrian Grand Prix,R,21.252
SAI,45,48,48,2021,Austrian Grand Prix,R,21.252
STR,14,14,14,2021,Austrian Grand Prix,R,21.252
STR,43,46,46,2021,Austrian Grand Prix,R,21.252
TSU,49,51,51,2021,Austrian Grand Prix,R,21.252
VET,17,17,17,2021,Austrian Grand Prix,R,21.252
VET,49,49,49,2021,Austrian Grand Prix,R,21.252
ALO,7,7,7,2021,Azerbaijan Grand Prix,R,20.346
ALO,31,34,34,2021,Azerbaijan Grand Prix,R,20.346
BOT,8,9,11,2021,Azerbaijan Grand Prix,R,20.346
BOT,44,47,47,2021,Azerbaijan Grand Prix,R,20.346
GAS,44,48,47,2021,Azerbaijan Grand Prix,R,20.346
GIO,31,34,34,2021,Azerbaijan Grand Prix,R,20.346
LAT,45,46,48,2021,Azerbaijan Grand Prix,R,20.346
LAT,48,48,48,2021,Azerbaijan Grand Prix,R,20.346
MAZ,8,8,9,2021,Azerbaijan Grand Prix,R,20.346
MAZ,33,33,34,2021,Azerbaijan Grand Prix,R,20.346
RAI,10,10,13,2021,Azerbaijan Grand Prix,R,20.346
RAI,12,13,13,2021,Azerbaijan Grand Prix,R,20.346
RAI,44,48,47,2021,Azerbaijan Grand Prix,R,20.346
RIC,11,11,11,2021,Azerbaijan Grand Prix,R,20.346
RUS,31,33,34,2021,Azerbaijan Grand Prix,R,20.346
TSU,6,8,9,2021,Azerbaijan Grand Prix,R,20.346
VET,18,18,18,2021,Azerbaijan Grand Prix,R,20.346
ALO,26,28,29,2021,Bahrain Grand Prix,R,24.614
BOT,51,54,54,2021,Bahrain Grand Prix,R,24.614
GAS,4,4,4,2021,Bahrain Grand Prix,R,24.614
GAS,16,19,19,2021,Bahrain Grand Prix,R,24.614
GAS,39,39,39,2021,Bahrain Grand Prix,R,24.614
HAM,28,28,28,2021,Bahrain Grand Prix,R,24.614
LAT,14,14,14,2021,Bahrain Grand Prix,R,24.614
LAT,29,32,32,2021,Bahrain Grand Prix,R,24.614
LEC,30,30,32,2021,Bahrain Grand Prix,R,24.614
LEC,32,32,32,2021,Bahrain Grand Prix,R,24.614
MSC,14,14,14,2021,Bahrain Grand Prix,R,24.614
MSC,31,31,33,2021,Bahrain Grand Prix,R,24.614
MSC,33,33,33,2021,Bahrain Grand Prix,R,24.614
NOR,30,33,33,2021,Bahrain Grand Prix,R,24.614
PER,1,2,2,2021,Bahrain Grand Prix,R,24.614
PER,18,19,19,2021,Bahrain Grand Prix,R,24.614
PER,35,38,38,2021,Bahrain Grand Prix,R,24.614
RIC,30,31,32,2021,Bahrain Grand Prix,R,24.614
RUS,13,13,13,2021,Bahrain Grand Prix,R,24.614
RUS,33,36,36,2021,Bahrain Grand Prix,R,24.614
SAI,34,37,37,2021,Bahrain Grand Prix,R,24.614
STR,27,28,28,2021,Bahrain Grand Prix,R,24.614
TSU,12,13,15,2021,Bahrain Grand Prix,R,24.614
TSU,15,15,15,2021,Bahrain Grand Prix,R,24.614
TSU,33,33,33,2021,Bahrain Grand Prix,R,24.614
VET,21,24,24,2021,Bahrain Grand Prix,R,24.614
ALO,23,24,24,2021,British Grand Prix,R,28.741
GAS,25,26,28,2021,British Grand Prix,R,28.741
GAS,28,28,28,2021,British Grand Prix,R,28.741
GIO,21,22,23,2021,British Grand Prix,R,28.741
MAZ,1,2,2,2021,British Grand Prix,R,28.741
MAZ,24,25,25,2021,British Grand Prix,R,28.741
MSC,1,2,2,2021,British Grand Prix,R,28.741
MSC,21,22,24,2021,British Grand Prix,R,28.741
MSC,24,24,24,2021,British Grand Prix,R,28.741
PER,35,38,38,2021,British Grand Prix,R,28.741
STR,1,2,2,2021,British Grand Prix,R,28.741
STR,22,22,23,2021,British Grand Prix,R,28.741
TSU,27,27,30,2021,British Grand Prix,R,28.741
TSU,29,30,30,2021,British Grand Prix,R,28.741
VET,1,2,2,2021,British Grand Prix,R,28.741
VET,15,18,18,2021,British Grand Prix,R,28.741
VET,37,40,40,2021,British Grand Prix,R,28.741
ALO,30,30,33,2021,Dutch Grand Prix,R,19.406
ALO,32,33,33,2021,Dutch Grand Prix,R,19.406
BOT,30,31,31,2021,Dutch Grand Prix,R,19.406
BOT,64,66,67,2021,Dutch Grand Prix,R,19.406
GAS,21,23,24,2021,Dutch Grand Prix,R,19.406
GIO,31,32,33,2021,Dutch Grand Prix,R,19.406
HAM,67,70,70,2021,Dutch Grand Prix,R,19.406
KUB,37,40,40,2021,Dutch Grand Prix,R,19.406
LEC,32,34,34,2021,Dutch Grand Prix,R,19.406
MAZ,31,33,33,2021,Dutch Grand Prix,R,19.406
MAZ,41,41,41,2021,Dutch Grand Prix,R,19.406
NOR,39,42,42,2021,Dutch Grand Prix,R,19.406
PER,44,47,47,2021,Dutch Grand Prix,R,19.406
RUS,65,68,68,2021,Dutch Grand Prix,R,19.406
TSU,28,29,31,2021,Dutch Grand Prix,R,19.406
VET,41,44,44,2021,Dutch Grand Prix,R,19.406
ALO,27,28,28,2021,Emilia Romagna Grand Prix,R,32.1955
GAS,26,26,26,2021,Emilia Romagna Grand Prix,R,32.1955
GIO,33,33,33,2021,Emilia Romagna Grand Prix,R,32.1955
HAM,29,31,31,2021,Emilia Romagna Grand Prix,R,32.1955
MAZ,22,23,23,2021,Emilia Romagna Grand Prix,R,32.1955
MAZ,29,31,31,2021,Emilia Romagna Grand Prix,R,32.1955
MSC,4,4,5,2021,Emilia Romagna Grand Prix,R,32.1955
MSC,20,21,21,2021,Emilia Romagna Grand Prix,R,32.1955
MSC,29,31,31,2021,Emilia Romagna Grand Prix,R,32.1955
TSU,25,25,25,2021,Emilia Romagna Grand Prix,R,32.1955
TSU,32,32,32,2021,Emilia Romagna Grand Prix,R,32.1955
VET,29,32,32,2021,Emilia Romagna Grand Prix,R,32.1955
ALO,15,18,18,2021,French Grand Prix,R,30.45
GIO,25,26,28,2021,French Grand Prix,R,30.45
LAT,18,18,18,2021,French Grand Prix,R,30.45
LEC,14,14,14,2021,French Grand Prix,R,30.45
LEC,35,38,38,2021,French Grand Prix,R,30.45
MAZ,29,31,31,2021,French Grand Prix,R,30.45
NOR,21,24,24,2021,French Grand Prix,R,30.45
OCO,26,28,28,2021,French Grand Prix,R,30.45
PER,24,24,24,2021,French Grand Prix,R,30.45
RAI,30,33,33,2021,French Grand Prix,R,30.45
RIC,16,16,16,2021,French Grand Prix,R,30.45
RUS,17,17,17,2021,French Grand Prix,R,30.45
SAI,17,17,17,2021,French Grand Prix,R,30.45
STR,34,34,34,2021,French Grand Prix,R,30.45
VER,32,32,32,2021,French Grand Prix,R,30.45
VET,34,37,37,2021,French Grand Prix,R,30.45
ALO,38,38,39,2021,Hungarian Grand Prix,R,22.692
GAS,65,67,68,2021,Hungarian Grand Prix,R,22.692
GIO,30,33,33,2021,Hungarian Grand Prix,R,22.692
HAM,44,47,47,2021,Hungarian Grand Prix,R,22.692
MSC,31,34,34,2021,Hungarian Grand Prix,R,22.692
RAI,50,53,53,2021,Hungarian Grand Prix,R,22.692
ALO,24,24,25,2021,Italian Grand Prix,R,24.679
GIO,24,25,25,2021,Italian Grand Prix,R,24.679
MAZ,23,23,24,2021,Italian Grand Prix,R,24.679
MAZ,26,28,28,2021,Italian Grand Prix,R,24.679
SAI,25,25,26,2021,Italian Grand Prix,R,24.679
STR,25,25,25,2021,Italian Grand Prix,R,24.679
VET,24,25,26,2021,Italian Grand Prix,R,24.679
ALO,36,39,39,2021,Mexico City Grand Prix,R,22.697
BOT,38,38,40,2021,Mexico City Grand Prix,R,22.697
BOT,40,40,40,2021,Mexico City Grand Prix,R,22.697
GAS,31,31,31,2021,Mexico City Grand Prix,R,22.697
LAT,46,49,49,2021,Mexico City Grand Prix,R,22.697
MAZ,55,58,58,2021,Mexico City Grand Prix,R,22.697
NOR,41,41,44,2021,Mexico City Grand Prix,R,22.697
NOR,43,44,44,2021,Mexico City Grand Prix,R,22.697
PER,40,40,40,2021,Mexico City Grand Prix,R,22.697
RAI,32,32,32,2021,Mexico City Grand Prix,R,22.697
RIC,35,37,38,2021,Mexico City Grand Prix,R,22.697
SAI,39,39,42,2021,Mexico City Grand Prix,R,22.697
SAI,41,42,42,2021,Mexico City Grand Prix,R,22.697
STR,12,12,12,2021,Mexico City Grand Prix,R,22.697
VET,33,33,33,2021,Mexico City Grand Prix,R,22.697
ALO,42,45,45,2021,Monaco Grand Prix,R,23.893
GIO,32,33,33,2021,Monaco Grand Prix,R,23.893
HAM,29,29,29,2021,Monaco Grand Prix,R,23.893
HAM,67,67,67,2021,Monaco Grand Prix,R,23.893
LAT,40,43,43,2021,Monaco Grand Prix,R,23.893
MAZ,31,31,34,2021,Monaco Grand Prix,R,23.893
MSC,35,37,37,2021,Monaco Grand Prix,R,23.893
OCO,34,36,37,2021,Monaco Grand Prix,R,23.893
PER,35,35,35,2021,Monaco Grand Prix,R,23.893
STR,55,58,58,2021,Monaco Grand Prix,R,23.893
TSU,61,64,64,2021,Monaco Grand Prix,R,23.893
VER,34,34,34,2021,Monaco Grand Prix,R,23.893
VET,31,31,31,2021,Monaco Grand Prix,R,23.893
BOT,1,1,2,2021,Portuguese Grand Prix,R,26.7105
GAS,24,24,24,2021,Portuguese Grand Prix,R,26.7105
HAM,37,37,37,2021,Portuguese Grand Prix,R,26.7105
LAT,22,22,24,2021,Portuguese Grand Prix,R,26.7105
LAT,24,24,24,2021,Portuguese Grand Prix,R,26.7105
MAZ,29,31,31,2021,Portuguese Grand Prix,R,26.7105
MSC,29,32,32,2021,Portuguese Grand Prix,R,26.7105
PER,51,51,51,2021,Portuguese Grand Prix,R,26.7105
RIC,38,41,41,2021,Portuguese Grand Prix,R,26.7105
RUS,26,27,28,2021,Portuguese Grand Prix,R,26.7105
VET,19,20,22,2021,Portuguese Grand Prix,R,26.7105
VET,22,22,22,2021,Portuguese Grand Prix,R,26.7105
ALO,20,22,23,2021,Qatar Grand Prix,R,25.73
BOT,30,33,33,2021,Qatar Grand Prix,R,25.73
BOT,46,48,49,2021,Qatar Grand Prix,R,25.73
GAS,32,35,35,2021,Qatar Grand Prix,R,25.73
GIO,15,15,15,2021,Qatar Grand Prix,R,25.73
GIO,29,32,32,2021,Qatar Grand Prix,R,25.73
HAM,42,42,42,2021,Qatar Grand Prix,R,25.73
LAT,18,18,18,2021,Qatar Grand Prix,R,25.73
LEC,27,27,27,2021,Qatar Grand Prix,R,25.73
MAZ,28,31,31,2021,Qatar Grand Prix,R,25.73
MSC,19,22,22,2021,Qatar Grand Prix,R,25.73
OCO,24,24,24,2021,Qatar Grand Prix,R,25.73
PER,41,41,41,2021,Qatar Grand Prix,R,25.73
RAI,28,30,30,2021,Qatar Grand Prix,R,25.73
RIC,24,26,26,2021,Qatar Grand Prix,R,25.73
RUS,17,17,17,2021,Qatar Grand Prix,R,25.73
RUS,46,48,49,2021,Qatar Grand Prix,R,25.73
SAI,27,27,27,2021,Qatar Grand Prix,R,25.73
STR,23,23,23,2021,Qatar Grand Prix,R,25.73
TSU,6,6,9,2021,Qatar Grand Prix,R,25.73
TSU,9,9,9,2021,Qatar Grand Prix,R,25.73
TSU,31,34,34,2021,Qatar Grand Prix,R,25.73
VER,41,41,41,2021,Qatar Grand Prix,R,25.73
VER,55,55,55,2021,Qatar Grand Prix,R,25.73
VET,23,26,26,2021,Qatar Grand Prix,R,25.73
ALO,36,36,36,2021,Russian Grand Prix,R,30.652
BOT,27,28,28,2021,Russian Grand Prix,R,30.652
GAS,30,33,33,2021,Russian Grand Prix,R,30.652
GAS,49,49,50,2021,Russian Grand Prix,R,30.652
GIO,34,36,36,2021,Russian Grand Prix,R,30.652
LAT,44,47,47,2021,Russian Grand Prix,R,30.652
LEC,34,35,35,2021,Russian Grand Prix,R,30.652
LEC,50,51,51,2021,Russian Grand Prix,R,30.652
MAZ,43,43,46,2021,Russian Grand Prix,R,30.652
MAZ,45,46,46,2021,Russian Grand Prix,R,30.652
MSC,17,20,20,2021,Russian Grand Prix,R,30.652
NOR,51,51,51,2021,Russian Grand Prix,R,30.652
OCO,48,50,50,2021,Russian Grand Prix,R,30.652
RAI,47,47,47,2021,Russian Grand Prix,R,30.652
RIC,45,48,48,2021,Russian Grand Prix,R,30.652
RUS,46,47,47,2021,Russian Grand Prix,R,30.652
SAI,45,48,48,2021,Russian Grand Prix,R,30.652
STR,45,48,48,2021,Russian Grand Prix,R,30.652
TSU,47,47,47,2021,Russian Grand Prix,R,30.652
VER,45,46,48,2021,Russian Grand Prix,R,30.652
VER,48,48,48,2021,Russian Grand Prix,R,30.652
VET,26,26,26,2021,Russian Grand Prix,R,30.652
VET,47,47,50,2021,Russian Grand Prix,R,30.652
VET,49,50,50,2021,Russian Grand Prix,R,30.652
ALO,14,15,15,2021,Saudi Arabian Grand Prix,R,21.09
BOT,14,15,15,2021,Saudi Arabian Grand Prix,R,21.09
GAS,10,13,13,2021,Saudi Arabian Grand Prix,R,21.09
GIO,10,13,13,2021,Saudi Arabian Grand Prix,R,21.09
HAM,14,15,15,2021,Saudi Arabian Grand Prix,R,21.09
LEC,14,15,15,2021,Saudi Arabian Grand Prix,R,21.09
MAZ,11,13,13,2021,Saudi Arabian Grand Prix,R,21.09
NOR,14,14,15,2021,Saudi Arabian Grand Prix,R,21.09
OCO,11,13,13,2021,Saudi Arabian Grand Prix,R,21.09
RAI,13,13,13,2021,Saudi Arabian Grand Prix,R,21.09
RIC,13,13,13,2021,Saudi Arabian Grand Prix,R,21.09
SAI,11,15,13,2021,Saudi Arabian Grand Prix,R,21.09
STR,15,15,15,2021,Saudi Arabian Grand Prix,R,21.09
TSU,10,10,13,2021,Saudi Arabian Grand Prix,R,21.09
ALO,18,21,21,2021,Spanish Grand Prix,R,22.295
ALO,58,61,61,2021,Spanish Grand Prix,R,22.295
BOT,52,53,53,2021,Spanish Grand Prix,R,22.295
GAS,18,18,18,2021,Spanish Grand Prix,R,22.295
GAS,44,47,47,2021,Spanish Grand Prix,R,22.295
GIO,36,39,39,2021,Spanish Grand Prix,R,22.295
LAT,26,27,27,2021,Spanish Grand Prix,R,22.295
LAT,47,50,50,2021,Spanish Grand Prix,R,22.295
LEC,28,28,28,2021,Spanish Grand Prix,R,22.295
LEC,55,58,58,2021,Spanish Grand Prix,R,22.295
MAZ,22,22,22,2021,Spanish Grand Prix,R,22.295
MAZ,39,42,42,2021,Spanish Grand Prix,R,22.295
MSC,20,20,23,2021,Spanish Grand Prix,R,22.295
MSC,23,23,23,2021,Spanish Grand Prix,R,22.295
MSC,48,50,50,2021,Spanish Grand Prix,R,22.295
NOR,49,51,51,2021,Spanish Grand Prix,R,22.295
PER,25,27,27,2021,Spanish Grand Prix,R,22.295
PER,54,55,57,2021,Spanish Grand Prix,R,22.295
RAI,34,37,37,2021,Spanish Grand Prix,R,22.295
RIC,43,45,46,2021,Spanish Grand Prix,R,22.295
RUS,27,28,28,2021,Spanish Grand Prix,R,22.295
SAI,43,46,46,2021,Spanish Grand Prix,R,22.295
VER,60,60,60,2021,Spanish Grand Prix,R,22.295
ALO,27,27,27,2021,Styrian Grand Prix,R,21.5855
GAS,1,1,1,2021,Styrian Grand Prix,R,21.5855
LEC,1,1,1,2021,Styrian Grand Prix,R,21.5855
LEC,37,37,37,2021,Styrian Grand Prix,R,21.5855
MSC,30,33,33,2021,Styrian Grand Prix,R,21.5855
NOR,29,31,31,2021,Styrian Grand Prix,R,21.5855
OCO,36,36,36,2021,Styrian Grand Prix,R,21.5855
RAI,33,36,36,2021,Styrian Grand Prix,R,21.5855
RIC,38,41,41,2021,Styrian Grand Prix,R,21.5855
SAI,38,41,41,2021,Styrian Grand Prix,R,21.5855
STR,28,28,28,2021,Styrian Grand Prix,R,21.5855
TSU,23,24,26,2021,Styrian Grand Prix,R,21.5855
TSU,26,26,26,2021,Styrian Grand Prix,R,21.5855
VER,29,29,29,2021,Styrian Grand Prix,R,21.5855
ALO,31,34,34,2021,São Paulo Grand Prix,R,23.367
GIO,29,29,29,2021,São Paulo Grand Prix,R,23.367
LAT,10,13,13,2021,São Paulo Grand Prix,R,23.367
LAT,36,36,39,2021,São Paulo Grand Prix,R,23.367
LEC,49,51,52,2021,São Paulo Grand Prix,R,23.367
MAZ,31,34,34,2021,São Paulo Grand Prix,R,23.367
MSC,11,11,11,2021,São Paulo Grand Prix,R,23.367
MSC,58,61,61,2021,São Paulo Grand Prix,R,23.367
NOR,5,8,6,2021,São Paulo Grand Prix,R,23.367
NOR,35,37,37,2021,São Paulo Grand Prix,R,23.367
OCO,29,29,30,2021,São Paulo Grand Prix,R,23.367
RAI,28,28,28,2021,São Paulo Grand Prix,R,23.367
RIC,29,29,30,2021,São Paulo Grand Prix,R,23.367
RIC,49,49,49,2021,São Paulo Grand Prix,R,23.367
RUS,40,40,41,2021,São Paulo Grand Prix,R,23.367
SAI,52,53,53,2021,São Paulo Grand Prix,R,23.367
STR,22,22,22,2021,São Paulo Grand Prix,R,23.367
STR,44,47,47,2021,São Paulo Grand Prix,R,23.367
TSU,38,39,39,2021,São Paulo Grand Prix,R,23.367
VET,52,55,55,2021,São Paulo Grand Prix,R,23.367
GIO,37,38,40,2021,Turkish Grand Prix,R,23.537
GIO,40,40,40,2021,Turkish Grand Prix,R,23.537
HAM,48,50,50,2021,Turkish Grand Prix,R,23.537
LAT,33,33,34,2021,Turkish Grand Prix,R,23.537
LEC,47,47,47,2021,Turkish Grand Prix,R,23.537
MSC,37,37,39,2021,Turkish Grand Prix,R,23.537
MSC,39,39,39,2021,Turkish Grand Prix,R,23.537
RAI,37,37,37,2021,Turkish Grand Prix,R,23.537
STR,38,39,39,2021,Turkish Grand Prix,R,23.537
VET,35,35,36,2021,Turkish Grand Prix,R,23.537
ALO,25,28,28,2021,United States Grand Prix,R,24.107
ALO,36,39,39,2021,United States Grand Prix,R,24.107
BOT,13,15,15,2021,United States Grand Prix,R,24.107
BOT,31,31,34,2021,United States Grand Prix,R,24.107
BOT,33,34,34,2021,United States Grand Prix,R,24.107
GIO,23,24,26,2021,United States Grand Prix,R,24.107
GIO,26,26,26,2021,United States Grand Prix,R,24.107
LAT,22,25,25,2021,United States Grand Prix,R,24.107
LEC,12,12,12,2021,United States Grand Prix,R,24.107
LEC,30,32,32,2021,United States Grand Prix,R,24.107
MAZ,21,24,24,2021,United States Grand Prix,R,24.107
MAZ,34,37,37,2021,United States Grand Prix,R,24.107
MSC,11,11,11,2021,United States Grand Prix,R,24.107
MSC,32,34,34,2021,United States Grand Prix,R,24.107
OCO,1,3,3,2021,United States Grand Prix,R,24.107
OCO,37,40,40,2021,United States Grand Prix,R,24.107
PER,27,28,30,2021,United States Grand Prix,R,24.107
PER,30,30,30,2021,United States Grand Prix,R,24.107
RIC,11,11,11,2021,United States Grand Prix,R,24.107
RUS,29,31,31,2021,United States Grand Prix,R,24.107
STR,18,18,18,2021,United States Grand Prix,R,24.107
STR,34,34,34,2021,United States Grand Prix,R,24.107
TSU,31,32,32,2021,United States Grand Prix,R,24.107
VET,14,14,17,2021,United States Grand Prix,R,24.107
VET,16,17,17,2021,United States Grand Prix,R,24.107
VET,35,38,38,2021,United States Grand Prix,R,24.107
ALB,35,35,35,2022,Abu Dhabi Grand Prix,R,21.951
ALO,18,19,19,2022,Abu Dhabi Grand Prix,R,21.951
BOT,27,30,30,2022,Abu Dhabi Grand Prix,R,21.951
HAM,52,55,55,2022,Abu Dhabi Grand Prix,R,21.951
LAT,15,15,15,2022,Abu Dhabi Grand Prix,R,21.951
LAT,36,38,38,2022,Abu Dhabi Grand Prix,R,21.951
LAT,52,54,55,2022,Abu Dhabi Grand Prix,R,21.951
LEC,21,21,21,2022,Abu Dhabi Grand Prix,R,21.951
MAG,25,28,28,2022,Abu Dhabi Grand Prix,R,21.951
MSC,34,34,34,2022,Abu Dhabi Grand Prix,R,21.951
NOR,40,42,42,2022,Abu Dhabi Grand Prix,R,21.951
OCO,41,41,41,2022,Abu Dhabi Grand Prix,R,21.951
PER,30,33,33,2022,Abu Dhabi Grand Prix,R,21.951
RIC,18,19,19,2022,Abu Dhabi Grand Prix,R,21.951
SAI,36,39,39,2022,Abu Dhabi Grand Prix,R,21.951
STR,39,40,40,2022,Abu Dhabi Grand Prix,R,21.951
VET,22,25,25,2022,Abu Dhabi Grand Prix,R,21.951
ZHO,41,44,44,2022,Abu Dhabi Grand Prix,R,21.951
ALB,54,57,57,2022,Australian Grand Prix,R,18.422
ALO,36,39,39,2022,Australian Grand Prix,R,18.422
BOT,22,22,22,2022,Australian Grand Prix,R,18.422
GAS,21,21,21,2022,Australian Grand Prix,R,18.422
HAM,22,22,22,2022,Australian Grand Prix,R,18.422
LAT,22,23,23,2022,Australian Grand Prix,R,18.422
MAG,36,39,39,2022,Australian Grand Prix,R,18.422
PER,20,20,20,2022,Australian Grand Prix,R,18.422
RUS,23,23,23,2022,Australian Grand Prix,R,18.422
STR,22,23,23,2022,Australian Grand Prix,R,18.422
TSU,18,18,18,2022,Australian Grand Prix,R,18.422
ALB,41,41,41,2022,Austrian Grand Prix,R,22.001
ALO,24,27,27,2022,Austrian Grand Prix,R,22.001
ALO,54,57,57,2022,Austrian Grand Prix,R,22.001
BOT,36,39,39,2022,Austrian Grand Prix,R,22.001
GAS,40,40,40,2022,Austrian Grand Prix,R,22.001
HAM,25,25,28,2022,Austrian Grand Prix,R,22.001
HAM,28,28,28,2022,Austrian Grand Prix,R,22.001
HAM,48,48,51,2022,Austrian Grand Prix,R,22.001
LAT,32,35,35,2022,Austrian Grand Prix,R,22.001
MAG,15,15,15,2022,Austrian Grand Prix,R,22.001
NOR,14,14,14,2022,Austrian Grand Prix,R,22.001
OCO,16,16,16,2022,Austrian Grand Prix,R,22.001
OCO,41,44,44,2022,Austrian Grand Prix,R,22.001
RIC,43,44,44,2022,Austrian Grand Prix,R,22.001
RUS,37,40,40,2022,Austrian Grand Prix,R,22.001
STR,27,29,29,2022,Austrian Grand Prix,R,22.001
STR,45,46,48,2022,Austrian Grand Prix,R,22.001
TSU,23,26,26,2022,Austrian Grand Prix,R,22.001
VER,33,36,36,2022,Austrian Grand Prix,R,22.001
VET,20,20,20,2022,Austrian Grand Prix,R,22.001
VET,42,42,44,2022,Austrian Grand Prix,R,22.001
ZHO,22,22,24,2022,Austrian Grand Prix,R,22.001
ZHO,24,24,24,2022,Austrian Grand Prix,R,22.001
ALB,27,27,29,2022,Azerbaijan Grand Prix,R,22.0795
ALO,15,18,18,2022,Azerbaijan Grand Prix,R,22.0795
BOT,30,33,33,2022,Azerbaijan Grand Prix,R,22.0795
LAT,14,17,17,2022,Azerbaijan Grand Prix,R,22.0795
LEC,19,19,20,2022,Azerbaijan Grand Prix,R,22.0795
MSC,21,23,23,2022,Azerbaijan Grand Prix,R,22.0795
NOR,18,20,20,2022,Azerbaijan Grand Prix,R,22.0795
OCO,30,32,33,2022,Azerbaijan Grand Prix,R,22.0795
RIC,30,33,33,2022,Azerbaijan Grand Prix,R,22.0795
RUS,30,33,33,2022,Azerbaijan Grand Prix,R,22.0795
STR,28,30,30,2022,Azerbaijan Grand Prix,R,22.0795
STR,43,45,46,2022,Azerbaijan Grand Prix,R,22.0795
TSU,36,37,38,2022,Azerbaijan Grand Prix,R,22.0795
ALB,32,34,35,2022,Bahrain Grand Prix,R,25.1625
ALB,45,46,46,2022,Bahrain Grand Prix,R,25.1625
ALO,8,11,11,2022,Bahrain Grand Prix,R,25.1625
ALO,22,25,25,2022,Bahrain Grand Prix,R,25.1625
ALO,39,42,42,2022,Bahrain Grand Prix,R,25.1625
BOT,12,14,14,2022,Bahrain Grand Prix,R,25.1625
BOT,35,36,36,2022,Bahrain Grand Prix,R,25.1625
GAS,11,14,14,2022,Bahrain Grand Prix,R,25.1625
GAS,31,31,32,2022,Bahrain Grand Prix,R,25.1625
HAM,24,27,27,2022,Bahrain Grand Prix,R,25.1625
HAM,41,44,44,2022,Bahrain Grand Prix,R,25.1625
HUL,16,16,19,2022,Bahrain Grand Prix,R,25.1625
HUL,18,19,19,2022,Bahrain Grand Prix,R,25.1625
HUL,34,34,37,2022,Bahrain Grand Prix,R,25.1625
HUL,36,37,37,2022,Bahrain Grand Prix,R,25.1625
HUL,42,42,44,2022,Bahrain Grand Prix,R,25.1625
LAT,29,29,32,2022,Bahrain Grand Prix,R,25.1625
LAT,31,32,32,2022,Bahrain Grand Prix,R,25.1625
LAT,45,45,45,2022,Bahrain Grand Prix,R,25.1625
MAG,31,34,34,2022,Bahrain Grand Prix,R,25.1625
MAG,46,46,46,2022,Bahrain Grand Prix,R,25.1625
MSC,32,35,35,2022,Bahrain Grand Prix,R,25.1625
NOR,21,24,24,2022,Bahrain Grand Prix,R,25.1625
NOR,38,41,41,2022,Bahrain Grand Prix,R,25.1625
OCO,28,29,30,2022,Bahrain Grand Prix,R,25.1625
PER,15,15,15,2022,Bahrain Grand Prix,R,25.1625
PER,40,42,43,2022,Bahrain Grand Prix,R,25.1625
RIC,16,17,17,2022,Bahrain Grand Prix,R,25.1625
RUS,31,32,33,2022,Bahrain Grand Prix,R,25.1625
RUS,45,45,45,2022,Bahrain Grand Prix,R,25.1625
STR,16,18,18,2022,Bahrain Grand Prix,R,25.1625
STR,38,38,38,2022,Bahrain Grand Prix,R,25.1625
TSU,15,15,15,2022,Bahrain Grand Prix,R,25.1625
TSU,43,44,44,2022,Bahrain Grand Prix,R,25.1625
VER,11,14,14,2022,Bahrain Grand Prix,R,25.1625
VER,51,53,54,2022,Bahrain Grand Prix,R,25.1625
ZHO,12,13,15,2022,Bahrain Grand Prix,R,25.1625
ZHO,36,37,37,2022,Bahrain Grand Prix,R,25.1625
ALB,26,26,26,2022,Belgian Grand Prix,R,23.2895
GAS,8,8,10,2022,Belgian Grand Prix,R,23.2895
GAS,21,22,22,2022,Belgian Grand Prix,R,23.2895
LAT,12,12,15,2022,Belgian Grand Prix,R,23.2895
LAT,15,15,15,2022,Belgian Grand Prix,R,23.2895
LAT,31,34,34,2022,Belgian Grand Prix,R,23.2895
LEC,22,25,25,2022,Belgian Grand Prix,R,23.2895
LEC,39,42,42,2022,Belgian Grand Prix,R,23.2895
MAG,26,27,27,2022,Belgian Grand Prix,R,23.2895
MSC,14,14,14,2022,Belgian Grand Prix,R,23.2895
MSC,28,28,30,2022,Belgian Grand Prix,R,23.2895
MSC,30,30,30,2022,Belgian Grand Prix,R,23.2895
NOR,13,13,13,2022,Belgian Grand Prix,R,23.2895
NOR,27,29,29,2022,Belgian Grand Prix,R,23.2895
OCO,29,30,32,2022,Belgian Grand Prix,R,23.2895
RIC,12,12,12,2022,Belgian Grand Prix,R,23.2895
RIC,29,32,32,2022,Belgian Grand Prix,R,23.2895
RUS,29,29,29,2022,Belgian Grand Prix,R,23.2895
SAI,22,25,25,2022,Belgian Grand Prix,R,23.2895
STR,12,12,15,2022,Belgian Grand Prix,R,23.2895
STR,15,15,15,2022,Belgian Grand Prix,R,23.2895
STR,26,26,26,2022,Belgian Grand Prix,R,23.2895
TSU,16,18,18,2022,Belgian Grand Prix,R,23.2895
TSU,30,30,30,2022,Belgian Grand Prix,R,23.2895
VET,13,13,14,2022,Belgian Grand Prix,R,23.2895
VET,30,33,33,2022,Belgian Grand Prix,R,23.2895
ZHO,11,11,14,2022,Belgian Grand Prix,R,23.2895
ZHO,14,14,14,2022,Belgian Grand Prix,R,23.2895
ZHO,28,28,28,2022,Belgian Grand Prix,R,23.2895
GAS,16,16,16,2022,British Grand Prix,R,29.4245
GAS,23,25,26,2022,British Grand Prix,R,29.4245
LAT,36,38,39,2022,British Grand Prix,R,29.4245
MAG,19,21,22,2022,British Grand Prix,R,29.4245
MSC,36,39,39,2022,British Grand Prix,R,29.4245
NOR,31,32,34,2022,British Grand Prix,R,29.4245
NOR,34,34,34,2022,British Grand Prix,R,29.4245
NOR,40,40,40,2022,British Grand Prix,R,29.4245
OCO,19,22,22,2022,British Grand Prix,R,29.4245
PER,36,39,39,2022,British Grand Prix,R,29.4245
SAI,36,39,39,2022,British Grand Prix,R,29.4245
STR,15,15,15,2022,British Grand Prix,R,29.4245
STR,37,40,40,2022,British Grand Prix,R,29.4245
TSU,15,17,18,2022,British Grand Prix,R,29.4245
TSU,35,38,38,2022,British Grand Prix,R,29.4245
VET,36,39,39,2022,British Grand Prix,R,29.4245
ALB,18,18,18,2022,Canadian Grand Prix,R,23.8185
ALB,48,48,48,2022,Canadian Grand Prix,R,23.8185
ALO,25,28,28,2022,Canadian Grand Prix,R,23.8185
ALO,49,49,49,2022,Canadian Grand Prix,R,23.8185
BOT,46,49,49,2022,Canadian Grand Prix,R,23.8185
GAS,33,36,36,2022,Canadian Grand Prix,R,23.8185
HAM,41,42,44,2022,Canadian Grand Prix,R,23.8185
HAM,44,44,44,2022,Canadian Grand Prix,R,23.8185
LAT,9,9,9,2022,Canadian Grand Prix,R,23.8185
LAT,34,35,37,2022,Canadian Grand Prix,R,23.8185
LEC,38,41,41,2022,Canadian Grand Prix,R,23.8185
MAG,7,7,7,2022,Canadian Grand Prix,R,23.8185
NOR,19,19,19,2022,Canadian Grand Prix,R,23.8185
NOR,42,42,42,2022,Canadian Grand Prix,R,23.8185
OCO,16,18,19,2022,Canadian Grand Prix,R,23.8185
OCO,46,49,49,2022,Canadian Grand Prix,R,23.8185
RUS,19,19,19,2022,Canadian Grand Prix,R,23.8185
RUS,44,45,45,2022,Canadian Grand Prix,R,23.8185
SAI,49,49,49,2022,Canadian Grand Prix,R,23.8185
STR,47,47,47,2022,Canadian Grand Prix,R,23.8185
TSU,44,47,47,2022,Canadian Grand Prix,R,23.8185
VER,43,43,43,2022,Canadian Grand Prix,R,23.8185
VET,16,18,19,2022,Canadian Grand Prix,R,23.8185
ZHO,46,48,49,2022,Canadian Grand Prix,R,23.8185
ALB,19,21,21,2022,Dutch Grand Prix,R,19.6115
ALB,39,42,42,2022,Dutch Grand Prix,R,19.6115
ALB,52,55,55,2022,Dutch Grand Prix,R,19.6115
ALO,44,47,47,2022,Dutch Grand Prix,R,19.6115
BOT,16,16,16,2022,Dutch Grand Prix,R,19.6115
BOT,34,34,34,2022,Dutch Grand Prix,R,19.6115
GAS,9,11,11,2022,Dutch Grand Prix,R,19.6115
GAS,53,56,56,2022,Dutch Grand Prix,R,19.6115
HAM,29,29,29,2022,Dutch Grand Prix,R,19.6115
HAM,57,57,57,2022,Dutch Grand Prix,R,19.6115
LAT,51,54,54,2022,Dutch Grand Prix,R,19.6115
LEC,14,17,17,2022,Dutch Grand Prix,R,19.6115
LEC,45,45,45,2022,Dutch Grand Prix,R,19.6115
LEC,53,56,56,2022,Dutch Grand Prix,R,19.6115
MAG,54,54,56,2022,Dutch Grand Prix,R,19.6115
MSC,33,33,33,2022,Dutch Grand Prix,R,19.6115
MSC,56,56,56,2022,Dutch Grand Prix,R,19.6115
NOR,44,47,47,2022,Dutch Grand Prix,R,19.6115
OCO,18,18,18,2022,Dutch Grand Prix,R,19.6115
OCO,53,56,56,2022,Dutch Grand Prix,R,19.6115
PER,11,13,14,2022,Dutch Grand Prix,R,19.6115
PER,37,40,40,2022,Dutch Grand Prix,R,19.6115
PER,53,56,56,2022,Dutch Grand Prix,R,19.6115
RIC,27,27,27,2022,Dutch Grand Prix,R,19.6115
RIC,44,44,47,2022,Dutch Grand Prix,R,19.6115
RIC,46,47,47,2022,Dutch Grand Prix,R,19.6115
RUS,28,28,31,2022,Dutch Grand Prix,R,19.6115
RUS,30,31,31,2022,Dutch Grand Prix,R,19.6115
SAI,14,14,14,2022,Dutch Grand Prix,R,19.6115
SAI,41,43,43,2022,Dutch Grand Prix,R,19.6115
SAI,57,57,57,2022,Dutch Grand Prix,R,19.6115
STR,53,55,56,2022,Dutch Grand Prix,R,19.6115
TSU,10,13,13,2022,Dutch Grand Prix,R,19.6115
TSU,39,42,42,2022,Dutch Grand Prix,R,19.6115
VET,33,35,35,2022,Dutch Grand Prix,R,19.6115
VET,45,46,48,2022,Dutch Grand Prix,R,19.6115
ZHO,34,37,37,2022,Dutch Grand Prix,R,19.6115
ZHO,52,52,55,2022,Dutch Grand Prix,R,19.6115
ZHO,54,55,55,2022,Dutch Grand Prix,R,19.6115
LAT,38,38,38,2022,French Grand Prix,R,36.792
NOR,17,17,18,2022,French Grand Prix,R,36.792
TSU,11,11,11,2022,French Grand Prix,R,36.792
VET,19,19,19,2022,French Grand Prix,R,36.792
ZHO,20,22,22,2022,French Grand Prix,R,36.792
ALB,19,21,21,2022,Hungarian Grand Prix,R,22.0075
ALO,20,21,21,2022,Hungarian Grand Prix,R,22.0075
BOT,24,25,26,2022,Hungarian Grand Prix,R,22.0075
GAS,43,46,46,2022,Hungarian Grand Prix,R,22.0075
HAM,51,51,51,2022,Hungarian Grand Prix,R,22.0075
LAT,16,18,18,2022,Hungarian Grand Prix,R,22.0075
LAT,36,39,39,2022,Hungarian Grand Prix,R,22.0075
LAT,55,56,56,2022,Hungarian Grand Prix,R,22.0075
LEC,54,54,54,2022,Hungarian Grand Prix,R,22.0075
MAG,32,35,35,2022,Hungarian Grand Prix,R,22.0075
MAG,64,67,67,2022,Hungarian Grand Prix,R,22.0075
MSC,20,20,21,2022,Hungarian Grand Prix,R,22.0075
MSC,38,41,41,2022,Hungarian Grand Prix,R,22.0075
NOR,11,11,14,2022,Hungarian Grand Prix,R,22.0075
NOR,13,14,14,2022,Hungarian Grand Prix,R,22.0075
NOR,40,42,42,2022,Hungarian Grand Prix,R,22.0075
OCO,20,23,23,2022,Hungarian Grand Prix,R,22.0075
PER,18,18,18,2022,Hungarian Grand Prix,R,22.0075
PER,40,42,42,2022,Hungarian Grand Prix,R,22.0075
RIC,43,46,46,2022,Hungarian Grand Prix,R,22.0075
RUS,16,16,16,2022,Hungarian Grand Prix,R,22.0075
RUS,36,38,39,2022,Hungarian Grand Prix,R,22.0075
STR,11,14,14,2022,Hungarian Grand Prix,R,22.0075
TSU,30,33,33,2022,Hungarian Grand Prix,R,22.0075
TSU,48,50,51,2022,Hungarian Grand Prix,R,22.0075
VET,43,46,46,2022,Hungarian Grand Prix,R,22.0075
ZHO,26,27,27,2022,Hungarian Grand Prix,R,22.0075
ZHO,48,49,51,2022,Hungarian Grand Prix,R,22.0075
ZHO,51,51,51,2022,Hungarian Grand Prix,R,22.0075
ALO,31,31,31,2022,Italian Grand Prix,R,24.637
BOT,34,35,35,2022,Italian Grand Prix,R,24.637
HAM,33,33,33,2022,Italian Grand Prix,R,24.637
LAT,44,47,47,2022,Italian Grand Prix,R,24.637
MAG,21,21,24,2022,Italian Grand Prix,R,24.637
MAG,24,24,24,2022,Italian Grand Prix,R,24.637
MAG,43,43,46,2022,Italian Grand Prix,R,24.637
MSC,31,32,33,2022,Italian Grand Prix,R,24.637
NOR,32,35,35,2022,Italian Grand Prix,R,24.637
PER,39,42,42,2022,Italian Grand Prix,R,24.637
RUS,23,23,23,2022,Italian Grand Prix,R,24.637
RUS,44,47,47,2022,Italian Grand Prix,R,24.637
SAI,27,30,30,2022,Italian Grand Prix,R,24.637
STR,36,39,39,2022,Italian Grand Prix,R,24.637
TSU,45,47,47,2022,Italian Grand Prix,R,24.637
ALO,8,8,8,2022,Japanese Grand Prix,R,24.858
MSC,8,9,11,2022,Japanese Grand Prix,R,24.858
MSC,11,11,11,2022,Japanese Grand Prix,R,24.858
ALB,35,37,38,2022,Mexico City Grand Prix,R,23.187
ALO,37,40,40,2022,Mexico City Grand Prix,R,23.187
BOT,38,39,39,2022,Mexico City Grand Prix,R,23.187
GAS,38,40,40,2022,Mexico City Grand Prix,R,23.187
LAT,49,52,52,2022,Mexico City Grand Prix,R,23.187
LEC,27,28,28,2022,Mexico City Grand Prix,R,23.187
MAG,35,37,38,2022,Mexico City Grand Prix,R,23.187
MSC,21,24,24,2022,Mexico City Grand Prix,R,23.187
NOR,31,31,31,2022,Mexico City Grand Prix,R,23.187
OCO,33,33,33,2022,Mexico City Grand Prix,R,23.187
PER,20,23,23,2022,Mexico City Grand Prix,R,23.187
RIC,41,44,44,2022,Mexico City Grand Prix,R,23.187
SAI,26,29,29,2022,Mexico City Grand Prix,R,23.187
STR,37,37,40,2022,Mexico City Grand Prix,R,23.187
STR,39,40,40,2022,Mexico City Grand Prix,R,23.187
TSU,29,29,29,2022,Mexico City Grand Prix,R,23.187
TSU,50,50,50,2022,Mexico City Grand Prix,R,23.187
VER,25,25,25,2022,Mexico City Grand Prix,R,23.187
ZHO,42,43,45,2022,Mexico City Grand Prix,R,23.187
ZHO,45,45,45,2022,Mexico City Grand Prix,R,23.187
BOT,25,26,26,2022,Miami Grand Prix,R,19.6625
LAT,31,34,34,2022,Miami Grand Prix,R,19.6625
MAG,42,42,42,2022,Miami Grand Prix,R,19.6625
MSC,53,54,54,2022,Miami Grand Prix,R,19.6625
OCO,38,39,41,2022,Miami Grand Prix,R,19.6625
OCO,41,41,41,2022,Miami Grand Prix,R,19.6625
PER,27,27,27,2022,Miami Grand Prix,R,19.6625
RIC,27,30,30,2022,Miami Grand Prix,R,19.6625
RUS,37,40,40,2022,Miami Grand Prix,R,19.6625
SAI,27,27,27,2022,Miami Grand Prix,R,19.6625
STR,37,40,40,2022,Miami Grand Prix,R,19.6625
TSU,38,41,41,2022,Miami Grand Prix,R,19.6625
VET,38,39,41,2022,Miami Grand Prix,R,19.6625
VET,41,41,41,2022,Miami Grand Prix,R,19.6625
ALB,15,16,18,2022,Monaco Grand Prix,R,25.303
ALB,49,49,49,2022,Monaco Grand Prix,R,25.303
NOR,48,51,51,2022,Monaco Grand Prix,R,25.303
RIC,18,19,19,2022,Monaco Grand Prix,R,25.303
ZHO,16,17,19,2022,Monaco Grand Prix,R,25.303
HAM,37,40,40,2022,Saudi Arabian Grand Prix,R,20.668
HUL,34,37,37,2022,Saudi Arabian Grand Prix,R,20.668
MAG,35,35,37,2022,Saudi Arabian Grand Prix,R,20.668
RIC,33,35,36,2022,Saudi Arabian Grand Prix,R,20.668
RUS,16,16,16,2022,Saudi Arabian Grand Prix,R,20.668
ALB,22,25,25,2022,Singapore Grand Prix,R,32.016
GAS,30,33,33,2022,Singapore Grand Prix,R,32.016
MSC,41,41,41,2022,Singapore Grand Prix,R,32.016
NOR,35,36,36,2022,Singapore Grand Prix,R,32.016
RUS,35,35,35,2022,Singapore Grand Prix,R,32.016
TSU,30,33,33,2022,Singapore Grand Prix,R,32.016
ALB,24,24,25,2022,Spanish Grand Prix,R,22.39
ALB,42,45,45,2022,Spanish Grand Prix,R,22.39
ALB,53,54,54,2022,Spanish Grand Prix,R,22.39
ALO,53,53,53,2022,Spanish Grand Prix,R,22.39
BOT,31,34,34,2022,Spanish Grand Prix,R,22.39
GAS,29,29,29,2022,Spanish Grand Prix,R,22.39
GAS,44,46,46,2022,Spanish Grand Prix,R,22.39
HAM,19,22,22,2022,Spanish Grand Prix,R,22.39
HAM,45,48,48,2022,Spanish Grand Prix,R,22.39
LAT,12,12,12,2022,Spanish Grand Prix,R,22.39
LAT,23,26,26,2022,Spanish Grand Prix,R,22.39
LAT,47,50,50,2022,Spanish Grand Prix,R,22.39
LEC,27,27,27,2022,Spanish Grand Prix,R,22.39
MAG,26,29,29,2022,Spanish Grand Prix,R,22.39
NOR,33,33,33,2022,Spanish Grand Prix,R,22.39
NOR,49,49,51,2022,Spanish Grand Prix,R,22.39
OCO,34,35,35,2022,Spanish Grand Prix,R,22.39
OCO,49,52,52,2022,Spanish Grand Prix,R,22.39
PER,14,17,17,2022,Spanish Grand Prix,R,22.39
PER,50,53,53,2022,Spanish Grand Prix,R,22.39
RIC,9,9,11,2022,Spanish Grand Prix,R,22.39
RIC,11,11,11,2022,Spanish Grand Prix,R,22.39
RIC,48,48,48,2022,Spanish Grand Prix,R,22.39
RUS,10,12,13,2022,Spanish Grand Prix,R,22.39
RUS,33,36,36,2022,Spanish Grand Prix,R,22.39
RUS,48,48,51,2022,Spanish Grand Prix,R,22.39
SAI,7,9,10,2022,Spanish Grand Prix,R,22.39
SAI,28,31,31,2022,Spanish Grand Prix,R,22.39
SAI,42,45,45,2022,Spanish Grand Prix,R,22.39
STR,12,14,14,2022,Spanish Grand Prix,R,22.39
STR,27,27,27,2022,Spanish Grand Prix,R,22.39
STR,45,45,46,2022,Spanish Grand Prix,R,22.39
TSU,32,32,32,2022,Spanish Grand Prix,R,22.39
TSU,52,52,52,2022,Spanish Grand Prix,R,22.39
VER,28,28,28,2022,Spanish Grand Prix,R,22.39
VET,18,21,21,2022,Spanish Grand Prix,R,22.39
VET,39,42,42,2022,Spanish Grand Prix,R,22.39
ZHO,28,28,28,2022,Spanish Grand Prix,R,22.39
ALB,25,25,25,2022,São Paulo Grand Prix,R,24.068
ALB,47,47,47,2022,São Paulo Grand Prix,R,24.068
ALO,32,35,35,2022,São Paulo Grand Prix,R,24.068
ALO,49,52,52,2022,São Paulo Grand Prix,R,24.068
BOT,42,45,45,2022,São Paulo Grand Prix,R,24.068
GAS,32,35,35,2022,São Paulo Grand Prix,R,24.068
GAS,49,52,52,2022,São Paulo Grand Prix,R,24.068
LAT,19,20,20,2022,São Paulo Grand Prix,R,24.068
LAT,29,32,32,2022,São Paulo Grand Prix,R,24.068
LAT,49,52,52,2022,São Paulo Grand Prix,R,24.068
LEC,7,7,7,2022,São Paulo Grand Prix,R,24.068
LEC,18,19,21,2022,São Paulo Grand Prix,R,24.068
LEC,21,21,21,2022,São Paulo Grand Prix,R,24.068
LEC,41,43,44,2022,São Paulo Grand Prix,R,24.068
MSC,21,22,24,2022,São Paulo Grand Prix,R,24.068
MSC,45,46,46,2022,São Paulo Grand Prix,R,24.068
NOR,24,24,24,2022,São Paulo Grand Prix,R,24.068
NOR,45,45,45,2022,São Paulo Grand Prix,R,24.068
OCO,46,46,47,2022,São Paulo Grand Prix,R,24.068
PER,44,47,47,2022,São Paulo Grand Prix,R,24.068
RUS,49,49,49,2022,São Paulo Grand Prix,R,24.068
SAI,33,36,36,2022,São Paulo Grand Prix,R,24.068
SAI,50,53,53,2022,São Paulo Grand Prix,R,24.068
STR,27,29,29,2022,São Paulo Grand Prix,R,24.068
STR,46,46,48,2022,São Paulo Grand Prix,R,24.068
TSU,17,20,20,2022,São Paulo Grand Prix,R,24.068
TSU,37,40,40,2022,São Paulo Grand Prix,R,24.068
TSU,54,54,54,2022,São Paulo Grand Prix,R,24.068
VER,7,7,7,2022,São Paulo Grand Prix,R,24.068
VER,20,20,23,2022,São Paulo Grand Prix,R,24.068
VER,23,23,23,2022,São Paulo Grand Prix,R,24.068
VER,45,48,48,2022,São Paulo Grand Prix,R,24.068
VET,25,26,26,2022,São Paulo Grand Prix,R,24.068
ZHO,34,36,37,2022,São Paulo Grand Prix,R,24.068
ALB,15,15,18,2022,United States Grand Prix,R,24.549
ALO,15,18,18,2022,United States Grand Prix,R,24.549
GAS,29,31,32,2022,United States Grand Prix,R,24.549
LAT,15,18,18,2022,United States Grand Prix,R,24.549
LEC,15,18,18,2022,United States Grand Prix,R,24.549
MAG,17,18,18,2022,United States Grand Prix,R,24.549
NOR,31,31,34,2022,United States Grand Prix,R,24.549
NOR,33,33,34,2022,United States Grand Prix,R,24.549
OCO,16,18,18,2022,United States Grand Prix,R,24.549
OCO,42,45,45,2022,United States Grand Prix,R,24.549
PER,14,14,14,2022,United States Grand Prix,R,24.549
PER,35,35,38,2022,United States Grand Prix,R,24.549
RIC,32,32,35,2022,United States Grand Prix,R,24.549
RIC,34,35,35,2022,United States Grand Prix,R,24.549
TSU,32,33,33,2022,United States Grand Prix,R,24.549
VET,16,18,18,2022,United States Grand Prix,R,24.549
VET,41,41,41,2022,United States Grand Prix,R,24.549
ZHO,20,23,23,2022,United States Grand Prix,R,24.549
ALB,16,16,16,2023,Abu Dhabi Grand Prix,R,21.906
ALB,40,43,43,2023,Abu Dhabi Grand Prix,R,21.906
ALO,33,34,36,2023,Abu Dhabi Grand Prix,R,21.906
BOT,26,29,29,2023,Abu Dhabi Grand Prix,R,21.906
GAS,17,17,17,2023,Abu Dhabi Grand Prix,R,21.906
GAS,32,32,32,2023,Abu Dhabi Grand Prix,R,21.906
HUL,30,30,33,2023,Abu Dhabi Grand Prix,R,21.906
HUL,32,33,33,2023,Abu Dhabi Grand Prix,R,21.906
MAG,19,22,22,2023,Abu Dhabi Grand Prix,R,21.906
PIA,34,36,36,2023,Abu Dhabi Grand Prix,R,21.906
RIC,28,31,31,2023,Abu Dhabi Grand Prix,R,21.906
RUS,31,34,34,2023,Abu Dhabi Grand Prix,R,21.906
SAI,20,21,23,2023,Abu Dhabi Grand Prix,R,21.906
SAI,23,23,23,2023,Abu Dhabi Grand Prix,R,21.906
SAI,53,56,56,2023,Abu Dhabi Grand Prix,R,21.906
SAR,15,15,15,2023,Abu Dhabi Grand Prix,R,21.906
SAR,39,41,41,2023,Abu Dhabi Grand Prix,R,21.906
STR,21,22,22,2023,Abu Dhabi Grand Prix,R,21.906
STR,39,42,42,2023,Abu Dhabi Grand Prix,R,21.906
ZHO,34,36,37,2023,Abu Dhabi Grand Prix,R,21.906
BOT,50,53,53,2023,Australian Grand Prix,R,73.233
DEV,8,8,8,2023,Australian Grand Prix,R,73.233
DEV,45,45,45,2023,Australian Grand Prix,R,73.233
DEV,55,55,55,2023,Australian Grand Prix,R,73.233
HUL,56,57,57,2023,Australian Grand Prix,R,73.233
OCO,52,55,55,2023,Australian Grand Prix,R,73.233
SAI,56,56,57,2023,Australian Grand Prix,R,73.233
STR,56,56,57,2023,Australian Grand Prix,R,73.233
TSU,8,8,8,2023,Australian Grand Prix,R,73.233
TSU,57,57,57,2023,Australian Grand Prix,R,73.233
ZHO,51,54,54,2023,Australian Grand Prix,R,73.233
ALO,42,44,44,2023,Austrian Grand Prix,R,21.968
BOT,18,21,21,2023,Austrian Grand Prix,R,21.968
DEV,36,37,37,2023,Austrian Grand Prix,R,21.968
HUL,1,2,2,2023,Austrian Grand Prix,R,21.968
HUL,8,11,11,2023,Austrian Grand Prix,R,21.968
LEC,44,47,47,2023,Austrian Grand Prix,R,21.968
MAG,31,34,34,2023,Austrian Grand Prix,R,21.968
NOR,41,41,41,2023,Austrian Grand Prix,R,21.968
PER,22,25,25,2023,Austrian Grand Prix,R,21.968
PER,50,50,50,2023,Austrian Grand Prix,R,21.968
PIA,41,41,41,2023,Austrian Grand Prix,R,21.968
SAI,45,45,45,2023,Austrian Grand Prix,R,21.968
SAR,43,43,43,2023,Austrian Grand Prix,R,21.968
STR,51,54,54,2023,Austrian Grand Prix,R,21.968
TSU,20,23,23,2023,Austrian Grand Prix,R,21.968
TSU,42,43,43,2023,Austrian Grand Prix,R,21.968
VER,49,49,49,2023,Austrian Grand Prix,R,21.968
ZHO,35,38,38,2023,Austrian Grand Prix,R,21.968
BOT,33,34,34,2023,Azerbaijan Grand Prix,R,21.062
GAS,23,23,23,2023,Azerbaijan Grand Prix,R,21.062
HUL,46,49,49,2023,Azerbaijan Grand Prix,R,21.062
OCO,47,50,50,2023,Azerbaijan Grand Prix,R,21.062
ZHO,36,36,36,2023,Azerbaijan Grand Prix,R,21.062
ALB,37,39,40,2023,Bahrain Grand Prix,R,25.3505
BOT,26,29,29,2023,Bahrain Grand Prix,R,25.3505
GAS,25,25,25,2023,Bahrain Grand Prix,R,25.3505
GAS,40,40,40,2023,Bahrain Grand Prix,R,25.3505
HUL,8,11,11,2023,Bahrain Grand Prix,R,25.3505
HUL,26,26,26,2023,Bahrain Grand Prix,R,25.3505
HUL,37,40,40,2023,Bahrain Grand Prix,R,25.3505
LEC,33,33,33,2023,Bahrain Grand Prix,R,25.3505
MAG,14,15,15,2023,Bahrain Grand Prix,R,25.3505
MAG,29,29,29,2023,Bahrain Grand Prix,R,25.3505
NOR,37,37,37,2023,Bahrain Grand Prix,R,25.3505
OCO,9,10,12,2023,Bahrain Grand Prix,R,25.3505
OCO,29,29,32,2023,Bahrain Grand Prix,R,25.3505
OCO,32,32,32,2023,Bahrain Grand Prix,R,25.3505
OCO,41,41,41,2023,Bahrain Grand Prix,R,25.3505
PER,15,15,17,2023,Bahrain Grand Prix,R,25.3505
PIA,13,13,13,2023,Bahrain Grand Prix,R,25.3505
SAI,13,13,13,2023,Bahrain Grand Prix,R,25.3505
STR,15,15,15,2023,Bahrain Grand Prix,R,25.3505
VER,36,36,36,2023,Bahrain Grand Prix,R,25.3505
ZHO,30,32,32,2023,Bahrain Grand Prix,R,25.3505
ZHO,51,54,54,2023,Bahrain Grand Prix,R,25.3505
ALO,28,29,29,2023,Belgian Grand Prix,R,23.499
BOT,24,24,24,2023,Belgian Grand Prix,R,23.499
GAS,23,23,23,2023,Belgian Grand Prix,R,23.499
HUL,12,12,12,2023,Belgian Grand Prix,R,23.499
MAG,24,24,25,2023,Belgian Grand Prix,R,23.499
OCO,24,25,25,2023,Belgian Grand Prix,R,23.499
RIC,22,22,22,2023,Belgian Grand Prix,R,23.499
RUS,19,21,22,2023,Belgian Grand Prix,R,23.499
SAI,21,23,23,2023,Belgian Grand Prix,R,23.499
SAR,21,22,24,2023,Belgian Grand Prix,R,23.499
SAR,24,24,24,2023,Belgian Grand Prix,R,23.499
STR,20,20,20,2023,Belgian Grand Prix,R,23.499
ZHO,23,25,25,2023,Belgian Grand Prix,R,23.499
ALB,30,32,32,2023,British Grand Prix,R,28.726
BOT,29,30,32,2023,British Grand Prix,R,28.726
BOT,32,32,32,2023,British Grand Prix,R,28.726
GAS,31,31,31,2023,British Grand Prix,R,28.726
GAS,45,45,46,2023,British Grand Prix,R,28.726
HUL,29,32,32,2023,British Grand Prix,R,28.726
LEC,31,32,32,2023,British Grand Prix,R,28.726
RUS,25,28,28,2023,British Grand Prix,R,28.726
SAR,27,27,29,2023,British Grand Prix,R,28.726
SAR,29,29,29,2023,British Grand Prix,R,28.726
STR,29,31,31,2023,British Grand Prix,R,28.726
TSU,32,32,32,2023,British Grand Prix,R,28.726
ZHO,30,31,33,2023,British Grand Prix,R,28.726
ZHO,33,33,33,2023,British Grand Prix,R,28.726
BOT,33,36,36,2023,Canadian Grand Prix,R,24.046
DEV,47,50,50,2023,Canadian Grand Prix,R,24.046
GAS,33,33,33,2023,Canadian Grand Prix,R,24.046
HUL,31,31,31,2023,Canadian Grand Prix,R,24.046
LEC,36,39,39,2023,Canadian Grand Prix,R,24.046
MAG,32,35,35,2023,Canadian Grand Prix,R,24.046
PER,37,37,37,2023,Canadian Grand Prix,R,24.046
PIA,37,37,37,2023,Canadian Grand Prix,R,24.046
RUS,54,54,54,2023,Canadian Grand Prix,R,24.046
SAI,38,38,38,2023,Canadian Grand Prix,R,24.046
TSU,34,34,34,2023,Canadian Grand Prix,R,24.046
ZHO,32,32,32,2023,Canadian Grand Prix,R,24.046
ALB,41,44,44,2023,Dutch Grand Prix,R,20.265
ALB,61,61,61,2023,Dutch Grand Prix,R,20.265
ALO,64,64,64,2023,Dutch Grand Prix,R,20.265
BOT,13,16,16,2023,Dutch Grand Prix,R,20.265
BOT,45,47,47,2023,Dutch Grand Prix,R,20.265
GAS,8,11,11,2023,Dutch Grand Prix,R,20.265
HUL,46,48,48,2023,Dutch Grand Prix,R,20.265
LAW,7,10,10,2023,Dutch Grand Prix,R,20.265
LAW,17,17,17,2023,Dutch Grand Prix,R,20.265
LAW,43,46,46,2023,Dutch Grand Prix,R,20.265
LAW,64,64,64,2023,Dutch Grand Prix,R,20.265
LEC,38,41,41,2023,Dutch Grand Prix,R,20.265
MAG,32,33,35,2023,Dutch Grand Prix,R,20.265
MAG,57,59,60,2023,Dutch Grand Prix,R,20.265
NOR,58,58,60,2023,Dutch Grand Prix,R,20.265
NOR,60,60,60,2023,Dutch Grand Prix,R,20.265
NOR,64,64,64,2023,Dutch Grand Prix,R,20.265
PER,57,60,60,2023,Dutch Grand Prix,R,20.265
PER,63,63,63,2023,Dutch Grand Prix,R,20.265
PIA,12,14,15,2023,Dutch Grand Prix,R,20.265
RUS,57,63,60,2023,Dutch Grand Prix,R,20.265
RUS,67,67,67,2023,Dutch Grand Prix,R,20.265
SAI,57,64,60,2023,Dutch Grand Prix,R,20.265
STR,57,62,60,2023,Dutch Grand Prix,R,20.265
STR,64,64,64,2023,Dutch Grand Prix,R,20.265
TSU,7,10,10,2023,Dutch Grand Prix,R,20.265
TSU,57,60,60,2023,Dutch Grand Prix,R,20.265
TSU,62,62,63,2023,Dutch Grand Prix,R,20.265
VER,62,63,63,2023,Dutch Grand Prix,R,20.265
ZHO,34,37,37,2023,Dutch Grand Prix,R,20.265
ALO,20,20,20,2023,Hungarian Grand Prix,R,21.984
BOT,6,9,9,2023,Hungarian Grand Prix,R,21.984
BOT,37,40,40,2023,Hungarian Grand Prix,R,21.984
HAM,13,15,16,2023,Hungarian Grand Prix,R,21.984
HAM,49,49,49,2023,Hungarian Grand Prix,R,21.984
HUL,16,16,16,2023,Hungarian Grand Prix,R,21.984
LEC,16,17,17,2023,Hungarian Grand Prix,R,21.984
LEC,43,43,43,2023,Hungarian Grand Prix,R,21.984
MAG,39,41,41,2023,Hungarian Grand Prix,R,21.984
NOR,41,44,44,2023,Hungarian Grand Prix,R,21.984
OCO,2,2,2,2023,Hungarian Grand Prix,R,21.984
PER,24,24,24,2023,Hungarian Grand Prix,R,21.984
RIC,15,15,18,2023,Hungarian Grand Prix,R,21.984
RIC,17,18,18,2023,Hungarian Grand Prix,R,21.984
RUS,25,28,28,2023,Hungarian Grand Prix,R,21.984
RUS,43,43,46,2023,Hungarian Grand Prix,R,21.984
RUS,45,46,46,2023,Hungarian Grand Prix,R,21.984
SAI,42,42,44,2023,Hungarian Grand Prix,R,21.984
SAI,44,44,44,2023,Hungarian Grand Prix,R,21.984
STR,31,34,34,2023,Hungarian Grand Prix,R,21.984
TSU,41,44,44,2023,Hungarian Grand Prix,R,21.984
ZHO,7,9,10,2023,Hungarian Grand Prix,R,21.984
ZHO,35,38,38,2023,Hungarian Grand Prix,R,21.984
ALB,12,14,15,2023,Italian Grand Prix,R,24.406
BOT,22,25,25,2023,Italian Grand Prix,R,24.406
GAS,31,31,31,2023,Italian Grand Prix,R,24.406
HAM,25,27,27,2023,Italian Grand Prix,R,24.406
HUL,11,11,14,2023,Italian Grand Prix,R,24.406
HUL,13,14,14,2023,Italian Grand Prix,R,24.406
HUL,36,39,39,2023,Italian Grand Prix,R,24.406
LAW,12,13,13,2023,Italian Grand Prix,R,24.406
LAW,30,32,33,2023,Italian Grand Prix,R,24.406
MAG,9,12,12,2023,Italian Grand Prix,R,24.406
MAG,30,32,33,2023,Italian Grand Prix,R,24.406
NOR,22,22,22,2023,Italian Grand Prix,R,24.406
OCO,23,24,24,2023,Italian Grand Prix,R,24.406
PIA,22,23,23,2023,Italian Grand Prix,R,24.406
STR,20,20,20,2023,Italian Grand Prix,R,24.406
ALB,13,13,13,2023,Japanese Grand Prix,R,23.672
ALB,23,24,26,2023,Japanese Grand Prix,R,23.672
ALB,26,26,26,2023,Japanese Grand Prix,R,23.672
ALO,8,11,11,2023,Japanese Grand Prix,R,23.672
GAS,15,15,18,2023,Japanese Grand Prix,R,23.672
GAS,18,18,18,2023,Japanese Grand Prix,R,23.672
GAS,31,33,34,2023,Japanese Grand Prix,R,23.672
HUL,18,19,21,2023,Japanese Grand Prix,R,23.672
HUL,21,21,21,2023,Japanese Grand Prix,R,23.672
HUL,35,37,37,2023,Japanese Grand Prix,R,23.672
LAW,23,23,25,2023,Japanese Grand Prix,R,23.672
MAG,12,12,12,2023,Japanese Grand Prix,R,23.672
MAG,28,31,31,2023,Japanese Grand Prix,R,23.672
NOR,17,17,17,2023,Japanese Grand Prix,R,23.672
OCO,25,28,28,2023,Japanese Grand Prix,R,23.672
PIA,32,35,35,2023,Japanese Grand Prix,R,23.672
RUS,21,24,24,2023,Japanese Grand Prix,R,23.672
SAI,18,18,18,2023,Japanese Grand Prix,R,23.672
SAI,38,38,38,2023,Japanese Grand Prix,R,23.672
SAR,18,21,21,2023,Japanese Grand Prix,R,23.672
TSU,6,9,9,2023,Japanese Grand Prix,R,23.672
TSU,27,27,30,2023,Japanese Grand Prix,R,23.672
TSU,29,30,30,2023,Japanese Grand Prix,R,23.672
ZHO,27,29,29,2023,Japanese Grand Prix,R,23.672
ALO,23,26,26,2023,Las Vegas Grand Prix,R,21.7105
BOT,21,24,24,2023,Las Vegas Grand Prix,R,21.7105
OCO,20,20,20,2023,Las Vegas Grand Prix,R,21.7105
PIA,40,43,43,2023,Las Vegas Grand Prix,R,21.7105
RUS,24,24,26,2023,Las Vegas Grand Prix,R,21.7105
SAI,23,26,26,2023,Las Vegas Grand Prix,R,21.7105
STR,1,3,3,2023,Las Vegas Grand Prix,R,21.7105
STR,25,25,26,2023,Las Vegas Grand Prix,R,21.7105
TSU,21,21,21,2023,Las Vegas Grand Prix,R,21.7105
ZHO,24,26,26,2023,Las Vegas Grand Prix,R,21.7105
ALB,30,33,33,2023,Mexico City Grand Prix,R,22.7025
ALO,26,27,29,2023,Mexico City Grand Prix,R,22.7025
ALO,29,29,29,2023,Mexico City Grand Prix,R,22.7025
ALO,46,46,47,2023,Mexico City Grand Prix,R,22.7025
BOT,29,31,31,2023,Mexico City Grand Prix,R,22.7025
GAS,28,28,28,2023,Mexico City Grand Prix,R,22.7025
GAS,34,34,34,2023,Mexico City Grand Prix,R,22.7025
HAM,32,34,34,2023,Mexico City Grand Prix,R,22.7025
HUL,20,20,23,2023,Mexico City Grand Prix,R,22.7025
NOR,31,33,33,2023,Mexico City Grand Prix,R,22.7025
OCO,32,34,34,2023,Mexico City Grand Prix,R,22.7025
PIA,23,23,25,2023,Mexico City Grand Prix,R,22.7025
RIC,25,27,27,2023,Mexico City Grand Prix,R,22.7025
RIC,31,34,34,2023,Mexico City Grand Prix,R,22.7025
SAI,29,30,30,2023,Mexico City Grand Prix,R,22.7025
SAR,34,34,34,2023,Mexico City Grand Prix,R,22.7025
STR,27,28,30,2023,Mexico City Grand Prix,R,22.7025
STR,30,30,30,2023,Mexico City Grand Prix,R,22.7025
TSU,34,34,34,2023,Mexico City Grand Prix,R,22.7025
VER,32,32,33,2023,Mexico City Grand Prix,R,22.7025
ZHO,32,32,34,2023,Mexico City Grand Prix,R,22.7025
ZHO,34,34,34,2023,Mexico City Grand Prix,R,22.7025
ALB,19,19,22,2023,Miami Grand Prix,R,22.5155
ALB,22,22,22,2023,Miami Grand Prix,R,22.5155
DEV,15,15,15,2023,Miami Grand Prix,R,22.5155
HAM,34,35,37,2023,Miami Grand Prix,R,22.5155
HUL,30,31,33,2023,Miami Grand Prix,R,22.5155
HUL,33,33,33,2023,Miami Grand Prix,R,22.5155
OCO,36,39,39,2023,Miami Grand Prix,R,22.5155
STR,40,42,42,2023,Miami Grand Prix,R,22.5155
ZHO,28,31,31,2023,Miami Grand Prix,R,22.5155
ALO,54,54,54,2023,Monaco Grand Prix,R,25.718
BOT,51,51,51,2023,Monaco Grand Prix,R,25.718
DEV,51,52,53,2023,Monaco Grand Prix,R,25.718
GAS,47,47,47,2023,Monaco Grand Prix,R,25.718
GAS,54,54,54,2023,Monaco Grand Prix,R,25.718
HAM,31,31,31,2023,Monaco Grand Prix,R,25.718
HUL,54,54,54,2023,Monaco Grand Prix,R,25.718
HUL,59,59,59,2023,Monaco Grand Prix,R,25.718
LEC,44,44,44,2023,Monaco Grand Prix,R,25.718
LEC,55,55,55,2023,Monaco Grand Prix,R,25.718
MAG,54,56,56,2023,Monaco Grand Prix,R,25.718
OCO,32,32,32,2023,Monaco Grand Prix,R,25.718
PER,34,34,34,2023,Monaco Grand Prix,R,25.718
PER,53,53,53,2023,Monaco Grand Prix,R,25.718
RUS,54,54,54,2023,Monaco Grand Prix,R,25.718
SAI,33,33,33,2023,Monaco Grand Prix,R,25.718
SAI,55,55,55,2023,Monaco Grand Prix,R,25.718
SAR,20,20,20,2023,Monaco Grand Prix,R,25.718
SAR,49,49,52,2023,Monaco Grand Prix,R,25.718
TSU,50,53,53,2023,Monaco Grand Prix,R,25.718
VER,55,55,55,2023,Monaco Grand Prix,R,25.718
ZHO,52,52,52,2023,Monaco Grand Prix,R,25.718
ALB,18,18,18,2023,Qatar Grand Prix,R,28.625
ALB,29,31,31,2023,Qatar Grand Prix,R,28.625
ALB,44,44,44,2023,Qatar Grand Prix,R,28.625
ALO,44,44,44,2023,Qatar Grand Prix,R,28.625
BOT,1,3,3,2023,Qatar Grand Prix,R,28.625
BOT,20,20,21,2023,Qatar Grand Prix,R,28.625
BOT,36,39,39,2023,Qatar Grand Prix,R,28.625
GAS,23,24,26,2023,Qatar Grand Prix,R,28.625
GAS,26,26,26,2023,Qatar Grand Prix,R,28.625
HUL,13,13,13,2023,Qatar Grand Prix,R,28.625
HUL,24,24,27,2023,Qatar Grand Prix,R,28.625
HUL,26,27,27,2023,Qatar Grand Prix,R,28.625
LAW,18,18,21,2023,Qatar Grand Prix,R,28.625
LAW,36,38,39,2023,Qatar Grand Prix,R,28.625
LEC,9,10,12,2023,Qatar Grand Prix,R,28.625
LEC,40,42,43,2023,Qatar Grand Prix,R,28.625
MAG,19,21,21,2023,Qatar Grand Prix,R,28.625
MAG,36,38,39,2023,Qatar Grand Prix,R,28.625
NOR,13,13,13,2023,Qatar Grand Prix,R,28.625
NOR,26,27,27,2023,Qatar Grand Prix,R,28.625
NOR,43,44,44,2023,Qatar Grand Prix,R,28.625
PER,28,31,31,2023,Qatar Grand Prix,R,28.625
PIA,9,12,12,2023,Qatar Grand Prix,R,28.625
PIA,22,25,25,2023,Qatar Grand Prix,R,28.625
PIA,40,42,43,2023,Qatar Grand Prix,R,28.625
RUS,1,1,1,2023,Qatar Grand Prix,R,28.625
RUS,14,14,14,2023,Qatar Grand Prix,R,28.625
SAR,13,13,13,2023,Qatar Grand Prix,R,28.625
SAR,23,24,26,2023,Qatar Grand Prix,R,28.625
SAR,40,40,40,2023,Qatar Grand Prix,R,28.625
STR,1,3,3,2023,Qatar Grand Prix,R,28.625
STR,19,19,21,2023,Qatar Grand Prix,R,28.625
STR,21,21,21,2023,Qatar Grand Prix,R,28.625
STR,36,38,39,2023,Qatar Grand Prix,R,28.625
TSU,22,22,22,2023,Qatar Grand Prix,R,28.625
TSU,37,38,40,2023,Qatar Grand Prix,R,28.625
TSU,40,40,40,2023,Qatar Grand Prix,R,28.625
VER,51,51,51,2023,Qatar Grand Prix,R,28.625
ZHO,18,18,18,2023,Qatar Grand Prix,R,28.625
ZHO,32,35,35,2023,Qatar Grand Prix,R,28.625
ZHO,49,52,52,2023,Qatar Grand Prix,R,28.625
ALB,14,16,17,2023,Saudi Arabian Grand Prix,R,21.523
NOR,16,19,19,2023,Saudi Arabian Grand Prix,R,21.523
SAR,18,18,18,2023,Saudi Arabian Grand Prix,R,21.523
BOT,37,39,40,2023,Singapore Grand Prix,R,29.8355
LEC,17,20,20,2023,Singapore Grand Prix,R,29.8355
PER,39,39,39,2023,Singapore Grand Prix,R,29.8355
SAR,41,42,43,2023,Singapore Grand Prix,R,29.8355
VER,37,40,40,2023,Singapore Grand Prix,R,29.8355
ALB,16,16,16,2023,Spanish Grand Prix,R,22.577
ALB,37,37,37,2023,Spanish Grand Prix,R,22.577
ALO,16,19,19,2023,Spanish Grand Prix,R,22.577
ALO,42,44,44,2023,Spanish Grand Prix,R,22.577
BOT,36,39,39,2023,Spanish Grand Prix,R,22.577
DEV,35,35,38,2023,Spanish Grand Prix,R,22.577
DEV,37,38,38,2023,Spanish Grand Prix,R,22.577
GAS,17,18,19,2023,Spanish Grand Prix,R,22.577
HAM,21,24,24,2023,Spanish Grand Prix,R,22.577
HAM,50,50,50,2023,Spanish Grand Prix,R,22.577
HUL,5,8,8,2023,Spanish Grand Prix,R,22.577
HUL,23,26,26,2023,Spanish Grand Prix,R,22.577
HUL,40,43,43,2023,Spanish Grand Prix,R,22.577
LEC,16,16,16,2023,Spanish Grand Prix,R,22.577
LEC,38,38,41,2023,Spanish Grand Prix,R,22.577
LEC,41,41,41,2023,Spanish Grand Prix,R,22.577
MAG,24,24,24,2023,Spanish Grand Prix,R,22.577
MAG,40,40,42,2023,Spanish Grand Prix,R,22.577
NOR,19,22,22,2023,Spanish Grand Prix,R,22.577
NOR,47,50,50,2023,Spanish Grand Prix,R,22.577
OCO,11,13,13,2023,Spanish Grand Prix,R,22.577
OCO,34,35,35,2023,Spanish Grand Prix,R,22.577
PER,27,27,27,2023,Spanish Grand Prix,R,22.577
PER,50,50,50,2023,Spanish Grand Prix,R,22.577
PIA,17,17,17,2023,Spanish Grand Prix,R,22.577
RUS,45,45,45,2023,Spanish Grand Prix,R,22.577
SAI,12,14,15,2023,Spanish Grand Prix,R,22.577
SAI,38,41,41,2023,Spanish Grand Prix,R,22.577
SAR,15,17,17,2023,Spanish Grand Prix,R,22.577
SAR,35,36,36,2023,Spanish Grand Prix,R,22.577
STR,14,14,14,2023,Spanish Grand Prix,R,22.577
STR,31,33,34,2023,Spanish Grand Prix,R,22.577
TSU,31,33,34,2023,Spanish Grand Prix,R,22.577
VER,52,52,52,2023,Spanish Grand Prix,R,22.577
ZHO,33,33,36,2023,Spanish Grand Prix,R,22.577
ZHO,35,36,36,2023,Spanish Grand Prix,R,22.577
ALO,22,25,25,2023,São Paulo Grand Prix,R,23.905
BOT,36,38,39,2023,São Paulo Grand Prix,R,23.905
HAM,43,45,46,2023,São Paulo Grand Prix,R,23.905
HUL,18,18,21,2023,São Paulo Grand Prix,R,23.905
HUL,21,21,21,2023,São Paulo Grand Prix,R,23.905
HUL,43,43,46,2023,São Paulo Grand Prix,R,23.905
HUL,46,46,46,2023,São Paulo Grand Prix,R,23.905
NOR,59,59,59,2023,São Paulo Grand Prix,R,23.905
OCO,13,14,14,2023,São Paulo Grand Prix,R,23.905
OCO,28,31,31,2023,São Paulo Grand Prix,R,23.905
OCO,48,51,51,2023,São Paulo Grand Prix,R,23.905
PER,43,46,46,2023,São Paulo Grand Prix,R,23.905
PIA,49,50,52,2023,São Paulo Grand Prix,R,23.905
RIC,2,2,2,2023,São Paulo Grand Prix,R,23.905
RIC,23,24,26,2023,São Paulo Grand Prix,R,23.905
RIC,26,26,26,2023,São Paulo Grand Prix,R,23.905
RIC,54,55,55,2023,São Paulo Grand Prix,R,23.905
RUS,1,2,1,2023,São Paulo Grand Prix,R,23.905
RUS,43,45,45,2023,São Paulo Grand Prix,R,23.905
SAI,26,26,26,2023,São Paulo Grand Prix,R,23.905
SAR,41,44,44,2023,São Paulo Grand Prix,R,23.905
STR,49,51,52,2023,São Paulo Grand Prix,R,23.905
TSU,52,55,55,2023,São Paulo Grand Prix,R,23.905
ZHO,20,21,22,2023,São Paulo Grand Prix,R,23.905
ALB,7,10,10,2023,United States Grand Prix,R,24.398000000000003
ALB,26,29,29,2023,United States Grand Prix,R,24.398000000000003
ALO,19,19,19,2023,United States Grand Prix,R,24.398000000000003
ALO,39,42,42,2023,United States Grand Prix,R,24.398000000000003
BOT,28,28,28,2023,United States Grand Prix,R,24.398000000000003
GAS,18,18,18,2023,United States Grand Prix,R,24.398000000000003
GAS,34,36,37,2023,United States Grand Prix,R,24.398000000000003
HAM,18,18,20,2023,United States Grand Prix,R,24.398000000000003
LEC,21,21,23,2023,United States Grand Prix,R,24.398000000000003
LEC,23,23,23,2023,United States Grand Prix,R,24.398000000000003
MAG,26,26,29,2023,United States Grand Prix,R,24.398000000000003
MAG,28,29,29,2023,United States Grand Prix,R,24.398000000000003
PER,36,37,37,2023,United States Grand Prix,R,24.398000000000003
RIC,19,22,22,2023,United States Grand Prix,R,24.398000000000003
RIC,45,47,47,2023,United States Grand Prix,R,24.398000000000003
RUS,21,21,21,2023,United States Grand Prix,R,24.398000000000003
RUS,36,36,39,2023,United States Grand Prix,R,24.398000000000003
RUS,38,39,39,2023,United States Grand Prix,R,24.398000000000003
SAI,32,33,35,2023,United States Grand Prix,R,24.398000000000003
SAR,30,32,32,2023,United States Grand Prix,R,24.398000000000003
STR,18,18,20,2023,United States Grand Prix,R,24.398000000000003
STR,20,20,20,2023,United States Grand Prix,R,24.398000000000003
TSU,17,17,17,2023,United States Grand Prix,R,24.398000000000003
TSU,51,54,54,2023,United States Grand Prix,R,24.398000000000003
ZHO,24,25,27,2023,United States Grand Prix,R,24.398000000000003
ZHO,27,27,27,2023,United States Grand Prix,R,24.398000000000003
ALO,35,37,37,2024,Abu Dhabi Grand Prix,R,22.35
BOT,27,30,30,2024,Abu Dhabi Grand Prix,R,22.35
DOO,22,22,22,2024,Abu Dhabi Grand Prix,R,22.35
HAM,31,34,34,2024,Abu Dhabi Grand Prix,R,22.35
LAW,23,23,23,2024,Abu Dhabi Grand Prix,R,22.35
MAG,52,54,55,2024,Abu Dhabi Grand Prix,R,22.35
PIA,29,32,32,2024,Abu Dhabi Grand Prix,R,22.35
RUS,26,26,26,2024,Abu Dhabi Grand Prix,R,22.35
STR,30,31,32,2024,Abu Dhabi Grand Prix,R,22.35
TSU,19,22,22,2024,Abu Dhabi Grand Prix,R,22.35
VER,27,29,29,2024,Abu Dhabi Grand Prix,R,22.35
ALB,24,27,27,2024,Australian Grand Prix,R,17.816
ALO,17,17,17,2024,Australian Grand Prix,R,17.816
ALO,38,38,41,2024,Australian Grand Prix,R,17.816
ALO,41,41,41,2024,Australian Grand Prix,R,17.816
BOT,8,8,8,2024,Australian Grand Prix,R,17.816
BOT,34,36,36,2024,Australian Grand Prix,R,17.816
GAS,16,17,17,2024,Australian Grand Prix,R,17.816
GAS,38,40,41,2024,Australian Grand Prix,R,17.816
HUL,15,17,17,2024,Australian Grand Prix,R,17.816
LEC,31,33,34,2024,Australian Grand Prix,R,17.816
MAG,30,33,33,2024,Australian Grand Prix,R,17.816
NOR,37,40,40,2024,Australian Grand Prix,R,17.816
OCO,9,9,9,2024,Australian Grand Prix,R,17.816
OCO,39,42,42,2024,Australian Grand Prix,R,17.816
PIA,36,39,39,2024,Australian Grand Prix,R,17.816
RIC,29,29,29,2024,Australian Grand Prix,R,17.816
RUS,42,45,45,2024,Australian Grand Prix,R,17.816
STR,35,35,37,2024,Australian Grand Prix,R,17.816
STR,37,37,37,2024,Australian Grand Prix,R,17.816
TSU,35,36,36,2024,Australian Grand Prix,R,17.816
ZHO,33,35,35,2024,Australian Grand Prix,R,17.816
ALB,36,36,39,2024,Austrian Grand Prix,R,21.6605
ALB,39,39,39,2024,Austrian Grand Prix,R,21.6605
ALO,8,11,11,2024,Austrian Grand Prix,R,21.6605
ALO,35,35,35,2024,Austrian Grand Prix,R,21.6605
ALO,65,68,68,2024,Austrian Grand Prix,R,21.6605
BOT,19,19,19,2024,Austrian Grand Prix,R,21.6605
BOT,42,42,42,2024,Austrian Grand Prix,R,21.6605
HAM,50,50,53,2024,Austrian Grand Prix,R,21.6605
HAM,52,53,53,2024,Austrian Grand Prix,R,21.6605
HUL,36,39,39,2024,Austrian Grand Prix,R,21.6605
LEC,13,16,16,2024,Austrian Grand Prix,R,21.6605
LEC,30,33,33,2024,Austrian Grand Prix,R,21.6605
LEC,50,51,51,2024,Austrian Grand Prix,R,21.6605
MAG,38,38,38,2024,Austrian Grand Prix,R,21.6605
NOR,51,51,51,2024,Austrian Grand Prix,R,21.6605
PER,48,51,51,2024,Austrian Grand Prix,R,21.6605
PIA,24,25,25,2024,Austrian Grand Prix,R,21.6605
RIC,37,37,37,2024,Austrian Grand Prix,R,21.6605
RUS,46,46,46,2024,Austrian Grand Prix,R,21.6605
SAI,47,47,47,2024,Austrian Grand Prix,R,21.6605
SAR,17,20,20,2024,Austrian Grand Prix,R,21.6605
STR,20,20,20,2024,Austrian Grand Prix,R,21.6605
STR,43,43,43,2024,Austrian Grand Prix,R,21.6605
VER,51,51,51,2024,Austrian Grand Prix,R,21.6605
VER,61,61,64,2024,Austrian Grand Prix,R,21.6605
ZHO,25,28,28,2024,Austrian Grand Prix,R,21.6605
ZHO,51,51,51,2024,Austrian Grand Prix,R,21.6605
ALB,28,31,31,2024,Azerbaijan Grand Prix,R,20.4955
GAS,47,50,50,2024,Azerbaijan Grand Prix,R,20.4955
HAM,12,12,12,2024,Azerbaijan Grand Prix,R,20.4955
HUL,14,15,15,2024,Azerbaijan Grand Prix,R,20.4955
NOR,34,37,37,2024,Azerbaijan Grand Prix,R,20.4955
OCO,48,49,49,2024,Azerbaijan Grand Prix,R,20.4955
SAI,17,17,17,2024,Azerbaijan Grand Prix,R,20.4955
STR,45,45,45,2024,Azerbaijan Grand Prix,R,20.4955
VER,49,49,49,2024,Azerbaijan Grand Prix,R,20.4955
ALB,15,15,15,2024,Bahrain Grand Prix,R,24.779
ALB,35,36,36,2024,Bahrain Grand Prix,R,24.779
ALO,38,41,41,2024,Bahrain Grand Prix,R,24.779
GAS,12,12,12,2024,Bahrain Grand Prix,R,24.779
GAS,31,31,31,2024,Bahrain Grand Prix,R,24.779
HUL,17,20,20,2024,Bahrain Grand Prix,R,24.779
HUL,38,41,41,2024,Bahrain Grand Prix,R,24.779
LEC,31,34,34,2024,Bahrain Grand Prix,R,24.779
MAG,29,31,32,2024,Bahrain Grand Prix,R,24.779
OCO,29,30,30,2024,Bahrain Grand Prix,R,24.779
PER,33,36,36,2024,Bahrain Grand Prix,R,24.779
RIC,10,11,13,2024,Bahrain Grand Prix,R,24.779
RIC,13,13,13,2024,Bahrain Grand Prix,R,24.779
RUS,28,30,31,2024,Bahrain Grand Prix,R,24.779
SAR,25,28,28,2024,Bahrain Grand Prix,R,24.779
STR,24,26,27,2024,Bahrain Grand Prix,R,24.779
TSU,32,32,34,2024,Bahrain Grand Prix,R,24.779
ZHO,25,28,28,2024,Bahrain Grand Prix,R,24.779
ALB,21,23,23,2024,Belgian Grand Prix,R,23.052
ALO,13,13,13,2024,Belgian Grand Prix,R,23.052
BOT,35,35,35,2024,Belgian Grand Prix,R,23.052
GAS,25,28,28,2024,Belgian Grand Prix,R,23.052
HUL,19,20,20,2024,Belgian Grand Prix,R,23.052
MAG,14,14,17,2024,Belgian Grand Prix,R,23.052
MAG,16,17,17,2024,Belgian Grand Prix,R,23.052
OCO,12,12,12,2024,Belgian Grand Prix,R,23.052
OCO,27,30,30,2024,Belgian Grand Prix,R,23.052
PER,21,21,21,2024,Belgian Grand Prix,R,23.052
PER,39,42,42,2024,Belgian Grand Prix,R,23.052
RIC,21,21,21,2024,Belgian Grand Prix,R,23.052
SAI,20,20,20,2024,Belgian Grand Prix,R,23.052
SAR,21,24,24,2024,Belgian Grand Prix,R,23.052
TSU,15,15,15,2024,Belgian Grand Prix,R,23.052
VER,28,28,28,2024,Belgian Grand Prix,R,23.052
MAG,27,27,27,2024,British Grand Prix,R,29.378
PIA,28,28,28,2024,British Grand Prix,R,29.378
SAI,39,39,39,2024,British Grand Prix,R,29.378
SAR,27,27,27,2024,British Grand Prix,R,29.378
ALO,44,44,44,2024,Canadian Grand Prix,R,24.551
BOT,39,42,42,2024,Canadian Grand Prix,R,24.551
GAS,25,25,25,2024,Canadian Grand Prix,R,24.551
HUL,44,44,44,2024,Canadian Grand Prix,R,24.551
NOR,26,26,26,2024,Canadian Grand Prix,R,24.551
OCO,41,44,44,2024,Canadian Grand Prix,R,24.551
TSU,41,44,44,2024,Canadian Grand Prix,R,24.551
ZHO,21,23,24,2024,Canadian Grand Prix,R,24.551
ZHO,44,44,44,2024,Canadian Grand Prix,R,24.551
ALB,22,22,23,2024,Chinese Grand Prix,R,22.977
ALO,23,23,23,2024,Chinese Grand Prix,R,22.977
GAS,22,23,23,2024,Chinese Grand Prix,R,22.977
HAM,21,21,21,2024,Chinese Grand Prix,R,22.977
HUL,20,20,23,2024,Chinese Grand Prix,R,22.977
HUL,22,23,23,2024,Chinese Grand Prix,R,22.977
LEC,18,18,21,2024,Chinese Grand Prix,R,22.977
LEC,21,21,21,2024,Chinese Grand Prix,R,22.977
MAG,15,17,17,2024,Chinese Grand Prix,R,22.977
MAG,24,27,27,2024,Chinese Grand Prix,R,22.977
NOR,19,22,22,2024,Chinese Grand Prix,R,22.977
PIA,14,16,16,2024,Chinese Grand Prix,R,22.977
PIA,24,24,24,2024,Chinese Grand Prix,R,22.977
RIC,14,14,14,2024,Chinese Grand Prix,R,22.977
RIC,30,33,33,2024,Chinese Grand Prix,R,22.977
RUS,22,22,23,2024,Chinese Grand Prix,R,22.977
SAI,17,17,17,2024,Chinese Grand Prix,R,22.977
SAR,12,12,12,2024,Chinese Grand Prix,R,22.977
SAR,24,24,24,2024,Chinese Grand Prix,R,22.977
STR,18,21,21,2024,Chinese Grand Prix,R,22.977
TSU,20,20,23,2024,Chinese Grand Prix,R,22.977
TSU,22,22,23,2024,Chinese Grand Prix,R,22.977
ZHO,40,40,40,2024,Chinese Grand Prix,R,22.977
ALB,51,54,54,2024,Dutch Grand Prix,R,21.163
ALO,28,28,31,2024,Dutch Grand Prix,R,21.163
ALO,31,31,31,2024,Dutch Grand Prix,R,21.163
BOT,41,43,43,2024,Dutch Grand Prix,R,21.163
GAS,29,29,32,2024,Dutch Grand Prix,R,21.163
GAS,31,32,32,2024,Dutch Grand Prix,R,21.163
HAM,45,48,48,2024,Dutch Grand Prix,R,21.163
MAG,37,40,40,2024,Dutch Grand Prix,R,21.163
OCO,27,28,30,2024,Dutch Grand Prix,R,21.163
PIA,33,33,33,2024,Dutch Grand Prix,R,21.163
RIC,29,29,29,2024,Dutch Grand Prix,R,21.163
RUS,51,54,54,2024,Dutch Grand Prix,R,21.163
SAI,30,30,30,2024,Dutch Grand Prix,R,21.163
SAR,22,22,22,2024,Dutch Grand Prix,R,21.163
STR,30,30,30,2024,Dutch Grand Prix,R,21.163
ZHO,18,18,18,2024,Dutch Grand Prix,R,21.163
ZHO,48,51,51,2024,Dutch Grand Prix,R,21.163
ALB,26,28,28,2024,Emilia Romagna Grand Prix,R,30.2
ALB,48,51,51,2024,Emilia Romagna Grand Prix,R,30.2
ALO,37,40,40,2024,Emilia Romagna Grand Prix,R,30.2
GAS,27,29,30,2024,Emilia Romagna Grand Prix,R,30.2
MAG,37,37,37,2024,Emilia Romagna Grand Prix,R,30.2
OCO,22,24,25,2024,Emilia Romagna Grand Prix,R,30.2
PER,34,37,37,2024,Emilia Romagna Grand Prix,R,30.2
RUS,49,52,52,2024,Emilia Romagna Grand Prix,R,30.2
SAR,28,31,31,2024,Emilia Romagna Grand Prix,R,30.2
STR,34,37,37,2024,Emilia Romagna Grand Prix,R,30.2
ZHO,33,33,33,2024,Emilia Romagna Grand Prix,R,30.2
ALB,26,27,29,2024,Hungarian Grand Prix,R,21.791
ALB,29,29,29,2024,Hungarian Grand Prix,R,21.791
ALO,34,35,37,2024,Hungarian Grand Prix,R,21.791
ALO,37,37,37,2024,Hungarian Grand Prix,R,21.791
BOT,42,45,45,2024,Hungarian Grand Prix,R,21.791
GAS,28,28,28,2024,Hungarian Grand Prix,R,21.791
HAM,40,40,40,2024,Hungarian Grand Prix,R,21.791
HUL,27,28,29,2024,Hungarian Grand Prix,R,21.791
LEC,22,22,23,2024,Hungarian Grand Prix,R,21.791
MAG,31,32,34,2024,Hungarian Grand Prix,R,21.791
MAG,34,34,34,2024,Hungarian Grand Prix,R,21.791
NOR,45,45,45,2024,Hungarian Grand Prix,R,21.791
OCO,27,28,30,2024,Hungarian Grand Prix,R,21.791
OCO,61,64,64,2024,Hungarian Grand Prix,R,21.791
PER,44,47,47,2024,Hungarian Grand Prix,R,21.791
RUS,30,33,33,2024,Hungarian Grand Prix,R,21.791
RUS,50,53,53,2024,Hungarian Grand Prix,R,21.791
SAI,47,47,47,2024,Hungarian Grand Prix,R,21.791
SAR,30,33,33,2024,Hungarian Grand Prix,R,21.791
SAR,61,63,63,2024,Hungarian Grand Prix,R,21.791
STR,11,14,14,2024,Hungarian Grand Prix,R,21.791
STR,42,45,45,2024,Hungarian Grand Prix,R,21.791
TSU,26,28,29,2024,Hungarian Grand Prix,R,21.791
VER,19,19,21,2024,Hungarian Grand Prix,R,21.791
ZHO,35,36,36,2024,Hungarian Grand Prix,R,21.791
ALB,17,17,17,2024,Italian Grand Prix,R,24.783
ALO,34,35,35,2024,Italian Grand Prix,R,24.783
BOT,30,30,33,2024,Italian Grand Prix,R,24.783
BOT,32,33,33,2024,Italian Grand Prix,R,24.783
GAS,30,30,30,2024,Italian Grand Prix,R,24.783
HAM,34,37,37,2024,Italian Grand Prix,R,24.783
HUL,29,30,32,2024,Italian Grand Prix,R,24.783
HUL,32,32,32,2024,Italian Grand Prix,R,24.783
OCO,28,31,31,2024,Italian Grand Prix,R,24.783
PER,23,23,23,2024,Italian Grand Prix,R,24.783
PER,33,35,35,2024,Italian Grand Prix,R,24.783
RUS,30,33,33,2024,Italian Grand Prix,R,24.783
SAI,17,17,19,2024,Italian Grand Prix,R,24.783
STR,18,18,19,2024,Italian Grand Prix,R,24.783
VER,39,41,41,2024,Italian Grand Prix,R,24.783
GAS,13,16,16,2024,Japanese Grand Prix,R,23.32
GAS,29,32,32,2024,Japanese Grand Prix,R,23.32
HAM,20,20,23,2024,Japanese Grand Prix,R,23.32
HAM,23,23,23,2024,Japanese Grand Prix,R,23.32
HAM,37,39,39,2024,Japanese Grand Prix,R,23.32
HUL,30,33,33,2024,Japanese Grand Prix,R,23.32
LEC,23,26,26,2024,Japanese Grand Prix,R,23.32
MAG,19,21,22,2024,Japanese Grand Prix,R,23.32
NOR,23,25,26,2024,Japanese Grand Prix,R,23.32
OCO,16,19,19,2024,Japanese Grand Prix,R,23.32
OCO,30,32,33,2024,Japanese Grand Prix,R,23.32
PIA,32,32,32,2024,Japanese Grand Prix,R,23.32
RUS,19,22,22,2024,Japanese Grand Prix,R,23.32
RUS,34,37,37,2024,Japanese Grand Prix,R,23.32
SAI,35,36,36,2024,Japanese Grand Prix,R,23.32
SAR,19,22,22,2024,Japanese Grand Prix,R,23.32
STR,12,12,12,2024,Japanese Grand Prix,R,23.32
TSU,4,7,7,2024,Japanese Grand Prix,R,23.32
ALB,22,25,25,2024,Las Vegas Grand Prix,R,21.289
ALO,21,24,24,2024,Las Vegas Grand Prix,R,21.289
BOT,15,16,17,2024,Las Vegas Grand Prix,R,21.289
BOT,32,33,35,2024,Las Vegas Grand Prix,R,21.289
BOT,35,35,35,2024,Las Vegas Grand Prix,R,21.289
COL,16,16,16,2024,Las Vegas Grand Prix,R,21.289
COL,26,26,26,2024,Las Vegas Grand Prix,R,21.289
HAM,13,13,13,2024,Las Vegas Grand Prix,R,21.289
HUL,14,14,14,2024,Las Vegas Grand Prix,R,21.289
HUL,30,33,33,2024,Las Vegas Grand Prix,R,21.289
LAW,11,11,11,2024,Las Vegas Grand Prix,R,21.289
LAW,35,38,38,2024,Las Vegas Grand Prix,R,21.289
MAG,14,17,17,2024,Las Vegas Grand Prix,R,21.289
NOR,30,30,30,2024,Las Vegas Grand Prix,R,21.289
OCO,12,12,12,2024,Las Vegas Grand Prix,R,21.289
OCO,42,45,45,2024,Las Vegas Grand Prix,R,21.289
PER,14,17,17,2024,Las Vegas Grand Prix,R,21.289
PER,31,32,32,2024,Las Vegas Grand Prix,R,21.289
PIA,25,25,25,2024,Las Vegas Grand Prix,R,21.289
STR,26,28,28,2024,Las Vegas Grand Prix,R,21.289
TSU,27,29,29,2024,Las Vegas Grand Prix,R,21.289
ZHO,31,34,34,2024,Las Vegas Grand Prix,R,21.289
BOT,46,46,49,2024,Mexico City Grand Prix,R,22.818
BOT,48,49,49,2024,Mexico City Grand Prix,R,22.818
COL,44,47,47,2024,Mexico City Grand Prix,R,22.818
LAW,38,39,39,2024,Mexico City Grand Prix,R,22.818
LAW,65,65,65,2024,Mexico City Grand Prix,R,22.818
OCO,48,48,48,2024,Mexico City Grand Prix,R,22.818
PER,40,42,43,2024,Mexico City Grand Prix,R,22.818
PER,66,66,68,2024,Mexico City Grand Prix,R,22.818
PIA,36,39,39,2024,Mexico City Grand Prix,R,22.818
ZHO,40,40,43,2024,Mexico City Grand Prix,R,22.818
ZHO,42,43,43,2024,Mexico City Grand Prix,R,22.818
ALB,52,53,53,2024,Miami Grand Prix,R,22.6045
BOT,26,27,29,2024,Miami Grand Prix,R,22.6045
BOT,29,29,29,2024,Miami Grand Prix,R,22.6045
HAM,23,26,26,2024,Miami Grand Prix,R,22.6045
HUL,25,26,28,2024,Miami Grand Prix,R,22.6045
OCO,19,22,22,2024,Miami Grand Prix,R,22.6045
PER,28,28,28,2024,Miami Grand Prix,R,22.6045
RIC,27,28,28,2024,Miami Grand Prix,R,22.6045
RUS,21,24,24,2024,Miami Grand Prix,R,22.6045
TSU,25,25,28,2024,Miami Grand Prix,R,22.6045
TSU,27,28,28,2024,Miami Grand Prix,R,22.6045
ZHO,28,28,28,2024,Miami Grand Prix,R,22.6045
HAM,51,51,51,2024,Monaco Grand Prix,R,24.267
SAR,54,56,57,2024,Monaco Grand Prix,R,24.267
VER,52,52,52,2024,Monaco Grand Prix,R,24.267
ZHO,67,70,70,2024,Monaco Grand Prix,R,24.267
ALO,34,35,35,2024,Qatar Grand Prix,R,30.6305
ALO,37,37,37,2024,Qatar Grand Prix,R,30.6305
BOT,32,33,35,2024,Qatar Grand Prix,R,30.6305
BOT,35,36,35,2024,Qatar Grand Prix,R,30.6305
HAM,34,34,34,2024,Qatar Grand Prix,R,30.6305
HAM,44,44,47,2024,Qatar Grand Prix,R,30.6305
HAM,47,47,47,2024,Qatar Grand Prix,R,30.6305
HUL,36,37,36,2024,Qatar Grand Prix,R,30.6305
LAW,35,35,35,2024,Qatar Grand Prix,R,30.6305
MAG,27,27,27,2024,Qatar Grand Prix,R,30.6305
MAG,36,37,36,2024,Qatar Grand Prix,R,30.6305
PIA,34,34,34,2024,Qatar Grand Prix,R,30.6305
TSU,35,35,35,2024,Qatar Grand Prix,R,30.6305
ZHO,32,33,35,2024,Qatar Grand Prix,R,30.6305
HAM,36,36,36,2024,Saudi Arabian Grand Prix,R,22.266
HUL,30,33,33,2024,Saudi Arabian Grand Prix,R,22.266
NOR,34,37,37,2024,Saudi Arabian Grand Prix,R,22.266
ZHO,38,41,41,2024,Saudi Arabian Grand Prix,R,22.266
BOT,30,30,33,2024,Singapore Grand Prix,R,29.661
BOT,33,33,33,2024,Singapore Grand Prix,R,29.661
GAS,34,37,37,2024,Singapore Grand Prix,R,29.661
HUL,29,29,29,2024,Singapore Grand Prix,R,29.661
LEC,33,36,36,2024,Singapore Grand Prix,R,29.661
MAG,26,27,28,2024,Singapore Grand Prix,R,29.661
MAG,49,49,49,2024,Singapore Grand Prix,R,29.661
OCO,26,26,29,2024,Singapore Grand Prix,R,29.661
PIA,35,38,38,2024,Singapore Grand Prix,R,29.661
RIC,43,46,46,2024,Singapore Grand Prix,R,29.661
STR,23,24,26,2024,Singapore Grand Prix,R,29.661
STR,26,26,26,2024,Singapore Grand Prix,R,29.661
TSU,30,33,33,2024,Singapore Grand Prix,R,29.661
ZHO,31,32,34,2024,Singapore Grand Prix,R,29.661
ZHO,34,34,34,2024,Singapore Grand Prix,R,29.661
ALB,16,18,18,2024,Spanish Grand Prix,R,22.293
ALB,40,40,43,2024,Spanish Grand Prix,R,22.293
ALB,43,43,43,2024,Spanish Grand Prix,R,22.293
ALO,16,19,19,2024,Spanish Grand Prix,R,22.293
ALO,42,45,45,2024,Spanish Grand Prix,R,22.293
BOT,26,28,28,2024,Spanish Grand Prix,R,22.293
GAS,11,13,14,2024,Spanish Grand Prix,R,22.293
GAS,35,35,38,2024,Spanish Grand Prix,R,22.293
GAS,37,38,38,2024,Spanish Grand Prix,R,22.293
HAM,13,16,16,2024,Spanish Grand Prix,R,22.293
HAM,40,43,43,2024,Spanish Grand Prix,R,22.293
HUL,37,38,38,2024,Spanish Grand Prix,R,22.293
LEC,24,24,24,2024,Spanish Grand Prix,R,22.293
MAG,28,29,29,2024,Spanish Grand Prix,R,22.293
NOR,47,47,47,2024,Spanish Grand Prix,R,22.293
PER,10,11,13,2024,Spanish Grand Prix,R,22.293
PER,28,31,31,2024,Spanish Grand Prix,R,22.293
PER,48,49,49,2024,Spanish Grand Prix,R,22.293
PIA,18,21,21,2024,Spanish Grand Prix,R,22.293
PIA,45,46,46,2024,Spanish Grand Prix,R,22.293
RIC,16,16,16,2024,Spanish Grand Prix,R,22.293
RIC,40,40,42,2024,Spanish Grand Prix,R,22.293
RIC,42,42,42,2024,Spanish Grand Prix,R,22.293
RUS,35,35,36,2024,Spanish Grand Prix,R,22.293
SAR,14,14,14,2024,Spanish Grand Prix,R,22.293
SAR,31,34,34,2024,Spanish Grand Prix,R,22.293
STR,35,35,37,2024,Spanish Grand Prix,R,22.293
TSU,24,27,27,2024,Spanish Grand Prix,R,22.293
TSU,44,44,44,2024,Spanish Grand Prix,R,22.293
ZHO,38,41,41,2024,Spanish Grand Prix,R,22.293
BEA,27,27,27,2024,São Paulo Grand Prix,R,25.515
BOT,29,32,32,2024,São Paulo Grand Prix,R,25.515
COL,25,25,26,2024,São Paulo Grand Prix,R,25.515
LAW,25,27,28,2024,São Paulo Grand Prix,R,25.515
LAW,29,32,32,2024,São Paulo Grand Prix,R,25.515
LEC,29,32,32,2024,São Paulo Grand Prix,R,25.515
OCO,29,29,32,2024,São Paulo Grand Prix,R,25.515
PER,29,32,32,2024,São Paulo Grand Prix,R,25.515
PIA,26,27,27,2024,São Paulo Grand Prix,R,25.515
SAI,26,26,27,2024,São Paulo Grand Prix,R,25.515
ZHO,27,27,27,2024,São Paulo Grand Prix,R,25.515
ALB,30,30,33,2024,United States Grand Prix,R,24.2725
ALB,32,33,33,2024,United States Grand Prix,R,24.2725
COL,37,39,39,2024,United States Grand Prix,R,24.2725
HUL,26,26,27,2024,United States Grand Prix,R,24.2725
MAG,35,35,38,2024,United States Grand Prix,R,24.2725
MAG,38,38,38,2024,United States Grand Prix,R,24.2725
OCO,28,31,31,2024,United States Grand Prix,R,24.2725
PER,23,24,26,2024,United States Grand Prix,R,24.2725
PER,26,26,26,2024,United States Grand Prix,R,24.2725
PIA,32,32,32,2024,United States Grand Prix,R,24.2725
RUS,37,40,40,2024,United States Grand Prix,R,24.2725
STR,24,24,27,2024,United States Grand Prix,R,24.2725
STR,27,27,27,2024,United States Grand Prix,R,24.2725
ZHO,10,13,13,2024,United States Grand Prix,R,24.2725
ZHO,32,32,35,2024,United States Grand Prix,R,24.2725
ZHO,34,35,35,2024,United States Grand Prix,R,24.2725
ALB,30,31,33,2025,Abu Dhabi Grand Prix,R,21.759
ALB,33,33,33,2025,Abu Dhabi Grand Prix,R,21.759
ANT,29,32,32,2025,Abu Dhabi Grand Prix,R,21.759
COL,15,15,15,2025,Abu Dhabi Grand Prix,R,21.759
COL,37,39,40,2025,Abu Dhabi Grand Prix,R,21.759
GAS,37,37,40,2025,Abu Dhabi Grand Prix,R,21.759
GAS,39,40,40,2025,Abu Dhabi Grand Prix,R,21.759
HUL,39,42,42,2025,Abu Dhabi Grand Prix,R,21.759
LAW,21,21,21,2025,Abu Dhabi Grand Prix,R,21.759
NOR,37,40,40,2025,Abu Dhabi Grand Prix,R,21.759
PIA,41,41,41,2025,Abu Dhabi Grand Prix,R,21.759
SAI,18,18,18,2025,Abu Dhabi Grand Prix,R,21.759
STR,39,42,42,2025,Abu Dhabi Grand Prix,R,21.759
TSU,29,32,32,2025,Abu Dhabi Grand Prix,R,21.759
BEA,4,4,4,2025,Australian Grand Prix,R,19.488
BEA,36,38,39,2025,Australian Grand Prix,R,19.488
GAS,46,46,46,2025,Australian Grand Prix,R,19.488
HAM,47,47,47,2025,Australian Grand Prix,R,19.488
HUL,4,4,4,2025,Australian Grand Prix,R,19.488
HUL,30,33,33,2025,Australian Grand Prix,R,19.488
LAW,33,33,33,2025,Australian Grand Prix,R,19.488
OCO,36,39,39,2025,Australian Grand Prix,R,19.488
OCO,45,45,46,2025,Australian Grand Prix,R,19.488
TSU,46,46,47,2025,Australian Grand Prix,R,19.488
ALO,32,33,33,2025,Austrian Grand Prix,R,21.596
BEA,36,39,39,2025,Austrian Grand Prix,R,21.596
BOR,46,49,49,2025,Austrian Grand Prix,R,21.596
COL,36,37,39,2025,Austrian Grand Prix,R,21.596
GAS,9,11,12,2025,Austrian Grand Prix,R,21.596
GAS,38,38,38,2025,Austrian Grand Prix,R,21.596
HAD,26,28,28,2025,Austrian Grand Prix,R,21.596
HAM,26,26,26,2025,Austrian Grand Prix,R,21.596
HUL,39,42,42,2025,Austrian Grand Prix,R,21.596
LAW,29,31,32,2025,Austrian Grand Prix,R,21.596
LEC,49,49,49,2025,Austrian Grand Prix,R,21.596
NOR,52,52,52,2025,Austrian Grand Prix,R,21.596
OCO,49,50,50,2025,Austrian Grand Prix,R,21.596
PIA,53,53,53,2025,Austrian Grand Prix,R,21.596
RUS,42,45,45,2025,Austrian Grand Prix,R,21.596
STR,25,26,26,2025,Austrian Grand Prix,R,21.596
STR,50,50,53,2025,Austrian Grand Prix,R,21.596
STR,53,53,53,2025,Austrian Grand Prix,R,21.596
TSU,57,60,60,2025,Austrian Grand Prix,R,21.596
ALO,20,21,21,2025,Azerbaijan Grand Prix,R,20.5985
BOR,26,26,26,2025,Azerbaijan Grand Prix,R,20.5985
GAS,32,35,35,2025,Azerbaijan Grand Prix,R,20.5985
HAD,26,26,29,2025,Azerbaijan Grand Prix,R,20.5985
HAD,28,29,29,2025,Azerbaijan Grand Prix,R,20.5985
HAM,36,36,36,2025,Azerbaijan Grand Prix,R,20.5985
HUL,33,33,36,2025,Azerbaijan Grand Prix,R,20.5985
HUL,35,35,36,2025,Azerbaijan Grand Prix,R,20.5985
LAW,20,20,20,2025,Azerbaijan Grand Prix,R,20.5985
LEC,16,19,19,2025,Azerbaijan Grand Prix,R,20.5985
SAI,24,27,27,2025,Azerbaijan Grand Prix,R,20.5985
STR,34,37,37,2025,Azerbaijan Grand Prix,R,20.5985
ALB,15,16,16,2025,Bahrain Grand Prix,R,24.882
ALO,15,16,16,2025,Bahrain Grand Prix,R,24.882
ALO,29,32,32,2025,Bahrain Grand Prix,R,24.882
ANT,11,12,12,2025,Bahrain Grand Prix,R,24.882
ANT,25,25,27,2025,Bahrain Grand Prix,R,24.882
ANT,29,31,32,2025,Bahrain Grand Prix,R,24.882
BOR,12,13,13,2025,Bahrain Grand Prix,R,24.882
BOR,29,29,32,2025,Bahrain Grand Prix,R,24.882
DOO,26,28,28,2025,Bahrain Grand Prix,R,24.882
GAS,7,9,10,2025,Bahrain Grand Prix,R,24.882
GAS,28,28,28,2025,Bahrain Grand Prix,R,24.882
HAD,25,28,28,2025,Bahrain Grand Prix,R,24.882
HUL,26,27,27,2025,Bahrain Grand Prix,R,24.882
LAW,14,14,14,2025,Bahrain Grand Prix,R,24.882
LAW,32,32,32,2025,Bahrain Grand Prix,R,24.882
LEC,15,15,17,2025,Bahrain Grand Prix,R,24.882
NOR,10,10,10,2025,Bahrain Grand Prix,R,24.882
NOR,29,32,32,2025,Bahrain Grand Prix,R,24.882
OCO,26,27,27,2025,Bahrain Grand Prix,R,24.882
RUS,13,13,13,2025,Bahrain Grand Prix,R,24.882
SAI,11,11,14,2025,Bahrain Grand Prix,R,24.882
SAI,14,14,14,2025,Bahrain Grand Prix,R,24.882
SAI,30,32,32,2025,Bahrain Grand Prix,R,24.882
STR,29,31,32,2025,Bahrain Grand Prix,R,24.882
TSU,8,9,11,2025,Bahrain Grand Prix,R,24.882
TSU,29,32,32,2025,Bahrain Grand Prix,R,24.882
VER,10,10,10,2025,Bahrain Grand Prix,R,24.882
VER,23,24,26,2025,Bahrain Grand Prix,R,24.882
COL,12,12,12,2025,Belgian Grand Prix,R,23.628
OCO,12,12,13,2025,Belgian Grand Prix,R,23.628
ALB,10,10,12,2025,British Grand Prix,R,28.834
ALB,12,12,12,2025,British Grand Prix,R,28.834
ALB,42,42,42,2025,British Grand Prix,R,28.834
ANT,17,17,20,2025,British Grand Prix,R,28.834
HUL,9,9,9,2025,British Grand Prix,R,28.834
NOR,44,44,44,2025,British Grand Prix,R,28.834
OCO,15,18,18,2025,British Grand Prix,R,28.834
RUS,7,8,10,2025,British Grand Prix,R,28.834
TSU,10,10,11,2025,British Grand Prix,R,28.834
TSU,39,40,41,2025,British Grand Prix,R,28.834
ALB,20,23,23,2025,Canadian Grand Prix,R,23.613
ALO,12,15,15,2025,Canadian Grand Prix,R,23.613
ALO,47,49,50,2025,Canadian Grand Prix,R,23.613
ANT,11,14,14,2025,Canadian Grand Prix,R,23.613
ANT,38,38,38,2025,Canadian Grand Prix,R,23.613
BEA,16,16,18,2025,Canadian Grand Prix,R,23.613
BEA,18,18,18,2025,Canadian Grand Prix,R,23.613
BEA,63,66,66,2025,Canadian Grand Prix,R,23.613
BOR,46,47,49,2025,Canadian Grand Prix,R,23.613
COL,11,11,14,2025,Canadian Grand Prix,R,23.613
COL,13,14,14,2025,Canadian Grand Prix,R,23.613
COL,63,68,66,2025,Canadian Grand Prix,R,23.613
GAS,50,53,53,2025,Canadian Grand Prix,R,23.613
HAD,63,66,66,2025,Canadian Grand Prix,R,23.613
HAM,42,44,45,2025,Canadian Grand Prix,R,23.613
HAM,64,69,67,2025,Canadian Grand Prix,R,23.613
HUL,16,18,19,2025,Canadian Grand Prix,R,23.613
HUL,63,69,66,2025,Canadian Grand Prix,R,23.613
LAW,35,38,38,2025,Canadian Grand Prix,R,23.613
LAW,51,51,54,2025,Canadian Grand Prix,R,23.613
LAW,54,54,54,2025,Canadian Grand Prix,R,23.613
LEC,26,28,28,2025,Canadian Grand Prix,R,23.613
LEC,53,53,53,2025,Canadian Grand Prix,R,23.613
LEC,68,69,68,2025,Canadian Grand Prix,R,23.613
NOR,29,29,29,2025,Canadian Grand Prix,R,23.613
NOR,47,47,47,2025,Canadian Grand Prix,R,23.613
OCO,54,57,57,2025,Canadian Grand Prix,R,23.613
PIA,16,16,16,2025,Canadian Grand Prix,R,23.613
PIA,45,45,45,2025,Canadian Grand Prix,R,23.613
PIA,67,67,67,2025,Canadian Grand Prix,R,23.613
RUS,42,42,42,2025,Canadian Grand Prix,R,23.613
SAI,56,56,57,2025,Canadian Grand Prix,R,23.613
STR,21,22,24,2025,Canadian Grand Prix,R,23.613
STR,24,24,24,2025,Canadian Grand Prix,R,23.613
STR,51,51,51,2025,Canadian Grand Prix,R,23.613
TSU,53,56,56,2025,Canadian Grand Prix,R,23.613
TSU,67,68,67,2025,Canadian Grand Prix,R,23.613
VER,12,12,12,2025,Canadian Grand Prix,R,23.613
VER,37,37,37,2025,Canadian Grand Prix,R,23.613
VER,64,69,67,2025,Canadian Grand Prix,R,23.613
ALB,17,20,20,2025,Chinese Grand Prix,R,22.787
ALO,1,4,4,2025,Chinese Grand Prix,R,22.787
BEA,26,26,26,2025,Chinese Grand Prix,R,22.787
BOR,23,25,26,2025,Chinese Grand Prix,R,22.787
HAD,33,33,33,2025,Chinese Grand Prix,R,22.787
HUL,17,20,20,2025,Chinese Grand Prix,R,22.787
LAW,15,15,18,2025,Chinese Grand Prix,R,22.787
LAW,30,30,30,2025,Chinese Grand Prix,R,22.787
SAI,15,15,17,2025,Chinese Grand Prix,R,22.787
SAI,17,17,17,2025,Chinese Grand Prix,R,22.787
STR,33,36,36,2025,Chinese Grand Prix,R,22.787
ALO,40,40,40,2025,Dutch Grand Prix,R,17.8105
BEA,52,53,53,2025,Dutch Grand Prix,R,17.8105
BOR,22,22,22,2025,Dutch Grand Prix,R,17.8105
BOR,57,60,60,2025,Dutch Grand Prix,R,17.8105
COL,50,51,53,2025,Dutch Grand Prix,R,17.8105
HUL,50,51,53,2025,Dutch Grand Prix,R,17.8105
HUL,53,53,53,2025,Dutch Grand Prix,R,17.8105
LAW,52,52,52,2025,Dutch Grand Prix,R,17.8105
OCO,49,52,52,2025,Dutch Grand Prix,R,17.8105
STR,49,51,52,2025,Dutch Grand Prix,R,17.8105
TSU,53,53,53,2025,Dutch Grand Prix,R,17.8105
ALB,47,47,47,2025,Emilia Romagna Grand Prix,R,30.365
ALO,9,12,12,2025,Emilia Romagna Grand Prix,R,30.365
ALO,43,46,46,2025,Emilia Romagna Grand Prix,R,30.365
ANT,27,27,29,2025,Emilia Romagna Grand Prix,R,30.365
BEA,26,26,29,2025,Emilia Romagna Grand Prix,R,30.365
COL,20,22,22,2025,Emilia Romagna Grand Prix,R,30.365
COL,43,46,46,2025,Emilia Romagna Grand Prix,R,30.365
GAS,26,28,29,2025,Emilia Romagna Grand Prix,R,30.365
HAD,28,29,29,2025,Emilia Romagna Grand Prix,R,30.365
HAM,26,26,29,2025,Emilia Romagna Grand Prix,R,30.365
HUL,27,29,29,2025,Emilia Romagna Grand Prix,R,30.365
PIA,30,30,30,2025,Emilia Romagna Grand Prix,R,30.365
RUS,8,11,11,2025,Emilia Romagna Grand Prix,R,30.365
STR,11,14,14,2025,Emilia Romagna Grand Prix,R,30.365
TSU,26,29,29,2025,Emilia Romagna Grand Prix,R,30.365
ALB,37,38,38,2025,Hungarian Grand Prix,R,21.588
ALO,36,39,39,2025,Hungarian Grand Prix,R,21.588
BEA,47,48,48,2025,Hungarian Grand Prix,R,21.588
BOR,40,40,40,2025,Hungarian Grand Prix,R,21.588
COL,35,35,35,2025,Hungarian Grand Prix,R,21.588
GAS,32,32,32,2025,Hungarian Grand Prix,R,21.588
HAD,30,33,33,2025,Hungarian Grand Prix,R,21.588
HAM,40,42,42,2025,Hungarian Grand Prix,R,21.588
HUL,41,41,41,2025,Hungarian Grand Prix,R,21.588
LAW,40,40,40,2025,Hungarian Grand Prix,R,21.588
NOR,31,31,31,2025,Hungarian Grand Prix,R,21.588
PIA,45,45,45,2025,Hungarian Grand Prix,R,21.588
RUS,43,43,43,2025,Hungarian Grand Prix,R,21.588
SAI,48,50,51,2025,Hungarian Grand Prix,R,21.588
TSU,20,20,20,2025,Hungarian Grand Prix,R,21.588
TSU,37,37,37,2025,Hungarian Grand Prix,R,21.588
VER,45,47,48,2025,Hungarian Grand Prix,R,21.588
ALB,39,41,41,2025,Italian Grand Prix,R,24.962
COL,33,33,33,2025,Italian Grand Prix,R,24.962
GAS,46,49,49,2025,Italian Grand Prix,R,24.962
HAD,32,32,32,2025,Italian Grand Prix,R,24.962
HAM,38,38,38,2025,Italian Grand Prix,R,24.962
NOR,46,46,46,2025,Italian Grand Prix,R,24.962
OCO,48,51,51,2025,Italian Grand Prix,R,24.962
STR,49,49,49,2025,Italian Grand Prix,R,24.962
VER,37,37,37,2025,Italian Grand Prix,R,24.962
ALB,24,24,24,2025,Japanese Grand Prix,R,23.469
ALO,21,21,24,2025,Japanese Grand Prix,R,23.469
ALO,23,23,24,2025,Japanese Grand Prix,R,23.469
BEA,22,23,23,2025,Japanese Grand Prix,R,23.469
BOR,28,28,31,2025,Japanese Grand Prix,R,23.469
BOR,31,31,31,2025,Japanese Grand Prix,R,23.469
GAS,22,22,24,2025,Japanese Grand Prix,R,23.469
HAD,25,25,25,2025,Japanese Grand Prix,R,23.469
HAM,30,30,30,2025,Japanese Grand Prix,R,23.469
LAW,31,33,33,2025,Japanese Grand Prix,R,23.469
OCO,29,29,32,2025,Japanese Grand Prix,R,23.469
OCO,32,32,32,2025,Japanese Grand Prix,R,23.469
SAI,30,31,33,2025,Japanese Grand Prix,R,23.469
STR,27,30,30,2025,Japanese Grand Prix,R,23.469
TSU,21,21,23,2025,Japanese Grand Prix,R,23.469
ALB,31,34,34,2025,Las Vegas Grand Prix,R,21.539
COL,22,24,25,2025,Las Vegas Grand Prix,R,21.539
HUL,27,29,30,2025,Las Vegas Grand Prix,R,21.539
LEC,24,24,24,2025,Las Vegas Grand Prix,R,21.539
OCO,27,27,27,2025,Las Vegas Grand Prix,R,21.539
PIA,21,21,21,2025,Las Vegas Grand Prix,R,21.539
SAI,22,22,22,2025,Las Vegas Grand Prix,R,21.539
TSU,25,26,27,2025,Las Vegas Grand Prix,R,21.539
ALB,38,41,41,2025,Mexico City Grand Prix,R,22.651
ALO,31,33,34,2025,Mexico City Grand Prix,R,22.651
ANT,19,21,22,2025,Mexico City Grand Prix,R,22.651
ANT,44,47,47,2025,Mexico City Grand Prix,R,22.651
BEA,23,24,24,2025,Mexico City Grand Prix,R,22.651
BEA,45,48,48,2025,Mexico City Grand Prix,R,22.651
BOR,37,37,37,2025,Mexico City Grand Prix,R,22.651
COL,45,48,48,2025,Mexico City Grand Prix,R,22.651
GAS,30,32,33,2025,Mexico City Grand Prix,R,22.651
HAD,31,34,34,2025,Mexico City Grand Prix,R,22.651
HAM,20,22,23,2025,Mexico City Grand Prix,R,22.651
HUL,24,25,25,2025,Mexico City Grand Prix,R,22.651
OCO,27,27,27,2025,Mexico City Grand Prix,R,22.651
RUS,22,22,25,2025,Mexico City Grand Prix,R,22.651
RUS,25,25,25,2025,Mexico City Grand Prix,R,22.651
SAI,43,46,46,2025,Mexico City Grand Prix,R,22.651
STR,25,26,26,2025,Mexico City Grand Prix,R,22.651
TSU,33,36,36,2025,Mexico City Grand Prix,R,22.651
VER,35,37,37,2025,Mexico City Grand Prix,R,22.651
HUL,33,35,36,2025,Miami Grand Prix,R,22.283
SAI,25,25,25,2025,Miami Grand Prix,R,22.283
ALB,29,32,32,2025,Monaco Grand Prix,R,24.070500000000003
ALB,37,40,40,2025,Monaco Grand Prix,R,24.070500000000003
ANT,66,69,69,2025,Monaco Grand Prix,R,24.070500000000003
BOR,26,26,26,2025,Monaco Grand Prix,R,24.070500000000003
COL,13,13,13,2025,Monaco Grand Prix,R,24.070500000000003
COL,23,25,26,2025,Monaco Grand Prix,R,24.070500000000003
GAS,1,1,1,2025,Monaco Grand Prix,R,24.070500000000003
HAM,53,56,56,2025,Monaco Grand Prix,R,24.070500000000003
HUL,44,44,44,2025,Monaco Grand Prix,R,24.070500000000003
LAW,28,31,31,2025,Monaco Grand Prix,R,24.070500000000003
LEC,22,22,22,2025,Monaco Grand Prix,R,24.070500000000003
LEC,49,49,49,2025,Monaco Grand Prix,R,24.070500000000003
NOR,50,50,50,2025,Monaco Grand Prix,R,24.070500000000003
OCO,25,27,28,2025,Monaco Grand Prix,R,24.070500000000003
PIA,20,20,20,2025,Monaco Grand Prix,R,24.070500000000003
PIA,48,48,48,2025,Monaco Grand Prix,R,24.070500000000003
RUS,50,53,53,2025,Monaco Grand Prix,R,24.070500000000003
SAI,45,48,48,2025,Monaco Grand Prix,R,24.070500000000003
STR,17,17,17,2025,Monaco Grand Prix,R,24.070500000000003
STR,64,64,64,2025,Monaco Grand Prix,R,24.070500000000003
TSU,70,73,73,2025,Monaco Grand Prix,R,24.070500000000003
VER,28,28,28,2025,Monaco Grand Prix,R,24.070500000000003
ALO,29,31,32,2025,Qatar Grand Prix,R,28.502
ANT,30,31,32,2025,Qatar Grand Prix,R,28.502
HAD,52,54,55,2025,Qatar Grand Prix,R,28.502
NOR,25,25,25,2025,Qatar Grand Prix,R,28.502
NOR,43,44,44,2025,Qatar Grand Prix,R,28.502
OCO,8,8,8,2025,Qatar Grand Prix,R,28.502
OCO,33,34,34,2025,Qatar Grand Prix,R,28.502
STR,46,49,49,2025,Qatar Grand Prix,R,28.502
DOO,29,31,32,2025,Saudi Arabian Grand Prix,R,20.6235
HAD,31,34,34,2025,Saudi Arabian Grand Prix,R,20.6235
HAM,21,23,23,2025,Saudi Arabian Grand Prix,R,20.6235
HUL,30,30,33,2025,Saudi Arabian Grand Prix,R,20.6235
HUL,33,33,33,2025,Saudi Arabian Grand Prix,R,20.6235
NOR,34,34,34,2025,Saudi Arabian Grand Prix,R,20.6235
SAI,21,21,21,2025,Saudi Arabian Grand Prix,R,20.6235
STR,36,39,39,2025,Saudi Arabian Grand Prix,R,20.6235
ALB,39,42,42,2025,Singapore Grand Prix,R,24.098
ALO,24,27,27,2025,Singapore Grand Prix,R,24.098
ANT,25,25,25,2025,Singapore Grand Prix,R,24.098
GAS,24,24,24,2025,Singapore Grand Prix,R,24.098
GAS,50,51,51,2025,Singapore Grand Prix,R,24.098
HAM,24,24,24,2025,Singapore Grand Prix,R,24.098
HUL,22,23,25,2025,Singapore Grand Prix,R,24.098
HUL,44,44,44,2025,Singapore Grand Prix,R,24.098
LAW,46,48,48,2025,Singapore Grand Prix,R,24.098
OCO,30,30,30,2025,Singapore Grand Prix,R,24.098
SAI,48,50,50,2025,Singapore Grand Prix,R,24.098
VER,16,19,19,2025,Singapore Grand Prix,R,24.098
ALB,3,6,6,2025,Spanish Grand Prix,R,22.133000000000003
ALB,25,26,26,2025,Spanish Grand Prix,R,22.133000000000003
ALO,15,15,15,2025,Spanish Grand Prix,R,22.133000000000003
ALO,39,42,42,2025,Spanish Grand Prix,R,22.133000000000003
ALO,54,54,54,2025,Spanish Grand Prix,R,22.133000000000003
ANT,18,18,21,2025,Spanish Grand Prix,R,22.133000000000003
ANT,20,21,21,2025,Spanish Grand Prix,R,22.133000000000003
ANT,47,49,49,2025,Spanish Grand Prix,R,22.133000000000003
BEA,35,35,35,2025,Spanish Grand Prix,R,22.133000000000003
BEA,52,54,54,2025,Spanish Grand Prix,R,22.133000000000003
BOR,17,19,19,2025,Spanish Grand Prix,R,22.133000000000003
BOR,46,49,49,2025,Spanish Grand Prix,R,22.133000000000003
COL,14,14,14,2025,Spanish Grand Prix,R,22.133000000000003
COL,36,39,39,2025,Spanish Grand Prix,R,22.133000000000003
COL,51,54,54,2025,Spanish Grand Prix,R,22.133000000000003
GAS,52,55,55,2025,Spanish Grand Prix,R,22.133000000000003
HAD,16,16,19,2025,Spanish Grand Prix,R,22.133000000000003
HAD,19,19,19,2025,Spanish Grand Prix,R,22.133000000000003
HAD,47,48,48,2025,Spanish Grand Prix,R,22.133000000000003
HAM,43,46,46,2025,Spanish Grand Prix,R,22.133000000000003
HUL,42,45,45,2025,Spanish Grand Prix,R,22.133000000000003
HUL,56,56,56,2025,Spanish Grand Prix,R,22.133000000000003
LAW,18,18,18,2025,Spanish Grand Prix,R,22.133000000000003
LEC,37,40,40,2025,Spanish Grand Prix,R,22.133000000000003
LEC,52,55,55,2025,Spanish Grand Prix,R,22.133000000000003
OCO,19,20,20,2025,Spanish Grand Prix,R,22.133000000000003
OCO,43,43,43,2025,Spanish Grand Prix,R,22.133000000000003
RUS,17,20,20,2025,Spanish Grand Prix,R,22.133000000000003
SAI,32,34,34,2025,Spanish Grand Prix,R,22.133000000000003
SAI,54,55,55,2025,Spanish Grand Prix,R,22.133000000000003
TSU,24,24,24,2025,Spanish Grand Prix,R,22.133000000000003
TSU,44,44,44,2025,Spanish Grand Prix,R,22.133000000000003
VER,10,13,13,2025,Spanish Grand Prix,R,22.133000000000003
VER,29,29,29,2025,Spanish Grand Prix,R,22.133000000000003
ALB,32,35,35,2025,São Paulo Grand Prix,R,23.49
ALO,25,27,28,2025,São Paulo Grand Prix,R,23.49
ALO,43,46,46,2025,São Paulo Grand Prix,R,23.49
ANT,18,20,21,2025,São Paulo Grand Prix,R,23.49
ANT,44,47,47,2025,São Paulo Grand Prix,R,23.49
BEA,39,42,42,2025,São Paulo Grand Prix,R,23.49
COL,27,29,29,2025,São Paulo Grand Prix,R,23.49
COL,40,41,43,2025,São Paulo Grand Prix,R,23.49
COL,43,43,43,2025,São Paulo Grand Prix,R,23.49
GAS,18,18,18,2025,São Paulo Grand Prix,R,23.49
GAS,38,39,39,2025,São Paulo Grand Prix,R,23.49
HAD,35,35,37,2025,São Paulo Grand Prix,R,23.49
HAD,37,37,37,2025,São Paulo Grand Prix,R,23.49
HAM,13,13,14,2025,São Paulo Grand Prix,R,23.49
HAM,32,32,32,2025,São Paulo Grand Prix,R,23.49
HUL,35,36,36,2025,São Paulo Grand Prix,R,23.49
LAW,19,19,19,2025,São Paulo Grand Prix,R,23.49
OCO,44,47,47,2025,São Paulo Grand Prix,R,23.49
PIA,35,35,38,2025,São Paulo Grand Prix,R,23.49
RUS,31,34,34,2025,São Paulo Grand Prix,R,23.49
STR,26,26,29,2025,São Paulo Grand Prix,R,23.49
STR,51,54,54,2025,São Paulo Grand Prix,R,23.49
TSU,24,24,24,2025,São Paulo Grand Prix,R,23.49
TSU,44,45,47,2025,São Paulo Grand Prix,R,23.49
TSU,47,47,47,2025,São Paulo Grand Prix,R,23.49
VER,33,33,34,2025,São Paulo Grand Prix,R,23.49
VER,51,51,54,2025,São Paulo Grand Prix,R,23.49
ALB,34,36,36,2025,United States Grand Prix,R,23.924
ANT,31,31,31,2025,United States Grand Prix,R,23.924
BEA,28,29,30,2025,United States Grand Prix,R,23.924
BOR,33,36,36,2025,United States Grand Prix,R,23.924
COL,29,29,32,2025,United States Grand Prix,R,23.924
COL,32,32,32,2025,United States Grand Prix,R,23.924
HAD,25,25,28,2025,United States Grand Prix,R,23.924
HAD,28,28,28,2025,United States Grand Prix,R,23.924
HUL,33,33,33,2025,United States Grand Prix,R,23.924
LEC,19,22,22,2025,United States Grand Prix,R,23.924
OCO,24,24,24,2025,United States Grand Prix,R,23.924
RUS,33,33,33,2025,United States Grand Prix,R,23.924
ALB,12,12,12,2026,Australian Grand Prix,R,19.336
ALB,33,33,33,2026,Australian Grand Prix,R,19.336
COL,43,45,46,2026,Australian Grand Prix,R,19.336
HAM,28,28,28,2026,Australian Grand Prix,R,19.336
LAW,33,33,33,2026,Australian Grand Prix,R,19.336
LEC,25,25,25,2026,Australian Grand Prix,R,19.336
LIN,15,18,18,2026,Australian Grand Prix,R,19.336
NOR,31,34,34,2026,Australian Grand Prix,R,19.336
PER,15,17,18,2026,Australian Grand Prix,R,19.336
PER,43,43,43,2026,Australian Grand Prix,R,19.336
VER,38,41,41,2026,Australian Grand Prix,R,19.336
ALO,17,19,20,2026,Canadian Grand Prix,R,24.976
ANT,31,31,31,2026,Canadian Grand Prix,R,24.976
BEA,27,29,30,2026,Canadian Grand Prix,R,24.976
BOR,16,16,18,2026,Canadian Grand Prix,R,24.976
BOR,18,18,18,2026,Canadian Grand Prix,R,24.976
HAM,31,31,31,2026,Canadian Grand Prix,R,24.976
HUL,20,20,20,2026,Canadian Grand Prix,R,24.976
PER,15,15,15,2026,Canadian Grand Prix,R,24.976
PIA,48,51,51,2026,Canadian Grand Prix,R,24.976
SAI,30,30,30,2026,Canadian Grand Prix,R,24.976
STR,14,14,14,2026,Canadian Grand Prix,R,24.976
STR,46,49,49,2026,Canadian Grand Prix,R,24.976
ALO,28,31,31,2026,Chinese Grand Prix,R,23.312
COL,29,32,32,2026,Chinese Grand Prix,R,23.312
HAD,1,1,1,2026,Chinese Grand Prix,R,23.312
HAD,10,10,10,2026,Chinese Grand Prix,R,23.312
HUL,32,35,35,2026,Chinese Grand Prix,R,23.312
LIN,39,42,42,2026,Chinese Grand Prix,R,23.312
OCO,27,29,29,2026,Chinese Grand Prix,R,23.312
OCO,43,44,46,2026,Chinese Grand Prix,R,23.312
OCO,46,46,46,2026,Chinese Grand Prix,R,23.312
PER,11,11,11,2026,Chinese Grand Prix,R,23.312
VER,6,9,9,2026,Chinese Grand Prix,R,23.312
VER,45,45,45,2026,Chinese Grand Prix,R,23.312
BOR,21,21,22,2026,Japanese Grand Prix,R,24.088
GAS,22,22,22,2026,Japanese Grand Prix,R,24.088
HUL,23,23,23,2026,Japanese Grand Prix,R,24.088
LAW,20,20,22,2026,Japanese Grand Prix,R,24.088
OCO,17,19,19,2026,Japanese Grand Prix,R,24.088
PER,19,21,21,2026,Japanese Grand Prix,R,24.088
STR,18,18,21,2026,Japanese Grand Prix,R,24.088
VER,21,21,22,2026,Japanese Grand Prix,R,24.088
ALB,24,25,27,2026,Miami Grand Prix,R,23.152
ALO,38,41,41,2026,Miami Grand Prix,R,23.152
BEA,23,23,26,2026,Miami Grand Prix,R,23.152
BOR,32,32,32,2026,Miami Grand Prix,R,23.152
COL,28,31,31,2026,Miami Grand Prix,R,23.152
HAM,26,26,27,2026,Miami Grand Prix,R,23.152
LIN,28,28,28,2026,Miami Grand Prix,R,23.152
OCO,29,30,31,2026,Miami Grand Prix,R,23.152
PIA,28,28,28,2026,Miami Grand Prix,R,23.152
SAI,26,28,28,2026,Miami Grand Prix,R,23.152
STR,20,21,21,2026,Miami Grand Prix,R,23.152
STR,34,37,37,2026,Miami Grand Prix,R,23.152
BOR,42,43,43,2026,Monaco Grand Prix,R,25.2425
LAW,43,44,44,2026,Monaco Grand Prix,R,25.2425
NOR,44,44,44,2026,Monaco Grand Prix,R,25.2425
STR,4,4,4,2026,Monaco Grand Prix,R,25.2425
